ISO-10303-21;
HEADER;
FILE_DESCRIPTION(('Open CASCADE Model'),'2;1');
FILE_NAME('Open CASCADE Shape Model','2026-09-25T16:54:24',('Author'),(
    'Open CASCADE'),'Open CASCADE STEP processor 7.8','Open CASCADE 7.8'
  ,'Unknown');
FILE_SCHEMA(('AUTOMOTIVE_DESIGN { 1 0 10303 214 1 1 1 1 }'));
ENDSEC;
DATA;
#1 = APPLICATION_PROTOCOL_DEFINITION('international standard',
  'automotive_design',2000,#2);
#2 = APPLICATION_CONTEXT(
  'core data for automotive mechanical design processes');
#3 = SHAPE_DEFINITION_REPRESENTATION(#4,#10);
#4 = PRODUCT_DEFINITION_SHAPE('','',#5);
#5 = PRODUCT_DEFINITION('design','',#6,#9);
#6 = PRODUCT_DEFINITION_FORMATION('','',#7);
#7 = PRODUCT('Open CASCADE STEP translator 7.8 8',
  'Open CASCADE STEP translator 7.8 8','',(#8));
#8 = PRODUCT_CONTEXT('',#2,'mechanical');
#9 = PRODUCT_DEFINITION_CONTEXT('part definition',#2,'design');
#10 = ADVANCED_BREP_SHAPE_REPRESENTATION('',(#11,#15),#4246);
#11 = AXIS2_PLACEMENT_3D('',#12,#13,#14);
#12 = CARTESIAN_POINT('',(0.,0.,0.));
#13 = DIRECTION('',(0.,0.,1.));
#14 = DIRECTION('',(1.,0.,-0.));
#15 = MANIFOLD_SOLID_BREP('',#16);
#16 = CLOSED_SHELL('',(#17,#105,#144,#288,#347,#402,#457,#512,#567,#602,
    #606,#610,#614,#618,#673,#712,#1077,#1108,#1385,#1436,#1740,#1745,
    #1799,#2104,#2109,#2137,#2198,#2253,#2288,#2343,#3619,#3701,#3791,
    #3848,#3905,#3940,#3995,#4030,#4065,#4120,#4124,#4179,#4234,#4238,
    #4242));
#17 = ADVANCED_FACE('',(#18),#31,.T.);
#18 = FACE_BOUND('',#19,.T.);
#19 = EDGE_LOOP('',(#20,#54,#77,#104));
#20 = ORIENTED_EDGE('',*,*,#21,.F.);
#21 = EDGE_CURVE('',#22,#22,#24,.T.);
#22 = VERTEX_POINT('',#23);
#23 = CARTESIAN_POINT('',(30.,0.,151.));
#24 = SURFACE_CURVE('',#25,(#30,#42),.PCURVE_S1.);
#25 = CIRCLE('',#26,30.);
#26 = AXIS2_PLACEMENT_3D('',#27,#28,#29);
#27 = CARTESIAN_POINT('',(0.,0.,151.));
#28 = DIRECTION('',(0.,0.,1.));
#29 = DIRECTION('',(1.,0.,-0.));
#30 = PCURVE('',#31,#36);
#31 = CYLINDRICAL_SURFACE('',#32,30.);
#32 = AXIS2_PLACEMENT_3D('',#33,#34,#35);
#33 = CARTESIAN_POINT('',(0.,0.,147.));
#34 = DIRECTION('',(0.,0.,1.));
#35 = DIRECTION('',(1.,0.,-0.));
#36 = DEFINITIONAL_REPRESENTATION('',(#37),#41);
#37 = LINE('',#38,#39);
#38 = CARTESIAN_POINT('',(0.,4.));
#39 = VECTOR('',#40,1.);
#40 = DIRECTION('',(1.,0.));
#41 = ( GEOMETRIC_REPRESENTATION_CONTEXT(2) 
PARAMETRIC_REPRESENTATION_CONTEXT() REPRESENTATION_CONTEXT('2D SPACE',''
  ) );
#42 = PCURVE('',#43,#48);
#43 = PLANE('',#44);
#44 = AXIS2_PLACEMENT_3D('',#45,#46,#47);
#45 = CARTESIAN_POINT('',(-3.454585597994E-15,7.518377864096E-16,151.));
#46 = DIRECTION('',(0.,0.,1.));
#47 = DIRECTION('',(1.,0.,-0.));
#48 = DEFINITIONAL_REPRESENTATION('',(#49),#53);
#49 = CIRCLE('',#50,30.);
#50 = AXIS2_PLACEMENT_2D('',#51,#52);
#51 = CARTESIAN_POINT('',(3.454585597994E-15,-7.518377864096E-16));
#52 = DIRECTION('',(1.,0.));
#53 = ( GEOMETRIC_REPRESENTATION_CONTEXT(2) 
PARAMETRIC_REPRESENTATION_CONTEXT() REPRESENTATION_CONTEXT('2D SPACE',''
  ) );
#54 = ORIENTED_EDGE('',*,*,#55,.T.);
#55 = EDGE_CURVE('',#22,#56,#58,.T.);
#56 = VERTEX_POINT('',#57);
#57 = CARTESIAN_POINT('',(30.,0.,143.));
#58 = SEAM_CURVE('',#59,(#63,#70),.PCURVE_S1.);
#59 = LINE('',#60,#61);
#60 = CARTESIAN_POINT('',(30.,0.,151.));
#61 = VECTOR('',#62,1.);
#62 = DIRECTION('',(0.,0.,-1.));
#63 = PCURVE('',#31,#64);
#64 = DEFINITIONAL_REPRESENTATION('',(#65),#69);
#65 = LINE('',#66,#67);
#66 = CARTESIAN_POINT('',(0.,4.));
#67 = VECTOR('',#68,1.);
#68 = DIRECTION('',(-0.,-1.));
#69 = ( GEOMETRIC_REPRESENTATION_CONTEXT(2) 
PARAMETRIC_REPRESENTATION_CONTEXT() REPRESENTATION_CONTEXT('2D SPACE',''
  ) );
#70 = PCURVE('',#31,#71);
#71 = DEFINITIONAL_REPRESENTATION('',(#72),#76);
#72 = LINE('',#73,#74);
#73 = CARTESIAN_POINT('',(6.28318530718,4.));
#74 = VECTOR('',#75,1.);
#75 = DIRECTION('',(-0.,-1.));
#76 = ( GEOMETRIC_REPRESENTATION_CONTEXT(2) 
PARAMETRIC_REPRESENTATION_CONTEXT() REPRESENTATION_CONTEXT('2D SPACE',''
  ) );
#77 = ORIENTED_EDGE('',*,*,#78,.T.);
#78 = EDGE_CURVE('',#56,#56,#79,.T.);
#79 = SURFACE_CURVE('',#80,(#85,#92),.PCURVE_S1.);
#80 = CIRCLE('',#81,30.);
#81 = AXIS2_PLACEMENT_3D('',#82,#83,#84);
#82 = CARTESIAN_POINT('',(0.,0.,143.));
#83 = DIRECTION('',(0.,0.,1.));
#84 = DIRECTION('',(1.,0.,0.));
#85 = PCURVE('',#31,#86);
#86 = DEFINITIONAL_REPRESENTATION('',(#87),#91);
#87 = LINE('',#88,#89);
#88 = CARTESIAN_POINT('',(0.,-4.));
#89 = VECTOR('',#90,1.);
#90 = DIRECTION('',(1.,-0.));
#91 = ( GEOMETRIC_REPRESENTATION_CONTEXT(2) 
PARAMETRIC_REPRESENTATION_CONTEXT() REPRESENTATION_CONTEXT('2D SPACE',''
  ) );
#92 = PCURVE('',#93,#98);
#93 = PLANE('',#94);
#94 = AXIS2_PLACEMENT_3D('',#95,#96,#97);
#95 = CARTESIAN_POINT('',(-1.458602808042E-15,2.339560088947E-16,143.));
#96 = DIRECTION('',(0.,0.,1.));
#97 = DIRECTION('',(1.,0.,-0.));
#98 = DEFINITIONAL_REPRESENTATION('',(#99),#103);
#99 = CIRCLE('',#100,30.);
#100 = AXIS2_PLACEMENT_2D('',#101,#102);
#101 = CARTESIAN_POINT('',(1.458602808042E-15,-2.339560088947E-16));
#102 = DIRECTION('',(1.,0.));
#103 = ( GEOMETRIC_REPRESENTATION_CONTEXT(2) 
PARAMETRIC_REPRESENTATION_CONTEXT() REPRESENTATION_CONTEXT('2D SPACE',''
  ) );
#104 = ORIENTED_EDGE('',*,*,#55,.F.);
#105 = ADVANCED_FACE('',(#106,#141),#43,.F.);
#106 = FACE_BOUND('',#107,.F.);
#107 = EDGE_LOOP('',(#108));
#108 = ORIENTED_EDGE('',*,*,#109,.F.);
#109 = EDGE_CURVE('',#110,#110,#112,.T.);
#110 = VERTEX_POINT('',#111);
#111 = CARTESIAN_POINT('',(35.5,0.,151.));
#112 = SURFACE_CURVE('',#113,(#118,#129),.PCURVE_S1.);
#113 = CIRCLE('',#114,35.5);
#114 = AXIS2_PLACEMENT_3D('',#115,#116,#117);
#115 = CARTESIAN_POINT('',(0.,0.,151.));
#116 = DIRECTION('',(0.,0.,-1.));
#117 = DIRECTION('',(1.,0.,0.));
#118 = PCURVE('',#43,#119);
#119 = DEFINITIONAL_REPRESENTATION('',(#120),#128);
#120 = ( BOUNDED_CURVE() B_SPLINE_CURVE(2,(#121,#122,#123,#124,#125,#126
,#127),.UNSPECIFIED.,.T.,.F.) B_SPLINE_CURVE_WITH_KNOTS((1,2,2,2,2,1),(
    -2.094395102393,0.,2.094395102393,4.188790204786,6.28318530718,
8.377580409573),.UNSPECIFIED.) CURVE() GEOMETRIC_REPRESENTATION_ITEM() 
RATIONAL_B_SPLINE_CURVE((1.,0.5,1.,0.5,1.,0.5,1.)) REPRESENTATION_ITEM(
  '') );
#121 = CARTESIAN_POINT('',(35.5,-7.518377864096E-16));
#122 = CARTESIAN_POINT('',(35.5,-61.48780366869));
#123 = CARTESIAN_POINT('',(-17.75,-30.74390183434));
#124 = CARTESIAN_POINT('',(-71.,-9.446830060356E-15));
#125 = CARTESIAN_POINT('',(-17.75,30.743901834348));
#126 = CARTESIAN_POINT('',(35.5,61.487803668695));
#127 = CARTESIAN_POINT('',(35.5,-7.518377864096E-16));
#128 = ( GEOMETRIC_REPRESENTATION_CONTEXT(2) 
PARAMETRIC_REPRESENTATION_CONTEXT() REPRESENTATION_CONTEXT('2D SPACE',''
  ) );
#129 = PCURVE('',#130,#135);
#130 = CYLINDRICAL_SURFACE('',#131,35.5);
#131 = AXIS2_PLACEMENT_3D('',#132,#133,#134);
#132 = CARTESIAN_POINT('',(0.,0.,144.));
#133 = DIRECTION('',(-0.,-0.,-1.));
#134 = DIRECTION('',(1.,0.,0.));
#135 = DEFINITIONAL_REPRESENTATION('',(#136),#140);
#136 = LINE('',#137,#138);
#137 = CARTESIAN_POINT('',(-6.28318530718,-7.));
#138 = VECTOR('',#139,1.);
#139 = DIRECTION('',(1.,-0.));
#140 = ( GEOMETRIC_REPRESENTATION_CONTEXT(2) 
PARAMETRIC_REPRESENTATION_CONTEXT() REPRESENTATION_CONTEXT('2D SPACE',''
  ) );
#141 = FACE_BOUND('',#142,.F.);
#142 = EDGE_LOOP('',(#143));
#143 = ORIENTED_EDGE('',*,*,#21,.F.);
#144 = ADVANCED_FACE('',(#145,#148,#183,#218,#253),#93,.F.);
#145 = FACE_BOUND('',#146,.F.);
#146 = EDGE_LOOP('',(#147));
#147 = ORIENTED_EDGE('',*,*,#78,.T.);
#148 = FACE_BOUND('',#149,.F.);
#149 = EDGE_LOOP('',(#150));
#150 = ORIENTED_EDGE('',*,*,#151,.T.);
#151 = EDGE_CURVE('',#152,#152,#154,.T.);
#152 = VERTEX_POINT('',#153);
#153 = CARTESIAN_POINT('',(-13.46345596729,-16.26345596729,143.));
#154 = SURFACE_CURVE('',#155,(#160,#171),.PCURVE_S1.);
#155 = CIRCLE('',#156,2.8);
#156 = AXIS2_PLACEMENT_3D('',#157,#158,#159);
#157 = CARTESIAN_POINT('',(-16.26345596729,-16.26345596729,143.));
#158 = DIRECTION('',(0.,0.,-1.));
#159 = DIRECTION('',(1.,0.,0.));
#160 = PCURVE('',#93,#161);
#161 = DEFINITIONAL_REPRESENTATION('',(#162),#170);
#162 = ( BOUNDED_CURVE() B_SPLINE_CURVE(2,(#163,#164,#165,#166,#167,#168
,#169),.UNSPECIFIED.,.T.,.F.) B_SPLINE_CURVE_WITH_KNOTS((1,2,2,2,2,1),(
    -2.094395102393,0.,2.094395102393,4.188790204786,6.28318530718,
8.377580409573),.UNSPECIFIED.) CURVE() GEOMETRIC_REPRESENTATION_ITEM() 
RATIONAL_B_SPLINE_CURVE((1.,0.5,1.,0.5,1.,0.5,1.)) REPRESENTATION_ITEM(
  '') );
#163 = CARTESIAN_POINT('',(-13.46345596729,-16.26345596729));
#164 = CARTESIAN_POINT('',(-13.46345596729,-21.11319822848));
#165 = CARTESIAN_POINT('',(-17.66345596729,-18.68832709788));
#166 = CARTESIAN_POINT('',(-21.86345596729,-16.26345596729));
#167 = CARTESIAN_POINT('',(-17.66345596729,-13.83858483669));
#168 = CARTESIAN_POINT('',(-13.46345596729,-11.41371370609));
#169 = CARTESIAN_POINT('',(-13.46345596729,-16.26345596729));
#170 = ( GEOMETRIC_REPRESENTATION_CONTEXT(2) 
PARAMETRIC_REPRESENTATION_CONTEXT() REPRESENTATION_CONTEXT('2D SPACE',''
  ) );
#171 = PCURVE('',#172,#177);
#172 = CYLINDRICAL_SURFACE('',#173,2.8);
#173 = AXIS2_PLACEMENT_3D('',#174,#175,#176);
#174 = CARTESIAN_POINT('',(-16.26345596729,-16.26345596729,142.9));
#175 = DIRECTION('',(-0.,-0.,-1.));
#176 = DIRECTION('',(1.,0.,0.));
#177 = DEFINITIONAL_REPRESENTATION('',(#178),#182);
#178 = LINE('',#179,#180);
#179 = CARTESIAN_POINT('',(-6.28318530718,-9.999999999999E-02));
#180 = VECTOR('',#181,1.);
#181 = DIRECTION('',(1.,-0.));
#182 = ( GEOMETRIC_REPRESENTATION_CONTEXT(2) 
PARAMETRIC_REPRESENTATION_CONTEXT() REPRESENTATION_CONTEXT('2D SPACE',''
  ) );
#183 = FACE_BOUND('',#184,.F.);
#184 = EDGE_LOOP('',(#185));
#185 = ORIENTED_EDGE('',*,*,#186,.T.);
#186 = EDGE_CURVE('',#187,#187,#189,.T.);
#187 = VERTEX_POINT('',#188);
#188 = CARTESIAN_POINT('',(19.063455967291,-16.26345596729,143.));
#189 = SURFACE_CURVE('',#190,(#195,#206),.PCURVE_S1.);
#190 = CIRCLE('',#191,2.8);
#191 = AXIS2_PLACEMENT_3D('',#192,#193,#194);
#192 = CARTESIAN_POINT('',(16.263455967291,-16.26345596729,143.));
#193 = DIRECTION('',(0.,0.,-1.));
#194 = DIRECTION('',(1.,0.,0.));
#195 = PCURVE('',#93,#196);
#196 = DEFINITIONAL_REPRESENTATION('',(#197),#205);
#197 = ( BOUNDED_CURVE() B_SPLINE_CURVE(2,(#198,#199,#200,#201,#202,#203
,#204),.UNSPECIFIED.,.T.,.F.) B_SPLINE_CURVE_WITH_KNOTS((1,2,2,2,2,1),(
    -2.094395102393,0.,2.094395102393,4.188790204786,6.28318530718,
8.377580409573),.UNSPECIFIED.) CURVE() GEOMETRIC_REPRESENTATION_ITEM() 
RATIONAL_B_SPLINE_CURVE((1.,0.5,1.,0.5,1.,0.5,1.)) REPRESENTATION_ITEM(
  '') );
#198 = CARTESIAN_POINT('',(19.063455967291,-16.26345596729));
#199 = CARTESIAN_POINT('',(19.063455967291,-21.11319822848));
#200 = CARTESIAN_POINT('',(14.863455967291,-18.68832709788));
#201 = CARTESIAN_POINT('',(10.663455967291,-16.26345596729));
#202 = CARTESIAN_POINT('',(14.863455967291,-13.83858483669));
#203 = CARTESIAN_POINT('',(19.063455967291,-11.41371370609));
#204 = CARTESIAN_POINT('',(19.063455967291,-16.26345596729));
#205 = ( GEOMETRIC_REPRESENTATION_CONTEXT(2) 
PARAMETRIC_REPRESENTATION_CONTEXT() REPRESENTATION_CONTEXT('2D SPACE',''
  ) );
#206 = PCURVE('',#207,#212);
#207 = CYLINDRICAL_SURFACE('',#208,2.8);
#208 = AXIS2_PLACEMENT_3D('',#209,#210,#211);
#209 = CARTESIAN_POINT('',(16.263455967291,-16.26345596729,142.9));
#210 = DIRECTION('',(-0.,-0.,-1.));
#211 = DIRECTION('',(1.,0.,0.));
#212 = DEFINITIONAL_REPRESENTATION('',(#213),#217);
#213 = LINE('',#214,#215);
#214 = CARTESIAN_POINT('',(-6.28318530718,-9.999999999999E-02));
#215 = VECTOR('',#216,1.);
#216 = DIRECTION('',(1.,-0.));
#217 = ( GEOMETRIC_REPRESENTATION_CONTEXT(2) 
PARAMETRIC_REPRESENTATION_CONTEXT() REPRESENTATION_CONTEXT('2D SPACE',''
  ) );
#218 = FACE_BOUND('',#219,.F.);
#219 = EDGE_LOOP('',(#220));
#220 = ORIENTED_EDGE('',*,*,#221,.T.);
#221 = EDGE_CURVE('',#222,#222,#224,.T.);
#222 = VERTEX_POINT('',#223);
#223 = CARTESIAN_POINT('',(-13.46345596729,16.263455967291,143.));
#224 = SURFACE_CURVE('',#225,(#230,#241),.PCURVE_S1.);
#225 = CIRCLE('',#226,2.8);
#226 = AXIS2_PLACEMENT_3D('',#227,#228,#229);
#227 = CARTESIAN_POINT('',(-16.26345596729,16.263455967291,143.));
#228 = DIRECTION('',(0.,0.,-1.));
#229 = DIRECTION('',(1.,0.,0.));
#230 = PCURVE('',#93,#231);
#231 = DEFINITIONAL_REPRESENTATION('',(#232),#240);
#232 = ( BOUNDED_CURVE() B_SPLINE_CURVE(2,(#233,#234,#235,#236,#237,#238
,#239),.UNSPECIFIED.,.T.,.F.) B_SPLINE_CURVE_WITH_KNOTS((1,2,2,2,2,1),(
    -2.094395102393,0.,2.094395102393,4.188790204786,6.28318530718,
8.377580409573),.UNSPECIFIED.) CURVE() GEOMETRIC_REPRESENTATION_ITEM() 
RATIONAL_B_SPLINE_CURVE((1.,0.5,1.,0.5,1.,0.5,1.)) REPRESENTATION_ITEM(
  '') );
#233 = CARTESIAN_POINT('',(-13.46345596729,16.263455967291));
#234 = CARTESIAN_POINT('',(-13.46345596729,11.413713706098));
#235 = CARTESIAN_POINT('',(-17.66345596729,13.838584836694));
#236 = CARTESIAN_POINT('',(-21.86345596729,16.263455967291));
#237 = CARTESIAN_POINT('',(-17.66345596729,18.688327097887));
#238 = CARTESIAN_POINT('',(-13.46345596729,21.113198228483));
#239 = CARTESIAN_POINT('',(-13.46345596729,16.263455967291));
#240 = ( GEOMETRIC_REPRESENTATION_CONTEXT(2) 
PARAMETRIC_REPRESENTATION_CONTEXT() REPRESENTATION_CONTEXT('2D SPACE',''
  ) );
#241 = PCURVE('',#242,#247);
#242 = CYLINDRICAL_SURFACE('',#243,2.8);
#243 = AXIS2_PLACEMENT_3D('',#244,#245,#246);
#244 = CARTESIAN_POINT('',(-16.26345596729,16.263455967291,142.9));
#245 = DIRECTION('',(-0.,-0.,-1.));
#246 = DIRECTION('',(1.,0.,0.));
#247 = DEFINITIONAL_REPRESENTATION('',(#248),#252);
#248 = LINE('',#249,#250);
#249 = CARTESIAN_POINT('',(-6.28318530718,-9.999999999999E-02));
#250 = VECTOR('',#251,1.);
#251 = DIRECTION('',(1.,-0.));
#252 = ( GEOMETRIC_REPRESENTATION_CONTEXT(2) 
PARAMETRIC_REPRESENTATION_CONTEXT() REPRESENTATION_CONTEXT('2D SPACE',''
  ) );
#253 = FACE_BOUND('',#254,.F.);
#254 = EDGE_LOOP('',(#255));
#255 = ORIENTED_EDGE('',*,*,#256,.T.);
#256 = EDGE_CURVE('',#257,#257,#259,.T.);
#257 = VERTEX_POINT('',#258);
#258 = CARTESIAN_POINT('',(19.063455967291,16.263455967291,143.));
#259 = SURFACE_CURVE('',#260,(#265,#276),.PCURVE_S1.);
#260 = CIRCLE('',#261,2.8);
#261 = AXIS2_PLACEMENT_3D('',#262,#263,#264);
#262 = CARTESIAN_POINT('',(16.263455967291,16.263455967291,143.));
#263 = DIRECTION('',(0.,0.,-1.));
#264 = DIRECTION('',(1.,0.,0.));
#265 = PCURVE('',#93,#266);
#266 = DEFINITIONAL_REPRESENTATION('',(#267),#275);
#267 = ( BOUNDED_CURVE() B_SPLINE_CURVE(2,(#268,#269,#270,#271,#272,#273
,#274),.UNSPECIFIED.,.T.,.F.) B_SPLINE_CURVE_WITH_KNOTS((1,2,2,2,2,1),(
    -2.094395102393,0.,2.094395102393,4.188790204786,6.28318530718,
8.377580409573),.UNSPECIFIED.) CURVE() GEOMETRIC_REPRESENTATION_ITEM() 
RATIONAL_B_SPLINE_CURVE((1.,0.5,1.,0.5,1.,0.5,1.)) REPRESENTATION_ITEM(
  '') );
#268 = CARTESIAN_POINT('',(19.063455967291,16.263455967291));
#269 = CARTESIAN_POINT('',(19.063455967291,11.413713706098));
#270 = CARTESIAN_POINT('',(14.863455967291,13.838584836694));
#271 = CARTESIAN_POINT('',(10.663455967291,16.263455967291));
#272 = CARTESIAN_POINT('',(14.863455967291,18.688327097887));
#273 = CARTESIAN_POINT('',(19.063455967291,21.113198228483));
#274 = CARTESIAN_POINT('',(19.063455967291,16.263455967291));
#275 = ( GEOMETRIC_REPRESENTATION_CONTEXT(2) 
PARAMETRIC_REPRESENTATION_CONTEXT() REPRESENTATION_CONTEXT('2D SPACE',''
  ) );
#276 = PCURVE('',#277,#282);
#277 = CYLINDRICAL_SURFACE('',#278,2.8);
#278 = AXIS2_PLACEMENT_3D('',#279,#280,#281);
#279 = CARTESIAN_POINT('',(16.263455967291,16.263455967291,142.9));
#280 = DIRECTION('',(-0.,-0.,-1.));
#281 = DIRECTION('',(1.,0.,0.));
#282 = DEFINITIONAL_REPRESENTATION('',(#283),#287);
#283 = LINE('',#284,#285);
#284 = CARTESIAN_POINT('',(-6.28318530718,-9.999999999999E-02));
#285 = VECTOR('',#286,1.);
#286 = DIRECTION('',(1.,-0.));
#287 = ( GEOMETRIC_REPRESENTATION_CONTEXT(2) 
PARAMETRIC_REPRESENTATION_CONTEXT() REPRESENTATION_CONTEXT('2D SPACE',''
  ) );
#288 = ADVANCED_FACE('',(#289),#130,.F.);
#289 = FACE_BOUND('',#290,.T.);
#290 = EDGE_LOOP('',(#291,#314,#345,#346));
#291 = ORIENTED_EDGE('',*,*,#292,.F.);
#292 = EDGE_CURVE('',#293,#110,#295,.T.);
#293 = VERTEX_POINT('',#294);
#294 = CARTESIAN_POINT('',(35.5,0.,145.));
#295 = SEAM_CURVE('',#296,(#300,#307),.PCURVE_S1.);
#296 = LINE('',#297,#298);
#297 = CARTESIAN_POINT('',(35.5,0.,144.));
#298 = VECTOR('',#299,1.);
#299 = DIRECTION('',(0.,0.,1.));
#300 = PCURVE('',#130,#301);
#301 = DEFINITIONAL_REPRESENTATION('',(#302),#306);
#302 = LINE('',#303,#304);
#303 = CARTESIAN_POINT('',(-6.28318530718,0.));
#304 = VECTOR('',#305,1.);
#305 = DIRECTION('',(-0.,-1.));
#306 = ( GEOMETRIC_REPRESENTATION_CONTEXT(2) 
PARAMETRIC_REPRESENTATION_CONTEXT() REPRESENTATION_CONTEXT('2D SPACE',''
  ) );
#307 = PCURVE('',#130,#308);
#308 = DEFINITIONAL_REPRESENTATION('',(#309),#313);
#309 = LINE('',#310,#311);
#310 = CARTESIAN_POINT('',(-0.,0.));
#311 = VECTOR('',#312,1.);
#312 = DIRECTION('',(-0.,-1.));
#313 = ( GEOMETRIC_REPRESENTATION_CONTEXT(2) 
PARAMETRIC_REPRESENTATION_CONTEXT() REPRESENTATION_CONTEXT('2D SPACE',''
  ) );
#314 = ORIENTED_EDGE('',*,*,#315,.T.);
#315 = EDGE_CURVE('',#293,#293,#316,.T.);
#316 = SURFACE_CURVE('',#317,(#322,#329),.PCURVE_S1.);
#317 = CIRCLE('',#318,35.5);
#318 = AXIS2_PLACEMENT_3D('',#319,#320,#321);
#319 = CARTESIAN_POINT('',(0.,0.,145.));
#320 = DIRECTION('',(0.,0.,-1.));
#321 = DIRECTION('',(1.,0.,0.));
#322 = PCURVE('',#130,#323);
#323 = DEFINITIONAL_REPRESENTATION('',(#324),#328);
#324 = LINE('',#325,#326);
#325 = CARTESIAN_POINT('',(-6.28318530718,-1.));
#326 = VECTOR('',#327,1.);
#327 = DIRECTION('',(1.,-0.));
#328 = ( GEOMETRIC_REPRESENTATION_CONTEXT(2) 
PARAMETRIC_REPRESENTATION_CONTEXT() REPRESENTATION_CONTEXT('2D SPACE',''
  ) );
#329 = PCURVE('',#330,#335);
#330 = PLANE('',#331);
#331 = AXIS2_PLACEMENT_3D('',#332,#333,#334);
#332 = CARTESIAN_POINT('',(-3.454585597994E-15,7.518377864096E-16,145.)
  );
#333 = DIRECTION('',(0.,0.,1.));
#334 = DIRECTION('',(1.,0.,-0.));
#335 = DEFINITIONAL_REPRESENTATION('',(#336),#344);
#336 = ( BOUNDED_CURVE() B_SPLINE_CURVE(2,(#337,#338,#339,#340,#341,#342
,#343),.UNSPECIFIED.,.T.,.F.) B_SPLINE_CURVE_WITH_KNOTS((1,2,2,2,2,1),(
    -2.094395102393,0.,2.094395102393,4.188790204786,6.28318530718,
8.377580409573),.UNSPECIFIED.) CURVE() GEOMETRIC_REPRESENTATION_ITEM() 
RATIONAL_B_SPLINE_CURVE((1.,0.5,1.,0.5,1.,0.5,1.)) REPRESENTATION_ITEM(
  '') );
#337 = CARTESIAN_POINT('',(35.5,-7.518377864096E-16));
#338 = CARTESIAN_POINT('',(35.5,-61.48780366869));
#339 = CARTESIAN_POINT('',(-17.75,-30.74390183434));
#340 = CARTESIAN_POINT('',(-71.,-9.446830060356E-15));
#341 = CARTESIAN_POINT('',(-17.75,30.743901834348));
#342 = CARTESIAN_POINT('',(35.5,61.487803668695));
#343 = CARTESIAN_POINT('',(35.5,-7.518377864096E-16));
#344 = ( GEOMETRIC_REPRESENTATION_CONTEXT(2) 
PARAMETRIC_REPRESENTATION_CONTEXT() REPRESENTATION_CONTEXT('2D SPACE',''
  ) );
#345 = ORIENTED_EDGE('',*,*,#292,.T.);
#346 = ORIENTED_EDGE('',*,*,#109,.F.);
#347 = ADVANCED_FACE('',(#348),#172,.F.);
#348 = FACE_BOUND('',#349,.T.);
#349 = EDGE_LOOP('',(#350,#351,#374,#401));
#350 = ORIENTED_EDGE('',*,*,#151,.T.);
#351 = ORIENTED_EDGE('',*,*,#352,.T.);
#352 = EDGE_CURVE('',#152,#353,#355,.T.);
#353 = VERTEX_POINT('',#354);
#354 = CARTESIAN_POINT('',(-13.46345596729,-16.26345596729,149.));
#355 = SEAM_CURVE('',#356,(#360,#367),.PCURVE_S1.);
#356 = LINE('',#357,#358);
#357 = CARTESIAN_POINT('',(-13.46345596729,-16.26345596729,142.9));
#358 = VECTOR('',#359,1.);
#359 = DIRECTION('',(0.,0.,1.));
#360 = PCURVE('',#172,#361);
#361 = DEFINITIONAL_REPRESENTATION('',(#362),#366);
#362 = LINE('',#363,#364);
#363 = CARTESIAN_POINT('',(-6.28318530718,0.));
#364 = VECTOR('',#365,1.);
#365 = DIRECTION('',(-0.,-1.));
#366 = ( GEOMETRIC_REPRESENTATION_CONTEXT(2) 
PARAMETRIC_REPRESENTATION_CONTEXT() REPRESENTATION_CONTEXT('2D SPACE',''
  ) );
#367 = PCURVE('',#172,#368);
#368 = DEFINITIONAL_REPRESENTATION('',(#369),#373);
#369 = LINE('',#370,#371);
#370 = CARTESIAN_POINT('',(-0.,0.));
#371 = VECTOR('',#372,1.);
#372 = DIRECTION('',(-0.,-1.));
#373 = ( GEOMETRIC_REPRESENTATION_CONTEXT(2) 
PARAMETRIC_REPRESENTATION_CONTEXT() REPRESENTATION_CONTEXT('2D SPACE',''
  ) );
#374 = ORIENTED_EDGE('',*,*,#375,.T.);
#375 = EDGE_CURVE('',#353,#353,#376,.T.);
#376 = SURFACE_CURVE('',#377,(#382,#389),.PCURVE_S1.);
#377 = CIRCLE('',#378,2.8);
#378 = AXIS2_PLACEMENT_3D('',#379,#380,#381);
#379 = CARTESIAN_POINT('',(-16.26345596729,-16.26345596729,149.));
#380 = DIRECTION('',(0.,0.,1.));
#381 = DIRECTION('',(1.,0.,0.));
#382 = PCURVE('',#172,#383);
#383 = DEFINITIONAL_REPRESENTATION('',(#384),#388);
#384 = LINE('',#385,#386);
#385 = CARTESIAN_POINT('',(-0.,-6.1));
#386 = VECTOR('',#387,1.);
#387 = DIRECTION('',(-1.,0.));
#388 = ( GEOMETRIC_REPRESENTATION_CONTEXT(2) 
PARAMETRIC_REPRESENTATION_CONTEXT() REPRESENTATION_CONTEXT('2D SPACE',''
  ) );
#389 = PCURVE('',#390,#395);
#390 = PLANE('',#391);
#391 = AXIS2_PLACEMENT_3D('',#392,#393,#394);
#392 = CARTESIAN_POINT('',(-16.26345596729,-16.26345596729,149.));
#393 = DIRECTION('',(0.,0.,1.));
#394 = DIRECTION('',(1.,0.,-0.));
#395 = DEFINITIONAL_REPRESENTATION('',(#396),#400);
#396 = CIRCLE('',#397,2.8);
#397 = AXIS2_PLACEMENT_2D('',#398,#399);
#398 = CARTESIAN_POINT('',(0.,0.));
#399 = DIRECTION('',(1.,0.));
#400 = ( GEOMETRIC_REPRESENTATION_CONTEXT(2) 
PARAMETRIC_REPRESENTATION_CONTEXT() REPRESENTATION_CONTEXT('2D SPACE',''
  ) );
#401 = ORIENTED_EDGE('',*,*,#352,.F.);
#402 = ADVANCED_FACE('',(#403),#207,.F.);
#403 = FACE_BOUND('',#404,.T.);
#404 = EDGE_LOOP('',(#405,#406,#429,#456));
#405 = ORIENTED_EDGE('',*,*,#186,.T.);
#406 = ORIENTED_EDGE('',*,*,#407,.T.);
#407 = EDGE_CURVE('',#187,#408,#410,.T.);
#408 = VERTEX_POINT('',#409);
#409 = CARTESIAN_POINT('',(19.063455967291,-16.26345596729,149.));
#410 = SEAM_CURVE('',#411,(#415,#422),.PCURVE_S1.);
#411 = LINE('',#412,#413);
#412 = CARTESIAN_POINT('',(19.063455967291,-16.26345596729,142.9));
#413 = VECTOR('',#414,1.);
#414 = DIRECTION('',(0.,0.,1.));
#415 = PCURVE('',#207,#416);
#416 = DEFINITIONAL_REPRESENTATION('',(#417),#421);
#417 = LINE('',#418,#419);
#418 = CARTESIAN_POINT('',(-6.28318530718,0.));
#419 = VECTOR('',#420,1.);
#420 = DIRECTION('',(-0.,-1.));
#421 = ( GEOMETRIC_REPRESENTATION_CONTEXT(2) 
PARAMETRIC_REPRESENTATION_CONTEXT() REPRESENTATION_CONTEXT('2D SPACE',''
  ) );
#422 = PCURVE('',#207,#423);
#423 = DEFINITIONAL_REPRESENTATION('',(#424),#428);
#424 = LINE('',#425,#426);
#425 = CARTESIAN_POINT('',(-0.,0.));
#426 = VECTOR('',#427,1.);
#427 = DIRECTION('',(-0.,-1.));
#428 = ( GEOMETRIC_REPRESENTATION_CONTEXT(2) 
PARAMETRIC_REPRESENTATION_CONTEXT() REPRESENTATION_CONTEXT('2D SPACE',''
  ) );
#429 = ORIENTED_EDGE('',*,*,#430,.T.);
#430 = EDGE_CURVE('',#408,#408,#431,.T.);
#431 = SURFACE_CURVE('',#432,(#437,#444),.PCURVE_S1.);
#432 = CIRCLE('',#433,2.8);
#433 = AXIS2_PLACEMENT_3D('',#434,#435,#436);
#434 = CARTESIAN_POINT('',(16.263455967291,-16.26345596729,149.));
#435 = DIRECTION('',(0.,0.,1.));
#436 = DIRECTION('',(1.,0.,0.));
#437 = PCURVE('',#207,#438);
#438 = DEFINITIONAL_REPRESENTATION('',(#439),#443);
#439 = LINE('',#440,#441);
#440 = CARTESIAN_POINT('',(-0.,-6.1));
#441 = VECTOR('',#442,1.);
#442 = DIRECTION('',(-1.,0.));
#443 = ( GEOMETRIC_REPRESENTATION_CONTEXT(2) 
PARAMETRIC_REPRESENTATION_CONTEXT() REPRESENTATION_CONTEXT('2D SPACE',''
  ) );
#444 = PCURVE('',#445,#450);
#445 = PLANE('',#446);
#446 = AXIS2_PLACEMENT_3D('',#447,#448,#449);
#447 = CARTESIAN_POINT('',(16.263455967291,-16.26345596729,149.));
#448 = DIRECTION('',(0.,0.,1.));
#449 = DIRECTION('',(1.,0.,-0.));
#450 = DEFINITIONAL_REPRESENTATION('',(#451),#455);
#451 = CIRCLE('',#452,2.8);
#452 = AXIS2_PLACEMENT_2D('',#453,#454);
#453 = CARTESIAN_POINT('',(0.,0.));
#454 = DIRECTION('',(1.,0.));
#455 = ( GEOMETRIC_REPRESENTATION_CONTEXT(2) 
PARAMETRIC_REPRESENTATION_CONTEXT() REPRESENTATION_CONTEXT('2D SPACE',''
  ) );
#456 = ORIENTED_EDGE('',*,*,#407,.F.);
#457 = ADVANCED_FACE('',(#458),#242,.F.);
#458 = FACE_BOUND('',#459,.T.);
#459 = EDGE_LOOP('',(#460,#461,#484,#511));
#460 = ORIENTED_EDGE('',*,*,#221,.T.);
#461 = ORIENTED_EDGE('',*,*,#462,.T.);
#462 = EDGE_CURVE('',#222,#463,#465,.T.);
#463 = VERTEX_POINT('',#464);
#464 = CARTESIAN_POINT('',(-13.46345596729,16.263455967291,149.));
#465 = SEAM_CURVE('',#466,(#470,#477),.PCURVE_S1.);
#466 = LINE('',#467,#468);
#467 = CARTESIAN_POINT('',(-13.46345596729,16.263455967291,142.9));
#468 = VECTOR('',#469,1.);
#469 = DIRECTION('',(0.,0.,1.));
#470 = PCURVE('',#242,#471);
#471 = DEFINITIONAL_REPRESENTATION('',(#472),#476);
#472 = LINE('',#473,#474);
#473 = CARTESIAN_POINT('',(-6.28318530718,0.));
#474 = VECTOR('',#475,1.);
#475 = DIRECTION('',(-0.,-1.));
#476 = ( GEOMETRIC_REPRESENTATION_CONTEXT(2) 
PARAMETRIC_REPRESENTATION_CONTEXT() REPRESENTATION_CONTEXT('2D SPACE',''
  ) );
#477 = PCURVE('',#242,#478);
#478 = DEFINITIONAL_REPRESENTATION('',(#479),#483);
#479 = LINE('',#480,#481);
#480 = CARTESIAN_POINT('',(-0.,0.));
#481 = VECTOR('',#482,1.);
#482 = DIRECTION('',(-0.,-1.));
#483 = ( GEOMETRIC_REPRESENTATION_CONTEXT(2) 
PARAMETRIC_REPRESENTATION_CONTEXT() REPRESENTATION_CONTEXT('2D SPACE',''
  ) );
#484 = ORIENTED_EDGE('',*,*,#485,.T.);
#485 = EDGE_CURVE('',#463,#463,#486,.T.);
#486 = SURFACE_CURVE('',#487,(#492,#499),.PCURVE_S1.);
#487 = CIRCLE('',#488,2.8);
#488 = AXIS2_PLACEMENT_3D('',#489,#490,#491);
#489 = CARTESIAN_POINT('',(-16.26345596729,16.263455967291,149.));
#490 = DIRECTION('',(0.,0.,1.));
#491 = DIRECTION('',(1.,0.,0.));
#492 = PCURVE('',#242,#493);
#493 = DEFINITIONAL_REPRESENTATION('',(#494),#498);
#494 = LINE('',#495,#496);
#495 = CARTESIAN_POINT('',(-0.,-6.1));
#496 = VECTOR('',#497,1.);
#497 = DIRECTION('',(-1.,0.));
#498 = ( GEOMETRIC_REPRESENTATION_CONTEXT(2) 
PARAMETRIC_REPRESENTATION_CONTEXT() REPRESENTATION_CONTEXT('2D SPACE',''
  ) );
#499 = PCURVE('',#500,#505);
#500 = PLANE('',#501);
#501 = AXIS2_PLACEMENT_3D('',#502,#503,#504);
#502 = CARTESIAN_POINT('',(-16.26345596729,16.263455967291,149.));
#503 = DIRECTION('',(0.,0.,1.));
#504 = DIRECTION('',(1.,0.,-0.));
#505 = DEFINITIONAL_REPRESENTATION('',(#506),#510);
#506 = CIRCLE('',#507,2.8);
#507 = AXIS2_PLACEMENT_2D('',#508,#509);
#508 = CARTESIAN_POINT('',(0.,0.));
#509 = DIRECTION('',(1.,0.));
#510 = ( GEOMETRIC_REPRESENTATION_CONTEXT(2) 
PARAMETRIC_REPRESENTATION_CONTEXT() REPRESENTATION_CONTEXT('2D SPACE',''
  ) );
#511 = ORIENTED_EDGE('',*,*,#462,.F.);
#512 = ADVANCED_FACE('',(#513),#277,.F.);
#513 = FACE_BOUND('',#514,.T.);
#514 = EDGE_LOOP('',(#515,#516,#539,#566));
#515 = ORIENTED_EDGE('',*,*,#256,.T.);
#516 = ORIENTED_EDGE('',*,*,#517,.T.);
#517 = EDGE_CURVE('',#257,#518,#520,.T.);
#518 = VERTEX_POINT('',#519);
#519 = CARTESIAN_POINT('',(19.063455967291,16.263455967291,149.));
#520 = SEAM_CURVE('',#521,(#525,#532),.PCURVE_S1.);
#521 = LINE('',#522,#523);
#522 = CARTESIAN_POINT('',(19.063455967291,16.263455967291,142.9));
#523 = VECTOR('',#524,1.);
#524 = DIRECTION('',(0.,0.,1.));
#525 = PCURVE('',#277,#526);
#526 = DEFINITIONAL_REPRESENTATION('',(#527),#531);
#527 = LINE('',#528,#529);
#528 = CARTESIAN_POINT('',(-6.28318530718,0.));
#529 = VECTOR('',#530,1.);
#530 = DIRECTION('',(-0.,-1.));
#531 = ( GEOMETRIC_REPRESENTATION_CONTEXT(2) 
PARAMETRIC_REPRESENTATION_CONTEXT() REPRESENTATION_CONTEXT('2D SPACE',''
  ) );
#532 = PCURVE('',#277,#533);
#533 = DEFINITIONAL_REPRESENTATION('',(#534),#538);
#534 = LINE('',#535,#536);
#535 = CARTESIAN_POINT('',(-0.,0.));
#536 = VECTOR('',#537,1.);
#537 = DIRECTION('',(-0.,-1.));
#538 = ( GEOMETRIC_REPRESENTATION_CONTEXT(2) 
PARAMETRIC_REPRESENTATION_CONTEXT() REPRESENTATION_CONTEXT('2D SPACE',''
  ) );
#539 = ORIENTED_EDGE('',*,*,#540,.T.);
#540 = EDGE_CURVE('',#518,#518,#541,.T.);
#541 = SURFACE_CURVE('',#542,(#547,#554),.PCURVE_S1.);
#542 = CIRCLE('',#543,2.8);
#543 = AXIS2_PLACEMENT_3D('',#544,#545,#546);
#544 = CARTESIAN_POINT('',(16.263455967291,16.263455967291,149.));
#545 = DIRECTION('',(0.,0.,1.));
#546 = DIRECTION('',(1.,0.,0.));
#547 = PCURVE('',#277,#548);
#548 = DEFINITIONAL_REPRESENTATION('',(#549),#553);
#549 = LINE('',#550,#551);
#550 = CARTESIAN_POINT('',(-0.,-6.1));
#551 = VECTOR('',#552,1.);
#552 = DIRECTION('',(-1.,0.));
#553 = ( GEOMETRIC_REPRESENTATION_CONTEXT(2) 
PARAMETRIC_REPRESENTATION_CONTEXT() REPRESENTATION_CONTEXT('2D SPACE',''
  ) );
#554 = PCURVE('',#555,#560);
#555 = PLANE('',#556);
#556 = AXIS2_PLACEMENT_3D('',#557,#558,#559);
#557 = CARTESIAN_POINT('',(16.263455967291,16.263455967291,149.));
#558 = DIRECTION('',(0.,0.,1.));
#559 = DIRECTION('',(1.,0.,-0.));
#560 = DEFINITIONAL_REPRESENTATION('',(#561),#565);
#561 = CIRCLE('',#562,2.8);
#562 = AXIS2_PLACEMENT_2D('',#563,#564);
#563 = CARTESIAN_POINT('',(0.,0.));
#564 = DIRECTION('',(1.,0.));
#565 = ( GEOMETRIC_REPRESENTATION_CONTEXT(2) 
PARAMETRIC_REPRESENTATION_CONTEXT() REPRESENTATION_CONTEXT('2D SPACE',''
  ) );
#566 = ORIENTED_EDGE('',*,*,#517,.F.);
#567 = ADVANCED_FACE('',(#568,#599),#330,.F.);
#568 = FACE_BOUND('',#569,.F.);
#569 = EDGE_LOOP('',(#570));
#570 = ORIENTED_EDGE('',*,*,#571,.T.);
#571 = EDGE_CURVE('',#572,#572,#574,.T.);
#572 = VERTEX_POINT('',#573);
#573 = CARTESIAN_POINT('',(38.,0.,145.));
#574 = SURFACE_CURVE('',#575,(#580,#587),.PCURVE_S1.);
#575 = CIRCLE('',#576,38.);
#576 = AXIS2_PLACEMENT_3D('',#577,#578,#579);
#577 = CARTESIAN_POINT('',(0.,0.,145.));
#578 = DIRECTION('',(0.,0.,1.));
#579 = DIRECTION('',(1.,0.,0.));
#580 = PCURVE('',#330,#581);
#581 = DEFINITIONAL_REPRESENTATION('',(#582),#586);
#582 = CIRCLE('',#583,38.);
#583 = AXIS2_PLACEMENT_2D('',#584,#585);
#584 = CARTESIAN_POINT('',(3.454585597994E-15,-7.518377864096E-16));
#585 = DIRECTION('',(1.,0.));
#586 = ( GEOMETRIC_REPRESENTATION_CONTEXT(2) 
PARAMETRIC_REPRESENTATION_CONTEXT() REPRESENTATION_CONTEXT('2D SPACE',''
  ) );
#587 = PCURVE('',#588,#593);
#588 = CYLINDRICAL_SURFACE('',#589,38.);
#589 = AXIS2_PLACEMENT_3D('',#590,#591,#592);
#590 = CARTESIAN_POINT('',(0.,0.,145.));
#591 = DIRECTION('',(-0.,-0.,-1.));
#592 = DIRECTION('',(1.,0.,0.));
#593 = DEFINITIONAL_REPRESENTATION('',(#594),#598);
#594 = LINE('',#595,#596);
#595 = CARTESIAN_POINT('',(-0.,0.));
#596 = VECTOR('',#597,1.);
#597 = DIRECTION('',(-1.,0.));
#598 = ( GEOMETRIC_REPRESENTATION_CONTEXT(2) 
PARAMETRIC_REPRESENTATION_CONTEXT() REPRESENTATION_CONTEXT('2D SPACE',''
  ) );
#599 = FACE_BOUND('',#600,.F.);
#600 = EDGE_LOOP('',(#601));
#601 = ORIENTED_EDGE('',*,*,#315,.T.);
#602 = ADVANCED_FACE('',(#603),#390,.F.);
#603 = FACE_BOUND('',#604,.F.);
#604 = EDGE_LOOP('',(#605));
#605 = ORIENTED_EDGE('',*,*,#375,.T.);
#606 = ADVANCED_FACE('',(#607),#445,.F.);
#607 = FACE_BOUND('',#608,.F.);
#608 = EDGE_LOOP('',(#609));
#609 = ORIENTED_EDGE('',*,*,#430,.T.);
#610 = ADVANCED_FACE('',(#611),#500,.F.);
#611 = FACE_BOUND('',#612,.F.);
#612 = EDGE_LOOP('',(#613));
#613 = ORIENTED_EDGE('',*,*,#485,.T.);
#614 = ADVANCED_FACE('',(#615),#555,.F.);
#615 = FACE_BOUND('',#616,.F.);
#616 = EDGE_LOOP('',(#617));
#617 = ORIENTED_EDGE('',*,*,#540,.T.);
#618 = ADVANCED_FACE('',(#619),#588,.T.);
#619 = FACE_BOUND('',#620,.F.);
#620 = EDGE_LOOP('',(#621,#622,#645,#672));
#621 = ORIENTED_EDGE('',*,*,#571,.F.);
#622 = ORIENTED_EDGE('',*,*,#623,.F.);
#623 = EDGE_CURVE('',#624,#572,#626,.T.);
#624 = VERTEX_POINT('',#625);
#625 = CARTESIAN_POINT('',(38.,0.,155.));
#626 = SEAM_CURVE('',#627,(#631,#638),.PCURVE_S1.);
#627 = LINE('',#628,#629);
#628 = CARTESIAN_POINT('',(38.,0.,155.));
#629 = VECTOR('',#630,1.);
#630 = DIRECTION('',(0.,0.,-1.));
#631 = PCURVE('',#588,#632);
#632 = DEFINITIONAL_REPRESENTATION('',(#633),#637);
#633 = LINE('',#634,#635);
#634 = CARTESIAN_POINT('',(-0.,-10.));
#635 = VECTOR('',#636,1.);
#636 = DIRECTION('',(0.,1.));
#637 = ( GEOMETRIC_REPRESENTATION_CONTEXT(2) 
PARAMETRIC_REPRESENTATION_CONTEXT() REPRESENTATION_CONTEXT('2D SPACE',''
  ) );
#638 = PCURVE('',#588,#639);
#639 = DEFINITIONAL_REPRESENTATION('',(#640),#644);
#640 = LINE('',#641,#642);
#641 = CARTESIAN_POINT('',(-6.28318530718,-10.));
#642 = VECTOR('',#643,1.);
#643 = DIRECTION('',(0.,1.));
#644 = ( GEOMETRIC_REPRESENTATION_CONTEXT(2) 
PARAMETRIC_REPRESENTATION_CONTEXT() REPRESENTATION_CONTEXT('2D SPACE',''
  ) );
#645 = ORIENTED_EDGE('',*,*,#646,.T.);
#646 = EDGE_CURVE('',#624,#624,#647,.T.);
#647 = SURFACE_CURVE('',#648,(#653,#660),.PCURVE_S1.);
#648 = CIRCLE('',#649,38.);
#649 = AXIS2_PLACEMENT_3D('',#650,#651,#652);
#650 = CARTESIAN_POINT('',(0.,0.,155.));
#651 = DIRECTION('',(0.,0.,1.));
#652 = DIRECTION('',(1.,0.,0.));
#653 = PCURVE('',#588,#654);
#654 = DEFINITIONAL_REPRESENTATION('',(#655),#659);
#655 = LINE('',#656,#657);
#656 = CARTESIAN_POINT('',(-0.,-10.));
#657 = VECTOR('',#658,1.);
#658 = DIRECTION('',(-1.,0.));
#659 = ( GEOMETRIC_REPRESENTATION_CONTEXT(2) 
PARAMETRIC_REPRESENTATION_CONTEXT() REPRESENTATION_CONTEXT('2D SPACE',''
  ) );
#660 = PCURVE('',#661,#666);
#661 = PLANE('',#662);
#662 = AXIS2_PLACEMENT_3D('',#663,#664,#665);
#663 = CARTESIAN_POINT('',(-3.454585597994E-15,7.518377864096E-16,155.)
  );
#664 = DIRECTION('',(0.,0.,1.));
#665 = DIRECTION('',(1.,0.,-0.));
#666 = DEFINITIONAL_REPRESENTATION('',(#667),#671);
#667 = CIRCLE('',#668,38.);
#668 = AXIS2_PLACEMENT_2D('',#669,#670);
#669 = CARTESIAN_POINT('',(3.454585597994E-15,-7.518377864096E-16));
#670 = DIRECTION('',(1.,0.));
#671 = ( GEOMETRIC_REPRESENTATION_CONTEXT(2) 
PARAMETRIC_REPRESENTATION_CONTEXT() REPRESENTATION_CONTEXT('2D SPACE',''
  ) );
#672 = ORIENTED_EDGE('',*,*,#623,.T.);
#673 = ADVANCED_FACE('',(#674,#677),#661,.T.);
#674 = FACE_BOUND('',#675,.T.);
#675 = EDGE_LOOP('',(#676));
#676 = ORIENTED_EDGE('',*,*,#646,.T.);
#677 = FACE_BOUND('',#678,.T.);
#678 = EDGE_LOOP('',(#679));
#679 = ORIENTED_EDGE('',*,*,#680,.T.);
#680 = EDGE_CURVE('',#681,#681,#683,.T.);
#681 = VERTEX_POINT('',#682);
#682 = CARTESIAN_POINT('',(18.,0.,155.));
#683 = SURFACE_CURVE('',#684,(#689,#700),.PCURVE_S1.);
#684 = CIRCLE('',#685,18.);
#685 = AXIS2_PLACEMENT_3D('',#686,#687,#688);
#686 = CARTESIAN_POINT('',(0.,0.,155.));
#687 = DIRECTION('',(0.,0.,-1.));
#688 = DIRECTION('',(1.,0.,0.));
#689 = PCURVE('',#661,#690);
#690 = DEFINITIONAL_REPRESENTATION('',(#691),#699);
#691 = ( BOUNDED_CURVE() B_SPLINE_CURVE(2,(#692,#693,#694,#695,#696,#697
,#698),.UNSPECIFIED.,.T.,.F.) B_SPLINE_CURVE_WITH_KNOTS((1,2,2,2,2,1),(
    -2.094395102393,0.,2.094395102393,4.188790204786,6.28318530718,
8.377580409573),.UNSPECIFIED.) CURVE() GEOMETRIC_REPRESENTATION_ITEM() 
RATIONAL_B_SPLINE_CURVE((1.,0.5,1.,0.5,1.,0.5,1.)) REPRESENTATION_ITEM(
  '') );
#692 = CARTESIAN_POINT('',(18.,-7.518377864096E-16));
#693 = CARTESIAN_POINT('',(18.,-31.17691453624));
#694 = CARTESIAN_POINT('',(-9.,-15.58845726812));
#695 = CARTESIAN_POINT('',(-36.,-5.16056626334E-15));
#696 = CARTESIAN_POINT('',(-9.,15.58845726812));
#697 = CARTESIAN_POINT('',(18.,31.17691453624));
#698 = CARTESIAN_POINT('',(18.,-7.518377864096E-16));
#699 = ( GEOMETRIC_REPRESENTATION_CONTEXT(2) 
PARAMETRIC_REPRESENTATION_CONTEXT() REPRESENTATION_CONTEXT('2D SPACE',''
  ) );
#700 = PCURVE('',#701,#706);
#701 = CYLINDRICAL_SURFACE('',#702,18.);
#702 = AXIS2_PLACEMENT_3D('',#703,#704,#705);
#703 = CARTESIAN_POINT('',(0.,0.,151.));
#704 = DIRECTION('',(0.,0.,1.));
#705 = DIRECTION('',(1.,0.,-0.));
#706 = DEFINITIONAL_REPRESENTATION('',(#707),#711);
#707 = LINE('',#708,#709);
#708 = CARTESIAN_POINT('',(6.28318530718,4.));
#709 = VECTOR('',#710,1.);
#710 = DIRECTION('',(-1.,0.));
#711 = ( GEOMETRIC_REPRESENTATION_CONTEXT(2) 
PARAMETRIC_REPRESENTATION_CONTEXT() REPRESENTATION_CONTEXT('2D SPACE',''
  ) );
#712 = ADVANCED_FACE('',(#713),#701,.T.);
#713 = FACE_BOUND('',#714,.T.);
#714 = EDGE_LOOP('',(#715,#738,#739,#740,#769,#795,#824,#850,#879,#900,
    #929,#955,#984,#1005,#1034,#1055));
#715 = ORIENTED_EDGE('',*,*,#716,.F.);
#716 = EDGE_CURVE('',#681,#717,#719,.T.);
#717 = VERTEX_POINT('',#718);
#718 = CARTESIAN_POINT('',(18.,0.,168.));
#719 = SEAM_CURVE('',#720,(#724,#731),.PCURVE_S1.);
#720 = LINE('',#721,#722);
#721 = CARTESIAN_POINT('',(18.,0.,151.));
#722 = VECTOR('',#723,1.);
#723 = DIRECTION('',(0.,0.,1.));
#724 = PCURVE('',#701,#725);
#725 = DEFINITIONAL_REPRESENTATION('',(#726),#730);
#726 = LINE('',#727,#728);
#727 = CARTESIAN_POINT('',(0.,0.));
#728 = VECTOR('',#729,1.);
#729 = DIRECTION('',(0.,1.));
#730 = ( GEOMETRIC_REPRESENTATION_CONTEXT(2) 
PARAMETRIC_REPRESENTATION_CONTEXT() REPRESENTATION_CONTEXT('2D SPACE',''
  ) );
#731 = PCURVE('',#701,#732);
#732 = DEFINITIONAL_REPRESENTATION('',(#733),#737);
#733 = LINE('',#734,#735);
#734 = CARTESIAN_POINT('',(6.28318530718,0.));
#735 = VECTOR('',#736,1.);
#736 = DIRECTION('',(0.,1.));
#737 = ( GEOMETRIC_REPRESENTATION_CONTEXT(2) 
PARAMETRIC_REPRESENTATION_CONTEXT() REPRESENTATION_CONTEXT('2D SPACE',''
  ) );
#738 = ORIENTED_EDGE('',*,*,#680,.F.);
#739 = ORIENTED_EDGE('',*,*,#716,.T.);
#740 = ORIENTED_EDGE('',*,*,#741,.F.);
#741 = EDGE_CURVE('',#742,#717,#744,.T.);
#742 = VERTEX_POINT('',#743);
#743 = CARTESIAN_POINT('',(17.619047619048,-3.683634210631,168.));
#744 = SURFACE_CURVE('',#745,(#750,#757),.PCURVE_S1.);
#745 = CIRCLE('',#746,18.);
#746 = AXIS2_PLACEMENT_3D('',#747,#748,#749);
#747 = CARTESIAN_POINT('',(0.,0.,168.));
#748 = DIRECTION('',(0.,0.,1.));
#749 = DIRECTION('',(1.,0.,-0.));
#750 = PCURVE('',#701,#751);
#751 = DEFINITIONAL_REPRESENTATION('',(#752),#756);
#752 = LINE('',#753,#754);
#753 = CARTESIAN_POINT('',(0.,17.));
#754 = VECTOR('',#755,1.);
#755 = DIRECTION('',(1.,0.));
#756 = ( GEOMETRIC_REPRESENTATION_CONTEXT(2) 
PARAMETRIC_REPRESENTATION_CONTEXT() REPRESENTATION_CONTEXT('2D SPACE',''
  ) );
#757 = PCURVE('',#758,#763);
#758 = PLANE('',#759);
#759 = AXIS2_PLACEMENT_3D('',#760,#761,#762);
#760 = CARTESIAN_POINT('',(21.,6.938022664999E-17,168.));
#761 = DIRECTION('',(0.,0.,1.));
#762 = DIRECTION('',(1.,0.,-0.));
#763 = DEFINITIONAL_REPRESENTATION('',(#764),#768);
#764 = CIRCLE('',#765,18.);
#765 = AXIS2_PLACEMENT_2D('',#766,#767);
#766 = CARTESIAN_POINT('',(-21.,-6.938022664999E-17));
#767 = DIRECTION('',(1.,0.));
#768 = ( GEOMETRIC_REPRESENTATION_CONTEXT(2) 
PARAMETRIC_REPRESENTATION_CONTEXT() REPRESENTATION_CONTEXT('2D SPACE',''
  ) );
#769 = ORIENTED_EDGE('',*,*,#770,.T.);
#770 = EDGE_CURVE('',#742,#771,#773,.T.);
#771 = VERTEX_POINT('',#772);
#772 = CARTESIAN_POINT('',(17.619047619048,-3.683634210631,171.));
#773 = SURFACE_CURVE('',#774,(#778,#784),.PCURVE_S1.);
#774 = LINE('',#775,#776);
#775 = CARTESIAN_POINT('',(17.619047619048,-3.683634210631,151.));
#776 = VECTOR('',#777,1.);
#777 = DIRECTION('',(0.,0.,1.));
#778 = PCURVE('',#701,#779);
#779 = DEFINITIONAL_REPRESENTATION('',(#780),#783);
#780 = B_SPLINE_CURVE_WITH_KNOTS('',1,(#781,#782),.UNSPECIFIED.,.F.,.F.,
  (2,2),(16.9999994,20.0000006),.PIECEWISE_BEZIER_KNOTS.);
#781 = CARTESIAN_POINT('',(6.077082915132,16.9999994));
#782 = CARTESIAN_POINT('',(6.077082915132,20.0000006));
#783 = ( GEOMETRIC_REPRESENTATION_CONTEXT(2) 
PARAMETRIC_REPRESENTATION_CONTEXT() REPRESENTATION_CONTEXT('2D SPACE',''
  ) );
#784 = PCURVE('',#785,#790);
#785 = CYLINDRICAL_SURFACE('',#786,5.);
#786 = AXIS2_PLACEMENT_3D('',#787,#788,#789);
#787 = CARTESIAN_POINT('',(21.,0.,168.));
#788 = DIRECTION('',(-0.,-0.,-1.));
#789 = DIRECTION('',(1.,0.,0.));
#790 = DEFINITIONAL_REPRESENTATION('',(#791),#794);
#791 = B_SPLINE_CURVE_WITH_KNOTS('',1,(#792,#793),.UNSPECIFIED.,.F.,.F.,
  (2,2),(17.,20.),.PIECEWISE_BEZIER_KNOTS.);
#792 = CARTESIAN_POINT('',(-3.969809574963,0.));
#793 = CARTESIAN_POINT('',(-3.969809574963,-3.));
#794 = ( GEOMETRIC_REPRESENTATION_CONTEXT(2) 
PARAMETRIC_REPRESENTATION_CONTEXT() REPRESENTATION_CONTEXT('2D SPACE',''
  ) );
#795 = ORIENTED_EDGE('',*,*,#796,.F.);
#796 = EDGE_CURVE('',#797,#771,#799,.T.);
#797 = VERTEX_POINT('',#798);
#798 = CARTESIAN_POINT('',(-5.619403004868,-17.10035993389,171.));
#799 = SURFACE_CURVE('',#800,(#805,#812),.PCURVE_S1.);
#800 = CIRCLE('',#801,18.);
#801 = AXIS2_PLACEMENT_3D('',#802,#803,#804);
#802 = CARTESIAN_POINT('',(0.,0.,171.));
#803 = DIRECTION('',(0.,0.,1.));
#804 = DIRECTION('',(1.,0.,-0.));
#805 = PCURVE('',#701,#806);
#806 = DEFINITIONAL_REPRESENTATION('',(#807),#811);
#807 = LINE('',#808,#809);
#808 = CARTESIAN_POINT('',(0.,20.));
#809 = VECTOR('',#810,1.);
#810 = DIRECTION('',(1.,0.));
#811 = ( GEOMETRIC_REPRESENTATION_CONTEXT(2) 
PARAMETRIC_REPRESENTATION_CONTEXT() REPRESENTATION_CONTEXT('2D SPACE',''
  ) );
#812 = PCURVE('',#813,#818);
#813 = PLANE('',#814);
#814 = AXIS2_PLACEMENT_3D('',#815,#816,#817);
#815 = CARTESIAN_POINT('',(0.,0.,171.));
#816 = DIRECTION('',(0.,0.,1.));
#817 = DIRECTION('',(1.,0.,-0.));
#818 = DEFINITIONAL_REPRESENTATION('',(#819),#823);
#819 = CIRCLE('',#820,18.);
#820 = AXIS2_PLACEMENT_2D('',#821,#822);
#821 = CARTESIAN_POINT('',(0.,0.));
#822 = DIRECTION('',(1.,-0.));
#823 = ( GEOMETRIC_REPRESENTATION_CONTEXT(2) 
PARAMETRIC_REPRESENTATION_CONTEXT() REPRESENTATION_CONTEXT('2D SPACE',''
  ) );
#824 = ORIENTED_EDGE('',*,*,#825,.F.);
#825 = EDGE_CURVE('',#826,#797,#828,.T.);
#826 = VERTEX_POINT('',#827);
#827 = CARTESIAN_POINT('',(-5.619403004868,-17.10035993389,168.));
#828 = SURFACE_CURVE('',#829,(#833,#839),.PCURVE_S1.);
#829 = LINE('',#830,#831);
#830 = CARTESIAN_POINT('',(-5.619403004868,-17.10035993389,151.));
#831 = VECTOR('',#832,1.);
#832 = DIRECTION('',(0.,0.,1.));
#833 = PCURVE('',#701,#834);
#834 = DEFINITIONAL_REPRESENTATION('',(#835),#838);
#835 = B_SPLINE_CURVE_WITH_KNOTS('',1,(#836,#837),.UNSPECIFIED.,.F.,.F.,
  (2,2),(16.9999994,20.0000006),.PIECEWISE_BEZIER_KNOTS.);
#836 = CARTESIAN_POINT('',(4.394892596834,16.9999994));
#837 = CARTESIAN_POINT('',(4.394892596834,20.0000006));
#838 = ( GEOMETRIC_REPRESENTATION_CONTEXT(2) 
PARAMETRIC_REPRESENTATION_CONTEXT() REPRESENTATION_CONTEXT('2D SPACE',''
  ) );
#839 = PCURVE('',#840,#845);
#840 = CYLINDRICAL_SURFACE('',#841,5.);
#841 = AXIS2_PLACEMENT_3D('',#842,#843,#844);
#842 = CARTESIAN_POINT('',(-10.5,-18.18653347947,168.));
#843 = DIRECTION('',(-0.,-0.,-1.));
#844 = DIRECTION('',(1.,0.,0.));
#845 = DEFINITIONAL_REPRESENTATION('',(#846),#849);
#846 = B_SPLINE_CURVE_WITH_KNOTS('',1,(#847,#848),.UNSPECIFIED.,.F.,.F.,
  (2,2),(17.,20.),.PIECEWISE_BEZIER_KNOTS.);
#847 = CARTESIAN_POINT('',(-6.502165937003,0.));
#848 = CARTESIAN_POINT('',(-6.502165937003,-3.));
#849 = ( GEOMETRIC_REPRESENTATION_CONTEXT(2) 
PARAMETRIC_REPRESENTATION_CONTEXT() REPRESENTATION_CONTEXT('2D SPACE',''
  ) );
#850 = ORIENTED_EDGE('',*,*,#851,.F.);
#851 = EDGE_CURVE('',#852,#826,#854,.T.);
#852 = VERTEX_POINT('',#853);
#853 = CARTESIAN_POINT('',(-11.99964461418,-13.41672572326,168.));
#854 = SURFACE_CURVE('',#855,(#860,#867),.PCURVE_S1.);
#855 = CIRCLE('',#856,18.);
#856 = AXIS2_PLACEMENT_3D('',#857,#858,#859);
#857 = CARTESIAN_POINT('',(0.,0.,168.));
#858 = DIRECTION('',(0.,0.,1.));
#859 = DIRECTION('',(1.,0.,-0.));
#860 = PCURVE('',#701,#861);
#861 = DEFINITIONAL_REPRESENTATION('',(#862),#866);
#862 = LINE('',#863,#864);
#863 = CARTESIAN_POINT('',(0.,17.));
#864 = VECTOR('',#865,1.);
#865 = DIRECTION('',(1.,0.));
#866 = ( GEOMETRIC_REPRESENTATION_CONTEXT(2) 
PARAMETRIC_REPRESENTATION_CONTEXT() REPRESENTATION_CONTEXT('2D SPACE',''
  ) );
#867 = PCURVE('',#868,#873);
#868 = PLANE('',#869);
#869 = AXIS2_PLACEMENT_3D('',#870,#871,#872);
#870 = CARTESIAN_POINT('',(-10.5,-18.18653347947,168.));
#871 = DIRECTION('',(0.,0.,1.));
#872 = DIRECTION('',(1.,0.,-0.));
#873 = DEFINITIONAL_REPRESENTATION('',(#874),#878);
#874 = CIRCLE('',#875,18.);
#875 = AXIS2_PLACEMENT_2D('',#876,#877);
#876 = CARTESIAN_POINT('',(10.5,18.186533479473));
#877 = DIRECTION('',(1.,0.));
#878 = ( GEOMETRIC_REPRESENTATION_CONTEXT(2) 
PARAMETRIC_REPRESENTATION_CONTEXT() REPRESENTATION_CONTEXT('2D SPACE',''
  ) );
#879 = ORIENTED_EDGE('',*,*,#880,.T.);
#880 = EDGE_CURVE('',#852,#881,#883,.T.);
#881 = VERTEX_POINT('',#882);
#882 = CARTESIAN_POINT('',(-11.99964461418,-13.41672572326,171.));
#883 = SURFACE_CURVE('',#884,(#888,#894),.PCURVE_S1.);
#884 = LINE('',#885,#886);
#885 = CARTESIAN_POINT('',(-11.99964461418,-13.41672572326,151.));
#886 = VECTOR('',#887,1.);
#887 = DIRECTION('',(0.,0.,1.));
#888 = PCURVE('',#701,#889);
#889 = DEFINITIONAL_REPRESENTATION('',(#890),#893);
#890 = B_SPLINE_CURVE_WITH_KNOTS('',1,(#891,#892),.UNSPECIFIED.,.F.,.F.,
  (2,2),(16.9999994,20.0000006),.PIECEWISE_BEZIER_KNOTS.);
#891 = CARTESIAN_POINT('',(3.982687812739,16.9999994));
#892 = CARTESIAN_POINT('',(3.982687812739,20.0000006));
#893 = ( GEOMETRIC_REPRESENTATION_CONTEXT(2) 
PARAMETRIC_REPRESENTATION_CONTEXT() REPRESENTATION_CONTEXT('2D SPACE',''
  ) );
#894 = PCURVE('',#840,#895);
#895 = DEFINITIONAL_REPRESENTATION('',(#896),#899);
#896 = B_SPLINE_CURVE_WITH_KNOTS('',1,(#897,#898),.UNSPECIFIED.,.F.,.F.,
  (2,2),(17.,20.),.PIECEWISE_BEZIER_KNOTS.);
#897 = CARTESIAN_POINT('',(-1.87541447257,0.));
#898 = CARTESIAN_POINT('',(-1.87541447257,-3.));
#899 = ( GEOMETRIC_REPRESENTATION_CONTEXT(2) 
PARAMETRIC_REPRESENTATION_CONTEXT() REPRESENTATION_CONTEXT('2D SPACE',''
  ) );
#900 = ORIENTED_EDGE('',*,*,#901,.F.);
#901 = EDGE_CURVE('',#902,#881,#904,.T.);
#902 = VERTEX_POINT('',#903);
#903 = CARTESIAN_POINT('',(-11.99964461418,13.416725723267,171.));
#904 = SURFACE_CURVE('',#905,(#910,#917),.PCURVE_S1.);
#905 = CIRCLE('',#906,18.);
#906 = AXIS2_PLACEMENT_3D('',#907,#908,#909);
#907 = CARTESIAN_POINT('',(0.,0.,171.));
#908 = DIRECTION('',(0.,0.,1.));
#909 = DIRECTION('',(1.,0.,-0.));
#910 = PCURVE('',#701,#911);
#911 = DEFINITIONAL_REPRESENTATION('',(#912),#916);
#912 = LINE('',#913,#914);
#913 = CARTESIAN_POINT('',(0.,20.));
#914 = VECTOR('',#915,1.);
#915 = DIRECTION('',(1.,0.));
#916 = ( GEOMETRIC_REPRESENTATION_CONTEXT(2) 
PARAMETRIC_REPRESENTATION_CONTEXT() REPRESENTATION_CONTEXT('2D SPACE',''
  ) );
#917 = PCURVE('',#918,#923);
#918 = PLANE('',#919);
#919 = AXIS2_PLACEMENT_3D('',#920,#921,#922);
#920 = CARTESIAN_POINT('',(0.,0.,171.));
#921 = DIRECTION('',(0.,0.,1.));
#922 = DIRECTION('',(1.,0.,-0.));
#923 = DEFINITIONAL_REPRESENTATION('',(#924),#928);
#924 = CIRCLE('',#925,18.);
#925 = AXIS2_PLACEMENT_2D('',#926,#927);
#926 = CARTESIAN_POINT('',(0.,0.));
#927 = DIRECTION('',(1.,-0.));
#928 = ( GEOMETRIC_REPRESENTATION_CONTEXT(2) 
PARAMETRIC_REPRESENTATION_CONTEXT() REPRESENTATION_CONTEXT('2D SPACE',''
  ) );
#929 = ORIENTED_EDGE('',*,*,#930,.F.);
#930 = EDGE_CURVE('',#931,#902,#933,.T.);
#931 = VERTEX_POINT('',#932);
#932 = CARTESIAN_POINT('',(-11.99964461418,13.416725723267,168.));
#933 = SURFACE_CURVE('',#934,(#938,#944),.PCURVE_S1.);
#934 = LINE('',#935,#936);
#935 = CARTESIAN_POINT('',(-11.99964461418,13.416725723267,151.));
#936 = VECTOR('',#937,1.);
#937 = DIRECTION('',(0.,0.,1.));
#938 = PCURVE('',#701,#939);
#939 = DEFINITIONAL_REPRESENTATION('',(#940),#943);
#940 = B_SPLINE_CURVE_WITH_KNOTS('',1,(#941,#942),.UNSPECIFIED.,.F.,.F.,
  (2,2),(16.9999994,20.0000006),.PIECEWISE_BEZIER_KNOTS.);
#941 = CARTESIAN_POINT('',(2.300497494441,16.9999994));
#942 = CARTESIAN_POINT('',(2.300497494441,20.0000006));
#943 = ( GEOMETRIC_REPRESENTATION_CONTEXT(2) 
PARAMETRIC_REPRESENTATION_CONTEXT() REPRESENTATION_CONTEXT('2D SPACE',''
  ) );
#944 = PCURVE('',#945,#950);
#945 = CYLINDRICAL_SURFACE('',#946,5.);
#946 = AXIS2_PLACEMENT_3D('',#947,#948,#949);
#947 = CARTESIAN_POINT('',(-10.5,18.186533479473,168.));
#948 = DIRECTION('',(-0.,-0.,-1.));
#949 = DIRECTION('',(1.,0.,0.));
#950 = DEFINITIONAL_REPRESENTATION('',(#951),#954);
#951 = B_SPLINE_CURVE_WITH_KNOTS('',1,(#952,#953),.UNSPECIFIED.,.F.,.F.,
  (2,2),(17.,20.),.PIECEWISE_BEZIER_KNOTS.);
#952 = CARTESIAN_POINT('',(-10.69095614178,0.));
#953 = CARTESIAN_POINT('',(-10.69095614178,-3.));
#954 = ( GEOMETRIC_REPRESENTATION_CONTEXT(2) 
PARAMETRIC_REPRESENTATION_CONTEXT() REPRESENTATION_CONTEXT('2D SPACE',''
  ) );
#955 = ORIENTED_EDGE('',*,*,#956,.F.);
#956 = EDGE_CURVE('',#957,#931,#959,.T.);
#957 = VERTEX_POINT('',#958);
#958 = CARTESIAN_POINT('',(-5.619403004868,17.100359933899,168.));
#959 = SURFACE_CURVE('',#960,(#965,#972),.PCURVE_S1.);
#960 = CIRCLE('',#961,18.);
#961 = AXIS2_PLACEMENT_3D('',#962,#963,#964);
#962 = CARTESIAN_POINT('',(0.,0.,168.));
#963 = DIRECTION('',(0.,0.,1.));
#964 = DIRECTION('',(1.,0.,-0.));
#965 = PCURVE('',#701,#966);
#966 = DEFINITIONAL_REPRESENTATION('',(#967),#971);
#967 = LINE('',#968,#969);
#968 = CARTESIAN_POINT('',(0.,17.));
#969 = VECTOR('',#970,1.);
#970 = DIRECTION('',(1.,0.));
#971 = ( GEOMETRIC_REPRESENTATION_CONTEXT(2) 
PARAMETRIC_REPRESENTATION_CONTEXT() REPRESENTATION_CONTEXT('2D SPACE',''
  ) );
#972 = PCURVE('',#973,#978);
#973 = PLANE('',#974);
#974 = AXIS2_PLACEMENT_3D('',#975,#976,#977);
#975 = CARTESIAN_POINT('',(-10.5,18.186533479473,168.));
#976 = DIRECTION('',(0.,0.,1.));
#977 = DIRECTION('',(1.,0.,-0.));
#978 = DEFINITIONAL_REPRESENTATION('',(#979),#983);
#979 = CIRCLE('',#980,18.);
#980 = AXIS2_PLACEMENT_2D('',#981,#982);
#981 = CARTESIAN_POINT('',(10.5,-18.18653347947));
#982 = DIRECTION('',(1.,0.));
#983 = ( GEOMETRIC_REPRESENTATION_CONTEXT(2) 
PARAMETRIC_REPRESENTATION_CONTEXT() REPRESENTATION_CONTEXT('2D SPACE',''
  ) );
#984 = ORIENTED_EDGE('',*,*,#985,.T.);
#985 = EDGE_CURVE('',#957,#986,#988,.T.);
#986 = VERTEX_POINT('',#987);
#987 = CARTESIAN_POINT('',(-5.619403004868,17.100359933899,171.));
#988 = SURFACE_CURVE('',#989,(#993,#999),.PCURVE_S1.);
#989 = LINE('',#990,#991);
#990 = CARTESIAN_POINT('',(-5.619403004868,17.100359933899,151.));
#991 = VECTOR('',#992,1.);
#992 = DIRECTION('',(0.,0.,1.));
#993 = PCURVE('',#701,#994);
#994 = DEFINITIONAL_REPRESENTATION('',(#995),#998);
#995 = B_SPLINE_CURVE_WITH_KNOTS('',1,(#996,#997),.UNSPECIFIED.,.F.,.F.,
  (2,2),(16.9999994,20.0000006),.PIECEWISE_BEZIER_KNOTS.);
#996 = CARTESIAN_POINT('',(1.888292710346,16.9999994));
#997 = CARTESIAN_POINT('',(1.888292710346,20.0000006));
#998 = ( GEOMETRIC_REPRESENTATION_CONTEXT(2) 
PARAMETRIC_REPRESENTATION_CONTEXT() REPRESENTATION_CONTEXT('2D SPACE',''
  ) );
#999 = PCURVE('',#945,#1000);
#1000 = DEFINITIONAL_REPRESENTATION('',(#1001),#1004);
#1001 = B_SPLINE_CURVE_WITH_KNOTS('',1,(#1002,#1003),.UNSPECIFIED.,.F.,
  .F.,(2,2),(17.,20.),.PIECEWISE_BEZIER_KNOTS.);
#1002 = CARTESIAN_POINT('',(-6.064204677356,0.));
#1003 = CARTESIAN_POINT('',(-6.064204677356,-3.));
#1004 = ( GEOMETRIC_REPRESENTATION_CONTEXT(2) 
PARAMETRIC_REPRESENTATION_CONTEXT() REPRESENTATION_CONTEXT('2D SPACE',''
  ) );
#1005 = ORIENTED_EDGE('',*,*,#1006,.F.);
#1006 = EDGE_CURVE('',#1007,#986,#1009,.T.);
#1007 = VERTEX_POINT('',#1008);
#1008 = CARTESIAN_POINT('',(17.619047619048,3.683634210631,171.));
#1009 = SURFACE_CURVE('',#1010,(#1015,#1022),.PCURVE_S1.);
#1010 = CIRCLE('',#1011,18.);
#1011 = AXIS2_PLACEMENT_3D('',#1012,#1013,#1014);
#1012 = CARTESIAN_POINT('',(0.,0.,171.));
#1013 = DIRECTION('',(0.,0.,1.));
#1014 = DIRECTION('',(1.,0.,-0.));
#1015 = PCURVE('',#701,#1016);
#1016 = DEFINITIONAL_REPRESENTATION('',(#1017),#1021);
#1017 = LINE('',#1018,#1019);
#1018 = CARTESIAN_POINT('',(0.,20.));
#1019 = VECTOR('',#1020,1.);
#1020 = DIRECTION('',(1.,0.));
#1021 = ( GEOMETRIC_REPRESENTATION_CONTEXT(2) 
PARAMETRIC_REPRESENTATION_CONTEXT() REPRESENTATION_CONTEXT('2D SPACE',''
  ) );
#1022 = PCURVE('',#1023,#1028);
#1023 = PLANE('',#1024);
#1024 = AXIS2_PLACEMENT_3D('',#1025,#1026,#1027);
#1025 = CARTESIAN_POINT('',(0.,0.,171.));
#1026 = DIRECTION('',(0.,0.,1.));
#1027 = DIRECTION('',(1.,0.,-0.));
#1028 = DEFINITIONAL_REPRESENTATION('',(#1029),#1033);
#1029 = CIRCLE('',#1030,18.);
#1030 = AXIS2_PLACEMENT_2D('',#1031,#1032);
#1031 = CARTESIAN_POINT('',(0.,0.));
#1032 = DIRECTION('',(1.,-0.));
#1033 = ( GEOMETRIC_REPRESENTATION_CONTEXT(2) 
PARAMETRIC_REPRESENTATION_CONTEXT() REPRESENTATION_CONTEXT('2D SPACE',''
  ) );
#1034 = ORIENTED_EDGE('',*,*,#1035,.F.);
#1035 = EDGE_CURVE('',#1036,#1007,#1038,.T.);
#1036 = VERTEX_POINT('',#1037);
#1037 = CARTESIAN_POINT('',(17.619047619048,3.683634210631,168.));
#1038 = SURFACE_CURVE('',#1039,(#1043,#1049),.PCURVE_S1.);
#1039 = LINE('',#1040,#1041);
#1040 = CARTESIAN_POINT('',(17.619047619048,3.683634210631,151.));
#1041 = VECTOR('',#1042,1.);
#1042 = DIRECTION('',(0.,0.,1.));
#1043 = PCURVE('',#701,#1044);
#1044 = DEFINITIONAL_REPRESENTATION('',(#1045),#1048);
#1045 = B_SPLINE_CURVE_WITH_KNOTS('',1,(#1046,#1047),.UNSPECIFIED.,.F.,
  .F.,(2,2),(16.9999994,20.0000006),.PIECEWISE_BEZIER_KNOTS.);
#1046 = CARTESIAN_POINT('',(0.206102392047,16.9999994));
#1047 = CARTESIAN_POINT('',(0.206102392047,20.0000006));
#1048 = ( GEOMETRIC_REPRESENTATION_CONTEXT(2) 
PARAMETRIC_REPRESENTATION_CONTEXT() REPRESENTATION_CONTEXT('2D SPACE',''
  ) );
#1049 = PCURVE('',#785,#1050);
#1050 = DEFINITIONAL_REPRESENTATION('',(#1051),#1054);
#1051 = B_SPLINE_CURVE_WITH_KNOTS('',1,(#1052,#1053),.UNSPECIFIED.,.F.,
  .F.,(2,2),(17.,20.),.PIECEWISE_BEZIER_KNOTS.);
#1052 = CARTESIAN_POINT('',(-8.596561039396,0.));
#1053 = CARTESIAN_POINT('',(-8.596561039396,-3.));
#1054 = ( GEOMETRIC_REPRESENTATION_CONTEXT(2) 
PARAMETRIC_REPRESENTATION_CONTEXT() REPRESENTATION_CONTEXT('2D SPACE',''
  ) );
#1055 = ORIENTED_EDGE('',*,*,#1056,.F.);
#1056 = EDGE_CURVE('',#717,#1036,#1057,.T.);
#1057 = SURFACE_CURVE('',#1058,(#1063,#1070),.PCURVE_S1.);
#1058 = CIRCLE('',#1059,18.);
#1059 = AXIS2_PLACEMENT_3D('',#1060,#1061,#1062);
#1060 = CARTESIAN_POINT('',(0.,0.,168.));
#1061 = DIRECTION('',(0.,0.,1.));
#1062 = DIRECTION('',(1.,0.,-0.));
#1063 = PCURVE('',#701,#1064);
#1064 = DEFINITIONAL_REPRESENTATION('',(#1065),#1069);
#1065 = LINE('',#1066,#1067);
#1066 = CARTESIAN_POINT('',(0.,17.));
#1067 = VECTOR('',#1068,1.);
#1068 = DIRECTION('',(1.,0.));
#1069 = ( GEOMETRIC_REPRESENTATION_CONTEXT(2) 
PARAMETRIC_REPRESENTATION_CONTEXT() REPRESENTATION_CONTEXT('2D SPACE',''
  ) );
#1070 = PCURVE('',#758,#1071);
#1071 = DEFINITIONAL_REPRESENTATION('',(#1072),#1076);
#1072 = CIRCLE('',#1073,18.);
#1073 = AXIS2_PLACEMENT_2D('',#1074,#1075);
#1074 = CARTESIAN_POINT('',(-21.,-6.938022664999E-17));
#1075 = DIRECTION('',(1.,0.));
#1076 = ( GEOMETRIC_REPRESENTATION_CONTEXT(2) 
PARAMETRIC_REPRESENTATION_CONTEXT() REPRESENTATION_CONTEXT('2D SPACE',''
  ) );
#1077 = ADVANCED_FACE('',(#1078),#758,.F.);
#1078 = FACE_BOUND('',#1079,.F.);
#1079 = EDGE_LOOP('',(#1080,#1081,#1107));
#1080 = ORIENTED_EDGE('',*,*,#741,.F.);
#1081 = ORIENTED_EDGE('',*,*,#1082,.F.);
#1082 = EDGE_CURVE('',#1036,#742,#1083,.T.);
#1083 = SURFACE_CURVE('',#1084,(#1089,#1100),.PCURVE_S1.);
#1084 = CIRCLE('',#1085,5.);
#1085 = AXIS2_PLACEMENT_3D('',#1086,#1087,#1088);
#1086 = CARTESIAN_POINT('',(21.,0.,168.));
#1087 = DIRECTION('',(0.,0.,-1.));
#1088 = DIRECTION('',(-0.67619047619,0.736726842126,0.));
#1089 = PCURVE('',#758,#1090);
#1090 = DEFINITIONAL_REPRESENTATION('',(#1091),#1099);
#1091 = ( BOUNDED_CURVE() B_SPLINE_CURVE(2,(#1092,#1093,#1094,#1095,
#1096,#1097,#1098),.UNSPECIFIED.,.T.,.F.) B_SPLINE_CURVE_WITH_KNOTS((1,2
    ,2,2,2,1),(-2.094395102393,0.,2.094395102393,4.188790204786,
6.28318530718,8.377580409573),.UNSPECIFIED.) CURVE() 
GEOMETRIC_REPRESENTATION_ITEM() RATIONAL_B_SPLINE_CURVE((1.,0.5,1.,0.5,
1.,0.5,1.)) REPRESENTATION_ITEM('') );
#1092 = CARTESIAN_POINT('',(-3.380952380952,3.683634210631));
#1093 = CARTESIAN_POINT('',(2.99928922836,9.539615512412));
#1094 = CARTESIAN_POINT('',(4.880596995132,1.086173545575));
#1095 = CARTESIAN_POINT('',(6.761904761905,-7.367268421262));
#1096 = CARTESIAN_POINT('',(-1.49964461418,-4.769807756206));
#1097 = CARTESIAN_POINT('',(-9.761193990264,-2.172347091149));
#1098 = CARTESIAN_POINT('',(-3.380952380952,3.683634210631));
#1099 = ( GEOMETRIC_REPRESENTATION_CONTEXT(2) 
PARAMETRIC_REPRESENTATION_CONTEXT() REPRESENTATION_CONTEXT('2D SPACE',''
  ) );
#1100 = PCURVE('',#785,#1101);
#1101 = DEFINITIONAL_REPRESENTATION('',(#1102),#1106);
#1102 = LINE('',#1103,#1104);
#1103 = CARTESIAN_POINT('',(-8.596561039396,0.));
#1104 = VECTOR('',#1105,1.);
#1105 = DIRECTION('',(1.,-0.));
#1106 = ( GEOMETRIC_REPRESENTATION_CONTEXT(2) 
PARAMETRIC_REPRESENTATION_CONTEXT() REPRESENTATION_CONTEXT('2D SPACE',''
  ) );
#1107 = ORIENTED_EDGE('',*,*,#1056,.F.);
#1108 = ADVANCED_FACE('',(#1109),#785,.T.);
#1109 = FACE_BOUND('',#1110,.F.);
#1110 = EDGE_LOOP('',(#1111,#1112,#1113,#1140,#1255,#1359,#1384));
#1111 = ORIENTED_EDGE('',*,*,#1082,.T.);
#1112 = ORIENTED_EDGE('',*,*,#770,.T.);
#1113 = ORIENTED_EDGE('',*,*,#1114,.F.);
#1114 = EDGE_CURVE('',#1115,#771,#1117,.T.);
#1115 = VERTEX_POINT('',#1116);
#1116 = CARTESIAN_POINT('',(21.428571428571,-4.981598792618,171.));
#1117 = SURFACE_CURVE('',#1118,(#1123,#1129),.PCURVE_S1.);
#1118 = CIRCLE('',#1119,5.);
#1119 = AXIS2_PLACEMENT_3D('',#1120,#1121,#1122);
#1120 = CARTESIAN_POINT('',(21.,0.,171.));
#1121 = DIRECTION('',(0.,0.,-1.));
#1122 = DIRECTION('',(1.,0.,0.));
#1123 = PCURVE('',#785,#1124);
#1124 = DEFINITIONAL_REPRESENTATION('',(#1125),#1128);
#1125 = B_SPLINE_CURVE_WITH_KNOTS('',1,(#1126,#1127),.UNSPECIFIED.,.F.,
  .F.,(2,2),(1.484976736289,2.313375732217),.PIECEWISE_BEZIER_KNOTS.);
#1126 = CARTESIAN_POINT('',(-4.798208570891,-3.));
#1127 = CARTESIAN_POINT('',(-3.969809574963,-3.));
#1128 = ( GEOMETRIC_REPRESENTATION_CONTEXT(2) 
PARAMETRIC_REPRESENTATION_CONTEXT() REPRESENTATION_CONTEXT('2D SPACE',''
  ) );
#1129 = PCURVE('',#813,#1130);
#1130 = DEFINITIONAL_REPRESENTATION('',(#1131),#1139);
#1131 = ( BOUNDED_CURVE() B_SPLINE_CURVE(2,(#1132,#1133,#1134,#1135,
#1136,#1137,#1138),.UNSPECIFIED.,.T.,.F.) B_SPLINE_CURVE_WITH_KNOTS((1,2
    ,2,2,2,1),(-2.094395102393,0.,2.094395102393,4.188790204786,
6.28318530718,8.377580409573),.UNSPECIFIED.) CURVE() 
GEOMETRIC_REPRESENTATION_ITEM() RATIONAL_B_SPLINE_CURVE((1.,0.5,1.,0.5,
1.,0.5,1.)) REPRESENTATION_ITEM('') );
#1132 = CARTESIAN_POINT('',(26.,0.));
#1133 = CARTESIAN_POINT('',(26.,-8.660254037844));
#1134 = CARTESIAN_POINT('',(18.5,-4.330127018922));
#1135 = CARTESIAN_POINT('',(11.,-1.224646799147E-15));
#1136 = CARTESIAN_POINT('',(18.5,4.330127018922));
#1137 = CARTESIAN_POINT('',(26.,8.660254037844));
#1138 = CARTESIAN_POINT('',(26.,0.));
#1139 = ( GEOMETRIC_REPRESENTATION_CONTEXT(2) 
PARAMETRIC_REPRESENTATION_CONTEXT() REPRESENTATION_CONTEXT('2D SPACE',''
  ) );
#1140 = ORIENTED_EDGE('',*,*,#1141,.T.);
#1141 = EDGE_CURVE('',#1115,#1142,#1144,.T.);
#1142 = VERTEX_POINT('',#1143);
#1143 = CARTESIAN_POINT('',(26.,0.,172.52380952381));
#1144 = SURFACE_CURVE('',#1145,(#1178,#1214),.PCURVE_S1.);
#1145 = B_SPLINE_CURVE_WITH_KNOTS('',6,(#1146,#1147,#1148,#1149,#1150,
    #1151,#1152,#1153,#1154,#1155,#1156,#1157,#1158,#1159,#1160,#1161,
    #1162,#1163,#1164,#1165,#1166,#1167,#1168,#1169,#1170,#1171,#1172,
    #1173,#1174,#1175,#1176,#1177),.UNSPECIFIED.,.F.,.F.,(7,5,5,5,5,5,7)
  ,(0.,0.22174223761,0.426839823063,0.623381305159,0.771593097643,
    0.887534927864,1.),.UNSPECIFIED.);
#1146 = CARTESIAN_POINT('',(21.428571428571,-4.981598792618,171.));
#1147 = CARTESIAN_POINT('',(21.650816526088,-4.962478846813,
    171.08081639909));
#1148 = CARTESIAN_POINT('',(21.874020742245,-4.931290198252,
    171.16104640686));
#1149 = CARTESIAN_POINT('',(22.097779757591,-4.887666946266,
    171.24056844127));
#1150 = CARTESIAN_POINT('',(22.321592497802,-4.83116261712,
    171.31923481744));
#1151 = CARTESIAN_POINT('',(22.544857823788,-4.761274514748,
    171.39687385536));
#1152 = CARTESIAN_POINT('',(22.972210229914,-4.599844523197,
    171.54396803192));
#1153 = CARTESIAN_POINT('',(23.1764538117,-4.510331170373,
    171.61359138721));
#1154 = CARTESIAN_POINT('',(23.379047446041,-4.408405969406,
    171.68200771875));
#1155 = CARTESIAN_POINT('',(23.579282288108,-4.293561555101,
    171.74901969052));
#1156 = CARTESIAN_POINT('',(23.776291488121,-4.165284221953,
    171.81438887552));
#1157 = CARTESIAN_POINT('',(24.153747326939,-3.88671798397,
    171.9386321157));
#1158 = CARTESIAN_POINT('',(24.334506704445,-3.737596696124,
    171.99765186393));
#1159 = CARTESIAN_POINT('',(24.510423712852,-3.575192644974,
    172.0546506776));
#1160 = CARTESIAN_POINT('',(24.680333353372,-3.399094713056,
    172.10930900442));
#1161 = CARTESIAN_POINT('',(24.842830325865,-3.209028675244,
    172.16124138458));
#1162 = CARTESIAN_POINT('',(25.112030380926,-2.851015400176,
    172.24678227017));
#1163 = CARTESIAN_POINT('',(25.222612512528,-2.689141895152,
    172.28175159162));
#1164 = CARTESIAN_POINT('',(25.327340381709,-2.519302095796,
    172.31472260859));
#1165 = CARTESIAN_POINT('',(25.425406934232,-2.341619991538,
    172.34547339101));
#1166 = CARTESIAN_POINT('',(25.515937513752,-2.156388676077,
    172.37376376717));
#1167 = CARTESIAN_POINT('',(25.662301941955,-1.813748891383,
    172.41937205523));
#1168 = CARTESIAN_POINT('',(25.721398219982,-1.65906383466,
    172.43773775029));
#1169 = CARTESIAN_POINT('',(25.774924878737,-1.500358219974,
    172.45433393815));
#1170 = CARTESIAN_POINT('',(25.822462568504,-1.337992047052,
    172.46904505745));
#1171 = CARTESIAN_POINT('',(25.863628770072,-1.172428326312,
    172.4817656296));
#1172 = CARTESIAN_POINT('',(25.931557410982,-0.841114367886,
    172.50273322227));
#1173 = CARTESIAN_POINT('',(25.958718348266,-0.675501556968,
    172.51110404116));
#1174 = CARTESIAN_POINT('',(25.979302984471,-0.50796173436,
    172.51744124522));
#1175 = CARTESIAN_POINT('',(25.993101256241,-0.3390924845,
    172.52168681546));
#1176 = CARTESIAN_POINT('',(26.,-0.169539913605,172.52380952381));
#1177 = CARTESIAN_POINT('',(26.,-8.881784197001E-16,172.52380952381));
#1178 = PCURVE('',#785,#1179);
#1179 = DEFINITIONAL_REPRESENTATION('',(#1180),#1213);
#1180 = B_SPLINE_CURVE_WITH_KNOTS('',6,(#1181,#1182,#1183,#1184,#1185,
    #1186,#1187,#1188,#1189,#1190,#1191,#1192,#1193,#1194,#1195,#1196,
    #1197,#1198,#1199,#1200,#1201,#1202,#1203,#1204,#1205,#1206,#1207,
    #1208,#1209,#1210,#1211,#1212),.UNSPECIFIED.,.F.,.F.,(7,5,5,5,5,5,7)
  ,(0.,0.22174223761,0.426839823063,0.623381305159,0.771593097643,
    0.887534927864,1.),.UNSPECIFIED.);
#1181 = CARTESIAN_POINT('',(-4.798208570891,-3.));
#1182 = CARTESIAN_POINT('',(-4.842821777768,-3.080816399097));
#1183 = CARTESIAN_POINT('',(-4.887833009923,-3.161046406863));
#1184 = CARTESIAN_POINT('',(-4.933327700991,-3.240568441277));
#1185 = CARTESIAN_POINT('',(-4.979388099644,-3.319234817449));
#1186 = CARTESIAN_POINT('',(-5.026099588158,-3.396873855362));
#1187 = CARTESIAN_POINT('',(-5.11746472838,-3.543968031923));
#1188 = CARTESIAN_POINT('',(-5.162004324922,-3.613591387219));
#1189 = CARTESIAN_POINT('',(-5.207264635165,-3.682007718753));
#1190 = CARTESIAN_POINT('',(-5.253323694318,-3.749019690523));
#1191 = CARTESIAN_POINT('',(-5.300261117142,-3.814388875526));
#1192 = CARTESIAN_POINT('',(-5.394084794154,-3.938632115708));
#1193 = CARTESIAN_POINT('',(-5.440882787185,-3.997651863934));
#1194 = CARTESIAN_POINT('',(-5.488652968721,-4.0546506776));
#1195 = CARTESIAN_POINT('',(-5.537465172514,-4.109309004427));
#1196 = CARTESIAN_POINT('',(-5.587379210347,-4.161241384582));
#1197 = CARTESIAN_POINT('',(-5.67696540901,-4.246782270176));
#1198 = CARTESIAN_POINT('',(-5.716132851729,-4.281751591625));
#1199 = CARTESIAN_POINT('',(-5.755972942418,-4.314722608591));
#1200 = CARTESIAN_POINT('',(-5.796488924667,-4.345473391013));
#1201 = CARTESIAN_POINT('',(-5.837669692404,-4.373763767173));
#1202 = CARTESIAN_POINT('',(-5.912188030522,-4.419372055237));
#1203 = CARTESIAN_POINT('',(-5.945281079421,-4.437737750295));
#1204 = CARTESIAN_POINT('',(-5.978738747172,-4.454333938152));
#1205 = CARTESIAN_POINT('',(-6.012532874354,-4.469045057454));
#1206 = CARTESIAN_POINT('',(-6.046624431406,-4.481765629605));
#1207 = CARTESIAN_POINT('',(-6.114265613922,-4.502733222279));
#1208 = CARTESIAN_POINT('',(-6.147804294899,-4.511104041163));
#1209 = CARTESIAN_POINT('',(-6.181522726986,-4.517441245229));
#1210 = CARTESIAN_POINT('',(-6.215366840487,-4.521686815463));
#1211 = CARTESIAN_POINT('',(-6.249277324459,-4.52380952381));
#1212 = CARTESIAN_POINT('',(-6.28318530718,-4.52380952381));
#1213 = ( GEOMETRIC_REPRESENTATION_CONTEXT(2) 
PARAMETRIC_REPRESENTATION_CONTEXT() REPRESENTATION_CONTEXT('2D SPACE',''
  ) );
#1214 = PCURVE('',#1215,#1220);
#1215 = CONICAL_SURFACE('',#1216,22.,1.206817370285);
#1216 = AXIS2_PLACEMENT_3D('',#1217,#1218,#1219);
#1217 = CARTESIAN_POINT('',(0.,0.,171.));
#1218 = DIRECTION('',(0.,0.,1.));
#1219 = DIRECTION('',(1.,0.,-0.));
#1220 = DEFINITIONAL_REPRESENTATION('',(#1221),#1254);
#1221 = B_SPLINE_CURVE_WITH_KNOTS('',6,(#1222,#1223,#1224,#1225,#1226,
    #1227,#1228,#1229,#1230,#1231,#1232,#1233,#1234,#1235,#1236,#1237,
    #1238,#1239,#1240,#1241,#1242,#1243,#1244,#1245,#1246,#1247,#1248,
    #1249,#1250,#1251,#1252,#1253),.UNSPECIFIED.,.F.,.F.,(7,5,5,5,5,5,7)
  ,(0.,0.22174223761,0.426839823063,0.623381305159,0.771593097643,
    0.887534927864,1.),.UNSPECIFIED.);
#1222 = CARTESIAN_POINT('',(6.054767912813,0.));
#1223 = CARTESIAN_POINT('',(6.057901898421,8.08163990969E-02));
#1224 = CARTESIAN_POINT('',(6.061507554242,0.16104640686));
#1225 = CARTESIAN_POINT('',(6.065577498946,0.240568441278));
#1226 = CARTESIAN_POINT('',(6.070108414313,0.319234817448));
#1227 = CARTESIAN_POINT('',(6.075099991799,0.396873855362));
#1228 = CARTESIAN_POINT('',(6.085603639038,0.543968031923));
#1229 = CARTESIAN_POINT('',(6.09104790166,0.613591387219));
#1230 = CARTESIAN_POINT('',(6.096892952269,0.682007718753));
#1231 = CARTESIAN_POINT('',(6.103144065509,0.749019690523));
#1232 = CARTESIAN_POINT('',(6.109807494286,0.814388875525));
#1233 = CARTESIAN_POINT('',(6.123681690049,0.938632115707));
#1234 = CARTESIAN_POINT('',(6.130856720928,0.997651863933));
#1235 = CARTESIAN_POINT('',(6.138425811043,1.0546506776));
#1236 = CARTESIAN_POINT('',(6.146395126015,1.109309004427));
#1237 = CARTESIAN_POINT('',(6.154768041392,1.161241384582));
#1238 = CARTESIAN_POINT('',(6.17016287809,1.246782270176));
#1239 = CARTESIAN_POINT('',(6.177009865279,1.281751591625));
#1240 = CARTESIAN_POINT('',(6.184084540326,1.31472260859));
#1241 = CARTESIAN_POINT('',(6.191382289761,1.345473391013));
#1242 = CARTESIAN_POINT('',(6.19889428072,1.373763767172));
#1243 = CARTESIAN_POINT('',(6.212637475147,1.419372055237));
#1244 = CARTESIAN_POINT('',(6.218791427438,1.437737750294));
#1245 = CARTESIAN_POINT('',(6.2250591334,1.454333938151));
#1246 = CARTESIAN_POINT('',(6.231430380225,1.469045057454));
#1247 = CARTESIAN_POINT('',(6.237892117865,1.481765629605));
#1248 = CARTESIAN_POINT('',(6.250767444876,1.502733222278));
#1249 = CARTESIAN_POINT('',(6.257177327839,1.511104041163));
#1250 = CARTESIAN_POINT('',(6.263641523198,1.517441245229));
#1251 = CARTESIAN_POINT('',(6.270143292137,1.521686815463));
#1252 = CARTESIAN_POINT('',(6.276664541272,1.52380952381));
#1253 = CARTESIAN_POINT('',(6.28318530718,1.52380952381));
#1254 = ( GEOMETRIC_REPRESENTATION_CONTEXT(2) 
PARAMETRIC_REPRESENTATION_CONTEXT() REPRESENTATION_CONTEXT('2D SPACE',''
  ) );
#1255 = ORIENTED_EDGE('',*,*,#1256,.T.);
#1256 = EDGE_CURVE('',#1142,#1257,#1259,.T.);
#1257 = VERTEX_POINT('',#1258);
#1258 = CARTESIAN_POINT('',(21.428571428571,4.981598792618,171.));
#1259 = SURFACE_CURVE('',#1260,(#1291,#1325),.PCURVE_S1.);
#1260 = B_SPLINE_CURVE_WITH_KNOTS('',8,(#1261,#1262,#1263,#1264,#1265,
    #1266,#1267,#1268,#1269,#1270,#1271,#1272,#1273,#1274,#1275,#1276,
    #1277,#1278,#1279,#1280,#1281,#1282,#1283,#1284,#1285,#1286,#1287,
    #1288,#1289,#1290),.UNSPECIFIED.,.F.,.F.,(9,7,7,7,9),(0.,
    0.228566292874,0.376112325776,0.572746914745,1.),.UNSPECIFIED.);
#1261 = CARTESIAN_POINT('',(26.,-1.224646799147E-15,172.52380952381));
#1262 = CARTESIAN_POINT('',(26.,0.25852600744,172.52380952381));
#1263 = CARTESIAN_POINT('',(25.984723175482,0.51716359172,
    172.51910895685));
#1264 = CARTESIAN_POINT('',(25.954147030896,0.773654263243,
    172.50970093649));
#1265 = CARTESIAN_POINT('',(25.908732861172,1.02607885074,
    172.49571480572));
#1266 = CARTESIAN_POINT('',(25.849256016638,1.272802407745,
    172.4773642357));
#1267 = CARTESIAN_POINT('',(25.776712973816,1.512445593518,
    172.45492238687));
#1268 = CARTESIAN_POINT('',(25.692267169674,1.743869638014,
    172.42871026418));
#1269 = CARTESIAN_POINT('',(25.535824130898,2.10965803316,
    172.37996006052));
#1270 = CARTESIAN_POINT('',(25.46999176195,2.249426210757,172.3594028809
    ));
#1271 = CARTESIAN_POINT('',(25.400005803249,2.385279626349,
    172.33749742952));
#1272 = CARTESIAN_POINT('',(25.326174074215,2.517081537998,
    172.3143283008));
#1273 = CARTESIAN_POINT('',(25.248797521348,2.644738100493,
    172.28997818332));
#1274 = CARTESIAN_POINT('',(25.168164134165,2.768192121099,
    172.2645261992));
#1275 = CARTESIAN_POINT('',(25.084544116139,2.887417839335,
    172.23804651329));
#1276 = CARTESIAN_POINT('',(24.883097268615,3.155675746321,
    172.17403885701));
#1277 = CARTESIAN_POINT('',(24.763159817869,3.301408618723,
    172.13577070529));
#1278 = CARTESIAN_POINT('',(24.638952234902,3.439638565308,
    172.09596034596));
#1279 = CARTESIAN_POINT('',(24.511007737568,3.570433512116,
    172.05475362525));
#1280 = CARTESIAN_POINT('',(24.379811201786,3.693898492186,
    172.01228343813));
#1281 = CARTESIAN_POINT('',(24.245795878242,3.810168043858,
    171.96866851982));
#1282 = CARTESIAN_POINT('',(24.10934010909,3.919398609062,
    171.92401223735));
#1283 = CARTESIAN_POINT('',(23.66966213075,4.244176623341,
    171.77929684835));
#1284 = CARTESIAN_POINT('',(23.358843761973,4.433949020352,
    171.67578197754));
#1285 = CARTESIAN_POINT('',(23.041406115898,4.593099496634,
    171.56868736875));
#1286 = CARTESIAN_POINT('',(22.719897642782,4.723219239569,
    171.45870807381));
#1287 = CARTESIAN_POINT('',(22.39641952041,4.825842625683,171.346433831)
  );
#1288 = CARTESIAN_POINT('',(22.072622026066,4.902351925995,
    171.23234033665));
#1289 = CARTESIAN_POINT('',(21.749735010024,4.953968800594,
    171.11678675689));
#1290 = CARTESIAN_POINT('',(21.428571428571,4.981598792618,171.));
#1291 = PCURVE('',#785,#1292);
#1292 = DEFINITIONAL_REPRESENTATION('',(#1293),#1324);
#1293 = B_SPLINE_CURVE_WITH_KNOTS('',8,(#1294,#1295,#1296,#1297,#1298,
    #1299,#1300,#1301,#1302,#1303,#1304,#1305,#1306,#1307,#1308,#1309,
    #1310,#1311,#1312,#1313,#1314,#1315,#1316,#1317,#1318,#1319,#1320,
    #1321,#1322,#1323),.UNSPECIFIED.,.F.,.F.,(9,7,7,7,9),(0.,
    0.228566292874,0.376112325776,0.572746914745,1.),.UNSPECIFIED.);
#1294 = CARTESIAN_POINT('',(-6.28318530718,-4.52380952381));
#1295 = CARTESIAN_POINT('',(-6.334890508668,-4.52380952381));
#1296 = CARTESIAN_POINT('',(-6.386618007351,-4.51910895685));
#1297 = CARTESIAN_POINT('',(-6.438126855671,-4.509700936497));
#1298 = CARTESIAN_POINT('',(-6.48924429679,-4.495714805727));
#1299 = CARTESIAN_POINT('',(-6.539833629109,-4.477364235704));
#1300 = CARTESIAN_POINT('',(-6.589778532423,-4.454922386873));
#1301 = CARTESIAN_POINT('',(-6.638975983608,-4.428710264185));
#1302 = CARTESIAN_POINT('',(-6.718543709328,-4.37996006052));
#1303 = CARTESIAN_POINT('',(-6.749422854976,-4.359402880908));
#1304 = CARTESIAN_POINT('',(-6.779955146447,-4.337497429521));
#1305 = CARTESIAN_POINT('',(-6.810133360117,-4.314328300808));
#1306 = CARTESIAN_POINT('',(-6.839954264886,-4.289978183326));
#1307 = CARTESIAN_POINT('',(-6.869418025188,-4.264526199201));
#1308 = CARTESIAN_POINT('',(-6.898527971114,-4.238046513292));
#1309 = CARTESIAN_POINT('',(-6.965622870187,-4.174038857014));
#1310 = CARTESIAN_POINT('',(-7.003333612653,-4.135770705297));
#1311 = CARTESIAN_POINT('',(-7.040443155776,-4.095960345964));
#1312 = CARTESIAN_POINT('',(-7.076972394023,-4.054753625254));
#1313 = CARTESIAN_POINT('',(-7.112943654067,-4.012283438132));
#1314 = CARTESIAN_POINT('',(-7.148381425242,-3.968668519825));
#1315 = CARTESIAN_POINT('',(-7.183313090002,-3.924012237359));
#1316 = CARTESIAN_POINT('',(-7.292637832526,-3.779296848354));
#1317 = CARTESIAN_POINT('',(-7.365190110557,-3.675781977547));
#1318 = CARTESIAN_POINT('',(-7.435807660879,-3.568687368754));
#1319 = CARTESIAN_POINT('',(-7.504744016361,-3.458708073817));
#1320 = CARTESIAN_POINT('',(-7.572226567742,-3.346433831001));
#1321 = CARTESIAN_POINT('',(-7.638467418609,-3.232340336651));
#1322 = CARTESIAN_POINT('',(-7.703692062078,-3.116786756892));
#1323 = CARTESIAN_POINT('',(-7.768162043469,-3.));
#1324 = ( GEOMETRIC_REPRESENTATION_CONTEXT(2) 
PARAMETRIC_REPRESENTATION_CONTEXT() REPRESENTATION_CONTEXT('2D SPACE',''
  ) );
#1325 = PCURVE('',#1215,#1326);
#1326 = DEFINITIONAL_REPRESENTATION('',(#1327),#1358);
#1327 = B_SPLINE_CURVE_WITH_KNOTS('',8,(#1328,#1329,#1330,#1331,#1332,
    #1333,#1334,#1335,#1336,#1337,#1338,#1339,#1340,#1341,#1342,#1343,
    #1344,#1345,#1346,#1347,#1348,#1349,#1350,#1351,#1352,#1353,#1354,
    #1355,#1356,#1357),.UNSPECIFIED.,.F.,.F.,(9,7,7,7,9),(0.,
    0.228566292874,0.376112325776,0.572746914745,1.),.UNSPECIFIED.);
#1328 = CARTESIAN_POINT('',(0.,1.52380952381));
#1329 = CARTESIAN_POINT('',(9.943307978456E-03,1.52380952381));
#1330 = CARTESIAN_POINT('',(1.989090613504E-02,1.519108956849));
#1331 = CARTESIAN_POINT('',(2.977631055029E-02,1.509700936497));
#1332 = CARTESIAN_POINT('',(3.954613256612E-02,1.495714805727));
#1333 = CARTESIAN_POINT('',(4.915555614849E-02,1.477364235703));
#1334 = CARTESIAN_POINT('',(5.856601956449E-02,1.454922386872));
#1335 = CARTESIAN_POINT('',(6.774416088096E-02,1.428710264185));
#1336 = CARTESIAN_POINT('',(8.241721569055E-02,1.379960060519));
#1337 = CARTESIAN_POINT('',(8.80675984564E-02,1.359402880908));
#1338 = CARTESIAN_POINT('',(9.360689780521E-02,1.337497429521));
#1339 = CARTESIAN_POINT('',(9.9031110769E-02,1.314328300807));
#1340 = CARTESIAN_POINT('',(0.104337346303,1.289978183326));
#1341 = CARTESIAN_POINT('',(0.109523657351,1.264526199201));
#1342 = CARTESIAN_POINT('',(0.114588927376,1.238046513291));
#1343 = CARTESIAN_POINT('',(0.126121525197,1.174038857013));
#1344 = CARTESIAN_POINT('',(0.132493835225,1.135770705296));
#1345 = CARTESIAN_POINT('',(0.138649716824,1.095960345963));
#1346 = CARTESIAN_POINT('',(0.144589879715,1.054753625254));
#1347 = CARTESIAN_POINT('',(0.150315701859,1.012283438132));
#1348 = CARTESIAN_POINT('',(0.155829163375,0.968668519825));
#1349 = CARTESIAN_POINT('',(0.161132780463,0.924012237359));
#1350 = CARTESIAN_POINT('',(0.177303918245,0.779296848354));
#1351 = CARTESIAN_POINT('',(0.187390859136,0.675781977546));
#1352 = CARTESIAN_POINT('',(0.196532191613,0.568687368756));
#1353 = CARTESIAN_POINT('',(0.204745566042,0.458708073812));
#1354 = CARTESIAN_POINT('',(0.212041905337,0.346433831006));
#1355 = CARTESIAN_POINT('',(0.218424146735,0.232340336647));
#1356 = CARTESIAN_POINT('',(0.223888511376,0.116786756892));
#1357 = CARTESIAN_POINT('',(0.228417394366,0.));
#1358 = ( GEOMETRIC_REPRESENTATION_CONTEXT(2) 
PARAMETRIC_REPRESENTATION_CONTEXT() REPRESENTATION_CONTEXT('2D SPACE',''
  ) );
#1359 = ORIENTED_EDGE('',*,*,#1360,.F.);
#1360 = EDGE_CURVE('',#1007,#1257,#1361,.T.);
#1361 = SURFACE_CURVE('',#1362,(#1367,#1373),.PCURVE_S1.);
#1362 = CIRCLE('',#1363,5.);
#1363 = AXIS2_PLACEMENT_3D('',#1364,#1365,#1366);
#1364 = CARTESIAN_POINT('',(21.,0.,171.));
#1365 = DIRECTION('',(0.,0.,-1.));
#1366 = DIRECTION('',(1.,0.,0.));
#1367 = PCURVE('',#785,#1368);
#1368 = DEFINITIONAL_REPRESENTATION('',(#1369),#1372);
#1369 = B_SPLINE_CURVE_WITH_KNOTS('',1,(#1370,#1371),.UNSPECIFIED.,.F.,
  .F.,(2,2),(3.969809574963,4.798208570891),.PIECEWISE_BEZIER_KNOTS.);
#1370 = CARTESIAN_POINT('',(-8.596561039396,-3.));
#1371 = CARTESIAN_POINT('',(-7.768162043469,-3.));
#1372 = ( GEOMETRIC_REPRESENTATION_CONTEXT(2) 
PARAMETRIC_REPRESENTATION_CONTEXT() REPRESENTATION_CONTEXT('2D SPACE',''
  ) );
#1373 = PCURVE('',#1023,#1374);
#1374 = DEFINITIONAL_REPRESENTATION('',(#1375),#1383);
#1375 = ( BOUNDED_CURVE() B_SPLINE_CURVE(2,(#1376,#1377,#1378,#1379,
#1380,#1381,#1382),.UNSPECIFIED.,.T.,.F.) B_SPLINE_CURVE_WITH_KNOTS((1,2
    ,2,2,2,1),(-2.094395102393,0.,2.094395102393,4.188790204786,
6.28318530718,8.377580409573),.UNSPECIFIED.) CURVE() 
GEOMETRIC_REPRESENTATION_ITEM() RATIONAL_B_SPLINE_CURVE((1.,0.5,1.,0.5,
1.,0.5,1.)) REPRESENTATION_ITEM('') );
#1376 = CARTESIAN_POINT('',(26.,0.));
#1377 = CARTESIAN_POINT('',(26.,-8.660254037844));
#1378 = CARTESIAN_POINT('',(18.5,-4.330127018922));
#1379 = CARTESIAN_POINT('',(11.,-1.224646799147E-15));
#1380 = CARTESIAN_POINT('',(18.5,4.330127018922));
#1381 = CARTESIAN_POINT('',(26.,8.660254037844));
#1382 = CARTESIAN_POINT('',(26.,0.));
#1383 = ( GEOMETRIC_REPRESENTATION_CONTEXT(2) 
PARAMETRIC_REPRESENTATION_CONTEXT() REPRESENTATION_CONTEXT('2D SPACE',''
  ) );
#1384 = ORIENTED_EDGE('',*,*,#1035,.F.);
#1385 = ADVANCED_FACE('',(#1386),#1023,.F.);
#1386 = FACE_BOUND('',#1387,.T.);
#1387 = EDGE_LOOP('',(#1388,#1389,#1390,#1414));
#1388 = ORIENTED_EDGE('',*,*,#1360,.F.);
#1389 = ORIENTED_EDGE('',*,*,#1006,.T.);
#1390 = ORIENTED_EDGE('',*,*,#1391,.T.);
#1391 = EDGE_CURVE('',#986,#1392,#1394,.T.);
#1392 = VERTEX_POINT('',#1393);
#1393 = CARTESIAN_POINT('',(-6.400094608417,21.048486620261,171.));
#1394 = SURFACE_CURVE('',#1395,(#1400,#1407),.PCURVE_S1.);
#1395 = CIRCLE('',#1396,5.);
#1396 = AXIS2_PLACEMENT_3D('',#1397,#1398,#1399);
#1397 = CARTESIAN_POINT('',(-10.5,18.186533479473,171.));
#1398 = DIRECTION('',(-0.,0.,1.));
#1399 = DIRECTION('',(0.976119399026,-0.217234709115,0.));
#1400 = PCURVE('',#1023,#1401);
#1401 = DEFINITIONAL_REPRESENTATION('',(#1402),#1406);
#1402 = CIRCLE('',#1403,5.);
#1403 = AXIS2_PLACEMENT_2D('',#1404,#1405);
#1404 = CARTESIAN_POINT('',(-10.5,18.186533479473));
#1405 = DIRECTION('',(0.976119399026,-0.217234709115));
#1406 = ( GEOMETRIC_REPRESENTATION_CONTEXT(2) 
PARAMETRIC_REPRESENTATION_CONTEXT() REPRESENTATION_CONTEXT('2D SPACE',''
  ) );
#1407 = PCURVE('',#945,#1408);
#1408 = DEFINITIONAL_REPRESENTATION('',(#1409),#1413);
#1409 = LINE('',#1410,#1411);
#1410 = CARTESIAN_POINT('',(-6.064204677356,-3.));
#1411 = VECTOR('',#1412,1.);
#1412 = DIRECTION('',(-1.,-0.));
#1413 = ( GEOMETRIC_REPRESENTATION_CONTEXT(2) 
PARAMETRIC_REPRESENTATION_CONTEXT() REPRESENTATION_CONTEXT('2D SPACE',''
  ) );
#1414 = ORIENTED_EDGE('',*,*,#1415,.F.);
#1415 = EDGE_CURVE('',#1257,#1392,#1416,.T.);
#1416 = SURFACE_CURVE('',#1417,(#1422,#1429),.PCURVE_S1.);
#1417 = CIRCLE('',#1418,22.);
#1418 = AXIS2_PLACEMENT_3D('',#1419,#1420,#1421);
#1419 = CARTESIAN_POINT('',(0.,0.,171.));
#1420 = DIRECTION('',(0.,0.,1.));
#1421 = DIRECTION('',(1.,0.,-0.));
#1422 = PCURVE('',#1023,#1423);
#1423 = DEFINITIONAL_REPRESENTATION('',(#1424),#1428);
#1424 = CIRCLE('',#1425,22.);
#1425 = AXIS2_PLACEMENT_2D('',#1426,#1427);
#1426 = CARTESIAN_POINT('',(0.,0.));
#1427 = DIRECTION('',(1.,-0.));
#1428 = ( GEOMETRIC_REPRESENTATION_CONTEXT(2) 
PARAMETRIC_REPRESENTATION_CONTEXT() REPRESENTATION_CONTEXT('2D SPACE',''
  ) );
#1429 = PCURVE('',#1215,#1430);
#1430 = DEFINITIONAL_REPRESENTATION('',(#1431),#1435);
#1431 = LINE('',#1432,#1433);
#1432 = CARTESIAN_POINT('',(0.,0.));
#1433 = VECTOR('',#1434,1.);
#1434 = DIRECTION('',(1.,0.));
#1435 = ( GEOMETRIC_REPRESENTATION_CONTEXT(2) 
PARAMETRIC_REPRESENTATION_CONTEXT() REPRESENTATION_CONTEXT('2D SPACE',''
  ) );
#1436 = ADVANCED_FACE('',(#1437),#945,.T.);
#1437 = FACE_BOUND('',#1438,.F.);
#1438 = EDGE_LOOP('',(#1439,#1440,#1691,#1716,#1717,#1739));
#1439 = ORIENTED_EDGE('',*,*,#1391,.T.);
#1440 = ORIENTED_EDGE('',*,*,#1441,.T.);
#1441 = EDGE_CURVE('',#1392,#1442,#1444,.T.);
#1442 = VERTEX_POINT('',#1443);
#1443 = CARTESIAN_POINT('',(-15.02847682015,16.066887827643,171.));
#1444 = SURFACE_CURVE('',#1445,(#1525,#1608),.PCURVE_S1.);
#1445 = B_SPLINE_CURVE_WITH_KNOTS('',8,(#1446,#1447,#1448,#1449,#1450,
    #1451,#1452,#1453,#1454,#1455,#1456,#1457,#1458,#1459,#1460,#1461,
    #1462,#1463,#1464,#1465,#1466,#1467,#1468,#1469,#1470,#1471,#1472,
    #1473,#1474,#1475,#1476,#1477,#1478,#1479,#1480,#1481,#1482,#1483,
    #1484,#1485,#1486,#1487,#1488,#1489,#1490,#1491,#1492,#1493,#1494,
    #1495,#1496,#1497,#1498,#1499,#1500,#1501,#1502,#1503,#1504,#1505,
    #1506,#1507,#1508,#1509,#1510,#1511,#1512,#1513,#1514,#1515,#1516,
    #1517,#1518,#1519,#1520,#1521,#1522,#1523,#1524),.UNSPECIFIED.,.F.,
  .F.,(9,7,7,7,7,7,7,7,7,7,7,9),(0.,0.21355895108,0.311977840806,
    0.385599815889,0.423650574843,0.447847349513,0.500123121388,
    0.575787697364,0.614662776252,0.688310866684,0.786766984532,1.),
  .UNSPECIFIED.);
#1446 = CARTESIAN_POINT('',(-6.400094608417,21.048486620261,171.));
#1447 = CARTESIAN_POINT('',(-6.584566872761,21.312753291998,
    171.11676283028));
#1448 = CARTESIAN_POINT('',(-6.790665326891,21.566523487648,
    171.23229304373));
#1449 = CARTESIAN_POINT('',(-7.018767434468,21.808640963781,
    171.34636381483));
#1450 = CARTESIAN_POINT('',(-7.269315909378,22.03743089421,
    171.45861619954));
#1451 = CARTESIAN_POINT('',(-7.542682463311,22.250774447438,
    171.56857483912));
#1452 = CARTESIAN_POINT('',(-7.839145214482,22.446086697251,
    171.67565044871));
#1453 = CARTESIAN_POINT('',(-8.158808130769,22.620367284894,
    171.77914852757));
#1454 = CARTESIAN_POINT('',(-8.659975235763,22.838850716788,
    171.9239052173));
#1455 = CARTESIAN_POINT('',(-8.822976368188,22.902493703369,
    171.9686147323));
#1456 = CARTESIAN_POINT('',(-8.990864511897,22.960491459039,
    172.01228067009));
#1457 = CARTESIAN_POINT('',(-9.163585845321,23.012436745119,
    172.05479932291));
#1458 = CARTESIAN_POINT('',(-9.341039909537,23.057885549677,
    172.09605154263));
#1459 = CARTESIAN_POINT('',(-9.523074637536,23.096363771682,
    172.13590395646));
#1460 = CARTESIAN_POINT('',(-9.709481383497,23.127373905156,
    172.17421018256));
#1461 = CARTESIAN_POINT('',(-10.04249935371,23.167627618281,
    172.23819196703));
#1462 = CARTESIAN_POINT('',(-10.18729082783,23.180385244743,
    172.26461560123));
#1463 = CARTESIAN_POINT('',(-10.33424179923,23.18845959455,
    172.29001523152));
#1464 = CARTESIAN_POINT('',(-10.4831956796,23.191630833784,
    172.31431711249));
#1465 = CARTESIAN_POINT('',(-10.63396003741,23.189679451118,
    172.3374425814));
#1466 = CARTESIAN_POINT('',(-10.78630451113,23.182392986761,
    172.35930943602));
#1467 = CARTESIAN_POINT('',(-10.93995846588,23.169574342015,
    172.37983357905));
#1468 = CARTESIAN_POINT('',(-11.1745376143,23.141478417049,
    172.40880119766));
#1469 = CARTESIAN_POINT('',(-11.25473151174,23.130381646481,
    172.4182901667));
#1470 = CARTESIAN_POINT('',(-11.33514559395,23.11773793178,
    172.42738612001));
#1471 = CARTESIAN_POINT('',(-11.4157322885,23.103525742081,
    172.43607736751));
#1472 = CARTESIAN_POINT('',(-11.49644093084,23.087725918906,
    172.44435235634));
#1473 = CARTESIAN_POINT('',(-11.5772177529,23.070322153464,
    172.45219978179));
#1474 = CARTESIAN_POINT('',(-11.65800587175,23.051301463943,
    172.45960869836));
#1475 = CARTESIAN_POINT('',(-11.79008809707,23.017525217145,
    172.47099450606));
#1476 = CARTESIAN_POINT('',(-11.8414113573,23.003738220189,
    172.47523884669));
#1477 = CARTESIAN_POINT('',(-11.89269959369,22.98929123927,
    172.47929893478));
#1478 = CARTESIAN_POINT('',(-11.94393698943,22.974182523999,
    172.48317216908));
#1479 = CARTESIAN_POINT('',(-11.99510737609,22.958411016272,
    172.48685606487));
#1480 = CARTESIAN_POINT('',(-12.04619423362,22.941976350266,
    172.490348254));
#1481 = CARTESIAN_POINT('',(-12.09718069038,22.924878852442,
    172.49364648484));
#1482 = CARTESIAN_POINT('',(-12.25794877746,22.868751548383,
    172.50345061616));
#1483 = CARTESIAN_POINT('',(-12.3673044484,22.82729279714,
    172.50923770116));
#1484 = CARTESIAN_POINT('',(-12.47593675292,22.782756447114,
    172.51408816056));
#1485 = CARTESIAN_POINT('',(-12.58366642014,22.735170823204,
    172.51798399644));
#1486 = CARTESIAN_POINT('',(-12.69031522118,22.684580491276,
    172.52091125206));
#1487 = CARTESIAN_POINT('',(-12.79570649919,22.631047333532,
    172.52286033418));
#1488 = CARTESIAN_POINT('',(-12.89966569924,22.57465162387,
    172.52382633534));
#1489 = CARTESIAN_POINT('',(-13.15017103479,22.429866354624,
    172.52378478042));
#1490 = CARTESIAN_POINT('',(-13.29499170849,22.338433784018,
    172.52170090238));
#1491 = CARTESIAN_POINT('',(-13.435942081,22.241504656449,
    172.51755692165));
#1492 = CARTESIAN_POINT('',(-13.57256450053,22.139439128133,
    172.51137595388));
#1493 = CARTESIAN_POINT('',(-13.70447476422,22.032636821762,
    172.50320057735));
#1494 = CARTESIAN_POINT('',(-13.83135463947,21.921527968361,
    172.49308960824));
#1495 = CARTESIAN_POINT('',(-13.9529466442,21.806567115757,
    172.48111610479));
#1496 = CARTESIAN_POINT('',(-14.12870343031,21.627429645821,
    172.46030235578));
#1497 = CARTESIAN_POINT('',(-14.18691336792,21.565732180014,
    172.45276855729));
#1498 = CARTESIAN_POINT('',(-14.24365701667,21.503197362256,
    172.44477633651));
#1499 = CARTESIAN_POINT('',(-14.29891580828,21.43988469088,
    172.43633734494));
#1500 = CARTESIAN_POINT('',(-14.35267602249,21.375852551446,
    172.42746363035));
#1501 = CARTESIAN_POINT('',(-14.40492832125,21.311157961671,
    172.41816751328));
#1502 = CARTESIAN_POINT('',(-14.45566728289,21.245856316365,
    172.40846146346));
#1503 = CARTESIAN_POINT('',(-14.59814420223,21.055239750884,
    172.37921711372));
#1504 = CARTESIAN_POINT('',(-14.68595590146,20.92849578313,
    172.3586504558));
#1505 = CARTESIAN_POINT('',(-14.76831898973,20.800126478366,
    172.33674216044));
#1506 = CARTESIAN_POINT('',(-14.84526959098,20.670464514731,
    172.31357636709));
#1507 = CARTESIAN_POINT('',(-14.91687715146,20.539815323134,
    172.28923529255));
#1508 = CARTESIAN_POINT('',(-14.98323608643,20.408454976276,
    172.26379759172));
#1509 = CARTESIAN_POINT('',(-15.0444589192,20.276628642786,
    172.23733698336));
#1510 = CARTESIAN_POINT('',(-15.17581766278,19.967980341899,
    172.17327039508));
#1511 = CARTESIAN_POINT('',(-15.24199989887,19.790981338342,
    172.13491710191));
#1512 = CARTESIAN_POINT('',(-15.29952864764,19.614042927597,
    172.09501935624));
#1513 = CARTESIAN_POINT('',(-15.34873100696,19.437593829912,
    172.05372344364));
#1514 = CARTESIAN_POINT('',(-15.38994190961,19.262002124787,
    172.01116263105));
#1515 = CARTESIAN_POINT('',(-15.42349588696,19.087576221779,
    171.9674559576));
#1516 = CARTESIAN_POINT('',(-15.44971883275,18.914565831299,
    171.92270702548));
#1517 = CARTESIAN_POINT('',(-15.51050451697,18.371944192001,
    171.77801806526));
#1518 = CARTESIAN_POINT('',(-15.51911185128,18.008625215388,
    171.6746480272));
#1519 = CARTESIAN_POINT('',(-15.49801900905,17.654864060794,
    171.56771724755));
#1520 = CARTESIAN_POINT('',(-15.44986219715,17.312061077561,
    171.45791603796));
#1521 = CARTESIAN_POINT('',(-15.37700595837,16.981261188069,
    171.34583023692));
#1522 = CARTESIAN_POINT('',(-15.28146044618,16.663197771162,
    171.2319326369));
#1523 = CARTESIAN_POINT('',(-15.16488898404,16.358323012397,
    171.1165804929));
#1524 = CARTESIAN_POINT('',(-15.02847682015,16.066887827643,171.));
#1525 = PCURVE('',#945,#1526);
#1526 = DEFINITIONAL_REPRESENTATION('',(#1527),#1607);
#1527 = B_SPLINE_CURVE_WITH_KNOTS('',8,(#1528,#1529,#1530,#1531,#1532,
    #1533,#1534,#1535,#1536,#1537,#1538,#1539,#1540,#1541,#1542,#1543,
    #1544,#1545,#1546,#1547,#1548,#1549,#1550,#1551,#1552,#1553,#1554,
    #1555,#1556,#1557,#1558,#1559,#1560,#1561,#1562,#1563,#1564,#1565,
    #1566,#1567,#1568,#1569,#1570,#1571,#1572,#1573,#1574,#1575,#1576,
    #1577,#1578,#1579,#1580,#1581,#1582,#1583,#1584,#1585,#1586,#1587,
    #1588,#1589,#1590,#1591,#1592,#1593,#1594,#1595,#1596,#1597,#1598,
    #1599,#1600,#1601,#1602,#1603,#1604,#1605,#1606),.UNSPECIFIED.,.F.,
  .F.,(9,7,7,7,7,7,7,7,7,7,7,9),(0.,0.21355895108,0.311977840806,
    0.385599815889,0.423650574843,0.447847349513,0.500123121388,
    0.575787697364,0.614662776252,0.688310866684,0.786766984532,1.),
  .UNSPECIFIED.);
#1528 = CARTESIAN_POINT('',(-6.892603673284,-3.000000000001));
#1529 = CARTESIAN_POINT('',(-6.957060446428,-3.116762830281));
#1530 = CARTESIAN_POINT('',(-7.022271602797,-3.232293043737));
#1531 = CARTESIAN_POINT('',(-7.088498498492,-3.346363814835));
#1532 = CARTESIAN_POINT('',(-7.155966480113,-3.458616199545));
#1533 = CARTESIAN_POINT('',(-7.224887524747,-3.568574839126));
#1534 = CARTESIAN_POINT('',(-7.295488880883,-3.675650448717));
#1535 = CARTESIAN_POINT('',(-7.368023927813,-3.779148527579));
#1536 = CARTESIAN_POINT('',(-7.477368059277,-3.923905217305));
#1537 = CARTESIAN_POINT('',(-7.512338694418,-3.968614732301));
#1538 = CARTESIAN_POINT('',(-7.547816558679,-4.012280670097));
#1539 = CARTESIAN_POINT('',(-7.583829130784,-4.054799322916));
#1540 = CARTESIAN_POINT('',(-7.620400981789,-4.096051542639));
#1541 = CARTESIAN_POINT('',(-7.657554509538,-4.135903956465));
#1542 = CARTESIAN_POINT('',(-7.695310673126,-4.174210182561));
#1543 = CARTESIAN_POINT('',(-7.7623990715,-4.238191967034));
#1544 = CARTESIAN_POINT('',(-7.791454286645,-4.264615601239));
#1545 = CARTESIAN_POINT('',(-7.820861954938,-4.290015231526));
#1546 = CARTESIAN_POINT('',(-7.850625380715,-4.314317112494));
#1547 = CARTESIAN_POINT('',(-7.880744725468,-4.337442581406));
#1548 = CARTESIAN_POINT('',(-7.911216779857,-4.359309436027));
#1549 = CARTESIAN_POINT('',(-7.942034372753,-4.379833579056));
#1550 = CARTESIAN_POINT('',(-7.989285513638,-4.408801197663));
#1551 = CARTESIAN_POINT('',(-8.005474408284,-4.418290166706));
#1552 = CARTESIAN_POINT('',(-8.021750173745,-4.427386120011));
#1553 = CARTESIAN_POINT('',(-8.038110535658,-4.436077367516));
#1554 = CARTESIAN_POINT('',(-8.054552828145,-4.44435235634));
#1555 = CARTESIAN_POINT('',(-8.071073949119,-4.45219978179));
#1556 = CARTESIAN_POINT('',(-8.087670315593,-4.45960869836));
#1557 = CARTESIAN_POINT('',(-8.11493681452,-4.470994506065));
#1558 = CARTESIAN_POINT('',(-8.125564596308,-4.47523884669));
#1559 = CARTESIAN_POINT('',(-8.136220112931,-4.479298934786));
#1560 = CARTESIAN_POINT('',(-8.146902242612,-4.483172169087));
#1561 = CARTESIAN_POINT('',(-8.157609793219,-4.486856064878));
#1562 = CARTESIAN_POINT('',(-8.168341502268,-4.490348254));
#1563 = CARTESIAN_POINT('',(-8.17909603692,-4.493646484849));
#1564 = CARTESIAN_POINT('',(-8.213152843632,-4.503450616164));
#1565 = CARTESIAN_POINT('',(-8.236534812362,-4.50923770116));
#1566 = CARTESIAN_POINT('',(-8.260002277402,-4.514088160562));
#1567 = CARTESIAN_POINT('',(-8.283539474874,-4.517983996446));
#1568 = CARTESIAN_POINT('',(-8.3071301749,-4.520911252069));
#1569 = CARTESIAN_POINT('',(-8.330757356719,-4.522860334183));
#1570 = CARTESIAN_POINT('',(-8.354402883802,-4.523826335343));
#1571 = CARTESIAN_POINT('',(-8.412270213904,-4.523784780423));
#1572 = CARTESIAN_POINT('',(-8.446497766582,-4.521700902389));
#1573 = CARTESIAN_POINT('',(-8.480666357011,-4.517556921653));
#1574 = CARTESIAN_POINT('',(-8.514721762199,-4.511375953886));
#1575 = CARTESIAN_POINT('',(-8.548616115186,-4.503200577357));
#1576 = CARTESIAN_POINT('',(-8.582305603658,-4.493089608242));
#1577 = CARTESIAN_POINT('',(-8.615748768139,-4.481116104792));
#1578 = CARTESIAN_POINT('',(-8.665940672266,-4.460302355786));
#1579 = CARTESIAN_POINT('',(-8.682902065603,-4.452768557297));
#1580 = CARTESIAN_POINT('',(-8.699785161064,-4.444776336519));
#1581 = CARTESIAN_POINT('',(-8.71658611439,-4.436337344941));
#1582 = CARTESIAN_POINT('',(-8.733301606015,-4.427463630352));
#1583 = CARTESIAN_POINT('',(-8.749928791314,-4.418167513285));
#1584 = CARTESIAN_POINT('',(-8.766465250845,-4.408461463463));
#1585 = CARTESIAN_POINT('',(-8.814061195033,-4.37921711372));
#1586 = CARTESIAN_POINT('',(-8.844879480817,-4.358650455801));
#1587 = CARTESIAN_POINT('',(-8.875351812605,-4.33674216044));
#1588 = CARTESIAN_POINT('',(-8.905471104883,-4.313576367094));
#1589 = CARTESIAN_POINT('',(-8.935234222654,-4.289235292554));
#1590 = CARTESIAN_POINT('',(-8.96464139389,-4.263797591726));
#1591 = CARTESIAN_POINT('',(-8.993695983753,-4.237336983362));
#1592 = CARTESIAN_POINT('',(-9.060783655692,-4.173270395088));
#1593 = CARTESIAN_POINT('',(-9.09853962514,-4.134917101913));
#1594 = CARTESIAN_POINT('',(-9.13569290771,-4.095019356245));
#1595 = CARTESIAN_POINT('',(-9.17226455118,-4.053723443645));
#1596 = CARTESIAN_POINT('',(-9.208277021086,-4.011162631052));
#1597 = CARTESIAN_POINT('',(-9.2437549395,-3.967455957607));
#1598 = CARTESIAN_POINT('',(-9.278725823815,-3.922707025488));
#1599 = CARTESIAN_POINT('',(-9.387928963485,-3.778018065268));
#1600 = CARTESIAN_POINT('',(-9.460332751169,-3.674648027202));
#1601 = CARTESIAN_POINT('',(-9.53081073517,-3.567717247552));
#1602 = CARTESIAN_POINT('',(-9.599615127187,-3.45791603797));
#1603 = CARTESIAN_POINT('',(-9.666972094094,-3.34583023692));
#1604 = CARTESIAN_POINT('',(-9.733092650578,-3.231932636906));
#1605 = CARTESIAN_POINT('',(-9.798201028711,-3.116580492908));
#1606 = CARTESIAN_POINT('',(-9.862557145862,-3.));
#1607 = ( GEOMETRIC_REPRESENTATION_CONTEXT(2) 
PARAMETRIC_REPRESENTATION_CONTEXT() REPRESENTATION_CONTEXT('2D SPACE',''
  ) );
#1608 = PCURVE('',#1215,#1609);
#1609 = DEFINITIONAL_REPRESENTATION('',(#1610),#1690);
#1610 = B_SPLINE_CURVE_WITH_KNOTS('',8,(#1611,#1612,#1613,#1614,#1615,
    #1616,#1617,#1618,#1619,#1620,#1621,#1622,#1623,#1624,#1625,#1626,
    #1627,#1628,#1629,#1630,#1631,#1632,#1633,#1634,#1635,#1636,#1637,
    #1638,#1639,#1640,#1641,#1642,#1643,#1644,#1645,#1646,#1647,#1648,
    #1649,#1650,#1651,#1652,#1653,#1654,#1655,#1656,#1657,#1658,#1659,
    #1660,#1661,#1662,#1663,#1664,#1665,#1666,#1667,#1668,#1669,#1670,
    #1671,#1672,#1673,#1674,#1675,#1676,#1677,#1678,#1679,#1680,#1681,
    #1682,#1683,#1684,#1685,#1686,#1687,#1688,#1689),.UNSPECIFIED.,.F.,
  .F.,(9,7,7,7,7,7,7,7,7,7,7,9),(0.,0.21355895108,0.311977840806,
    0.385599815889,0.423650574843,0.447847349513,0.500123121388,
    0.575787697364,0.614662776252,0.688310866684,0.786766984532,1.),
  .UNSPECIFIED.);
#1611 = CARTESIAN_POINT('',(1.865977708027,6.365337300156E-14));
#1612 = CARTESIAN_POINT('',(1.870505663165,0.11676283028));
#1613 = CARTESIAN_POINT('',(1.875968718808,0.232293043737));
#1614 = CARTESIAN_POINT('',(1.882349280361,0.346363814834));
#1615 = CARTESIAN_POINT('',(1.889643566307,0.458616199545));
#1616 = CARTESIAN_POINT('',(1.89785450822,0.568574839125));
#1617 = CARTESIAN_POINT('',(1.906993017429,0.675650448716));
#1618 = CARTESIAN_POINT('',(1.917076731168,0.779148527578));
#1619 = CARTESIAN_POINT('',(1.933249388086,0.923905217305));
#1620 = CARTESIAN_POINT('',(1.938558661283,0.9686147323));
#1621 = CARTESIAN_POINT('',(1.944078256526,1.012280670097));
#1622 = CARTESIAN_POINT('',(1.94981069923,1.054799322915));
#1623 = CARTESIAN_POINT('',(1.955757976172,1.096051542638));
#1624 = CARTESIAN_POINT('',(1.961921468997,1.135903956465));
#1625 = CARTESIAN_POINT('',(1.968301887713,1.174210182561));
#1626 = CARTESIAN_POINT('',(1.979834308322,1.238191967033));
#1627 = CARTESIAN_POINT('',(1.984890326279,1.264615601238));
#1628 = CARTESIAN_POINT('',(1.990066911921,1.290015231525));
#1629 = CARTESIAN_POINT('',(1.995362953218,1.314317112494));
#1630 = CARTESIAN_POINT('',(2.000776513647,1.337442581405));
#1631 = CARTESIAN_POINT('',(2.006304719752,1.359309436027));
#1632 = CARTESIAN_POINT('',(2.011943594846,1.379833579056));
#1633 = CARTESIAN_POINT('',(2.020656692212,1.408801197663));
#1634 = CARTESIAN_POINT('',(2.023653641312,1.418290166706));
#1635 = CARTESIAN_POINT('',(2.026677906348,1.427386120011));
#1636 = CARTESIAN_POINT('',(2.029728612198,1.436077367516));
#1637 = CARTESIAN_POINT('',(2.032804779396,1.44435235634));
#1638 = CARTESIAN_POINT('',(2.035905315078,1.45219978179));
#1639 = CARTESIAN_POINT('',(2.039029003928,1.45960869836));
#1640 = CARTESIAN_POINT('',(2.044174744066,1.470994506065));
#1641 = CARTESIAN_POINT('',(2.04618381103,1.47523884669));
#1642 = CARTESIAN_POINT('',(2.048201354452,1.479298934786));
#1643 = CARTESIAN_POINT('',(2.05022701063,1.483172169086));
#1644 = CARTESIAN_POINT('',(2.052260397719,1.486856064877));
#1645 = CARTESIAN_POINT('',(2.054301115731,1.490348254));
#1646 = CARTESIAN_POINT('',(2.056348746531,1.493646484848));
#1647 = CARTESIAN_POINT('',(2.062840637258,1.503450616164));
#1648 = CARTESIAN_POINT('',(2.06730886563,1.509237701159));
#1649 = CARTESIAN_POINT('',(2.071802866454,1.514088160562));
#1650 = CARTESIAN_POINT('',(2.076317840049,1.517983996446));
#1651 = CARTESIAN_POINT('',(2.080848821134,1.520911252069));
#1652 = CARTESIAN_POINT('',(2.085390640411,1.522860334183));
#1653 = CARTESIAN_POINT('',(2.089937886143,1.523826335342));
#1654 = CARTESIAN_POINT('',(2.101066218253,1.523784780422));
#1655 = CARTESIAN_POINT('',(2.10764838101,1.521700902389));
#1656 = CARTESIAN_POINT('',(2.114213302663,1.517556921652));
#1657 = CARTESIAN_POINT('',(2.120744721294,1.511375953885));
#1658 = CARTESIAN_POINT('',(2.127227783501,1.503200577357));
#1659 = CARTESIAN_POINT('',(2.13364874709,1.493089608242));
#1660 = CARTESIAN_POINT('',(2.139994767401,1.481116104791));
#1661 = CARTESIAN_POINT('',(2.149469527193,1.460302355785));
#1662 = CARTESIAN_POINT('',(2.15266264836,1.452768557297));
#1663 = CARTESIAN_POINT('',(2.155831685067,1.444776336519));
#1664 = CARTESIAN_POINT('',(2.158975335261,1.436337344941));
#1665 = CARTESIAN_POINT('',(2.162092430448,1.427463630351));
#1666 = CARTESIAN_POINT('',(2.165181925622,1.418167513284));
#1667 = CARTESIAN_POINT('',(2.168242889198,1.408461463462));
#1668 = CARTESIAN_POINT('',(2.177017808003,1.37921711372));
#1669 = CARTESIAN_POINT('',(2.182655561723,1.358650455801));
#1670 = CARTESIAN_POINT('',(2.188182477807,1.33674216044));
#1671 = CARTESIAN_POINT('',(2.19359460012,1.313576367094));
#1672 = CARTESIAN_POINT('',(2.19888907322,1.289235292554));
#1673 = CARTESIAN_POINT('',(2.204063976536,1.263797591725));
#1674 = CARTESIAN_POINT('',(2.209118212183,1.237336983362));
#1675 = CARTESIAN_POINT('',(2.220646418385,1.173270395087));
#1676 = CARTESIAN_POINT('',(2.227024324964,1.134917101913));
#1677 = CARTESIAN_POINT('',(2.233185163747,1.095019356244));
#1678 = CARTESIAN_POINT('',(2.239129664001,1.053723443645));
#1679 = CARTESIAN_POINT('',(2.244859221026,1.011162631051));
#1680 = CARTESIAN_POINT('',(2.250375830502,0.967455957606));
#1681 = CARTESIAN_POINT('',(2.255682022837,0.922707025487));
#1682 = CARTESIAN_POINT('',(2.271823555714,0.778018065268));
#1683 = CARTESIAN_POINT('',(2.281882694538,0.6746480272));
#1684 = CARTESIAN_POINT('',(2.290999702955,0.567717247556));
#1685 = CARTESIAN_POINT('',(2.299192118484,0.457916037962));
#1686 = CARTESIAN_POINT('',(2.30647076452,0.345830236926));
#1687 = CARTESIAN_POINT('',(2.312838529699,0.231932636902));
#1688 = CARTESIAN_POINT('',(2.318291612497,0.116580492908));
#1689 = CARTESIAN_POINT('',(2.322812496759,0.));
#1690 = ( GEOMETRIC_REPRESENTATION_CONTEXT(2) 
PARAMETRIC_REPRESENTATION_CONTEXT() REPRESENTATION_CONTEXT('2D SPACE',''
  ) );
#1691 = ORIENTED_EDGE('',*,*,#1692,.F.);
#1692 = EDGE_CURVE('',#902,#1442,#1693,.T.);
#1693 = SURFACE_CURVE('',#1694,(#1699,#1705),.PCURVE_S1.);
#1694 = CIRCLE('',#1695,5.);
#1695 = AXIS2_PLACEMENT_3D('',#1696,#1697,#1698);
#1696 = CARTESIAN_POINT('',(-10.5,18.186533479473,171.));
#1697 = DIRECTION('',(0.,0.,-1.));
#1698 = DIRECTION('',(1.,0.,0.));
#1699 = PCURVE('',#945,#1700);
#1700 = DEFINITIONAL_REPRESENTATION('',(#1701),#1704);
#1701 = B_SPLINE_CURVE_WITH_KNOTS('',1,(#1702,#1703),.UNSPECIFIED.,.F.,
  .F.,(2,2),(1.87541447257,2.703813468497),.PIECEWISE_BEZIER_KNOTS.);
#1702 = CARTESIAN_POINT('',(-10.69095614178,-3.));
#1703 = CARTESIAN_POINT('',(-9.862557145862,-3.));
#1704 = ( GEOMETRIC_REPRESENTATION_CONTEXT(2) 
PARAMETRIC_REPRESENTATION_CONTEXT() REPRESENTATION_CONTEXT('2D SPACE',''
  ) );
#1705 = PCURVE('',#918,#1706);
#1706 = DEFINITIONAL_REPRESENTATION('',(#1707),#1715);
#1707 = ( BOUNDED_CURVE() B_SPLINE_CURVE(2,(#1708,#1709,#1710,#1711,
#1712,#1713,#1714),.UNSPECIFIED.,.T.,.F.) B_SPLINE_CURVE_WITH_KNOTS((1,2
    ,2,2,2,1),(-2.094395102393,0.,2.094395102393,4.188790204786,
6.28318530718,8.377580409573),.UNSPECIFIED.) CURVE() 
GEOMETRIC_REPRESENTATION_ITEM() RATIONAL_B_SPLINE_CURVE((1.,0.5,1.,0.5,
1.,0.5,1.)) REPRESENTATION_ITEM('') );
#1708 = CARTESIAN_POINT('',(-5.5,18.186533479473));
#1709 = CARTESIAN_POINT('',(-5.5,9.526279441629));
#1710 = CARTESIAN_POINT('',(-13.,13.856406460551));
#1711 = CARTESIAN_POINT('',(-20.5,18.186533479473));
#1712 = CARTESIAN_POINT('',(-13.,22.516660498395));
#1713 = CARTESIAN_POINT('',(-5.5,26.846787517318));
#1714 = CARTESIAN_POINT('',(-5.5,18.186533479473));
#1715 = ( GEOMETRIC_REPRESENTATION_CONTEXT(2) 
PARAMETRIC_REPRESENTATION_CONTEXT() REPRESENTATION_CONTEXT('2D SPACE',''
  ) );
#1716 = ORIENTED_EDGE('',*,*,#930,.F.);
#1717 = ORIENTED_EDGE('',*,*,#1718,.F.);
#1718 = EDGE_CURVE('',#957,#931,#1719,.T.);
#1719 = SURFACE_CURVE('',#1720,(#1725,#1732),.PCURVE_S1.);
#1720 = CIRCLE('',#1721,5.);
#1721 = AXIS2_PLACEMENT_3D('',#1722,#1723,#1724);
#1722 = CARTESIAN_POINT('',(-10.5,18.186533479473,168.));
#1723 = DIRECTION('',(-0.,0.,1.));
#1724 = DIRECTION('',(0.976119399026,-0.217234709115,0.));
#1725 = PCURVE('',#945,#1726);
#1726 = DEFINITIONAL_REPRESENTATION('',(#1727),#1731);
#1727 = LINE('',#1728,#1729);
#1728 = CARTESIAN_POINT('',(-6.064204677356,0.));
#1729 = VECTOR('',#1730,1.);
#1730 = DIRECTION('',(-1.,0.));
#1731 = ( GEOMETRIC_REPRESENTATION_CONTEXT(2) 
PARAMETRIC_REPRESENTATION_CONTEXT() REPRESENTATION_CONTEXT('2D SPACE',''
  ) );
#1732 = PCURVE('',#973,#1733);
#1733 = DEFINITIONAL_REPRESENTATION('',(#1734),#1738);
#1734 = CIRCLE('',#1735,5.);
#1735 = AXIS2_PLACEMENT_2D('',#1736,#1737);
#1736 = CARTESIAN_POINT('',(0.,0.));
#1737 = DIRECTION('',(0.976119399026,-0.217234709115));
#1738 = ( GEOMETRIC_REPRESENTATION_CONTEXT(2) 
PARAMETRIC_REPRESENTATION_CONTEXT() REPRESENTATION_CONTEXT('2D SPACE',''
  ) );
#1739 = ORIENTED_EDGE('',*,*,#985,.T.);
#1740 = ADVANCED_FACE('',(#1741),#973,.F.);
#1741 = FACE_BOUND('',#1742,.F.);
#1742 = EDGE_LOOP('',(#1743,#1744));
#1743 = ORIENTED_EDGE('',*,*,#1718,.T.);
#1744 = ORIENTED_EDGE('',*,*,#956,.F.);
#1745 = ADVANCED_FACE('',(#1746),#918,.F.);
#1746 = FACE_BOUND('',#1747,.T.);
#1747 = EDGE_LOOP('',(#1748,#1749,#1750,#1777));
#1748 = ORIENTED_EDGE('',*,*,#1692,.F.);
#1749 = ORIENTED_EDGE('',*,*,#901,.T.);
#1750 = ORIENTED_EDGE('',*,*,#1751,.F.);
#1751 = EDGE_CURVE('',#1752,#881,#1754,.T.);
#1752 = VERTEX_POINT('',#1753);
#1753 = CARTESIAN_POINT('',(-15.02847682015,-16.06688782764,171.));
#1754 = SURFACE_CURVE('',#1755,(#1760,#1771),.PCURVE_S1.);
#1755 = CIRCLE('',#1756,5.);
#1756 = AXIS2_PLACEMENT_3D('',#1757,#1758,#1759);
#1757 = CARTESIAN_POINT('',(-10.5,-18.18653347947,171.));
#1758 = DIRECTION('',(0.,0.,-1.));
#1759 = DIRECTION('',(1.,0.,0.));
#1760 = PCURVE('',#918,#1761);
#1761 = DEFINITIONAL_REPRESENTATION('',(#1762),#1770);
#1762 = ( BOUNDED_CURVE() B_SPLINE_CURVE(2,(#1763,#1764,#1765,#1766,
#1767,#1768,#1769),.UNSPECIFIED.,.T.,.F.) B_SPLINE_CURVE_WITH_KNOTS((1,2
    ,2,2,2,1),(-2.094395102393,0.,2.094395102393,4.188790204786,
6.28318530718,8.377580409573),.UNSPECIFIED.) CURVE() 
GEOMETRIC_REPRESENTATION_ITEM() RATIONAL_B_SPLINE_CURVE((1.,0.5,1.,0.5,
1.,0.5,1.)) REPRESENTATION_ITEM('') );
#1763 = CARTESIAN_POINT('',(-5.5,-18.18653347947));
#1764 = CARTESIAN_POINT('',(-5.5,-26.84678751731));
#1765 = CARTESIAN_POINT('',(-13.,-22.51666049839));
#1766 = CARTESIAN_POINT('',(-20.5,-18.18653347947));
#1767 = CARTESIAN_POINT('',(-13.,-13.85640646055));
#1768 = CARTESIAN_POINT('',(-5.5,-9.526279441629));
#1769 = CARTESIAN_POINT('',(-5.5,-18.18653347947));
#1770 = ( GEOMETRIC_REPRESENTATION_CONTEXT(2) 
PARAMETRIC_REPRESENTATION_CONTEXT() REPRESENTATION_CONTEXT('2D SPACE',''
  ) );
#1771 = PCURVE('',#840,#1772);
#1772 = DEFINITIONAL_REPRESENTATION('',(#1773),#1776);
#1773 = B_SPLINE_CURVE_WITH_KNOTS('',1,(#1774,#1775),.UNSPECIFIED.,.F.,
  .F.,(2,2),(3.579371838682,4.40777083461),.PIECEWISE_BEZIER_KNOTS.);
#1774 = CARTESIAN_POINT('',(-2.703813468497,-3.));
#1775 = CARTESIAN_POINT('',(-1.87541447257,-3.));
#1776 = ( GEOMETRIC_REPRESENTATION_CONTEXT(2) 
PARAMETRIC_REPRESENTATION_CONTEXT() REPRESENTATION_CONTEXT('2D SPACE',''
  ) );
#1777 = ORIENTED_EDGE('',*,*,#1778,.F.);
#1778 = EDGE_CURVE('',#1442,#1752,#1779,.T.);
#1779 = SURFACE_CURVE('',#1780,(#1785,#1792),.PCURVE_S1.);
#1780 = CIRCLE('',#1781,22.);
#1781 = AXIS2_PLACEMENT_3D('',#1782,#1783,#1784);
#1782 = CARTESIAN_POINT('',(0.,0.,171.));
#1783 = DIRECTION('',(0.,0.,1.));
#1784 = DIRECTION('',(1.,0.,-0.));
#1785 = PCURVE('',#918,#1786);
#1786 = DEFINITIONAL_REPRESENTATION('',(#1787),#1791);
#1787 = CIRCLE('',#1788,22.);
#1788 = AXIS2_PLACEMENT_2D('',#1789,#1790);
#1789 = CARTESIAN_POINT('',(0.,0.));
#1790 = DIRECTION('',(1.,-0.));
#1791 = ( GEOMETRIC_REPRESENTATION_CONTEXT(2) 
PARAMETRIC_REPRESENTATION_CONTEXT() REPRESENTATION_CONTEXT('2D SPACE',''
  ) );
#1792 = PCURVE('',#1215,#1793);
#1793 = DEFINITIONAL_REPRESENTATION('',(#1794),#1798);
#1794 = LINE('',#1795,#1796);
#1795 = CARTESIAN_POINT('',(0.,0.));
#1796 = VECTOR('',#1797,1.);
#1797 = DIRECTION('',(1.,0.));
#1798 = ( GEOMETRIC_REPRESENTATION_CONTEXT(2) 
PARAMETRIC_REPRESENTATION_CONTEXT() REPRESENTATION_CONTEXT('2D SPACE',''
  ) );
#1799 = ADVANCED_FACE('',(#1800),#840,.T.);
#1800 = FACE_BOUND('',#1801,.F.);
#1801 = EDGE_LOOP('',(#1802,#1830,#1831,#1853,#1854,#1855));
#1802 = ORIENTED_EDGE('',*,*,#1803,.F.);
#1803 = EDGE_CURVE('',#797,#1804,#1806,.T.);
#1804 = VERTEX_POINT('',#1805);
#1805 = CARTESIAN_POINT('',(-6.400094608417,-21.04848662026,171.));
#1806 = SURFACE_CURVE('',#1807,(#1812,#1819),.PCURVE_S1.);
#1807 = CIRCLE('',#1808,5.);
#1808 = AXIS2_PLACEMENT_3D('',#1809,#1810,#1811);
#1809 = CARTESIAN_POINT('',(-10.5,-18.18653347947,171.));
#1810 = DIRECTION('',(0.,0.,-1.));
#1811 = DIRECTION('',(0.976119399026,0.217234709115,0.));
#1812 = PCURVE('',#840,#1813);
#1813 = DEFINITIONAL_REPRESENTATION('',(#1814),#1818);
#1814 = LINE('',#1815,#1816);
#1815 = CARTESIAN_POINT('',(-6.502165937003,-3.));
#1816 = VECTOR('',#1817,1.);
#1817 = DIRECTION('',(1.,-0.));
#1818 = ( GEOMETRIC_REPRESENTATION_CONTEXT(2) 
PARAMETRIC_REPRESENTATION_CONTEXT() REPRESENTATION_CONTEXT('2D SPACE',''
  ) );
#1819 = PCURVE('',#813,#1820);
#1820 = DEFINITIONAL_REPRESENTATION('',(#1821),#1829);
#1821 = ( BOUNDED_CURVE() B_SPLINE_CURVE(2,(#1822,#1823,#1824,#1825,
#1826,#1827,#1828),.UNSPECIFIED.,.T.,.F.) B_SPLINE_CURVE_WITH_KNOTS((1,2
    ,2,2,2,1),(-2.094395102393,0.,2.094395102393,4.188790204786,
6.28318530718,8.377580409573),.UNSPECIFIED.) CURVE() 
GEOMETRIC_REPRESENTATION_ITEM() RATIONAL_B_SPLINE_CURVE((1.,0.5,1.,0.5,
1.,0.5,1.)) REPRESENTATION_ITEM('') );
#1822 = CARTESIAN_POINT('',(-5.619403004868,-17.10035993389));
#1823 = CARTESIAN_POINT('',(-3.738095238095,-25.55380190073));
#1824 = CARTESIAN_POINT('',(-11.99964461418,-22.95634123567));
#1825 = CARTESIAN_POINT('',(-20.26119399026,-20.35888057062));
#1826 = CARTESIAN_POINT('',(-13.88095238095,-14.50289926884));
#1827 = CARTESIAN_POINT('',(-7.50071077164,-8.646917967062));
#1828 = CARTESIAN_POINT('',(-5.619403004868,-17.10035993389));
#1829 = ( GEOMETRIC_REPRESENTATION_CONTEXT(2) 
PARAMETRIC_REPRESENTATION_CONTEXT() REPRESENTATION_CONTEXT('2D SPACE',''
  ) );
#1830 = ORIENTED_EDGE('',*,*,#825,.F.);
#1831 = ORIENTED_EDGE('',*,*,#1832,.F.);
#1832 = EDGE_CURVE('',#852,#826,#1833,.T.);
#1833 = SURFACE_CURVE('',#1834,(#1839,#1846),.PCURVE_S1.);
#1834 = CIRCLE('',#1835,5.);
#1835 = AXIS2_PLACEMENT_3D('',#1836,#1837,#1838);
#1836 = CARTESIAN_POINT('',(-10.5,-18.18653347947,168.));
#1837 = DIRECTION('',(0.,0.,1.));
#1838 = DIRECTION('',(-0.299928922836,0.953961551241,0.));
#1839 = PCURVE('',#840,#1840);
#1840 = DEFINITIONAL_REPRESENTATION('',(#1841),#1845);
#1841 = LINE('',#1842,#1843);
#1842 = CARTESIAN_POINT('',(-1.87541447257,0.));
#1843 = VECTOR('',#1844,1.);
#1844 = DIRECTION('',(-1.,0.));
#1845 = ( GEOMETRIC_REPRESENTATION_CONTEXT(2) 
PARAMETRIC_REPRESENTATION_CONTEXT() REPRESENTATION_CONTEXT('2D SPACE',''
  ) );
#1846 = PCURVE('',#868,#1847);
#1847 = DEFINITIONAL_REPRESENTATION('',(#1848),#1852);
#1848 = CIRCLE('',#1849,5.);
#1849 = AXIS2_PLACEMENT_2D('',#1850,#1851);
#1850 = CARTESIAN_POINT('',(1.7763568394E-15,0.));
#1851 = DIRECTION('',(-0.299928922836,0.953961551241));
#1852 = ( GEOMETRIC_REPRESENTATION_CONTEXT(2) 
PARAMETRIC_REPRESENTATION_CONTEXT() REPRESENTATION_CONTEXT('2D SPACE',''
  ) );
#1853 = ORIENTED_EDGE('',*,*,#880,.T.);
#1854 = ORIENTED_EDGE('',*,*,#1751,.F.);
#1855 = ORIENTED_EDGE('',*,*,#1856,.T.);
#1856 = EDGE_CURVE('',#1752,#1804,#1857,.T.);
#1857 = SURFACE_CURVE('',#1858,(#1938,#2021),.PCURVE_S1.);
#1858 = B_SPLINE_CURVE_WITH_KNOTS('',8,(#1859,#1860,#1861,#1862,#1863,
    #1864,#1865,#1866,#1867,#1868,#1869,#1870,#1871,#1872,#1873,#1874,
    #1875,#1876,#1877,#1878,#1879,#1880,#1881,#1882,#1883,#1884,#1885,
    #1886,#1887,#1888,#1889,#1890,#1891,#1892,#1893,#1894,#1895,#1896,
    #1897,#1898,#1899,#1900,#1901,#1902,#1903,#1904,#1905,#1906,#1907,
    #1908,#1909,#1910,#1911,#1912,#1913,#1914,#1915,#1916,#1917,#1918,
    #1919,#1920,#1921,#1922,#1923,#1924,#1925,#1926,#1927,#1928,#1929,
    #1930,#1931,#1932,#1933,#1934,#1935,#1936,#1937),.UNSPECIFIED.,.F.,
  .F.,(9,7,7,7,7,7,7,7,7,7,7,9),(0.,0.213611499313,0.311635277227,
    0.385738888703,0.424342985877,0.500208533415,0.55217718234,
    0.576090066258,0.614176294073,0.688268765135,0.786276976385,1.),
  .UNSPECIFIED.);
#1859 = CARTESIAN_POINT('',(-15.02847682015,-16.06688782764,171.));
#1860 = CARTESIAN_POINT('',(-15.16513113643,-16.35884035429,
    171.11678744106));
#1861 = CARTESIAN_POINT('',(-15.28187368416,-16.66427901223,
    171.23234168807));
#1862 = CARTESIAN_POINT('',(-15.37751374411,-16.98295253042,
    171.34643583034));
#1863 = CARTESIAN_POINT('',(-15.45037837115,-17.31440664977,
    171.45871069528));
#1864 = CARTESIAN_POINT('',(-15.49844530549,-17.65790330725,
    171.56869057683));
#1865 = CARTESIAN_POINT('',(-15.51933510095,-18.01238999145,
    171.67578572363));
#1866 = CARTESIAN_POINT('',(-15.5103954724,-18.37645523467,
    171.77930106793));
#1867 = CARTESIAN_POINT('',(-15.449022571,-18.91912106734,
    171.92388406031));
#1868 = CARTESIAN_POINT('',(-15.42275040689,-19.09140339203,
    171.96841312472));
#1869 = CARTESIAN_POINT('',(-15.38920544003,-19.2650840775,
    172.01190711407));
#1870 = CARTESIAN_POINT('',(-15.34806590823,-19.43991596673,
    172.05426359445));
#1871 = CARTESIAN_POINT('',(-15.29900163917,-19.61559413848,
    172.09536495437));
#1872 = CARTESIAN_POINT('',(-15.24168213404,-19.79175496102,
    172.1350795922));
#1873 = CARTESIAN_POINT('',(-15.17578465111,-19.96797514575,
    172.17326310365));
#1874 = CARTESIAN_POINT('',(-15.04446862799,-20.27666807553,
    172.23734984114));
#1875 = CARTESIAN_POINT('',(-14.98286249845,-20.40931049656,
    172.26397343506));
#1876 = CARTESIAN_POINT('',(-14.91605624657,-20.5414809131,
    172.28956133473));
#1877 = CARTESIAN_POINT('',(-14.84393527005,-20.67292948102,
    172.31403842332));
#1878 = CARTESIAN_POINT('',(-14.7664035467,-20.80337467444,
    172.33732452644));
#1879 = CARTESIAN_POINT('',(-14.68339071469,-20.93250488662,
    172.35933583141));
#1880 = CARTESIAN_POINT('',(-14.5948607048,-21.0599806202,
    172.37998658281));
#1881 = CARTESIAN_POINT('',(-14.45183264989,-21.25079360339,
    172.40919557723));
#1882 = CARTESIAN_POINT('',(-14.4013492299,-21.31560083235,
    172.41880742232));
#1883 = CARTESIAN_POINT('',(-14.34937377756,-21.37980644669,
    172.42801435433));
#1884 = CARTESIAN_POINT('',(-14.2959117768,-21.44335612454,
    172.43680416787));
#1885 = CARTESIAN_POINT('',(-14.24097253289,-21.50619397626,
    172.44516480689));
#1886 = CARTESIAN_POINT('',(-14.18456962251,-21.56826279165,
    172.45308448425));
#1887 = CARTESIAN_POINT('',(-14.12672134381,-21.6295042871,
    172.46055180123));
#1888 = CARTESIAN_POINT('',(-13.95097222301,-21.8084703407,
    172.48132039815));
#1889 = CARTESIAN_POINT('',(-13.82897809613,-21.92368212266,
    172.49329865216));
#1890 = CARTESIAN_POINT('',(-13.70167090705,-22.03501545462,
    172.50340344142));
#1891 = CARTESIAN_POINT('',(-13.56931113868,-22.14201218002,
    172.51156126076));
#1892 = CARTESIAN_POINT('',(-13.43222058902,-22.24423896807,
    172.51771304707));
#1893 = CARTESIAN_POINT('',(-13.2907876123,-22.3412936589,
    172.52181618717));
#1894 = CARTESIAN_POINT('',(-13.14547464793,-22.43281421567,
    172.523847774));
#1895 = CARTESIAN_POINT('',(-12.89500364153,-22.57717923581,
    172.52378262681));
#1896 = CARTESIAN_POINT('',(-12.79160033522,-22.63313409928,
    172.52278467593));
#1897 = CARTESIAN_POINT('',(-12.68678722612,-22.68625741145,
    172.52081531402));
#1898 = CARTESIAN_POINT('',(-12.58073593796,-22.73647073375,
    172.51787948286));
#1899 = CARTESIAN_POINT('',(-12.47362009488,-22.78371359931,
    172.51398669556));
#1900 = CARTESIAN_POINT('',(-12.3656148059,-22.82794246068,
    172.50915072158));
#1901 = CARTESIAN_POINT('',(-12.25689614944,-22.86912963756,
    172.50338927172));
#1902 = CARTESIAN_POINT('',(-12.0973677733,-22.92480863344,
    172.49365657544));
#1903 = CARTESIAN_POINT('',(-12.04698011039,-22.94170862115,
    172.49039796119));
#1904 = CARTESIAN_POINT('',(-11.99649429036,-22.95796124631,
    172.48694990128));
#1905 = CARTESIAN_POINT('',(-11.94592659975,-22.97356618864,
    172.48331456799));
#1906 = CARTESIAN_POINT('',(-11.89529299044,-22.98852378895,
    172.47949424507));
#1907 = CARTESIAN_POINT('',(-11.84460907957,-23.00283504917,
    172.47549132773));
#1908 = CARTESIAN_POINT('',(-11.79389014961,-23.01650163232,
    172.47130832261));
#1909 = CARTESIAN_POINT('',(-11.66233876415,-23.05026965072,
    172.46000288729));
#1910 = CARTESIAN_POINT('',(-11.58147512371,-23.06938392592,
    172.45260767609));
#1911 = CARTESIAN_POINT('',(-11.50062050118,-23.08687776152,
    172.44477270141));
#1912 = CARTESIAN_POINT('',(-11.41983203769,-23.10276406268,
    172.43650892619));
#1913 = CARTESIAN_POINT('',(-11.33916375212,-23.11705908642,
    172.42782767749));
#1914 = CARTESIAN_POINT('',(-11.2586665519,-23.12978196169,
    172.41874053474));
#1915 = CARTESIAN_POINT('',(-11.17838824384,-23.14095420945,
    172.40925921812));
#1916 = CARTESIAN_POINT('',(-10.94271395086,-23.16936262874,
    172.38020667781));
#1917 = CARTESIAN_POINT('',(-10.78805731594,-23.18234564982,
    172.35957123816));
#1918 = CARTESIAN_POINT('',(-10.6347238226,-23.189723101,172.33757485602
    ));
#1919 = CARTESIAN_POINT('',(-10.48298966434,-23.19169577596,
    172.3143032713));
#1920 = CARTESIAN_POINT('',(-10.33308972876,-23.18848026788,
    172.28984029131));
#1921 = CARTESIAN_POINT('',(-10.18522001505,-23.18030039125,
    172.26426609329));
#1922 = CARTESIAN_POINT('',(-10.03953978581,-23.16738024447,
    172.23765580383));
#1923 = CARTESIAN_POINT('',(-9.706531002744,-23.12686782893,
    172.17359939331));
#1924 = CARTESIAN_POINT('',(-9.520960408647,-23.09588854775,
    172.13543264208));
#1925 = CARTESIAN_POINT('',(-9.339727660306,-23.05750869561,
    172.0957341493));
#1926 = CARTESIAN_POINT('',(-9.163038287496,-23.01221937382,
    172.05464835327));
#1927 = CARTESIAN_POINT('',(-8.991042226113,-22.96048861887,
    172.01230689298));
#1928 = CARTESIAN_POINT('',(-8.823838683681,-22.90275486215,
    171.96882741838));
#1929 = CARTESIAN_POINT('',(-8.661481004867,-22.83942038957,
    171.92431240069));
#1930 = CARTESIAN_POINT('',(-8.160528044002,-22.62130445268,
    171.77970521452));
#1931 = CARTESIAN_POINT('',(-7.840512316617,-22.44698710483,
    171.67614412876));
#1932 = CARTESIAN_POINT('',(-7.543732624468,-22.25159392326,
    171.56899721888));
#1933 = CARTESIAN_POINT('',(-7.270085699149,-22.03813374672,
    171.45896105659));
#1934 = CARTESIAN_POINT('',(-7.019293042241,-21.8091987716,
    171.34662663036));
#1935 = CARTESIAN_POINT('',(-6.790982074794,-21.56691341124,
    171.23247056717));
#1936 = CARTESIAN_POINT('',(-6.58470877024,-21.31295656794,
    171.11685264514));
#1937 = CARTESIAN_POINT('',(-6.400094608417,-21.04848662026,171.));
#1938 = PCURVE('',#840,#1939);
#1939 = DEFINITIONAL_REPRESENTATION('',(#1940),#2020);
#1940 = B_SPLINE_CURVE_WITH_KNOTS('',8,(#1941,#1942,#1943,#1944,#1945,
    #1946,#1947,#1948,#1949,#1950,#1951,#1952,#1953,#1954,#1955,#1956,
    #1957,#1958,#1959,#1960,#1961,#1962,#1963,#1964,#1965,#1966,#1967,
    #1968,#1969,#1970,#1971,#1972,#1973,#1974,#1975,#1976,#1977,#1978,
    #1979,#1980,#1981,#1982,#1983,#1984,#1985,#1986,#1987,#1988,#1989,
    #1990,#1991,#1992,#1993,#1994,#1995,#1996,#1997,#1998,#1999,#2000,
    #2001,#2002,#2003,#2004,#2005,#2006,#2007,#2008,#2009,#2010,#2011,
    #2012,#2013,#2014,#2015,#2016,#2017,#2018,#2019),.UNSPECIFIED.,.F.,
  .F.,(9,7,7,7,7,7,7,7,7,7,7,9),(0.,0.213611499313,0.311635277227,
    0.385738888703,0.424342985877,0.500208533415,0.55217718234,
    0.576090066258,0.614176294073,0.688268765135,0.786276976385,1.),
  .UNSPECIFIED.);
#1941 = CARTESIAN_POINT('',(-2.703813468497,-3.000000000001));
#1942 = CARTESIAN_POINT('',(-2.768283827571,-3.116787441063));
#1943 = CARTESIAN_POINT('',(-2.833508856209,-3.232341688078));
#1944 = CARTESIAN_POINT('',(-2.899750105061,-3.346435830345));
#1945 = CARTESIAN_POINT('',(-2.967233071327,-3.458710695283));
#1946 = CARTESIAN_POINT('',(-3.036169862039,-3.568690576835));
#1947 = CARTESIAN_POINT('',(-3.106787871756,-3.675785723634));
#1948 = CARTESIAN_POINT('',(-3.179340637308,-3.779301067939));
#1949 = CARTESIAN_POINT('',(-3.288565696517,-3.923884060312));
#1950 = CARTESIAN_POINT('',(-3.323394416905,-3.968413124725));
#1951 = CARTESIAN_POINT('',(-3.358726214585,-4.011907114077));
#1952 = CARTESIAN_POINT('',(-3.394588231657,-4.054263594456));
#1953 = CARTESIAN_POINT('',(-3.431004759472,-4.09536495437));
#1954 = CARTESIAN_POINT('',(-3.467997960031,-4.135079592201));
#1955 = CARTESIAN_POINT('',(-3.505588587384,-4.173263103651));
#1956 = CARTESIAN_POINT('',(-3.572681127304,-4.23734984114));
#1957 = CARTESIAN_POINT('',(-3.601915758004,-4.263973435062));
#1958 = CARTESIAN_POINT('',(-3.631507375617,-4.289561334731));
#1959 = CARTESIAN_POINT('',(-3.661459395923,-4.314038423323));
#1960 = CARTESIAN_POINT('',(-3.691772018973,-4.337324526443));
#1961 = CARTESIAN_POINT('',(-3.722441995838,-4.359335831414));
#1962 = CARTESIAN_POINT('',(-3.753462019142,-4.379986582817));
#1963 = CARTESIAN_POINT('',(-3.801155464834,-4.409195577235));
#1964 = CARTESIAN_POINT('',(-3.817582552,-4.418807422325));
#1965 = CARTESIAN_POINT('',(-3.83409897559,-4.428014354337));
#1966 = CARTESIAN_POINT('',(-3.850702346352,-4.436804167875));
#1967 = CARTESIAN_POINT('',(-3.86738986084,-4.445164806895));
#1968 = CARTESIAN_POINT('',(-3.884158253197,-4.453084484251));
#1969 = CARTESIAN_POINT('',(-3.901003746941,-4.460551801237));
#1970 = CARTESIAN_POINT('',(-3.951170110892,-4.481320398158));
#1971 = CARTESIAN_POINT('',(-3.984706003349,-4.493298652169));
#1972 = CARTESIAN_POINT('',(-4.018489028385,-4.503403441426));
#1973 = CARTESIAN_POINT('',(-4.05247730307,-4.511561260763));
#1974 = CARTESIAN_POINT('',(-4.086626596927,-4.517713047075));
#1975 = CARTESIAN_POINT('',(-4.120888605701,-4.521816187173));
#1976 = CARTESIAN_POINT('',(-4.155208619234,-4.523847774002));
#1977 = CARTESIAN_POINT('',(-4.213027987644,-4.523782626818));
#1978 = CARTESIAN_POINT('',(-4.236533911181,-4.522784675938));
#1979 = CARTESIAN_POINT('',(-4.260021138549,-4.520815314028));
#1980 = CARTESIAN_POINT('',(-4.283471862969,-4.517879482867));
#1981 = CARTESIAN_POINT('',(-4.306869370874,-4.513986695566));
#1982 = CARTESIAN_POINT('',(-4.3301977264,-4.50915072158));
#1983 = CARTESIAN_POINT('',(-4.353441455875,-4.503389271724));
#1984 = CARTESIAN_POINT('',(-4.387234622862,-4.493656575442));
#1985 = CARTESIAN_POINT('',(-4.397863082458,-4.490397961199));
#1986 = CARTESIAN_POINT('',(-4.408469257042,-4.486949901286));
#1987 = CARTESIAN_POINT('',(-4.419051859664,-4.483314567997));
#1988 = CARTESIAN_POINT('',(-4.429609670479,-4.479494245078));
#1989 = CARTESIAN_POINT('',(-4.440141536743,-4.475491327733));
#1990 = CARTESIAN_POINT('',(-4.450646372813,-4.471308322619));
#1991 = CARTESIAN_POINT('',(-4.477809617156,-4.460002887295));
#1992 = CARTESIAN_POINT('',(-4.494424971607,-4.452607676095));
#1993 = CARTESIAN_POINT('',(-4.510965086899,-4.444772701413));
#1994 = CARTESIAN_POINT('',(-4.52742635467,-4.436508926197));
#1995 = CARTESIAN_POINT('',(-4.543805649768,-4.427827677493));
#1996 = CARTESIAN_POINT('',(-4.560100285233,-4.418740534749));
#1997 = CARTESIAN_POINT('',(-4.576307967268,-4.409259218123));
#1998 = CARTESIAN_POINT('',(-4.623784028882,-4.380206677817));
#1999 = CARTESIAN_POINT('',(-4.654803800747,-4.359571238167));
#2000 = CARTESIAN_POINT('',(-4.68547367721,-4.337574856029));
#2001 = CARTESIAN_POINT('',(-4.715786319652,-4.314303271309));
#2002 = CARTESIAN_POINT('',(-4.745738452033,-4.289840291316));
#2003 = CARTESIAN_POINT('',(-4.77533025017,-4.264266093296));
#2004 = CARTESIAN_POINT('',(-4.804565107673,-4.237655803833));
#2005 = CARTESIAN_POINT('',(-4.871657910689,-4.173599393317));
#2006 = CARTESIAN_POINT('',(-4.909248606719,-4.135432642086));
#2007 = CARTESIAN_POINT('',(-4.94624189394,-4.095734149304));
#2008 = CARTESIAN_POINT('',(-4.982658495103,-4.054648353272));
#2009 = CARTESIAN_POINT('',(-5.018520548289,-4.01230689298));
#2010 = CARTESIAN_POINT('',(-5.053852326802,-3.968827418387));
#2011 = CARTESIAN_POINT('',(-5.088680959044,-3.924312400698));
#2012 = CARTESIAN_POINT('',(-5.197956469737,-3.779705214522));
#2013 = CARTESIAN_POINT('',(-5.270556195169,-3.67614412876));
#2014 = CARTESIAN_POINT('',(-5.341218338393,-3.568997218882));
#2015 = CARTESIAN_POINT('',(-5.410196854501,-3.458961056599));
#2016 = CARTESIAN_POINT('',(-5.477719525935,-3.346626630363));
#2017 = CARTESIAN_POINT('',(-5.543998804556,-3.232470567178));
#2018 = CARTESIAN_POINT('',(-5.609260587288,-3.116852645144));
#2019 = CARTESIAN_POINT('',(-5.673766941075,-3.));
#2020 = ( GEOMETRIC_REPRESENTATION_CONTEXT(2) 
PARAMETRIC_REPRESENTATION_CONTEXT() REPRESENTATION_CONTEXT('2D SPACE',''
  ) );
#2021 = PCURVE('',#1215,#2022);
#2022 = DEFINITIONAL_REPRESENTATION('',(#2023),#2103);
#2023 = B_SPLINE_CURVE_WITH_KNOTS('',8,(#2024,#2025,#2026,#2027,#2028,
    #2029,#2030,#2031,#2032,#2033,#2034,#2035,#2036,#2037,#2038,#2039,
    #2040,#2041,#2042,#2043,#2044,#2045,#2046,#2047,#2048,#2049,#2050,
    #2051,#2052,#2053,#2054,#2055,#2056,#2057,#2058,#2059,#2060,#2061,
    #2062,#2063,#2064,#2065,#2066,#2067,#2068,#2069,#2070,#2071,#2072,
    #2073,#2074,#2075,#2076,#2077,#2078,#2079,#2080,#2081,#2082,#2083,
    #2084,#2085,#2086,#2087,#2088,#2089,#2090,#2091,#2092,#2093,#2094,
    #2095,#2096,#2097,#2098,#2099,#2100,#2101,#2102),.UNSPECIFIED.,.F.,
  .F.,(9,7,7,7,7,7,7,7,7,7,7,9),(0.,0.213611499313,0.311635277227,
    0.385738888703,0.424342985877,0.500208533415,0.55217718234,
    0.576090066258,0.614176294073,0.688268765135,0.786276976385,1.),
  .UNSPECIFIED.);
#2024 = CARTESIAN_POINT('',(3.96037281042,6.365337300156E-14));
#2025 = CARTESIAN_POINT('',(3.964901719942,0.116787441062));
#2026 = CARTESIAN_POINT('',(3.97036612198,0.232341688078));
#2027 = CARTESIAN_POINT('',(3.976748411317,0.346435830344));
#2028 = CARTESIAN_POINT('',(3.984044809135,0.458710695283));
#2029 = CARTESIAN_POINT('',(3.992258252791,0.568690576834));
#2030 = CARTESIAN_POINT('',(4.001399665472,0.675785723634));
#2031 = CARTESIAN_POINT('',(4.011486697825,0.779301067939));
#2032 = CARTESIAN_POINT('',(4.027643128894,0.923884060312));
#2033 = CARTESIAN_POINT('',(4.032930737049,0.968413124724));
#2034 = CARTESIAN_POINT('',(4.038426961917,1.011907114077));
#2035 = CARTESIAN_POINT('',(4.044134297136,1.054263594456));
#2036 = CARTESIAN_POINT('',(4.050054708293,1.09536495437));
#2037 = CARTESIAN_POINT('',(4.056189568227,1.135079592201));
#2038 = CARTESIAN_POINT('',(4.062539592333,1.173263103651));
#2039 = CARTESIAN_POINT('',(4.07406789274,1.237349841139));
#2040 = CARTESIAN_POINT('',(4.079153517069,1.263973435061));
#2041 = CARTESIAN_POINT('',(4.084361309804,1.289561334731));
#2042 = CARTESIAN_POINT('',(4.089690150221,1.314038423323));
#2043 = CARTESIAN_POINT('',(4.095138073993,1.337324526443));
#2044 = CARTESIAN_POINT('',(4.100702157453,1.359335831414));
#2045 = CARTESIAN_POINT('',(4.106378346067,1.379986582816));
#2046 = CARTESIAN_POINT('',(4.115173804995,1.409195577234));
#2047 = CARTESIAN_POINT('',(4.118215284852,1.418807422325));
#2048 = CARTESIAN_POINT('',(4.121284849945,1.428014354337));
#2049 = CARTESIAN_POINT('',(4.124381582811,1.436804167874));
#2050 = CARTESIAN_POINT('',(4.127504455513,1.445164806894));
#2051 = CARTESIAN_POINT('',(4.1306523199,1.453084484251));
#2052 = CARTESIAN_POINT('',(4.13382389787,1.460551801237));
#2053 = CARTESIAN_POINT('',(4.143294436525,1.481320398157));
#2054 = CARTESIAN_POINT('',(4.149658487374,1.493298652169));
#2055 = CARTESIAN_POINT('',(4.156097722561,1.503403441426));
#2056 = CARTESIAN_POINT('',(4.162599171724,1.511561260763));
#2057 = CARTESIAN_POINT('',(4.169148963922,1.517713047074));
#2058 = CARTESIAN_POINT('',(4.175732111326,1.521816187173));
#2059 = CARTESIAN_POINT('',(4.182332208438,1.523847774001));
#2060 = CARTESIAN_POINT('',(4.193451316266,1.523782626817));
#2061 = CARTESIAN_POINT('',(4.197971642075,1.522784675938));
#2062 = CARTESIAN_POINT('',(4.202486435012,1.520815314028));
#2063 = CARTESIAN_POINT('',(4.206990381154,1.517879482867));
#2064 = CARTESIAN_POINT('',(4.211478404534,1.513986695565));
#2065 = CARTESIAN_POINT('',(4.215945629782,1.50915072158));
#2066 = CARTESIAN_POINT('',(4.220387344756,1.503389271723));
#2067 = CARTESIAN_POINT('',(4.226828927823,1.493656575442));
#2068 = CARTESIAN_POINT('',(4.228852564445,1.490397961199));
#2069 = CARTESIAN_POINT('',(4.230869452045,1.486949901286));
#2070 = CARTESIAN_POINT('',(4.232879186916,1.483314567997));
#2071 = CARTESIAN_POINT('',(4.234881382654,1.479494245078));
#2072 = CARTESIAN_POINT('',(4.236875670159,1.475491327733));
#2073 = CARTESIAN_POINT('',(4.238861697632,1.471308322618));
#2074 = CARTESIAN_POINT('',(4.243988602717,1.460002887295));
#2075 = CARTESIAN_POINT('',(4.247116282785,1.452607676095));
#2076 = CARTESIAN_POINT('',(4.250220815985,1.444772701412));
#2077 = CARTESIAN_POINT('',(4.253300979644,1.436508926196));
#2078 = CARTESIAN_POINT('',(4.256355674097,1.427827677493));
#2079 = CARTESIAN_POINT('',(4.259383913588,1.418740534749));
#2080 = CARTESIAN_POINT('',(4.262384817157,1.409259218123));
#2081 = CARTESIAN_POINT('',(4.27114081318,1.380206677816));
#2082 = CARTESIAN_POINT('',(4.276817404294,1.359571238167));
#2083 = CARTESIAN_POINT('',(4.282381951468,1.337574856029));
#2084 = CARTESIAN_POINT('',(4.287830392669,1.314303271309));
#2085 = CARTESIAN_POINT('',(4.293159797658,1.289840291316));
#2086 = CARTESIAN_POINT('',(4.298368196293,1.264266093296));
#2087 = CARTESIAN_POINT('',(4.303454462694,1.237655803833));
#2088 = CARTESIAN_POINT('',(4.314984272412,1.173599393316));
#2089 = CARTESIAN_POINT('',(4.321335191471,1.135432642086));
#2090 = CARTESIAN_POINT('',(4.327470996661,1.095734149304));
#2091 = CARTESIAN_POINT('',(4.333392396581,1.054648353271));
#2092 = CARTESIAN_POINT('',(4.339100759246,1.012306892979));
#2093 = CARTESIAN_POINT('',(4.344598047089,0.968827418386));
#2094 = CARTESIAN_POINT('',(4.349886751973,0.924312400698));
#2095 = CARTESIAN_POINT('',(4.366054318244,0.779705214521));
#2096 = CARTESIAN_POINT('',(4.376150146992,0.676144128759));
#2097 = CARTESIAN_POINT('',(4.385299255165,0.568997218885));
#2098 = CARTESIAN_POINT('',(4.393519329111,0.458961056593));
#2099 = CARTESIAN_POINT('',(4.400821323613,0.346626630368));
#2100 = CARTESIAN_POINT('',(4.407208191451,0.232470567175));
#2101 = CARTESIAN_POINT('',(4.412676161077,0.116852645144));
#2102 = CARTESIAN_POINT('',(4.417207599153,0.));
#2103 = ( GEOMETRIC_REPRESENTATION_CONTEXT(2) 
PARAMETRIC_REPRESENTATION_CONTEXT() REPRESENTATION_CONTEXT('2D SPACE',''
  ) );
#2104 = ADVANCED_FACE('',(#2105),#868,.F.);
#2105 = FACE_BOUND('',#2106,.F.);
#2106 = EDGE_LOOP('',(#2107,#2108));
#2107 = ORIENTED_EDGE('',*,*,#1832,.T.);
#2108 = ORIENTED_EDGE('',*,*,#851,.F.);
#2109 = ADVANCED_FACE('',(#2110),#813,.F.);
#2110 = FACE_BOUND('',#2111,.T.);
#2111 = EDGE_LOOP('',(#2112,#2113,#2114,#2115));
#2112 = ORIENTED_EDGE('',*,*,#1803,.F.);
#2113 = ORIENTED_EDGE('',*,*,#796,.T.);
#2114 = ORIENTED_EDGE('',*,*,#1114,.F.);
#2115 = ORIENTED_EDGE('',*,*,#2116,.F.);
#2116 = EDGE_CURVE('',#1804,#1115,#2117,.T.);
#2117 = SURFACE_CURVE('',#2118,(#2123,#2130),.PCURVE_S1.);
#2118 = CIRCLE('',#2119,22.);
#2119 = AXIS2_PLACEMENT_3D('',#2120,#2121,#2122);
#2120 = CARTESIAN_POINT('',(0.,0.,171.));
#2121 = DIRECTION('',(0.,0.,1.));
#2122 = DIRECTION('',(1.,0.,-0.));
#2123 = PCURVE('',#813,#2124);
#2124 = DEFINITIONAL_REPRESENTATION('',(#2125),#2129);
#2125 = CIRCLE('',#2126,22.);
#2126 = AXIS2_PLACEMENT_2D('',#2127,#2128);
#2127 = CARTESIAN_POINT('',(0.,0.));
#2128 = DIRECTION('',(1.,-0.));
#2129 = ( GEOMETRIC_REPRESENTATION_CONTEXT(2) 
PARAMETRIC_REPRESENTATION_CONTEXT() REPRESENTATION_CONTEXT('2D SPACE',''
  ) );
#2130 = PCURVE('',#1215,#2131);
#2131 = DEFINITIONAL_REPRESENTATION('',(#2132),#2136);
#2132 = LINE('',#2133,#2134);
#2133 = CARTESIAN_POINT('',(0.,0.));
#2134 = VECTOR('',#2135,1.);
#2135 = DIRECTION('',(1.,0.));
#2136 = ( GEOMETRIC_REPRESENTATION_CONTEXT(2) 
PARAMETRIC_REPRESENTATION_CONTEXT() REPRESENTATION_CONTEXT('2D SPACE',''
  ) );
#2137 = ADVANCED_FACE('',(#2138),#1215,.T.);
#2138 = FACE_BOUND('',#2139,.T.);
#2139 = EDGE_LOOP('',(#2140,#2141,#2164,#2191,#2192,#2193,#2194,#2195,
    #2196,#2197));
#2140 = ORIENTED_EDGE('',*,*,#1141,.T.);
#2141 = ORIENTED_EDGE('',*,*,#2142,.T.);
#2142 = EDGE_CURVE('',#1142,#2143,#2145,.T.);
#2143 = VERTEX_POINT('',#2144);
#2144 = CARTESIAN_POINT('',(64.,0.,187.));
#2145 = SEAM_CURVE('',#2146,(#2150,#2157),.PCURVE_S1.);
#2146 = LINE('',#2147,#2148);
#2147 = CARTESIAN_POINT('',(22.,0.,171.));
#2148 = VECTOR('',#2149,1.);
#2149 = DIRECTION('',(0.934487734929,0.,0.355995327592));
#2150 = PCURVE('',#1215,#2151);
#2151 = DEFINITIONAL_REPRESENTATION('',(#2152),#2156);
#2152 = LINE('',#2153,#2154);
#2153 = CARTESIAN_POINT('',(0.,0.));
#2154 = VECTOR('',#2155,1.);
#2155 = DIRECTION('',(0.,1.));
#2156 = ( GEOMETRIC_REPRESENTATION_CONTEXT(2) 
PARAMETRIC_REPRESENTATION_CONTEXT() REPRESENTATION_CONTEXT('2D SPACE',''
  ) );
#2157 = PCURVE('',#1215,#2158);
#2158 = DEFINITIONAL_REPRESENTATION('',(#2159),#2163);
#2159 = LINE('',#2160,#2161);
#2160 = CARTESIAN_POINT('',(6.28318530718,0.));
#2161 = VECTOR('',#2162,1.);
#2162 = DIRECTION('',(0.,1.));
#2163 = ( GEOMETRIC_REPRESENTATION_CONTEXT(2) 
PARAMETRIC_REPRESENTATION_CONTEXT() REPRESENTATION_CONTEXT('2D SPACE',''
  ) );
#2164 = ORIENTED_EDGE('',*,*,#2165,.F.);
#2165 = EDGE_CURVE('',#2143,#2143,#2166,.T.);
#2166 = SURFACE_CURVE('',#2167,(#2172,#2179),.PCURVE_S1.);
#2167 = CIRCLE('',#2168,64.);
#2168 = AXIS2_PLACEMENT_3D('',#2169,#2170,#2171);
#2169 = CARTESIAN_POINT('',(0.,0.,187.));
#2170 = DIRECTION('',(0.,0.,1.));
#2171 = DIRECTION('',(1.,0.,-0.));
#2172 = PCURVE('',#1215,#2173);
#2173 = DEFINITIONAL_REPRESENTATION('',(#2174),#2178);
#2174 = LINE('',#2175,#2176);
#2175 = CARTESIAN_POINT('',(0.,16.));
#2176 = VECTOR('',#2177,1.);
#2177 = DIRECTION('',(1.,0.));
#2178 = ( GEOMETRIC_REPRESENTATION_CONTEXT(2) 
PARAMETRIC_REPRESENTATION_CONTEXT() REPRESENTATION_CONTEXT('2D SPACE',''
  ) );
#2179 = PCURVE('',#2180,#2185);
#2180 = CYLINDRICAL_SURFACE('',#2181,64.);
#2181 = AXIS2_PLACEMENT_3D('',#2182,#2183,#2184);
#2182 = CARTESIAN_POINT('',(0.,0.,187.));
#2183 = DIRECTION('',(0.,0.,1.));
#2184 = DIRECTION('',(1.,0.,-0.));
#2185 = DEFINITIONAL_REPRESENTATION('',(#2186),#2190);
#2186 = LINE('',#2187,#2188);
#2187 = CARTESIAN_POINT('',(0.,0.));
#2188 = VECTOR('',#2189,1.);
#2189 = DIRECTION('',(1.,0.));
#2190 = ( GEOMETRIC_REPRESENTATION_CONTEXT(2) 
PARAMETRIC_REPRESENTATION_CONTEXT() REPRESENTATION_CONTEXT('2D SPACE',''
  ) );
#2191 = ORIENTED_EDGE('',*,*,#2142,.F.);
#2192 = ORIENTED_EDGE('',*,*,#1256,.T.);
#2193 = ORIENTED_EDGE('',*,*,#1415,.T.);
#2194 = ORIENTED_EDGE('',*,*,#1441,.T.);
#2195 = ORIENTED_EDGE('',*,*,#1778,.T.);
#2196 = ORIENTED_EDGE('',*,*,#1856,.T.);
#2197 = ORIENTED_EDGE('',*,*,#2116,.T.);
#2198 = ADVANCED_FACE('',(#2199),#2180,.T.);
#2199 = FACE_BOUND('',#2200,.T.);
#2200 = EDGE_LOOP('',(#2201,#2202,#2225,#2252));
#2201 = ORIENTED_EDGE('',*,*,#2165,.T.);
#2202 = ORIENTED_EDGE('',*,*,#2203,.T.);
#2203 = EDGE_CURVE('',#2143,#2204,#2206,.T.);
#2204 = VERTEX_POINT('',#2205);
#2205 = CARTESIAN_POINT('',(64.,0.,195.));
#2206 = SEAM_CURVE('',#2207,(#2211,#2218),.PCURVE_S1.);
#2207 = LINE('',#2208,#2209);
#2208 = CARTESIAN_POINT('',(64.,0.,187.));
#2209 = VECTOR('',#2210,1.);
#2210 = DIRECTION('',(0.,0.,1.));
#2211 = PCURVE('',#2180,#2212);
#2212 = DEFINITIONAL_REPRESENTATION('',(#2213),#2217);
#2213 = LINE('',#2214,#2215);
#2214 = CARTESIAN_POINT('',(0.,0.));
#2215 = VECTOR('',#2216,1.);
#2216 = DIRECTION('',(0.,1.));
#2217 = ( GEOMETRIC_REPRESENTATION_CONTEXT(2) 
PARAMETRIC_REPRESENTATION_CONTEXT() REPRESENTATION_CONTEXT('2D SPACE',''
  ) );
#2218 = PCURVE('',#2180,#2219);
#2219 = DEFINITIONAL_REPRESENTATION('',(#2220),#2224);
#2220 = LINE('',#2221,#2222);
#2221 = CARTESIAN_POINT('',(6.28318530718,0.));
#2222 = VECTOR('',#2223,1.);
#2223 = DIRECTION('',(0.,1.));
#2224 = ( GEOMETRIC_REPRESENTATION_CONTEXT(2) 
PARAMETRIC_REPRESENTATION_CONTEXT() REPRESENTATION_CONTEXT('2D SPACE',''
  ) );
#2225 = ORIENTED_EDGE('',*,*,#2226,.F.);
#2226 = EDGE_CURVE('',#2204,#2204,#2227,.T.);
#2227 = SURFACE_CURVE('',#2228,(#2233,#2240),.PCURVE_S1.);
#2228 = CIRCLE('',#2229,64.);
#2229 = AXIS2_PLACEMENT_3D('',#2230,#2231,#2232);
#2230 = CARTESIAN_POINT('',(0.,0.,195.));
#2231 = DIRECTION('',(0.,0.,1.));
#2232 = DIRECTION('',(1.,0.,-0.));
#2233 = PCURVE('',#2180,#2234);
#2234 = DEFINITIONAL_REPRESENTATION('',(#2235),#2239);
#2235 = LINE('',#2236,#2237);
#2236 = CARTESIAN_POINT('',(0.,8.));
#2237 = VECTOR('',#2238,1.);
#2238 = DIRECTION('',(1.,0.));
#2239 = ( GEOMETRIC_REPRESENTATION_CONTEXT(2) 
PARAMETRIC_REPRESENTATION_CONTEXT() REPRESENTATION_CONTEXT('2D SPACE',''
  ) );
#2240 = PCURVE('',#2241,#2246);
#2241 = PLANE('',#2242);
#2242 = AXIS2_PLACEMENT_3D('',#2243,#2244,#2245);
#2243 = CARTESIAN_POINT('',(0.,0.,195.));
#2244 = DIRECTION('',(0.,0.,1.));
#2245 = DIRECTION('',(1.,0.,-0.));
#2246 = DEFINITIONAL_REPRESENTATION('',(#2247),#2251);
#2247 = CIRCLE('',#2248,64.);
#2248 = AXIS2_PLACEMENT_2D('',#2249,#2250);
#2249 = CARTESIAN_POINT('',(0.,0.));
#2250 = DIRECTION('',(1.,0.));
#2251 = ( GEOMETRIC_REPRESENTATION_CONTEXT(2) 
PARAMETRIC_REPRESENTATION_CONTEXT() REPRESENTATION_CONTEXT('2D SPACE',''
  ) );
#2252 = ORIENTED_EDGE('',*,*,#2203,.F.);
#2253 = ADVANCED_FACE('',(#2254,#2257),#2241,.T.);
#2254 = FACE_BOUND('',#2255,.T.);
#2255 = EDGE_LOOP('',(#2256));
#2256 = ORIENTED_EDGE('',*,*,#2226,.T.);
#2257 = FACE_BOUND('',#2258,.T.);
#2258 = EDGE_LOOP('',(#2259));
#2259 = ORIENTED_EDGE('',*,*,#2260,.F.);
#2260 = EDGE_CURVE('',#2261,#2261,#2263,.T.);
#2261 = VERTEX_POINT('',#2262);
#2262 = CARTESIAN_POINT('',(60.,0.,195.));
#2263 = SURFACE_CURVE('',#2264,(#2269,#2276),.PCURVE_S1.);
#2264 = CIRCLE('',#2265,60.);
#2265 = AXIS2_PLACEMENT_3D('',#2266,#2267,#2268);
#2266 = CARTESIAN_POINT('',(0.,0.,195.));
#2267 = DIRECTION('',(0.,0.,1.));
#2268 = DIRECTION('',(1.,0.,-0.));
#2269 = PCURVE('',#2241,#2270);
#2270 = DEFINITIONAL_REPRESENTATION('',(#2271),#2275);
#2271 = CIRCLE('',#2272,60.);
#2272 = AXIS2_PLACEMENT_2D('',#2273,#2274);
#2273 = CARTESIAN_POINT('',(0.,0.));
#2274 = DIRECTION('',(1.,0.));
#2275 = ( GEOMETRIC_REPRESENTATION_CONTEXT(2) 
PARAMETRIC_REPRESENTATION_CONTEXT() REPRESENTATION_CONTEXT('2D SPACE',''
  ) );
#2276 = PCURVE('',#2277,#2282);
#2277 = CYLINDRICAL_SURFACE('',#2278,60.);
#2278 = AXIS2_PLACEMENT_3D('',#2279,#2280,#2281);
#2279 = CARTESIAN_POINT('',(0.,0.,195.));
#2280 = DIRECTION('',(-0.,-0.,-1.));
#2281 = DIRECTION('',(1.,0.,0.));
#2282 = DEFINITIONAL_REPRESENTATION('',(#2283),#2287);
#2283 = LINE('',#2284,#2285);
#2284 = CARTESIAN_POINT('',(-0.,0.));
#2285 = VECTOR('',#2286,1.);
#2286 = DIRECTION('',(-1.,0.));
#2287 = ( GEOMETRIC_REPRESENTATION_CONTEXT(2) 
PARAMETRIC_REPRESENTATION_CONTEXT() REPRESENTATION_CONTEXT('2D SPACE',''
  ) );
#2288 = ADVANCED_FACE('',(#2289),#2277,.F.);
#2289 = FACE_BOUND('',#2290,.T.);
#2290 = EDGE_LOOP('',(#2291,#2292,#2315,#2342));
#2291 = ORIENTED_EDGE('',*,*,#2260,.T.);
#2292 = ORIENTED_EDGE('',*,*,#2293,.T.);
#2293 = EDGE_CURVE('',#2261,#2294,#2296,.T.);
#2294 = VERTEX_POINT('',#2295);
#2295 = CARTESIAN_POINT('',(60.,0.,191.));
#2296 = SEAM_CURVE('',#2297,(#2301,#2308),.PCURVE_S1.);
#2297 = LINE('',#2298,#2299);
#2298 = CARTESIAN_POINT('',(60.,0.,195.));
#2299 = VECTOR('',#2300,1.);
#2300 = DIRECTION('',(0.,0.,-1.));
#2301 = PCURVE('',#2277,#2302);
#2302 = DEFINITIONAL_REPRESENTATION('',(#2303),#2307);
#2303 = LINE('',#2304,#2305);
#2304 = CARTESIAN_POINT('',(-0.,0.));
#2305 = VECTOR('',#2306,1.);
#2306 = DIRECTION('',(-0.,1.));
#2307 = ( GEOMETRIC_REPRESENTATION_CONTEXT(2) 
PARAMETRIC_REPRESENTATION_CONTEXT() REPRESENTATION_CONTEXT('2D SPACE',''
  ) );
#2308 = PCURVE('',#2277,#2309);
#2309 = DEFINITIONAL_REPRESENTATION('',(#2310),#2314);
#2310 = LINE('',#2311,#2312);
#2311 = CARTESIAN_POINT('',(-6.28318530718,0.));
#2312 = VECTOR('',#2313,1.);
#2313 = DIRECTION('',(-0.,1.));
#2314 = ( GEOMETRIC_REPRESENTATION_CONTEXT(2) 
PARAMETRIC_REPRESENTATION_CONTEXT() REPRESENTATION_CONTEXT('2D SPACE',''
  ) );
#2315 = ORIENTED_EDGE('',*,*,#2316,.F.);
#2316 = EDGE_CURVE('',#2294,#2294,#2317,.T.);
#2317 = SURFACE_CURVE('',#2318,(#2323,#2330),.PCURVE_S1.);
#2318 = CIRCLE('',#2319,60.);
#2319 = AXIS2_PLACEMENT_3D('',#2320,#2321,#2322);
#2320 = CARTESIAN_POINT('',(0.,0.,191.));
#2321 = DIRECTION('',(0.,0.,1.));
#2322 = DIRECTION('',(1.,0.,-0.));
#2323 = PCURVE('',#2277,#2324);
#2324 = DEFINITIONAL_REPRESENTATION('',(#2325),#2329);
#2325 = LINE('',#2326,#2327);
#2326 = CARTESIAN_POINT('',(-0.,4.));
#2327 = VECTOR('',#2328,1.);
#2328 = DIRECTION('',(-1.,0.));
#2329 = ( GEOMETRIC_REPRESENTATION_CONTEXT(2) 
PARAMETRIC_REPRESENTATION_CONTEXT() REPRESENTATION_CONTEXT('2D SPACE',''
  ) );
#2330 = PCURVE('',#2331,#2336);
#2331 = CONICAL_SURFACE('',#2332,60.,1.206817370285);
#2332 = AXIS2_PLACEMENT_3D('',#2333,#2334,#2335);
#2333 = CARTESIAN_POINT('',(0.,0.,191.));
#2334 = DIRECTION('',(0.,0.,1.));
#2335 = DIRECTION('',(1.,0.,0.));
#2336 = DEFINITIONAL_REPRESENTATION('',(#2337),#2341);
#2337 = LINE('',#2338,#2339);
#2338 = CARTESIAN_POINT('',(0.,-0.));
#2339 = VECTOR('',#2340,1.);
#2340 = DIRECTION('',(1.,-0.));
#2341 = ( GEOMETRIC_REPRESENTATION_CONTEXT(2) 
PARAMETRIC_REPRESENTATION_CONTEXT() REPRESENTATION_CONTEXT('2D SPACE',''
  ) );
#2342 = ORIENTED_EDGE('',*,*,#2293,.F.);
#2343 = ADVANCED_FACE('',(#2344),#2331,.F.);
#2344 = FACE_BOUND('',#2345,.T.);
#2345 = EDGE_LOOP('',(#2346,#2369,#2370,#2371,#2540,#2569,#2609,#2986,
    #3010,#3392,#3430,#3454));
#2346 = ORIENTED_EDGE('',*,*,#2347,.F.);
#2347 = EDGE_CURVE('',#2294,#2348,#2350,.T.);
#2348 = VERTEX_POINT('',#2349);
#2349 = CARTESIAN_POINT('',(26.,0.,178.04761904761));
#2350 = SEAM_CURVE('',#2351,(#2355,#2362),.PCURVE_S1.);
#2351 = LINE('',#2352,#2353);
#2352 = CARTESIAN_POINT('',(60.,0.,191.));
#2353 = VECTOR('',#2354,1.);
#2354 = DIRECTION('',(-0.934487734929,0.,-0.355995327592));
#2355 = PCURVE('',#2331,#2356);
#2356 = DEFINITIONAL_REPRESENTATION('',(#2357),#2361);
#2357 = LINE('',#2358,#2359);
#2358 = CARTESIAN_POINT('',(0.,-0.));
#2359 = VECTOR('',#2360,1.);
#2360 = DIRECTION('',(0.,-1.));
#2361 = ( GEOMETRIC_REPRESENTATION_CONTEXT(2) 
PARAMETRIC_REPRESENTATION_CONTEXT() REPRESENTATION_CONTEXT('2D SPACE',''
  ) );
#2362 = PCURVE('',#2331,#2363);
#2363 = DEFINITIONAL_REPRESENTATION('',(#2364),#2368);
#2364 = LINE('',#2365,#2366);
#2365 = CARTESIAN_POINT('',(6.28318530718,-0.));
#2366 = VECTOR('',#2367,1.);
#2367 = DIRECTION('',(0.,-1.));
#2368 = ( GEOMETRIC_REPRESENTATION_CONTEXT(2) 
PARAMETRIC_REPRESENTATION_CONTEXT() REPRESENTATION_CONTEXT('2D SPACE',''
  ) );
#2369 = ORIENTED_EDGE('',*,*,#2316,.T.);
#2370 = ORIENTED_EDGE('',*,*,#2347,.T.);
#2371 = ORIENTED_EDGE('',*,*,#2372,.F.);
#2372 = EDGE_CURVE('',#2373,#2348,#2375,.T.);
#2373 = VERTEX_POINT('',#2374);
#2374 = CARTESIAN_POINT('',(17.619047619048,-3.683634210631,175.));
#2375 = SURFACE_CURVE('',#2376,(#2427,#2481),.PCURVE_S1.);
#2376 = B_SPLINE_CURVE_WITH_KNOTS('',7,(#2377,#2378,#2379,#2380,#2381,
    #2382,#2383,#2384,#2385,#2386,#2387,#2388,#2389,#2390,#2391,#2392,
    #2393,#2394,#2395,#2396,#2397,#2398,#2399,#2400,#2401,#2402,#2403,
    #2404,#2405,#2406,#2407,#2408,#2409,#2410,#2411,#2412,#2413,#2414,
    #2415,#2416,#2417,#2418,#2419,#2420,#2421,#2422,#2423,#2424,#2425,
    #2426),.UNSPECIFIED.,.F.,.F.,(8,6,6,6,6,6,6,6,8),(0.,
    6.053242349373E-02,0.24697464099,0.396792229308,0.539365979551,
    0.643731889074,0.77025186421,0.861944331107,1.),.UNSPECIFIED.);
#2377 = CARTESIAN_POINT('',(17.619047619048,-3.683634210631,175.));
#2378 = CARTESIAN_POINT('',(17.68769086617,-3.746637086738,
    175.03050810983));
#2379 = CARTESIAN_POINT('',(17.75719324675,-3.80767904478,
    175.06123970067));
#2380 = CARTESIAN_POINT('',(17.827518165121,-3.866799969122,
    175.0921743325));
#2381 = CARTESIAN_POINT('',(17.898632046164,-3.924035012503,
    175.12329349702));
#2382 = CARTESIAN_POINT('',(17.970504231809,-3.979415286132,
    175.15458049625));
#2383 = CARTESIAN_POINT('',(18.043106877544,-4.032968549776,
    175.18602032119));
#2384 = CARTESIAN_POINT('',(18.342206250555,-4.244116077987,
    175.31486472236));
#2385 = CARTESIAN_POINT('',(18.57464930238,-4.386390155343,
    175.41343517868));
#2386 = CARTESIAN_POINT('',(18.813061306007,-4.512320628353,
    175.51294145801));
#2387 = CARTESIAN_POINT('',(19.056845519839,-4.622285136924,
    175.61308510486));
#2388 = CARTESIAN_POINT('',(19.30545799968,-4.716487165121,
    175.7136156621));
#2389 = CARTESIAN_POINT('',(19.558413508303,-4.794970226009,
    175.81432706873));
#2390 = CARTESIAN_POINT('',(20.021708044379,-4.907961602275,
    175.99599325292));
#2391 = CARTESIAN_POINT('',(20.230619473036,-4.948070408645,
    176.07692781728));
#2392 = CARTESIAN_POINT('',(20.441783319675,-4.9778867609,
    176.15776243289));
#2393 = CARTESIAN_POINT('',(20.654936314554,-4.997279384813,
    176.23840099439));
#2394 = CARTESIAN_POINT('',(20.869792672019,-5.006062149385,
    176.31874565303));
#2395 = CARTESIAN_POINT('',(21.086043248999,-5.003997958996,
    176.39869660157));
#2396 = CARTESIAN_POINT('',(21.51016013889,-4.978218845444,
    176.55376570584));
#2397 = CARTESIAN_POINT('',(21.717906587784,-4.955556719807,
    176.62892341934));
#2398 = CARTESIAN_POINT('',(21.926312172873,-4.922549523577,
    176.70353925078));
#2399 = CARTESIAN_POINT('',(22.135038831758,-4.87889435385,
    176.77751227104));
#2400 = CARTESIAN_POINT('',(22.343691584594,-4.824250003908,
    176.85072745074));
#2401 = CARTESIAN_POINT('',(22.55181610349,-4.758235440401,
    176.92305588871));
#2402 = CARTESIAN_POINT('',(22.91047990748,-4.623449956242,
    177.0465458039));
#2403 = CARTESIAN_POINT('',(23.06149306125,-4.560163120312,
    177.09818144439));
#2404 = CARTESIAN_POINT('',(23.211731176759,-4.490385010081,
    177.14920493881));
#2405 = CARTESIAN_POINT('',(23.360955902648,-4.413938244937,
    177.19955014207));
#2406 = CARTESIAN_POINT('',(23.508893301231,-4.330638624049,
    177.2491412686));
#2407 = CARTESIAN_POINT('',(23.655233120966,-4.240295876118,
    177.29789305389));
#2408 = CARTESIAN_POINT('',(23.974674166927,-4.024419030572,
    177.40367921982));
#2409 = CARTESIAN_POINT('',(24.14683306109,-3.895504750004,
    177.46026539894));
#2410 = CARTESIAN_POINT('',(24.315509539117,-3.755612758978,
    177.51530891633));
#2411 = CARTESIAN_POINT('',(24.479955098156,-3.60440771494,
    177.56860421441));
#2412 = CARTESIAN_POINT('',(24.639277357515,-3.441608616193,
    177.61990636281));
#2413 = CARTESIAN_POINT('',(24.792449723487,-3.267014296781,
    177.66893496873));
#2414 = CARTESIAN_POINT('',(25.044038409541,-2.945368618889,
    177.74903368205));
#2415 = CARTESIAN_POINT('',(25.145906017144,-2.803984469705,
    177.78132737981));
#2416 = CARTESIAN_POINT('',(25.243476549665,-2.65634978455,
    177.81213508446));
#2417 = CARTESIAN_POINT('',(25.336248645309,-2.502504963896,
    177.84131909913));
#2418 = CARTESIAN_POINT('',(25.423678291988,-2.342565869633,
    177.86872996547));
#2419 = CARTESIAN_POINT('',(25.505196138618,-2.17674267845,
    177.89421132358));
#2420 = CARTESIAN_POINT('',(25.693206307871,-1.747329328619,
    177.95283005415));
#2421 = CARTESIAN_POINT('',(25.791599274573,-1.476439545425,
    177.98335940054));
#2422 = CARTESIAN_POINT('',(25.873225406399,-1.194189166532,
    178.00858410814));
#2423 = CARTESIAN_POINT('',(25.93612411374,-0.90257185041,
    178.02796496874));
#2424 = CARTESIAN_POINT('',(25.978722321955,-0.604124775129,
    178.04107206117));
#2425 = CARTESIAN_POINT('',(26.,-0.301975957205,178.04761904761));
#2426 = CARTESIAN_POINT('',(26.,-8.881784197001E-16,178.04761904761));
#2427 = PCURVE('',#2331,#2428);
#2428 = DEFINITIONAL_REPRESENTATION('',(#2429),#2480);
#2429 = B_SPLINE_CURVE_WITH_KNOTS('',7,(#2430,#2431,#2432,#2433,#2434,
    #2435,#2436,#2437,#2438,#2439,#2440,#2441,#2442,#2443,#2444,#2445,
    #2446,#2447,#2448,#2449,#2450,#2451,#2452,#2453,#2454,#2455,#2456,
    #2457,#2458,#2459,#2460,#2461,#2462,#2463,#2464,#2465,#2466,#2467,
    #2468,#2469,#2470,#2471,#2472,#2473,#2474,#2475,#2476,#2477,#2478,
    #2479),.UNSPECIFIED.,.F.,.F.,(8,6,6,6,6,6,6,6,8),(0.,
    6.053242349373E-02,0.24697464099,0.396792229308,0.539365979551,
    0.643731889074,0.77025186421,0.861944331107,1.),.UNSPECIFIED.);
#2430 = CARTESIAN_POINT('',(6.077082915132,-16.));
#2431 = CARTESIAN_POINT('',(6.074437254451,-15.96949189016));
#2432 = CARTESIAN_POINT('',(6.071935461165,-15.93876029932));
#2433 = CARTESIAN_POINT('',(6.069572593093,-15.90782566749));
#2434 = CARTESIAN_POINT('',(6.067344054987,-15.87670650297));
#2435 = CARTESIAN_POINT('',(6.065245563431,-15.84541950374));
#2436 = CARTESIAN_POINT('',(6.063273111745,-15.8139796788));
#2437 = CARTESIAN_POINT('',(6.055724318203,-15.68513527763));
#2438 = CARTESIAN_POINT('',(6.051186679327,-15.58656482131));
#2439 = CARTESIAN_POINT('',(6.047698124964,-15.48705854198));
#2440 = CARTESIAN_POINT('',(6.045175303619,-15.38691489513));
#2441 = CARTESIAN_POINT('',(6.043549575458,-15.2863843379));
#2442 = CARTESIAN_POINT('',(6.042765876,-15.18567293126));
#2443 = CARTESIAN_POINT('',(6.042793627741,-15.00400674707));
#2444 = CARTESIAN_POINT('',(6.04332197113,-14.92307218271));
#2445 = CARTESIAN_POINT('',(6.044343712829,-14.8422375671));
#2446 = CARTESIAN_POINT('',(6.045841093527,-14.7615990056));
#2447 = CARTESIAN_POINT('',(6.047800033272,-14.68125434696));
#2448 = CARTESIAN_POINT('',(6.050209721652,-14.60130339842));
#2449 = CARTESIAN_POINT('',(6.055778202269,-14.44623429415));
#2450 = CARTESIAN_POINT('',(6.05889488301,-14.37107658065));
#2451 = CARTESIAN_POINT('',(6.062406670759,-14.29646074921));
#2452 = CARTESIAN_POINT('',(6.066309788139,-14.22248772895));
#2453 = CARTESIAN_POINT('',(6.070602476077,-14.14927254925));
#2454 = CARTESIAN_POINT('',(6.075285111559,-14.07694411128));
#2455 = CARTESIAN_POINT('',(6.084076547715,-13.95345419609));
#2456 = CARTESIAN_POINT('',(6.088002547455,-13.9018185556));
#2457 = CARTESIAN_POINT('',(6.092140212811,-13.85079506118));
#2458 = CARTESIAN_POINT('',(6.09649112568,-13.80044985792));
#2459 = CARTESIAN_POINT('',(6.101057272003,-13.75085873139));
#2460 = CARTESIAN_POINT('',(6.105841118589,-13.7021069461));
#2461 = CARTESIAN_POINT('',(6.116912596665,-13.59632078017));
#2462 = CARTESIAN_POINT('',(6.123302896615,-13.53973460105));
#2463 = CARTESIAN_POINT('',(6.130022637237,-13.48469108366));
#2464 = CARTESIAN_POINT('',(6.13707708507,-13.43139578558));
#2465 = CARTESIAN_POINT('',(6.144470267156,-13.38009363718));
#2466 = CARTESIAN_POINT('',(6.152204827092,-13.33106503126));
#2467 = CARTESIAN_POINT('',(6.166136084388,-13.25096631794));
#2468 = CARTESIAN_POINT('',(6.172169196903,-13.21867262018));
#2469 = CARTESIAN_POINT('',(6.178381378244,-13.18786491553));
#2470 = CARTESIAN_POINT('',(6.184770709463,-13.15868090086));
#2471 = CARTESIAN_POINT('',(6.191333325249,-13.13127003452));
#2472 = CARTESIAN_POINT('',(6.198062964467,-13.10578867641));
#2473 = CARTESIAN_POINT('',(6.21532001844,-13.04716994584));
#2474 = CARTESIAN_POINT('',(6.226057653233,-13.01664059945));
#2475 = CARTESIAN_POINT('',(6.237115586484,-12.99141589185));
#2476 = CARTESIAN_POINT('',(6.248436194471,-12.97203503125));
#2477 = CARTESIAN_POINT('',(6.259949740726,-12.95892793882));
#2478 = CARTESIAN_POINT('',(6.271570847287,-12.95238095238));
#2479 = CARTESIAN_POINT('',(6.28318530718,-12.95238095238));
#2480 = ( GEOMETRIC_REPRESENTATION_CONTEXT(2) 
PARAMETRIC_REPRESENTATION_CONTEXT() REPRESENTATION_CONTEXT('2D SPACE',''
  ) );
#2481 = PCURVE('',#2482,#2487);
#2482 = CYLINDRICAL_SURFACE('',#2483,5.);
#2483 = AXIS2_PLACEMENT_3D('',#2484,#2485,#2486);
#2484 = CARTESIAN_POINT('',(21.,0.,168.));
#2485 = DIRECTION('',(-0.,-0.,-1.));
#2486 = DIRECTION('',(1.,0.,0.));
#2487 = DEFINITIONAL_REPRESENTATION('',(#2488),#2539);
#2488 = B_SPLINE_CURVE_WITH_KNOTS('',7,(#2489,#2490,#2491,#2492,#2493,
    #2494,#2495,#2496,#2497,#2498,#2499,#2500,#2501,#2502,#2503,#2504,
    #2505,#2506,#2507,#2508,#2509,#2510,#2511,#2512,#2513,#2514,#2515,
    #2516,#2517,#2518,#2519,#2520,#2521,#2522,#2523,#2524,#2525,#2526,
    #2527,#2528,#2529,#2530,#2531,#2532,#2533,#2534,#2535,#2536,#2537,
    #2538),.UNSPECIFIED.,.F.,.F.,(8,6,6,6,6,6,6,6,8),(0.,
    6.053242349373E-02,0.24697464099,0.396792229308,0.539365979551,
    0.643731889074,0.77025186421,0.861944331107,1.),.UNSPECIFIED.);
#2489 = CARTESIAN_POINT('',(-3.969809574963,-7.));
#2490 = CARTESIAN_POINT('',(-3.988444228459,-7.030508109832));
#2491 = CARTESIAN_POINT('',(-4.006940282906,-7.061239700674));
#2492 = CARTESIAN_POINT('',(-4.025308299392,-7.092174332505));
#2493 = CARTESIAN_POINT('',(-4.043557959566,-7.123293497021));
#2494 = CARTESIAN_POINT('',(-4.061698265079,-7.154580496256));
#2495 = CARTESIAN_POINT('',(-4.079737737036,-7.186020321198));
#2496 = CARTESIAN_POINT('',(-4.15296169858,-7.314864722363));
#2497 = CARTESIAN_POINT('',(-4.207350681362,-7.413435178689));
#2498 = CARTESIAN_POINT('',(-4.261105562394,-7.512941458011));
#2499 = CARTESIAN_POINT('',(-4.314408888258,-7.613085104868));
#2500 = CARTESIAN_POINT('',(-4.36742120275,-7.713615662099));
#2501 = CARTESIAN_POINT('',(-4.420290826832,-7.814327068733));
#2502 = CARTESIAN_POINT('',(-4.515665640755,-7.995993252921));
#2503 = CARTESIAN_POINT('',(-4.558158836463,-8.076927817283));
#2504 = CARTESIAN_POINT('',(-4.600727189016,-8.157762432894));
#2505 = CARTESIAN_POINT('',(-4.643438879864,-8.238400994399));
#2506 = CARTESIAN_POINT('',(-4.686359193524,-8.318745653039));
#2507 = CARTESIAN_POINT('',(-4.729554699834,-8.398696601577));
#2508 = CARTESIAN_POINT('',(-4.814534626638,-8.553765705846));
#2509 = CARTESIAN_POINT('',(-4.856282381351,-8.628923419342));
#2510 = CARTESIAN_POINT('',(-4.898403376066,-8.703539250782));
#2511 = CARTESIAN_POINT('',(-4.940958082088,-8.777512271045));
#2512 = CARTESIAN_POINT('',(-4.984007285058,-8.850727450744));
#2513 = CARTESIAN_POINT('',(-5.027616178304,-8.92305588871));
#2514 = CARTESIAN_POINT('',(-5.104246942631,-9.046545803904));
#2515 = CARTESIAN_POINT('',(-5.136971685783,-9.098181444399));
#2516 = CARTESIAN_POINT('',(-5.170063577899,-9.149204938815));
#2517 = CARTESIAN_POINT('',(-5.20355108392,-9.199550142075));
#2518 = CARTESIAN_POINT('',(-5.237463016638,-9.249141268601));
#2519 = CARTESIAN_POINT('',(-5.271829844283,-9.297893053896));
#2520 = CARTESIAN_POINT('',(-5.348938960291,-9.403679219824));
#2521 = CARTESIAN_POINT('',(-5.391903656165,-9.460265398949));
#2522 = CARTESIAN_POINT('',(-5.435643804972,-9.515308916337));
#2523 = CARTESIAN_POINT('',(-5.48021491036,-9.568604214415));
#2524 = CARTESIAN_POINT('',(-5.525666349792,-9.619906362816));
#2525 = CARTESIAN_POINT('',(-5.57204474266,-9.66893496873));
#2526 = CARTESIAN_POINT('',(-5.653715498517,-9.749033682056));
#2527 = CARTESIAN_POINT('',(-5.688540360521,-9.781327379816));
#2528 = CARTESIAN_POINT('',(-5.723886449968,-9.812135084462));
#2529 = CARTESIAN_POINT('',(-5.759760311696,-9.841319099136));
#2530 = CARTESIAN_POINT('',(-5.796161351451,-9.868729965479));
#2531 = CARTESIAN_POINT('',(-5.833080602592,-9.894211323581));
#2532 = CARTESIAN_POINT('',(-5.926834247589,-9.952830054158));
#2533 = CARTESIAN_POINT('',(-5.984356341288,-9.983359400543));
#2534 = CARTESIAN_POINT('',(-6.04290668154,-10.00858410814));
#2535 = CARTESIAN_POINT('',(-6.102310995145,-10.02796496874));
#2536 = CARTESIAN_POINT('',(-6.162360379405,-10.04107206117));
#2537 = CARTESIAN_POINT('',(-6.222790115739,-10.04761904761));
#2538 = CARTESIAN_POINT('',(-6.28318530718,-10.04761904761));
#2539 = ( GEOMETRIC_REPRESENTATION_CONTEXT(2) 
PARAMETRIC_REPRESENTATION_CONTEXT() REPRESENTATION_CONTEXT('2D SPACE',''
  ) );
#2540 = ORIENTED_EDGE('',*,*,#2541,.F.);
#2541 = EDGE_CURVE('',#2542,#2373,#2544,.T.);
#2542 = VERTEX_POINT('',#2543);
#2543 = CARTESIAN_POINT('',(-5.619403004868,-17.10035993389,175.));
#2544 = SURFACE_CURVE('',#2545,(#2550,#2557),.PCURVE_S1.);
#2545 = CIRCLE('',#2546,18.);
#2546 = AXIS2_PLACEMENT_3D('',#2547,#2548,#2549);
#2547 = CARTESIAN_POINT('',(0.,0.,175.));
#2548 = DIRECTION('',(0.,0.,1.));
#2549 = DIRECTION('',(1.,0.,-0.));
#2550 = PCURVE('',#2331,#2551);
#2551 = DEFINITIONAL_REPRESENTATION('',(#2552),#2556);
#2552 = LINE('',#2553,#2554);
#2553 = CARTESIAN_POINT('',(0.,-16.));
#2554 = VECTOR('',#2555,1.);
#2555 = DIRECTION('',(1.,-0.));
#2556 = ( GEOMETRIC_REPRESENTATION_CONTEXT(2) 
PARAMETRIC_REPRESENTATION_CONTEXT() REPRESENTATION_CONTEXT('2D SPACE',''
  ) );
#2557 = PCURVE('',#2558,#2563);
#2558 = PLANE('',#2559);
#2559 = AXIS2_PLACEMENT_3D('',#2560,#2561,#2562);
#2560 = CARTESIAN_POINT('',(0.,0.,175.));
#2561 = DIRECTION('',(0.,0.,1.));
#2562 = DIRECTION('',(1.,0.,-0.));
#2563 = DEFINITIONAL_REPRESENTATION('',(#2564),#2568);
#2564 = CIRCLE('',#2565,18.);
#2565 = AXIS2_PLACEMENT_2D('',#2566,#2567);
#2566 = CARTESIAN_POINT('',(0.,0.));
#2567 = DIRECTION('',(1.,0.));
#2568 = ( GEOMETRIC_REPRESENTATION_CONTEXT(2) 
PARAMETRIC_REPRESENTATION_CONTEXT() REPRESENTATION_CONTEXT('2D SPACE',''
  ) );
#2569 = ORIENTED_EDGE('',*,*,#2570,.F.);
#2570 = EDGE_CURVE('',#2571,#2542,#2573,.T.);
#2571 = VERTEX_POINT('',#2572);
#2572 = CARTESIAN_POINT('',(-5.5,-18.18653347947,175.38095238095));
#2573 = SURFACE_CURVE('',#2574,(#2582,#2593),.PCURVE_S1.);
#2574 = B_SPLINE_CURVE_WITH_KNOTS('',6,(#2575,#2576,#2577,#2578,#2579,
    #2580,#2581),.UNSPECIFIED.,.F.,.F.,(7,7),(0.,1.),
  .PIECEWISE_BEZIER_KNOTS.);
#2575 = CARTESIAN_POINT('',(-5.5,-18.18653347947,175.38095238095));
#2576 = CARTESIAN_POINT('',(-5.5,-18.00863146076,175.31608178407));
#2577 = CARTESIAN_POINT('',(-5.507595858954,-17.8293671029,
    175.25161587614));
#2578 = CARTESIAN_POINT('',(-5.523005258517,-17.64881260049,
    175.18764312115));
#2579 = CARTESIAN_POINT('',(-5.546516541904,-17.46705825733,
    175.12427968229));
#2580 = CARTESIAN_POINT('',(-5.578487791667,-17.28420777977,
    175.06167079927));
#2581 = CARTESIAN_POINT('',(-5.619403004868,-17.10035993389,175.));
#2582 = PCURVE('',#2331,#2583);
#2583 = DEFINITIONAL_REPRESENTATION('',(#2584),#2592);
#2584 = B_SPLINE_CURVE_WITH_KNOTS('',6,(#2585,#2586,#2587,#2588,#2589,
    #2590,#2591),.UNSPECIFIED.,.F.,.F.,(7,7),(0.,1.),
  .PIECEWISE_BEZIER_KNOTS.);
#2585 = CARTESIAN_POINT('',(4.418712045788,-15.61904761904));
#2586 = CARTESIAN_POINT('',(4.41600162722,-15.68391821592));
#2587 = CARTESIAN_POINT('',(4.412829486341,-15.74838412385));
#2588 = CARTESIAN_POINT('',(4.409167783405,-15.81235687884));
#2589 = CARTESIAN_POINT('',(4.404983981968,-15.8757203177));
#2590 = CARTESIAN_POINT('',(4.400240683285,-15.93832920072));
#2591 = CARTESIAN_POINT('',(4.394892596834,-16.));
#2592 = ( GEOMETRIC_REPRESENTATION_CONTEXT(2) 
PARAMETRIC_REPRESENTATION_CONTEXT() REPRESENTATION_CONTEXT('2D SPACE',''
  ) );
#2593 = PCURVE('',#2594,#2599);
#2594 = CYLINDRICAL_SURFACE('',#2595,5.);
#2595 = AXIS2_PLACEMENT_3D('',#2596,#2597,#2598);
#2596 = CARTESIAN_POINT('',(-10.5,-18.18653347947,168.));
#2597 = DIRECTION('',(-0.,-0.,-1.));
#2598 = DIRECTION('',(1.,0.,0.));
#2599 = DEFINITIONAL_REPRESENTATION('',(#2600),#2608);
#2600 = B_SPLINE_CURVE_WITH_KNOTS('',6,(#2601,#2602,#2603,#2604,#2605,
    #2606,#2607),.UNSPECIFIED.,.F.,.F.,(7,7),(0.,1.),
  .PIECEWISE_BEZIER_KNOTS.);
#2601 = CARTESIAN_POINT('',(0.,-7.380952380952));
#2602 = CARTESIAN_POINT('',(-3.558040374158E-02,-7.316081784074));
#2603 = CARTESIAN_POINT('',(-7.143328726458E-02,-7.251615876142));
#2604 = CARTESIAN_POINT('',(-0.107625211908,-7.187643121158));
#2605 = CARTESIAN_POINT('',(-0.144225657266,-7.124279682297));
#2606 = CARTESIAN_POINT('',(-0.18131149917,-7.061670799272));
#2607 = CARTESIAN_POINT('',(-0.218980629823,-7.));
#2608 = ( GEOMETRIC_REPRESENTATION_CONTEXT(2) 
PARAMETRIC_REPRESENTATION_CONTEXT() REPRESENTATION_CONTEXT('2D SPACE',''
  ) );
#2609 = ORIENTED_EDGE('',*,*,#2610,.F.);
#2610 = EDGE_CURVE('',#2611,#2571,#2613,.T.);
#2611 = VERTEX_POINT('',#2612);
#2612 = CARTESIAN_POINT('',(-11.99964461418,-13.41672572326,175.));
#2613 = SURFACE_CURVE('',#2614,(#2736,#2861),.PCURVE_S1.);
#2614 = B_SPLINE_CURVE_WITH_KNOTS('',8,(#2615,#2616,#2617,#2618,#2619,
    #2620,#2621,#2622,#2623,#2624,#2625,#2626,#2627,#2628,#2629,#2630,
    #2631,#2632,#2633,#2634,#2635,#2636,#2637,#2638,#2639,#2640,#2641,
    #2642,#2643,#2644,#2645,#2646,#2647,#2648,#2649,#2650,#2651,#2652,
    #2653,#2654,#2655,#2656,#2657,#2658,#2659,#2660,#2661,#2662,#2663,
    #2664,#2665,#2666,#2667,#2668,#2669,#2670,#2671,#2672,#2673,#2674,
    #2675,#2676,#2677,#2678,#2679,#2680,#2681,#2682,#2683,#2684,#2685,
    #2686,#2687,#2688,#2689,#2690,#2691,#2692,#2693,#2694,#2695,#2696,
    #2697,#2698,#2699,#2700,#2701,#2702,#2703,#2704,#2705,#2706,#2707,
    #2708,#2709,#2710,#2711,#2712,#2713,#2714,#2715,#2716,#2717,#2718,
    #2719,#2720,#2721,#2722,#2723,#2724,#2725,#2726,#2727,#2728,#2729,
    #2730,#2731,#2732,#2733,#2734,#2735),.UNSPECIFIED.,.F.,.F.,(9,7,7,7,
    7,7,7,7,7,7,7,7,7,7,7,7,7,9),(0.,3.20882394287E-02,0.130155836906,
    0.284850952788,0.339888092701,0.406535195693,0.454753106338,
    0.479243287955,0.494495791387,0.527505951509,0.560898680665,
    0.576152090283,0.600644251283,0.648867169755,0.71552157765,
    0.770563897672,0.925265920936,1.),.UNSPECIFIED.);
#2615 = CARTESIAN_POINT('',(-11.99964461418,-13.41672572326,
    174.99999999999));
#2616 = CARTESIAN_POINT('',(-12.07778479118,-13.44129327432,
    175.02682053858));
#2617 = CARTESIAN_POINT('',(-12.15496448592,-13.46716642414,
    175.0538102715));
#2618 = CARTESIAN_POINT('',(-12.23119399883,-13.49431244387,
    175.08095624376));
#2619 = CARTESIAN_POINT('',(-12.3064823103,-13.52270114169,
    175.10824648371));
#2620 = CARTESIAN_POINT('',(-12.38083729008,-13.55230469613,
    175.13566995652));
#2621 = CARTESIAN_POINT('',(-12.4542659066,-13.58309748939,
    175.16321651763));
#2622 = CARTESIAN_POINT('',(-12.52677443632,-13.61505594066,
    175.19087686618));
#2623 = CARTESIAN_POINT('',(-12.817173909,-13.74932539556,
    175.30349940881));
#2624 = CARTESIAN_POINT('',(-13.02740683209,-13.86116224936,
    175.38932709656));
#2625 = CARTESIAN_POINT('',(-13.22927254523,-13.98306278001,
    175.47589708655));
#2626 = CARTESIAN_POINT('',(-13.42282627668,-14.11455630607,
    175.56301589865));
#2627 = CARTESIAN_POINT('',(-13.60803958439,-14.25525528151,
    175.65051658502));
#2628 = CARTESIAN_POINT('',(-13.78482624029,-14.40483731763,
    175.73825501424));
#2629 = CARTESIAN_POINT('',(-13.9530465617,-14.56304515832,
    175.82610846347));
#2630 = CARTESIAN_POINT('',(-14.36405028469,-14.99255661342,
    176.05257624792));
#2631 = CARTESIAN_POINT('',(-14.59359330783,-15.27619959273,
    176.19109536352));
#2632 = CARTESIAN_POINT('',(-14.80053409039,-15.5799012934,
    176.32917578101));
#2633 = CARTESIAN_POINT('',(-14.98354554144,-15.90304694286,
    176.46639504144));
#2634 = CARTESIAN_POINT('',(-15.14085170524,-16.24493880776,
    176.60226672513));
#2635 = CARTESIAN_POINT('',(-15.27020299868,-16.60477841084,
    176.73624018303));
#2636 = CARTESIAN_POINT('',(-15.36895319235,-16.9816078526,
    176.86770246606));
#2637 = CARTESIAN_POINT('',(-15.45662777104,-17.51429080373,
    177.04159820253));
#2638 = CARTESIAN_POINT('',(-15.47531471629,-17.65607120257,
    177.08681382287));
#2639 = CARTESIAN_POINT('',(-15.48952584635,-17.79979019421,
    177.13157677061));
#2640 = CARTESIAN_POINT('',(-15.49909365129,-17.94537737694,
    177.17584690405));
#2641 = CARTESIAN_POINT('',(-15.50383875371,-18.0927487442,
    177.21957923673));
#2642 = CARTESIAN_POINT('',(-15.50357001993,-18.24180630705,
    177.2627239983));
#2643 = CARTESIAN_POINT('',(-15.49808467115,-18.39243771664,
    177.30522669547));
#2644 = CARTESIAN_POINT('',(-15.47394935364,-18.72867461061,
    177.39764757965));
#2645 = CARTESIAN_POINT('',(-15.45276801473,-18.91492895969,
    177.44723154375));
#2646 = CARTESIAN_POINT('',(-15.42324553663,-19.10306908633,
    177.49567995485));
#2647 = CARTESIAN_POINT('',(-15.38497517233,-19.2928131681,
    177.54287030131));
#2648 = CARTESIAN_POINT('',(-15.33753399993,-19.48380470084,
    177.58865977743));
#2649 = CARTESIAN_POINT('',(-15.28049354544,-19.67561051313,
    177.63288696157));
#2650 = CARTESIAN_POINT('',(-15.21342929737,-19.86771950209,
    177.6753730651));
#2651 = CARTESIAN_POINT('',(-15.0798592049,-20.19832208269,
    177.74525967916));
#2652 = CARTESIAN_POINT('',(-15.01833364846,-20.33693547512,
    177.77357951454));
#2653 = CARTESIAN_POINT('',(-14.95120266523,-20.47514858267,
    177.8008064575));
#2654 = CARTESIAN_POINT('',(-14.87832964154,-20.61268950034,
    177.82685714554));
#2655 = CARTESIAN_POINT('',(-14.79959758846,-20.74924912902,
    177.85164197661));
#2656 = CARTESIAN_POINT('',(-14.71491744448,-20.88448288823,
    177.87506674634));
#2657 = CARTESIAN_POINT('',(-14.62423822119,-21.01801311602,
    177.89703460026));
#2658 = CARTESIAN_POINT('',(-14.47845500021,-21.21618071697,
    177.92781654894));
#2659 = CARTESIAN_POINT('',(-14.42780427742,-21.28238317788,
    177.93778364362));
#2660 = CARTESIAN_POINT('',(-14.37560777535,-21.34798500313,
    177.94733670851));
#2661 = CARTESIAN_POINT('',(-14.32186994991,-21.41292962914,
    177.95646286376));
#2662 = CARTESIAN_POINT('',(-14.26659925009,-21.4771587251,
    177.96514935446));
#2663 = CARTESIAN_POINT('',(-14.2098086069,-21.54061245396,
    177.97338367885));
#2664 = CARTESIAN_POINT('',(-14.15151592232,-21.60322973326,
    177.98115371645));
#2665 = CARTESIAN_POINT('',(-14.05451890801,-21.70338698782,
    177.99299065191));
#2666 = CARTESIAN_POINT('',(-14.0167196577,-21.741477095,177.99734888199
    ));
#2667 = CARTESIAN_POINT('',(-13.97835239509,-21.77920374822,
    178.00151971603));
#2668 = CARTESIAN_POINT('',(-13.93942351532,-21.81655190948,
    178.0055004421));
#2669 = CARTESIAN_POINT('',(-13.89994022089,-21.85350657218,
    178.00928846681));
#2670 = CARTESIAN_POINT('',(-13.85991052171,-21.89005276118,
    178.01288131522));
#2671 = CARTESIAN_POINT('',(-13.81934323505,-21.92617553277,
    178.01627663092));
#2672 = CARTESIAN_POINT('',(-13.68930778159,-22.0390898632,
    178.02638811968));
#2673 = CARTESIAN_POINT('',(-13.59789017674,-22.11427070675,
    178.03236873391));
#2674 = CARTESIAN_POINT('',(-13.50409861682,-22.18724723852,
    178.03739112667));
#2675 = CARTESIAN_POINT('',(-13.40805013119,-22.25787239104,
    178.0414362653));
#2676 = CARTESIAN_POINT('',(-13.30987606467,-22.32600837683,
    178.04448932719));
#2677 = CARTESIAN_POINT('',(-13.20972280943,-22.39152776915,
    178.04654005052));
#2678 = CARTESIAN_POINT('',(-13.10775253687,-22.45431458268,
    178.04758308503));
#2679 = CARTESIAN_POINT('',(-12.89933455721,-22.57491092129,
    178.04765400904));
#2680 = CARTESIAN_POINT('',(-12.7928393947,-22.63265968305,
    178.04665840562));
#2681 = CARTESIAN_POINT('',(-12.68484336578,-22.68740405718,
    178.04463135361));
#2682 = CARTESIAN_POINT('',(-12.57553419041,-22.73905798409,
    178.0415781947));
#2683 = CARTESIAN_POINT('',(-12.46510178191,-22.78755569573,
    178.03750942267));
#2684 = CARTESIAN_POINT('',(-12.35373764416,-22.83285048428,
    178.03244031499));
#2685 = CARTESIAN_POINT('',(-12.24163426877,-22.87491347092,
    178.02639056436));
#2686 = CARTESIAN_POINT('',(-12.07752744516,-22.93146439743,
    178.01618335231));
#2687 = CARTESIAN_POINT('',(-12.02595508621,-22.94851992651,
    178.01278304581));
#2688 = CARTESIAN_POINT('',(-11.97428518043,-22.96489809632,
    178.00918523168));
#2689 = CARTESIAN_POINT('',(-11.92253507557,-22.98059875591,
    178.00539226912));
#2690 = CARTESIAN_POINT('',(-11.8707217421,-22.99562246892,
    178.00140663566));
#2691 = CARTESIAN_POINT('',(-11.81886177328,-23.00997051349,
    177.9972309271));
#2692 = CARTESIAN_POINT('',(-11.76697138511,-23.02364488231,
    177.99286785755));
#2693 = CARTESIAN_POINT('',(-11.63172342069,-23.05752763893,
    177.98101825235));
#2694 = CARTESIAN_POINT('',(-11.54834247506,-23.07667702651,
    177.97324042263));
#2695 = CARTESIAN_POINT('',(-11.46498899208,-23.09410729569,
    177.96499839021));
#2696 = CARTESIAN_POINT('',(-11.38172479895,-23.10983352931,
    177.95630428318));
#2697 = CARTESIAN_POINT('',(-11.29860815623,-23.12387448883,
    177.94717060965));
#2698 = CARTESIAN_POINT('',(-11.2156937766,-23.13625206037,
    177.93761012965));
#2699 = CARTESIAN_POINT('',(-11.13303284365,-23.14699070082,
    177.92763572697));
#2700 = CARTESIAN_POINT('',(-10.88851377704,-23.17408553846,
    177.89683193744));
#2701 = CARTESIAN_POINT('',(-10.72752892885,-23.18580254629,
    177.87484979722));
#2702 = CARTESIAN_POINT('',(-10.56807083863,-23.19147278168,
    177.85141112379));
#2703 = CARTESIAN_POINT('',(-10.41044085819,-23.19132941778,
    177.8266127849));
#2704 = CARTESIAN_POINT('',(-10.25489266134,-23.18562201127,
    177.80054898807));
#2705 = CARTESIAN_POINT('',(-10.10163524002,-23.17460652424,
    177.77330933043));
#2706 = CARTESIAN_POINT('',(-9.950835574075,-23.15853728329,
    177.74497716292));
#2707 = CARTESIAN_POINT('',(-9.597756634365,-23.1088052067,
    177.67506180783));
#2708 = CARTESIAN_POINT('',(-9.397865208718,-23.0707701076,
    177.63255961113));
#2709 = CARTESIAN_POINT('',(-9.203250795208,-23.0242073886,
    177.58831697812));
#2710 = CARTESIAN_POINT('',(-9.01414341858,-22.96974026327,
    177.54251265505));
#2711 = CARTESIAN_POINT('',(-8.830703693064,-22.90795636346,
    177.49530801888));
#2712 = CARTESIAN_POINT('',(-8.653028666834,-22.83940014945,
    177.44684583121));
#2713 = CARTESIAN_POINT('',(-8.481158848552,-22.76456471557,
    177.39724856234));
#2714 = CARTESIAN_POINT('',(-8.177946018755,-22.61725710051,
    177.30480482726));
#2715 = CARTESIAN_POINT('',(-8.04477482612,-22.5466523846,
    177.26229246837));
#2716 = CARTESIAN_POINT('',(-7.915575666101,-22.47231793328,
    177.21913834163));
#2717 = CARTESIAN_POINT('',(-7.790344384279,-22.39448547875,
    177.17539691985));
#2718 = CARTESIAN_POINT('',(-7.669070225459,-22.3133694891,
    177.13111795498));
#2719 = CARTESIAN_POINT('',(-7.551736215298,-22.2291672617,
    177.0863464173));
#2720 = CARTESIAN_POINT('',(-7.438319541942,-22.14205901671,
    177.04112243462));
#2721 = CARTESIAN_POINT('',(-7.020953496617,-21.79967256795,
    176.86720200084));
#2722 = CARTESIAN_POINT('',(-6.74407362344,-21.52566351655,
    176.73572517755));
#2723 = CARTESIAN_POINT('',(-6.497208939335,-21.23365503213,
    176.60173884019));
#2724 = CARTESIAN_POINT('',(-6.279865926807,-20.92641659408,
    176.46585570399));
#2725 = CARTESIAN_POINT('',(-6.09161158824,-20.60629465091,
    176.32862627205));
#2726 = CARTESIAN_POINT('',(-5.932162715519,-20.27517532255,
    176.1905369184));
#2727 = CARTESIAN_POINT('',(-5.801388906615,-19.9345147008,
    176.05201015926));
#2728 = CARTESIAN_POINT('',(-5.650441203924,-19.41644164398,
    175.84644235558));
#2729 = CARTESIAN_POINT('',(-5.608055382674,-19.24572324004,
    175.7794854381));
#2730 = CARTESIAN_POINT('',(-5.572486522308,-19.07316263816,
    175.71258027594));
#2731 = CARTESIAN_POINT('',(-5.543795842063,-18.89887718242,
    175.64578154488));
#2732 = CARTESIAN_POINT('',(-5.522069512064,-18.72297696338,
    175.57914951478));
#2733 = CARTESIAN_POINT('',(-5.507421378272,-18.54556316111,
    175.51275051281));
#2734 = CARTESIAN_POINT('',(-5.5,-18.36672473773,175.44665773134));
#2735 = CARTESIAN_POINT('',(-5.5,-18.18653347947,175.38095238095));
#2736 = PCURVE('',#2331,#2737);
#2737 = DEFINITIONAL_REPRESENTATION('',(#2738),#2860);
#2738 = B_SPLINE_CURVE_WITH_KNOTS('',8,(#2739,#2740,#2741,#2742,#2743,
    #2744,#2745,#2746,#2747,#2748,#2749,#2750,#2751,#2752,#2753,#2754,
    #2755,#2756,#2757,#2758,#2759,#2760,#2761,#2762,#2763,#2764,#2765,
    #2766,#2767,#2768,#2769,#2770,#2771,#2772,#2773,#2774,#2775,#2776,
    #2777,#2778,#2779,#2780,#2781,#2782,#2783,#2784,#2785,#2786,#2787,
    #2788,#2789,#2790,#2791,#2792,#2793,#2794,#2795,#2796,#2797,#2798,
    #2799,#2800,#2801,#2802,#2803,#2804,#2805,#2806,#2807,#2808,#2809,
    #2810,#2811,#2812,#2813,#2814,#2815,#2816,#2817,#2818,#2819,#2820,
    #2821,#2822,#2823,#2824,#2825,#2826,#2827,#2828,#2829,#2830,#2831,
    #2832,#2833,#2834,#2835,#2836,#2837,#2838,#2839,#2840,#2841,#2842,
    #2843,#2844,#2845,#2846,#2847,#2848,#2849,#2850,#2851,#2852,#2853,
    #2854,#2855,#2856,#2857,#2858,#2859),.UNSPECIFIED.,.F.,.F.,(9,7,7,7,
    7,7,7,7,7,7,7,7,7,7,7,7,7,9),(0.,3.20882394287E-02,0.130155836906,
    0.284850952788,0.339888092701,0.406535195693,0.454753106338,
    0.479243287955,0.494495791387,0.527505951509,0.560898680665,
    0.576152090283,0.600644251283,0.648867169755,0.71552157765,
    0.770563897672,0.925265920936,1.),.UNSPECIFIED.);
#2739 = CARTESIAN_POINT('',(3.982687812739,-16.));
#2740 = CARTESIAN_POINT('',(3.980361937921,-15.97317946141));
#2741 = CARTESIAN_POINT('',(3.978144984302,-15.94618972849));
#2742 = CARTESIAN_POINT('',(3.976033818982,-15.91904375623));
#2743 = CARTESIAN_POINT('',(3.974025485867,-15.89175351628));
#2744 = CARTESIAN_POINT('',(3.972117192199,-15.86433004347));
#2745 = CARTESIAN_POINT('',(3.970306295092,-15.83678348236));
#2746 = CARTESIAN_POINT('',(3.968590288061,-15.80912313381));
#2747 = CARTESIAN_POINT('',(3.962005069592,-15.69650059118));
#2748 = CARTESIAN_POINT('',(3.957908126887,-15.61067290343));
#2749 = CARTESIAN_POINT('',(3.954606770174,-15.52410291344));
#2750 = CARTESIAN_POINT('',(3.952045878354,-15.43698410134));
#2751 = CARTESIAN_POINT('',(3.950179304702,-15.34948341497));
#2752 = CARTESIAN_POINT('',(3.948967893706,-15.26174498575));
#2753 = CARTESIAN_POINT('',(3.948379016801,-15.17389153652));
#2754 = CARTESIAN_POINT('',(3.948397106376,-14.94742375207));
#2755 = CARTESIAN_POINT('',(3.949890949285,-14.80890463647));
#2756 = CARTESIAN_POINT('',(3.952758904554,-14.67082421898));
#2757 = CARTESIAN_POINT('',(3.95693379789,-14.53360495855));
#2758 = CARTESIAN_POINT('',(3.962368964032,-14.39773327486));
#2759 = CARTESIAN_POINT('',(3.969038430942,-14.26375981696));
#2760 = CARTESIAN_POINT('',(3.976933153269,-14.13229753393));
#2761 = CARTESIAN_POINT('',(3.989335106148,-13.95840179746));
#2762 = CARTESIAN_POINT('',(3.992747255229,-13.91318617712));
#2763 = CARTESIAN_POINT('',(3.996317869841,-13.86842322938));
#2764 = CARTESIAN_POINT('',(4.000047902231,-13.82415309594));
#2765 = CARTESIAN_POINT('',(4.003938495951,-13.78042076326));
#2766 = CARTESIAN_POINT('',(4.007991014611,-13.73727600169));
#2767 = CARTESIAN_POINT('',(4.012207070633,-13.69477330452));
#2768 = CARTESIAN_POINT('',(4.021894301618,-13.60235242034));
#2769 = CARTESIAN_POINT('',(4.027441895257,-13.55276845624));
#2770 = CARTESIAN_POINT('',(4.033235099815,-13.50432004514));
#2771 = CARTESIAN_POINT('',(4.039277287406,-13.45712969868));
#2772 = CARTESIAN_POINT('',(4.045571266723,-13.41134022256));
#2773 = CARTESIAN_POINT('',(4.05211918978,-13.36711303842));
#2774 = CARTESIAN_POINT('',(4.058922536047,-13.3246269349));
#2775 = CARTESIAN_POINT('',(4.071089687666,-13.25474032083));
#2776 = CARTESIAN_POINT('',(4.076330734614,-13.22642048545));
#2777 = CARTESIAN_POINT('',(4.081705210473,-13.19919354249));
#2778 = CARTESIAN_POINT('',(4.08721213913,-13.17314285445));
#2779 = CARTESIAN_POINT('',(4.092849605073,-13.14835802338));
#2780 = CARTESIAN_POINT('',(4.098614620189,-13.12493325365));
#2781 = CARTESIAN_POINT('',(4.104502924988,-13.10296539973));
#2782 = CARTESIAN_POINT('',(4.113559107695,-13.07218345105));
#2783 = CARTESIAN_POINT('',(4.116639733733,-13.06221635638));
#2784 = CARTESIAN_POINT('',(4.119749783177,-13.05266329148));
#2785 = CARTESIAN_POINT('',(4.122888330144,-13.04353713624));
#2786 = CARTESIAN_POINT('',(4.126054331592,-13.03485064554));
#2787 = CARTESIAN_POINT('',(4.129246616829,-13.02661632114));
#2788 = CARTESIAN_POINT('',(4.13246387702,-13.01884628354));
#2789 = CARTESIAN_POINT('',(4.137723013462,-13.00700934808));
#2790 = CARTESIAN_POINT('',(4.139750498096,-13.002651118));
#2791 = CARTESIAN_POINT('',(4.141786757209,-12.99848028397));
#2792 = CARTESIAN_POINT('',(4.143831420361,-12.99449955789));
#2793 = CARTESIAN_POINT('',(4.145884098055,-12.99071153318));
#2794 = CARTESIAN_POINT('',(4.147944381745,-12.98711868477));
#2795 = CARTESIAN_POINT('',(4.150011843834,-12.98372336907));
#2796 = CARTESIAN_POINT('',(4.156575102103,-12.97361188031));
#2797 = CARTESIAN_POINT('',(4.161095925989,-12.96763126608));
#2798 = CARTESIAN_POINT('',(4.165643691823,-12.96260887332));
#2799 = CARTESIAN_POINT('',(4.170213444544,-12.95856373469));
#2800 = CARTESIAN_POINT('',(4.174800050587,-12.9555106728));
#2801 = CARTESIAN_POINT('',(4.179398156934,-12.95345994947));
#2802 = CARTESIAN_POINT('',(4.184002150169,-12.95241691496));
#2803 = CARTESIAN_POINT('',(4.193263438237,-12.95234599095));
#2804 = CARTESIAN_POINT('',(4.197921141143,-12.95334159437));
#2805 = CARTESIAN_POINT('',(4.202573093763,-12.95536864638));
#2806 = CARTESIAN_POINT('',(4.207213479985,-12.95842180529));
#2807 = CARTESIAN_POINT('',(4.211836754801,-12.96249057732));
#2808 = CARTESIAN_POINT('',(4.216437601047,-12.967559685));
#2809 = CARTESIAN_POINT('',(4.221010886132,-12.97360943563));
#2810 = CARTESIAN_POINT('',(4.227625772554,-12.98381664768));
#2811 = CARTESIAN_POINT('',(4.229693184554,-12.98721695418));
#2812 = CARTESIAN_POINT('',(4.231753408365,-12.99081476831));
#2813 = CARTESIAN_POINT('',(4.233806016637,-12.99460773087));
#2814 = CARTESIAN_POINT('',(4.235850601081,-12.99859336433));
#2815 = CARTESIAN_POINT('',(4.237886772475,-13.0027690729));
#2816 = CARTESIAN_POINT('',(4.239914160661,-13.00713214244));
#2817 = CARTESIAN_POINT('',(4.245173093214,-13.01898174764));
#2818 = CARTESIAN_POINT('',(4.248390231603,-13.02675957736));
#2819 = CARTESIAN_POINT('',(4.25158237342,-13.03500160978));
#2820 = CARTESIAN_POINT('',(4.254748211,-13.04369571681));
#2821 = CARTESIAN_POINT('',(4.25788657482,-13.05282939034));
#2822 = CARTESIAN_POINT('',(4.260996423008,-13.06238987034));
#2823 = CARTESIAN_POINT('',(4.264076830854,-13.07236427302));
#2824 = CARTESIAN_POINT('',(4.273132457286,-13.10316806255));
#2825 = CARTESIAN_POINT('',(4.27902037282,-13.12515020277));
#2826 = CARTESIAN_POINT('',(4.284784940479,-13.1485888762));
#2827 = CARTESIAN_POINT('',(4.290421908242,-13.17338721509));
#2828 = CARTESIAN_POINT('',(4.295928294454,-13.19945101192));
#2829 = CARTESIAN_POINT('',(4.30130218925,-13.22669066956));
#2830 = CARTESIAN_POINT('',(4.30654262146,-13.25502283708));
#2831 = CARTESIAN_POINT('',(4.318708279123,-13.32493819216));
#2832 = CARTESIAN_POINT('',(4.325510716128,-13.36744038887));
#2833 = CARTESIAN_POINT('',(4.332057680177,-13.41168302187));
#2834 = CARTESIAN_POINT('',(4.338350657476,-13.45748734494));
#2835 = CARTESIAN_POINT('',(4.344391804547,-13.50469198111));
#2836 = CARTESIAN_POINT('',(4.350183932858,-13.55315416878));
#2837 = CARTESIAN_POINT('',(4.3557304158,-13.60275143765));
#2838 = CARTESIAN_POINT('',(4.365415487683,-13.69519517273));
#2839 = CARTESIAN_POINT('',(4.36963051161,-13.73770753162));
#2840 = CARTESIAN_POINT('',(4.373681979559,-13.78086165836));
#2841 = CARTESIAN_POINT('',(4.3775715034,-13.82460308014));
#2842 = CARTESIAN_POINT('',(4.381300445868,-13.86888204501));
#2843 = CARTESIAN_POINT('',(4.384869949326,-13.91365358269));
#2844 = CARTESIAN_POINT('',(4.388280964531,-13.95887756537));
#2845 = CARTESIAN_POINT('',(4.400678050785,-14.13279799915));
#2846 = CARTESIAN_POINT('',(4.408568999857,-14.26427482244));
#2847 = CARTESIAN_POINT('',(4.415234579408,-14.3982611598));
#2848 = CARTESIAN_POINT('',(4.420665698427,-14.534144296));
#2849 = CARTESIAN_POINT('',(4.424836330853,-14.67137372794));
#2850 = CARTESIAN_POINT('',(4.427699746963,-14.80946308159));
#2851 = CARTESIAN_POINT('',(4.429188694923,-14.94798984073));
#2852 = CARTESIAN_POINT('',(4.429197169346,-15.15355764441));
#2853 = CARTESIAN_POINT('',(4.428853781952,-15.22051456189));
#2854 = CARTESIAN_POINT('',(4.428152395551,-15.28741972405));
#2855 = CARTESIAN_POINT('',(4.42707914261,-15.35421845512));
#2856 = CARTESIAN_POINT('',(4.425618132423,-15.42085048521));
#2857 = CARTESIAN_POINT('',(4.423751190175,-15.48724948718));
#2858 = CARTESIAN_POINT('',(4.421457341966,-15.55334226865));
#2859 = CARTESIAN_POINT('',(4.418712045788,-15.61904761904));
#2860 = ( GEOMETRIC_REPRESENTATION_CONTEXT(2) 
PARAMETRIC_REPRESENTATION_CONTEXT() REPRESENTATION_CONTEXT('2D SPACE',''
  ) );
#2861 = PCURVE('',#2594,#2862);
#2862 = DEFINITIONAL_REPRESENTATION('',(#2863),#2985);
#2863 = B_SPLINE_CURVE_WITH_KNOTS('',8,(#2864,#2865,#2866,#2867,#2868,
    #2869,#2870,#2871,#2872,#2873,#2874,#2875,#2876,#2877,#2878,#2879,
    #2880,#2881,#2882,#2883,#2884,#2885,#2886,#2887,#2888,#2889,#2890,
    #2891,#2892,#2893,#2894,#2895,#2896,#2897,#2898,#2899,#2900,#2901,
    #2902,#2903,#2904,#2905,#2906,#2907,#2908,#2909,#2910,#2911,#2912,
    #2913,#2914,#2915,#2916,#2917,#2918,#2919,#2920,#2921,#2922,#2923,
    #2924,#2925,#2926,#2927,#2928,#2929,#2930,#2931,#2932,#2933,#2934,
    #2935,#2936,#2937,#2938,#2939,#2940,#2941,#2942,#2943,#2944,#2945,
    #2946,#2947,#2948,#2949,#2950,#2951,#2952,#2953,#2954,#2955,#2956,
    #2957,#2958,#2959,#2960,#2961,#2962,#2963,#2964,#2965,#2966,#2967,
    #2968,#2969,#2970,#2971,#2972,#2973,#2974,#2975,#2976,#2977,#2978,
    #2979,#2980,#2981,#2982,#2983,#2984),.UNSPECIFIED.,.F.,.F.,(9,7,7,7,
    7,7,7,7,7,7,7,7,7,7,7,7,7,9),(0.,3.20882394287E-02,0.130155836906,
    0.284850952788,0.339888092701,0.406535195693,0.454753106338,
    0.479243287955,0.494495791387,0.527505951509,0.560898680665,
    0.576152090283,0.600644251283,0.648867169755,0.71552157765,
    0.770563897672,0.925265920936,1.),.UNSPECIFIED.);
#2864 = CARTESIAN_POINT('',(-1.87541447257,-6.999999999999));
#2865 = CARTESIAN_POINT('',(-1.891796721288,-7.026820538589));
#2866 = CARTESIAN_POINT('',(-1.908074036623,-7.053810271506));
#2867 = CARTESIAN_POINT('',(-1.924253113948,-7.080956243761));
#2868 = CARTESIAN_POINT('',(-1.940340200259,-7.108246483713));
#2869 = CARTESIAN_POINT('',(-1.956341170661,-7.135669956528));
#2870 = CARTESIAN_POINT('',(-1.972261604847,-7.163216517635));
#2871 = CARTESIAN_POINT('',(-1.988106863593,-7.190876866185));
#2872 = CARTESIAN_POINT('',(-2.052094406207,-7.303499408811));
#2873 = CARTESIAN_POINT('',(-2.099646050605,-7.389327096568));
#2874 = CARTESIAN_POINT('',(-2.146694148053,-7.475897086551));
#2875 = CARTESIAN_POINT('',(-2.193360561673,-7.563015898652));
#2876 = CARTESIAN_POINT('',(-2.239750185806,-7.650516585023));
#2877 = CARTESIAN_POINT('',(-2.28595944582,-7.738255014244));
#2878 = CARTESIAN_POINT('',(-2.332080984827,-7.826108463479));
#2879 = CARTESIAN_POINT('',(-2.450976594565,-8.05257624792));
#2880 = CARTESIAN_POINT('',(-2.523702952039,-8.191095363525));
#2881 = CARTESIAN_POINT('',(-2.596789224158,-8.329175781018));
#2882 = CARTESIAN_POINT('',(-2.670549188819,-8.466395041447));
#2883 = CARTESIAN_POINT('',(-2.745271585149,-8.602266725132));
#2884 = CARTESIAN_POINT('',(-2.821254843436,-8.736240183036));
#2885 = CARTESIAN_POINT('',(-2.898827746375,-8.86770246606));
#2886 = CARTESIAN_POINT('',(-3.006797734459,-9.041598202531));
#2887 = CARTESIAN_POINT('',(-3.035384316024,-9.086813822879));
#2888 = CARTESIAN_POINT('',(-3.064242784719,-9.131576770615));
#2889 = CARTESIAN_POINT('',(-3.093391038157,-9.175846904057));
#2890 = CARTESIAN_POINT('',(-3.122846982706,-9.219579236735));
#2891 = CARTESIAN_POINT('',(-3.152629023318,-9.262723998308));
#2892 = CARTESIAN_POINT('',(-3.182756553368,-9.305226695479));
#2893 = CARTESIAN_POINT('',(-3.250176954559,-9.397647579658));
#2894 = CARTESIAN_POINT('',(-3.287635535222,-9.447231543753));
#2895 = CARTESIAN_POINT('',(-3.325666445896,-9.495679954852));
#2896 = CARTESIAN_POINT('',(-3.36430535274,-9.542870301312));
#2897 = CARTESIAN_POINT('',(-3.403584480267,-9.588659777436));
#2898 = CARTESIAN_POINT('',(-3.44353382882,-9.632886961575));
#2899 = CARTESIAN_POINT('',(-3.48418245789,-9.6753730651));
#2900 = CARTESIAN_POINT('',(-3.555495580355,-9.745259679169));
#2901 = CARTESIAN_POINT('',(-3.585809164227,-9.773579514548));
#2902 = CARTESIAN_POINT('',(-3.616509382243,-9.800806457506));
#2903 = CARTESIAN_POINT('',(-3.647601216554,-9.826857145541));
#2904 = CARTESIAN_POINT('',(-3.679086049082,-9.851641976614));
#2905 = CARTESIAN_POINT('',(-3.710961428625,-9.875066746341));
#2906 = CARTESIAN_POINT('',(-3.743220392106,-9.897034600261));
#2907 = CARTESIAN_POINT('',(-3.79242329673,-9.927816548946));
#2908 = CARTESIAN_POINT('',(-3.809091591153,-9.93778364362));
#2909 = CARTESIAN_POINT('',(-3.82585325035,-9.947336708516));
#2910 = CARTESIAN_POINT('',(-3.842705912934,-9.95646286376));
#2911 = CARTESIAN_POINT('',(-3.859646777969,-9.96514935446));
#2912 = CARTESIAN_POINT('',(-3.876672553924,-9.973383678852));
#2913 = CARTESIAN_POINT('',(-3.893779407637,-9.981153716455));
#2914 = CARTESIAN_POINT('',(-3.921664813444,-9.992990651916));
#2915 = CARTESIAN_POINT('',(-3.932396464845,-9.997348881993));
#2916 = CARTESIAN_POINT('',(-3.943156802876,-10.00151971603));
#2917 = CARTESIAN_POINT('',(-3.953944689079,-10.0055004421));
#2918 = CARTESIAN_POINT('',(-3.964758911151,-10.00928846681));
#2919 = CARTESIAN_POINT('',(-3.975598182937,-10.01288131522));
#2920 = CARTESIAN_POINT('',(-3.986461144436,-10.01627663092));
#2921 = CARTESIAN_POINT('',(-4.020904643197,-10.02638811968));
#2922 = CARTESIAN_POINT('',(-4.044568366023,-10.03236873391));
#2923 = CARTESIAN_POINT('',(-4.068321432441,-10.03739112667));
#2924 = CARTESIAN_POINT('',(-4.092147584106,-10.0414362653));
#2925 = CARTESIAN_POINT('',(-4.116030057195,-10.04448932719));
#2926 = CARTESIAN_POINT('',(-4.139951237458,-10.04654005052));
#2927 = CARTESIAN_POINT('',(-4.163892315249,-10.04758308503));
#2928 = CARTESIAN_POINT('',(-4.212051024173,-10.04765400904));
#2929 = CARTESIAN_POINT('',(-4.23627076145,-10.04665840562));
#2930 = CARTESIAN_POINT('',(-4.26047104704,-10.04463135361));
#2931 = CARTESIAN_POINT('',(-4.284632388702,-10.0415781947));
#2932 = CARTESIAN_POINT('',(-4.308736542122,-10.03750942267));
#2933 = CARTESIAN_POINT('',(-4.332766145719,-10.03244031499));
#2934 = CARTESIAN_POINT('',(-4.356704355442,-10.02639056436));
#2935 = CARTESIAN_POINT('',(-4.391419802636,-10.01618335231));
#2936 = CARTESIAN_POINT('',(-4.402282837577,-10.01278304581));
#2937 = CARTESIAN_POINT('',(-4.413122151516,-10.00918523168));
#2938 = CARTESIAN_POINT('',(-4.423936385467,-10.00539226912));
#2939 = CARTESIAN_POINT('',(-4.434724254342,-10.00140663566));
#2940 = CARTESIAN_POINT('',(-4.44548454695,-9.9972309271));
#2941 = CARTESIAN_POINT('',(-4.456216125998,-9.992867857556));
#2942 = CARTESIAN_POINT('',(-4.484101644159,-9.981018252352));
#2943 = CARTESIAN_POINT('',(-4.501208638465,-9.97324042263));
#2944 = CARTESIAN_POINT('',(-4.518234490103,-9.964998390212));
#2945 = CARTESIAN_POINT('',(-4.535175370753,-9.956304283183));
#2946 = CARTESIAN_POINT('',(-4.552027993678,-9.947170609657));
#2947 = CARTESIAN_POINT('',(-4.568789562724,-9.937610129655));
#2948 = CARTESIAN_POINT('',(-4.585457721308,-9.927635726977));
#2949 = CARTESIAN_POINT('',(-4.634660852982,-9.896831937446));
#2950 = CARTESIAN_POINT('',(-4.666920042461,-9.874849797223));
#2951 = CARTESIAN_POINT('',(-4.698795507757,-9.851411123796));
#2952 = CARTESIAN_POINT('',(-4.730280316924,-9.826612784907));
#2953 = CARTESIAN_POINT('',(-4.761372045447,-9.800548988078));
#2954 = CARTESIAN_POINT('',(-4.792072098871,-9.77330933043));
#2955 = CARTESIAN_POINT('',(-4.822385480774,-9.74497716292));
#2956 = CARTESIAN_POINT('',(-4.893698317517,-9.675061807839));
#2957 = CARTESIAN_POINT('',(-4.934346835619,-9.63255961113));
#2958 = CARTESIAN_POINT('',(-4.974296071839,-9.588316978126));
#2959 = CARTESIAN_POINT('',(-5.013575117448,-9.542512655057));
#2960 = CARTESIAN_POINT('',(-5.052213996468,-9.495308018885));
#2961 = CARTESIAN_POINT('',(-5.090244951454,-9.446845831215));
#2962 = CARTESIAN_POINT('',(-5.127703662131,-9.397248562344));
#2963 = CARTESIAN_POINT('',(-5.195124001379,-9.304804827268));
#2964 = CARTESIAN_POINT('',(-5.22525132094,-9.262292468375));
#2965 = CARTESIAN_POINT('',(-5.255033230856,-9.219138341637));
#2966 = CARTESIAN_POINT('',(-5.284489127509,-9.175396919859));
#2967 = CARTESIAN_POINT('',(-5.313637418247,-9.131117954986));
#2968 = CARTESIAN_POINT('',(-5.342496011243,-9.0863464173));
#2969 = CARTESIAN_POINT('',(-5.371082805365,-9.041122434622));
#2970 = CARTESIAN_POINT('',(-5.479050003362,-8.867202000846));
#2971 = CARTESIAN_POINT('',(-5.556620740407,-8.735725177555));
#2972 = CARTESIAN_POINT('',(-5.632602682592,-8.601738840197));
#2973 = CARTESIAN_POINT('',(-5.707324607006,-8.465855703994));
#2974 = CARTESIAN_POINT('',(-5.781084948987,-8.328626272062));
#2975 = CARTESIAN_POINT('',(-5.854172479044,-8.190536918402));
#2976 = CARTESIAN_POINT('',(-5.926901021873,-8.052010159262));
#2977 = CARTESIAN_POINT('',(-6.034824124339,-7.846442355588));
#2978 = CARTESIAN_POINT('',(-6.069976076873,-7.7794854381));
#2979 = CARTESIAN_POINT('',(-6.105166513392,-7.712580275946));
#2980 = CARTESIAN_POINT('',(-6.140435771645,-7.64578154488));
#2981 = CARTESIAN_POINT('',(-6.175825315035,-7.579149514789));
#2982 = CARTESIAN_POINT('',(-6.2113793556,-7.512750512813));
#2983 = CARTESIAN_POINT('',(-6.247147055527,-7.446657731349));
#2984 = CARTESIAN_POINT('',(-6.28318530718,-7.380952380952));
#2985 = ( GEOMETRIC_REPRESENTATION_CONTEXT(2) 
PARAMETRIC_REPRESENTATION_CONTEXT() REPRESENTATION_CONTEXT('2D SPACE',''
  ) );
#2986 = ORIENTED_EDGE('',*,*,#2987,.F.);
#2987 = EDGE_CURVE('',#2988,#2611,#2990,.T.);
#2988 = VERTEX_POINT('',#2989);
#2989 = CARTESIAN_POINT('',(-11.99964461418,13.416725723267,175.));
#2990 = SURFACE_CURVE('',#2991,(#2996,#3003),.PCURVE_S1.);
#2991 = CIRCLE('',#2992,18.);
#2992 = AXIS2_PLACEMENT_3D('',#2993,#2994,#2995);
#2993 = CARTESIAN_POINT('',(0.,0.,175.));
#2994 = DIRECTION('',(0.,0.,1.));
#2995 = DIRECTION('',(1.,0.,-0.));
#2996 = PCURVE('',#2331,#2997);
#2997 = DEFINITIONAL_REPRESENTATION('',(#2998),#3002);
#2998 = LINE('',#2999,#3000);
#2999 = CARTESIAN_POINT('',(0.,-16.));
#3000 = VECTOR('',#3001,1.);
#3001 = DIRECTION('',(1.,-0.));
#3002 = ( GEOMETRIC_REPRESENTATION_CONTEXT(2) 
PARAMETRIC_REPRESENTATION_CONTEXT() REPRESENTATION_CONTEXT('2D SPACE',''
  ) );
#3003 = PCURVE('',#2558,#3004);
#3004 = DEFINITIONAL_REPRESENTATION('',(#3005),#3009);
#3005 = CIRCLE('',#3006,18.);
#3006 = AXIS2_PLACEMENT_2D('',#3007,#3008);
#3007 = CARTESIAN_POINT('',(0.,0.));
#3008 = DIRECTION('',(1.,0.));
#3009 = ( GEOMETRIC_REPRESENTATION_CONTEXT(2) 
PARAMETRIC_REPRESENTATION_CONTEXT() REPRESENTATION_CONTEXT('2D SPACE',''
  ) );
#3010 = ORIENTED_EDGE('',*,*,#3011,.F.);
#3011 = EDGE_CURVE('',#3012,#2988,#3014,.T.);
#3012 = VERTEX_POINT('',#3013);
#3013 = CARTESIAN_POINT('',(-5.5,18.186533479473,175.38095238095));
#3014 = SURFACE_CURVE('',#3015,(#3137,#3262),.PCURVE_S1.);
#3015 = B_SPLINE_CURVE_WITH_KNOTS('',8,(#3016,#3017,#3018,#3019,#3020,
    #3021,#3022,#3023,#3024,#3025,#3026,#3027,#3028,#3029,#3030,#3031,
    #3032,#3033,#3034,#3035,#3036,#3037,#3038,#3039,#3040,#3041,#3042,
    #3043,#3044,#3045,#3046,#3047,#3048,#3049,#3050,#3051,#3052,#3053,
    #3054,#3055,#3056,#3057,#3058,#3059,#3060,#3061,#3062,#3063,#3064,
    #3065,#3066,#3067,#3068,#3069,#3070,#3071,#3072,#3073,#3074,#3075,
    #3076,#3077,#3078,#3079,#3080,#3081,#3082,#3083,#3084,#3085,#3086,
    #3087,#3088,#3089,#3090,#3091,#3092,#3093,#3094,#3095,#3096,#3097,
    #3098,#3099,#3100,#3101,#3102,#3103,#3104,#3105,#3106,#3107,#3108,
    #3109,#3110,#3111,#3112,#3113,#3114,#3115,#3116,#3117,#3118,#3119,
    #3120,#3121,#3122,#3123,#3124,#3125,#3126,#3127,#3128,#3129,#3130,
    #3131,#3132,#3133,#3134,#3135,#3136),.UNSPECIFIED.,.F.,.F.,(9,7,7,7,
    7,7,7,7,7,7,7,7,7,7,7,7,7,9),(0.,7.490621639474E-02,0.228739834328,
    0.284286923394,0.351016455657,0.399090449908,0.423708718859,
    0.438765762311,0.472146459017,0.505521194995,0.520571989899,
    0.54517636308,0.59385133667,0.660606541782,0.71540469485,
    0.870030657919,0.968446371258,1.),.UNSPECIFIED.);
#3016 = CARTESIAN_POINT('',(-5.5,18.186533479473,175.38095238095));
#3017 = CARTESIAN_POINT('',(-5.5,18.367144171165,175.44681067451));
#3018 = CARTESIAN_POINT('',(-5.507455961858,18.546392217528,
    175.51305692543));
#3019 = CARTESIAN_POINT('',(-5.522171418335,18.724207668756,
    175.57961015266));
#3020 = CARTESIAN_POINT('',(-5.543996891108,18.900502301075,
    175.64639718496));
#3021 = CARTESIAN_POINT('',(-5.572818130597,19.075174779086,
    175.71335151329));
#3022 = CARTESIAN_POINT('',(-5.608548747867,19.248114102308,
    175.78041248172));
#3023 = CARTESIAN_POINT('',(-5.651127238613,19.419201335895,
    175.84752481724));
#3024 = CARTESIAN_POINT('',(-5.801952182621,19.9356044333,
    176.05246871889));
#3025 = CARTESIAN_POINT('',(-5.932054231561,20.274331222397,
    176.19021662014));
#3026 = CARTESIAN_POINT('',(-6.090513107856,20.603618848349,
    176.32753112463));
#3027 = CARTESIAN_POINT('',(-6.277454942412,20.922035451582,
    176.46399642458));
#3028 = CARTESIAN_POINT('',(-6.493156869725,21.227728868329,
    176.59913464452));
#3029 = CARTESIAN_POINT('',(-6.738042833775,21.518398269021,
    176.73240562055));
#3030 = CARTESIAN_POINT('',(-7.01259903116,21.791328917646,
    176.86320867266));
#3031 = CARTESIAN_POINT('',(-7.427933136934,22.134040557423,
    177.0369668057));
#3032 = CARTESIAN_POINT('',(-7.542076878689,22.222178764908,
    177.08264140833));
#3033 = CARTESIAN_POINT('',(-7.66020863635,22.307369604569,
    177.12785795733));
#3034 = CARTESIAN_POINT('',(-7.782352049807,22.389428711516,
    177.17257543211));
#3035 = CARTESIAN_POINT('',(-7.908524791853,22.468154068529,
    177.2167478158));
#3036 = CARTESIAN_POINT('',(-8.038738175,22.543325902023,177.26032415763
    ));
#3037 = CARTESIAN_POINT('',(-8.172996758297,22.614706578017,
    177.30324863545));
#3038 = CARTESIAN_POINT('',(-8.477441207834,22.762929723213,
    177.39617049185));
#3039 = CARTESIAN_POINT('',(-8.649395162394,22.837967125048,
    177.44584486885));
#3040 = CARTESIAN_POINT('',(-8.827168077846,22.906718962731,
    177.49438354892));
#3041 = CARTESIAN_POINT('',(-9.010719844926,22.968691084491,
    177.54166386419));
#3042 = CARTESIAN_POINT('',(-9.199953741874,23.02333774913,
    177.58754279122));
#3043 = CARTESIAN_POINT('',(-9.394709387348,23.070069826512,
    177.6318586292));
#3044 = CARTESIAN_POINT('',(-9.594756889462,23.108262377046,
    177.67443224433));
#3045 = CARTESIAN_POINT('',(-9.947505887899,23.158153543924,
    177.74434303428));
#3046 = CARTESIAN_POINT('',(-10.09779055906,23.1742714752,
    177.77260881928));
#3047 = CARTESIAN_POINT('',(-10.25052046435,23.185371179756,
    177.7997902278));
#3048 = CARTESIAN_POINT('',(-10.40553075362,23.191200737195,
    177.82580477494));
#3049 = CARTESIAN_POINT('',(-10.56261515574,23.191506530941,
    177.85056379697));
#3050 = CARTESIAN_POINT('',(-10.72152334716,23.186041138837,
    177.87397405566));
#3051 = CARTESIAN_POINT('',(-10.88195800013,23.174573114365,
    177.89593964852));
#3052 = CARTESIAN_POINT('',(-11.12633236541,23.14784772537,
    177.92682347034));
#3053 = CARTESIAN_POINT('',(-11.20940053647,23.137169428788,
    177.9368783725));
#3054 = CARTESIAN_POINT('',(-11.29272781438,23.124836770362,
    177.94651585316));
#3055 = CARTESIAN_POINT('',(-11.37626240478,23.110824788458,
    177.95572282429));
#3056 = CARTESIAN_POINT('',(-11.45994890811,23.095111125653,
    177.96448631902));
#3057 = CARTESIAN_POINT('',(-11.54372829946,23.077676596184,
    177.97279362284));
#3058 = CARTESIAN_POINT('',(-11.62753790844,23.058505753394,
    177.98063240468));
#3059 = CARTESIAN_POINT('',(-11.76254900187,23.024793393725,
    177.99249142453));
#3060 = CARTESIAN_POINT('',(-11.81377322383,23.011345666448,
    177.99681234054));
#3061 = CARTESIAN_POINT('',(-11.86496885442,22.997241645403,
    178.00095086888));
#3062 = CARTESIAN_POINT('',(-11.91612032188,22.982479376819,
    178.0049043937));
#3063 = CARTESIAN_POINT('',(-11.96721169316,22.967057583093,
    178.00867041048));
#3064 = CARTESIAN_POINT('',(-12.01822667389,22.950975662793,
    178.01224652603));
#3065 = CARTESIAN_POINT('',(-12.06914860841,22.934233690658,
    178.01563045854));
#3066 = CARTESIAN_POINT('',(-12.23260780472,22.878254683508,
    178.02589117125));
#3067 = CARTESIAN_POINT('',(-12.34472023682,22.836434663607,
    178.03200749172));
#3068 = CARTESIAN_POINT('',(-12.45610546396,22.791383696419,
    178.037145112));
#3069 = CARTESIAN_POINT('',(-12.56657138561,22.743129656155,
    178.04128415329));
#3070 = CARTESIAN_POINT('',(-12.67592671847,22.691718207202,
    178.04440911916));
#3071 = CARTESIAN_POINT('',(-12.7839816023,22.637214058632,
    178.04650926987));
#3072 = CARTESIAN_POINT('',(-12.89054820561,22.579702218702,
    178.04757899656));
#3073 = CARTESIAN_POINT('',(-13.10031572664,22.458887067843,
    178.04765738756));
#3074 = CARTESIAN_POINT('',(-13.20352662771,22.395579387684,
    178.04666642343));
#3075 = CARTESIAN_POINT('',(-13.30488868557,22.329472349497,
    178.0446451113));
#3076 = CARTESIAN_POINT('',(-13.40423374497,22.260685254914,
    178.04159876807));
#3077 = CARTESIAN_POINT('',(-13.50141008301,22.189349433156,
    178.03753785253));
#3078 = CARTESIAN_POINT('',(-13.59628164769,22.115607107608,
    178.03247759832));
#3079 = CARTESIAN_POINT('',(-13.68872729646,22.039610262389,
    178.02643764695));
#3080 = CARTESIAN_POINT('',(-13.81918741716,21.926303412689,
    178.01628675403));
#3081 = CARTESIAN_POINT('',(-13.85922064321,21.890660609851,
    178.01293732184));
#3082 = CARTESIAN_POINT('',(-13.89873046891,21.854605426965,
    178.00939553468));
#3083 = CARTESIAN_POINT('',(-13.93770841617,21.818152221512,
    178.00566365561));
#3084 = CARTESIAN_POINT('',(-13.97614677277,21.781315381899,
    178.00174406035));
#3085 = CARTESIAN_POINT('',(-14.01403859237,21.744109327465,
    177.99763923731));
#3086 = CARTESIAN_POINT('',(-14.05137769448,21.706548508476,
    177.99335178756));
#3087 = CARTESIAN_POINT('',(-14.14828656596,21.606688361973,
    177.98158137809));
#3088 = CARTESIAN_POINT('',(-14.2069230279,21.543819597082,
    177.97379746129));
#3089 = CARTESIAN_POINT('',(-14.26404415832,21.480104078421,
    177.96554442773));
#3090 = CARTESIAN_POINT('',(-14.31963164005,21.415603782765,
    177.95683455442));
#3091 = CARTESIAN_POINT('',(-14.37367223036,21.35037942889,
    177.94768051075));
#3092 = CARTESIAN_POINT('',(-14.42615726053,21.284490209776,
    177.93809522722));
#3093 = CARTESIAN_POINT('',(-14.47708213537,21.217993524801,
    177.92809176403));
#3094 = CARTESIAN_POINT('',(-14.62410232071,21.018301658131,
    177.89709181759));
#3095 = CARTESIAN_POINT('',(-14.71564440539,20.88350379146,
    177.8749158752));
#3096 = CARTESIAN_POINT('',(-14.80107280333,20.746970560216,
    177.85125536932));
#3097 = CARTESIAN_POINT('',(-14.88044020392,20.609090320531,
    177.82620992935));
#3098 = CARTESIAN_POINT('',(-14.95383872898,20.470217112924,
    177.79987642872));
#3099 = CARTESIAN_POINT('',(-15.02138933048,20.33066816218,
    177.77234694715));
#3100 = CARTESIAN_POINT('',(-15.0832331266,20.190722100525,
    177.7437070637));
#3101 = CARTESIAN_POINT('',(-15.21672562064,19.8584722793,
    177.67334007008));
#3102 = CARTESIAN_POINT('',(-15.28347055206,19.666061309854,
    177.63071006968));
#3103 = CARTESIAN_POINT('',(-15.34017466312,19.473974112579,
    177.58634010669));
#3104 = CARTESIAN_POINT('',(-15.38726490085,19.28272123559,
    177.54040916544));
#3105 = CARTESIAN_POINT('',(-15.42517170386,19.092735227946,
    177.49307878949));
#3106 = CARTESIAN_POINT('',(-15.45431958095,18.904371925051,
    177.4444918473));
#3107 = CARTESIAN_POINT('',(-15.47511653099,18.717912459869,
    177.39477086163));
#3108 = CARTESIAN_POINT('',(-15.49847075181,18.382239290437,
    177.30235206498));
#3109 = CARTESIAN_POINT('',(-15.50362681153,18.232353866877,
    177.25999632925));
#3110 = CARTESIAN_POINT('',(-15.50362151292,18.084034304868,
    177.2170068179));
#3111 = CARTESIAN_POINT('',(-15.49865453581,17.937390792918,
    177.17343709143));
#3112 = CARTESIAN_POINT('',(-15.48891410851,17.79251949878,
    177.12933608931));
#3113 = CARTESIAN_POINT('',(-15.47457690607,17.649502935828,
    177.08474807098));
#3114 = CARTESIAN_POINT('',(-15.45580794857,17.508410329432,
    177.03971255684));
#3115 = CARTESIAN_POINT('',(-15.36772666454,16.97675956211,
    176.86602116552));
#3116 = CARTESIAN_POINT('',(-15.26867522366,16.600288427031,
    176.73458924814));
#3117 = CARTESIAN_POINT('',(-15.13907693947,16.240801366543,
    176.60065459693));
#3118 = CARTESIAN_POINT('',(-14.98157025131,15.899252725077,
    176.46482834782));
#3119 = CARTESIAN_POINT('',(-14.79839773834,15.576438857141,
    176.32765973343));
#3120 = CARTESIAN_POINT('',(-14.59132972087,15.273056470926,
    176.18963419964));
#3121 = CARTESIAN_POINT('',(-14.36168871375,14.989720368184,
    176.05117367628));
#3122 = CARTESIAN_POINT('',(-13.94993003798,14.560025659693,
    175.82445651595));
#3123 = CARTESIAN_POINT('',(-13.78096714289,14.401402324966,
    175.73629306862));
#3124 = CARTESIAN_POINT('',(-13.60337965407,14.25146968387,
    175.64824728551));
#3125 = CARTESIAN_POINT('',(-13.41730769123,14.110488240325,
    175.56044327285));
#3126 = CARTESIAN_POINT('',(-13.2228372417,13.978784926848,
    175.47302701125));
#3127 = CARTESIAN_POINT('',(-13.01999581889,13.856753046171,
    175.38616778808));
#3128 = CARTESIAN_POINT('',(-12.80872599602,13.744870665736,
    175.30006200926));
#3129 = CARTESIAN_POINT('',(-12.51831127911,13.611334935156,
    175.1876510778));
#3130 = CARTESIAN_POINT('',(-12.44692052115,13.580023725411,
    175.16046287592));
#3131 = CARTESIAN_POINT('',(-12.37463958702,13.549841559235,
    175.13338545641));
#3132 = CARTESIAN_POINT('',(-12.30146245118,13.520810982698,
    175.10642771172));
#3133 = CARTESIAN_POINT('',(-12.22738243929,13.492956456065,
    175.07959932764));
#3134 = CARTESIAN_POINT('',(-12.15239203499,13.466304507709,
    175.0529108263));
#3135 = CARTESIAN_POINT('',(-12.07648268666,13.44088388801,
    175.02637360916));
#3136 = CARTESIAN_POINT('',(-11.99964461418,13.416725723267,175.));
#3137 = PCURVE('',#2331,#3138);
#3138 = DEFINITIONAL_REPRESENTATION('',(#3139),#3261);
#3139 = B_SPLINE_CURVE_WITH_KNOTS('',8,(#3140,#3141,#3142,#3143,#3144,
    #3145,#3146,#3147,#3148,#3149,#3150,#3151,#3152,#3153,#3154,#3155,
    #3156,#3157,#3158,#3159,#3160,#3161,#3162,#3163,#3164,#3165,#3166,
    #3167,#3168,#3169,#3170,#3171,#3172,#3173,#3174,#3175,#3176,#3177,
    #3178,#3179,#3180,#3181,#3182,#3183,#3184,#3185,#3186,#3187,#3188,
    #3189,#3190,#3191,#3192,#3193,#3194,#3195,#3196,#3197,#3198,#3199,
    #3200,#3201,#3202,#3203,#3204,#3205,#3206,#3207,#3208,#3209,#3210,
    #3211,#3212,#3213,#3214,#3215,#3216,#3217,#3218,#3219,#3220,#3221,
    #3222,#3223,#3224,#3225,#3226,#3227,#3228,#3229,#3230,#3231,#3232,
    #3233,#3234,#3235,#3236,#3237,#3238,#3239,#3240,#3241,#3242,#3243,
    #3244,#3245,#3246,#3247,#3248,#3249,#3250,#3251,#3252,#3253,#3254,
    #3255,#3256,#3257,#3258,#3259,#3260),.UNSPECIFIED.,.F.,.F.,(9,7,7,7,
    7,7,7,7,7,7,7,7,7,7,7,7,7,9),(0.,7.490621639474E-02,0.228739834328,
    0.284286923394,0.351016455657,0.399090449908,0.423708718859,
    0.438765762311,0.472146459017,0.505521194995,0.520571989899,
    0.54517636308,0.59385133667,0.660606541782,0.71540469485,
    0.870030657919,0.968446371258,1.),.UNSPECIFIED.);
#3140 = CARTESIAN_POINT('',(1.864473261392,-15.61904761904));
#3141 = CARTESIAN_POINT('',(1.861721574953,-15.55318932549));
#3142 = CARTESIAN_POINT('',(1.859423493605,-15.48694307456));
#3143 = CARTESIAN_POINT('',(1.857554240108,-15.42038984733));
#3144 = CARTESIAN_POINT('',(1.856092683597,-15.35360281503));
#3145 = CARTESIAN_POINT('',(1.855020540143,-15.2866484867));
#3146 = CARTESIAN_POINT('',(1.854321835319,-15.21958751827));
#3147 = CARTESIAN_POINT('',(1.853982628777,-15.15247518275));
#3148 = CARTESIAN_POINT('',(1.854008194373,-14.9475312811));
#3149 = CARTESIAN_POINT('',(1.855491310426,-14.80978337985));
#3150 = CARTESIAN_POINT('',(1.858333656735,-14.67246887536));
#3151 = CARTESIAN_POINT('',(1.862468984597,-14.53600357541));
#3152 = CARTESIAN_POINT('',(1.867851211682,-14.40086535547));
#3153 = CARTESIAN_POINT('',(1.874454505298,-14.26759437944));
#3154 = CARTESIAN_POINT('',(1.88226971012,-14.13679132733));
#3155 = CARTESIAN_POINT('',(1.894592259647,-13.9630331943));
#3156 = CARTESIAN_POINT('',(1.898021891453,-13.91735859166));
#3157 = CARTESIAN_POINT('',(1.901612870258,-13.87214204267));
#3158 = CARTESIAN_POINT('',(1.905366158703,-13.82742456788));
#3159 = CARTESIAN_POINT('',(1.909282919436,-13.78325218419));
#3160 = CARTESIAN_POINT('',(1.913364545161,-13.73967584237));
#3161 = CARTESIAN_POINT('',(1.917612688678,-13.69675136454));
#3162 = CARTESIAN_POINT('',(1.927335024371,-13.60382950814));
#3163 = CARTESIAN_POINT('',(1.932883129294,-13.55415513114));
#3164 = CARTESIAN_POINT('',(1.938677382109,-13.50561645107));
#3165 = CARTESIAN_POINT('',(1.94472116853,-13.4583361358));
#3166 = CARTESIAN_POINT('',(1.951017314004,-13.41245720877));
#3167 = CARTESIAN_POINT('',(1.95756799081,-13.36814137079));
#3168 = CARTESIAN_POINT('',(1.964374703823,-13.32556775566));
#3169 = CARTESIAN_POINT('',(1.976527225092,-13.25565696572));
#3170 = CARTESIAN_POINT('',(1.981748837049,-13.22739118071));
#3171 = CARTESIAN_POINT('',(1.987103099197,-13.20020977219));
#3172 = CARTESIAN_POINT('',(1.992589062177,-13.17419522505));
#3173 = CARTESIAN_POINT('',(1.998204852155,-13.14943620302));
#3174 = CARTESIAN_POINT('',(2.003947540198,-13.12602594433));
#3175 = CARTESIAN_POINT('',(2.009812947737,-13.10406035147));
#3176 = CARTESIAN_POINT('',(2.018858943178,-13.07317652965));
#3177 = CARTESIAN_POINT('',(2.021953121314,-13.06312162749));
#3178 = CARTESIAN_POINT('',(2.025077098213,-13.05348414683));
#3179 = CARTESIAN_POINT('',(2.028229940896,-13.0442771757));
#3180 = CARTESIAN_POINT('',(2.031410597009,-13.03551368097));
#3181 = CARTESIAN_POINT('',(2.034617884078,-13.02720637715));
#3182 = CARTESIAN_POINT('',(2.037850478761,-13.01936759531));
#3183 = CARTESIAN_POINT('',(2.043098604561,-13.00750857546));
#3184 = CARTESIAN_POINT('',(2.045099221954,-13.00318765946));
#3185 = CARTESIAN_POINT('',(2.047108421544,-12.99904913111));
#3186 = CARTESIAN_POINT('',(2.049125848437,-12.99509560629));
#3187 = CARTESIAN_POINT('',(2.051151129597,-12.99132958952));
#3188 = CARTESIAN_POINT('',(2.05318387384,-12.98775347396));
#3189 = CARTESIAN_POINT('',(2.055223671838,-12.98436954145));
#3190 = CARTESIAN_POINT('',(2.061806914284,-12.97410882874));
#3191 = CARTESIAN_POINT('',(2.066376540248,-12.96799250827));
#3192 = CARTESIAN_POINT('',(2.070974010201,-12.96285488799));
#3193 = CARTESIAN_POINT('',(2.075594215253,-12.9587158467));
#3194 = CARTESIAN_POINT('',(2.080231858132,-12.95559088083));
#3195 = CARTESIAN_POINT('',(2.084881409904,-12.95349073012));
#3196 = CARTESIAN_POINT('',(2.089537066671,-12.95242100343));
#3197 = CARTESIAN_POINT('',(2.098847514554,-12.95234261243));
#3198 = CARTESIAN_POINT('',(2.103502719489,-12.95333357656));
#3199 = CARTESIAN_POINT('',(2.108152200759,-12.95535488869));
#3200 = CARTESIAN_POINT('',(2.112790151368,-12.95840123192));
#3201 = CARTESIAN_POINT('',(2.117411034517,-12.96246214746));
#3202 = CARTESIAN_POINT('',(2.122009540459,-12.96752240167));
#3203 = CARTESIAN_POINT('',(2.126580543357,-12.97356235304));
#3204 = CARTESIAN_POINT('',(2.13316576362,-12.98371324597));
#3205 = CARTESIAN_POINT('',(2.135205911124,-12.98706267816));
#3206 = CARTESIAN_POINT('',(2.1372390716,-12.99060446531));
#3207 = CARTESIAN_POINT('',(2.139264834055,-12.99433634438));
#3208 = CARTESIAN_POINT('',(2.141282805561,-12.99825593964));
#3209 = CARTESIAN_POINT('',(2.143292611246,-13.00236076268));
#3210 = CARTESIAN_POINT('',(2.145293894297,-13.00664821243));
#3211 = CARTESIAN_POINT('',(2.150543438697,-13.01841862191));
#3212 = CARTESIAN_POINT('',(2.153776890053,-13.0262025387));
#3213 = CARTESIAN_POINT('',(2.156985186765,-13.03445557226));
#3214 = CARTESIAN_POINT('',(2.160166997175,-13.04316544557));
#3215 = CARTESIAN_POINT('',(2.163321130491,-13.05231948924));
#3216 = CARTESIAN_POINT('',(2.166446526038,-13.06190477277));
#3217 = CARTESIAN_POINT('',(2.169542242521,-13.07190823596));
#3218 = CARTESIAN_POINT('',(2.178671359547,-13.1029081824));
#3219 = CARTESIAN_POINT('',(2.184615583045,-13.12508412479));
#3220 = CARTESIAN_POINT('',(2.190434151954,-13.14874463067));
#3221 = CARTESIAN_POINT('',(2.196122693289,-13.17379007064));
#3222 = CARTESIAN_POINT('',(2.201678150387,-13.20012357127));
#3223 = CARTESIAN_POINT('',(2.207098575288,-13.22765305284));
#3224 = CARTESIAN_POINT('',(2.212382990031,-13.25629293629));
#3225 = CARTESIAN_POINT('',(2.224591980425,-13.32665992991));
#3226 = CARTESIAN_POINT('',(2.23139549787,-13.36928993031));
#3227 = CARTESIAN_POINT('',(2.237942805061,-13.4136598933));
#3228 = CARTESIAN_POINT('',(2.244235430383,-13.45959083455));
#3229 = CARTESIAN_POINT('',(2.250275561814,-13.5069212105));
#3230 = CARTESIAN_POINT('',(2.256066034424,-13.55550815269));
#3231 = CARTESIAN_POINT('',(2.261610238285,-13.60522913836));
#3232 = CARTESIAN_POINT('',(2.271264024425,-13.69764793501));
#3233 = CARTESIAN_POINT('',(2.275452202431,-13.74000367074));
#3234 = CARTESIAN_POINT('',(2.279478339222,-13.78299318209));
#3235 = CARTESIAN_POINT('',(2.283344019489,-13.82656290856));
#3236 = CARTESIAN_POINT('',(2.287050582335,-13.87066391068));
#3237 = CARTESIAN_POINT('',(2.290599149391,-13.91525192902));
#3238 = CARTESIAN_POINT('',(2.293990652941,-13.96028744315));
#3239 = CARTESIAN_POINT('',(2.306354778146,-14.13397883447));
#3240 = CARTESIAN_POINT('',(2.314232233005,-14.26541075185));
#3241 = CARTESIAN_POINT('',(2.32088549369,-14.39934540306));
#3242 = CARTESIAN_POINT('',(2.326305391528,-14.53517165218));
#3243 = CARTESIAN_POINT('',(2.330465835557,-14.67234026655));
#3244 = CARTESIAN_POINT('',(2.333320060852,-14.81036580035));
#3245 = CARTESIAN_POINT('',(2.334800795764,-14.94882632371));
#3246 = CARTESIAN_POINT('',(2.334798377964,-15.17554348404));
#3247 = CARTESIAN_POINT('',(2.334196998213,-15.26370693137));
#3248 = CARTESIAN_POINT('',(2.332968205534,-15.35175271448));
#3249 = CARTESIAN_POINT('',(2.331078940946,-15.43955672714));
#3250 = CARTESIAN_POINT('',(2.328489509381,-15.52697298874));
#3251 = CARTESIAN_POINT('',(2.325153113525,-15.61383221191));
#3252 = CARTESIAN_POINT('',(2.32101382842,-15.69993799073));
#3253 = CARTESIAN_POINT('',(2.314394300907,-15.81234892219));
#3254 = CARTESIAN_POINT('',(2.312697549399,-15.83953712407));
#3255 = CARTESIAN_POINT('',(2.310908841817,-15.86661454358));
#3256 = CARTESIAN_POINT('',(2.309025785882,-15.89357228827));
#3257 = CARTESIAN_POINT('',(2.307045861374,-15.92040067235));
#3258 = CARTESIAN_POINT('',(2.304966407718,-15.94708917369));
#3259 = CARTESIAN_POINT('',(2.302784611577,-15.97362639083));
#3260 = CARTESIAN_POINT('',(2.300497494441,-16.));
#3261 = ( GEOMETRIC_REPRESENTATION_CONTEXT(2) 
PARAMETRIC_REPRESENTATION_CONTEXT() REPRESENTATION_CONTEXT('2D SPACE',''
  ) );
#3262 = PCURVE('',#3263,#3268);
#3263 = CYLINDRICAL_SURFACE('',#3264,5.);
#3264 = AXIS2_PLACEMENT_3D('',#3265,#3266,#3267);
#3265 = CARTESIAN_POINT('',(-10.5,18.186533479473,168.));
#3266 = DIRECTION('',(-0.,-0.,-1.));
#3267 = DIRECTION('',(1.,0.,0.));
#3268 = DEFINITIONAL_REPRESENTATION('',(#3269),#3391);
#3269 = B_SPLINE_CURVE_WITH_KNOTS('',8,(#3270,#3271,#3272,#3273,#3274,
    #3275,#3276,#3277,#3278,#3279,#3280,#3281,#3282,#3283,#3284,#3285,
    #3286,#3287,#3288,#3289,#3290,#3291,#3292,#3293,#3294,#3295,#3296,
    #3297,#3298,#3299,#3300,#3301,#3302,#3303,#3304,#3305,#3306,#3307,
    #3308,#3309,#3310,#3311,#3312,#3313,#3314,#3315,#3316,#3317,#3318,
    #3319,#3320,#3321,#3322,#3323,#3324,#3325,#3326,#3327,#3328,#3329,
    #3330,#3331,#3332,#3333,#3334,#3335,#3336,#3337,#3338,#3339,#3340,
    #3341,#3342,#3343,#3344,#3345,#3346,#3347,#3348,#3349,#3350,#3351,
    #3352,#3353,#3354,#3355,#3356,#3357,#3358,#3359,#3360,#3361,#3362,
    #3363,#3364,#3365,#3366,#3367,#3368,#3369,#3370,#3371,#3372,#3373,
    #3374,#3375,#3376,#3377,#3378,#3379,#3380,#3381,#3382,#3383,#3384,
    #3385,#3386,#3387,#3388,#3389,#3390),.UNSPECIFIED.,.F.,.F.,(9,7,7,7,
    7,7,7,7,7,7,7,7,7,7,7,7,7,9),(0.,7.490621639474E-02,0.228739834328,
    0.284286923394,0.351016455657,0.399090449908,0.423708718859,
    0.438765762311,0.472146459017,0.505521194995,0.520571989899,
    0.54517636308,0.59385133667,0.660606541782,0.71540469485,
    0.870030657919,0.968446371258,1.),.UNSPECIFIED.);
#3270 = CARTESIAN_POINT('',(0.,-7.380952380952));
#3271 = CARTESIAN_POINT('',(-3.612213833831E-02,-7.44681067451));
#3272 = CARTESIAN_POINT('',(-7.197176363452E-02,-7.513056925438));
#3273 = CARTESIAN_POINT('',(-0.10760663183,-7.57961015266));
#3274 = CARTESIAN_POINT('',(-0.143076502281,-7.646397184966));
#3275 = CARTESIAN_POINT('',(-0.178425991625,-7.713351513293));
#3276 = CARTESIAN_POINT('',(-0.213696821568,-7.780412481728));
#3277 = CARTESIAN_POINT('',(-0.2489294606,-7.84752481724));
#3278 = CARTESIAN_POINT('',(-0.356525059533,-8.052468718895));
#3279 = CARTESIAN_POINT('',(-0.428848591192,-8.190216620142));
#3280 = CARTESIAN_POINT('',(-0.501526982012,-8.327531124637));
#3281 = CARTESIAN_POINT('',(-0.57486888085,-8.463996424581));
#3282 = CARTESIAN_POINT('',(-0.649158502131,-8.599134644521));
#3283 = CARTESIAN_POINT('',(-0.724689354299,-8.732405620551));
#3284 = CARTESIAN_POINT('',(-0.801784772451,-8.863208672667));
#3285 = CARTESIAN_POINT('',(-0.909479468227,-9.0369668057));
#3286 = CARTESIAN_POINT('',(-0.938306784465,-9.082641408337));
#3287 = CARTESIAN_POINT('',(-0.967409711658,-9.12785795733));
#3288 = CARTESIAN_POINT('',(-0.996806615526,-9.172575432118));
#3289 = CARTESIAN_POINT('',(-1.026515870693,-9.216747815803));
#3290 = CARTESIAN_POINT('',(-1.056556371992,-9.26032415763));
#3291 = CARTESIAN_POINT('',(-1.086948045767,-9.303248635456));
#3292 = CARTESIAN_POINT('',(-1.154669984199,-9.396170491859));
#3293 = CARTESIAN_POINT('',(-1.192160179994,-9.445844868858));
#3294 = CARTESIAN_POINT('',(-1.230223350658,-9.494383548928));
#3295 = CARTESIAN_POINT('',(-1.268895302881,-9.541663864195));
#3296 = CARTESIAN_POINT('',(-1.308208404002,-9.587542791225));
#3297 = CARTESIAN_POINT('',(-1.348192808618,-9.631858629209));
#3298 = CARTESIAN_POINT('',(-1.388877755784,-9.674432244332));
#3299 = CARTESIAN_POINT('',(-1.460129698755,-9.74434303428));
#3300 = CARTESIAN_POINT('',(-1.490341870494,-9.772608819285));
#3301 = CARTESIAN_POINT('',(-1.520938214273,-9.799790227801));
#3302 = CARTESIAN_POINT('',(-1.55192373823,-9.825804774941));
#3303 = CARTESIAN_POINT('',(-1.583299905171,-9.850563796971));
#3304 = CARTESIAN_POINT('',(-1.615064406536,-9.873974055668));
#3305 = CARTESIAN_POINT('',(-1.647210501517,-9.89593964852));
#3306 = CARTESIAN_POINT('',(-1.696376781353,-9.926823470346));
#3307 = CARTESIAN_POINT('',(-1.713124127333,-9.936878372507));
#3308 = CARTESIAN_POINT('',(-1.729965985266,-9.946515853169));
#3309 = CARTESIAN_POINT('',(-1.746899985382,-9.955722824292));
#3310 = CARTESIAN_POINT('',(-1.763923310029,-9.964486319027));
#3311 = CARTESIAN_POINT('',(-1.781032641557,-9.972793622847));
#3312 = CARTESIAN_POINT('',(-1.798224110212,-9.980632404686));
#3313 = CARTESIAN_POINT('',(-1.826055400907,-9.992491424535));
#3314 = CARTESIAN_POINT('',(-1.836646630106,-9.99681234054));
#3315 = CARTESIAN_POINT('',(-1.847265910543,-10.00095086888));
#3316 = CARTESIAN_POINT('',(-1.857912152802,-10.0049043937));
#3317 = CARTESIAN_POINT('',(-1.868584197128,-10.00867041048));
#3318 = CARTESIAN_POINT('',(-1.879280813431,-10.01224652603));
#3319 = CARTESIAN_POINT('',(-1.890000701281,-10.01563045854));
#3320 = CARTESIAN_POINT('',(-1.924556486961,-10.02589117125));
#3321 = CARTESIAN_POINT('',(-1.948479384523,-10.03200749172));
#3322 = CARTESIAN_POINT('',(-1.972494596823,-10.037145112));
#3323 = CARTESIAN_POINT('',(-1.996585368941,-10.04128415329));
#3324 = CARTESIAN_POINT('',(-2.020734412627,-10.04440911916));
#3325 = CARTESIAN_POINT('',(-2.044923542103,-10.04650926987));
#3326 = CARTESIAN_POINT('',(-2.069133309875,-10.04757899656));
#3327 = CARTESIAN_POINT('',(-2.117547652195,-10.04765738756));
#3328 = CARTESIAN_POINT('',(-2.141754369856,-10.04666642343));
#3329 = CARTESIAN_POINT('',(-2.165941725445,-10.0446451113));
#3330 = CARTESIAN_POINT('',(-2.190090257083,-10.04159876807));
#3331 = CARTESIAN_POINT('',(-2.214181746836,-10.03753785253));
#3332 = CARTESIAN_POINT('',(-2.238198856453,-10.03247759832));
#3333 = CARTESIAN_POINT('',(-2.262124763116,-10.02643764695));
#3334 = CARTESIAN_POINT('',(-2.296683863382,-10.01628675403));
#3335 = CARTESIAN_POINT('',(-2.307403250533,-10.01293732184));
#3336 = CARTESIAN_POINT('',(-2.318099579319,-10.00939553468));
#3337 = CARTESIAN_POINT('',(-2.328771542448,-10.00566365561));
#3338 = CARTESIAN_POINT('',(-2.339417902643,-10.00174406035));
#3339 = CARTESIAN_POINT('',(-2.35003749264,-9.997639237316));
#3340 = CARTESIAN_POINT('',(-2.360629215191,-9.993351787566));
#3341 = CARTESIAN_POINT('',(-2.388459686427,-9.98158137809));
#3342 = CARTESIAN_POINT('',(-2.405650160951,-9.97379746129));
#3343 = CARTESIAN_POINT('',(-2.422758957657,-9.965544427734));
#3344 = CARTESIAN_POINT('',(-2.439782172368,-9.956834554423));
#3345 = CARTESIAN_POINT('',(-2.456716453348,-9.947680510759));
#3346 = CARTESIAN_POINT('',(-2.473558948954,-9.938095227222));
#3347 = CARTESIAN_POINT('',(-2.490307255272,-9.928091764034));
#3348 = CARTESIAN_POINT('',(-2.5399023262,-9.897091817598));
#3349 = CARTESIAN_POINT('',(-2.572467308251,-9.874915875209));
#3350 = CARTESIAN_POINT('',(-2.604641344207,-9.851255369329));
#3351 = CARTESIAN_POINT('',(-2.636417310819,-9.826209929351));
#3352 = CARTESIAN_POINT('',(-2.667792750425,-9.799876428725));
#3353 = CARTESIAN_POINT('',(-2.698769162929,-9.772346947159));
#3354 = CARTESIAN_POINT('',(-2.729351766624,-9.743707063702));
#3355 = CARTESIAN_POINT('',(-2.800964667603,-9.673340070081));
#3356 = CARTESIAN_POINT('',(-2.841649219261,-9.630710069683));
#3357 = CARTESIAN_POINT('',(-2.881633226713,-9.586340106694));
#3358 = CARTESIAN_POINT('',(-2.9209460401,-9.540409165447));
#3359 = CARTESIAN_POINT('',(-2.959617896749,-9.493078789494));
#3360 = CARTESIAN_POINT('',(-2.99768122698,-9.444491847307));
#3361 = CARTESIAN_POINT('',(-3.035171884795,-9.394770861632));
#3362 = CARTESIAN_POINT('',(-3.102468807847,-9.30235206498));
#3363 = CARTESIAN_POINT('',(-3.132445189573,-9.259996329255));
#3364 = CARTESIAN_POINT('',(-3.162080022054,-9.217006817901));
#3365 = CARTESIAN_POINT('',(-3.191392429981,-9.173437091431));
#3366 = CARTESIAN_POINT('',(-3.220400567631,-9.129336089313));
#3367 = CARTESIAN_POINT('',(-3.249122097194,-9.08474807098));
#3368 = CARTESIAN_POINT('',(-3.277574667082,-9.039712556842));
#3369 = CARTESIAN_POINT('',(-3.385354229336,-8.866021165523));
#3370 = CARTESIAN_POINT('',(-3.462873890766,-8.734589248147));
#3371 = CARTESIAN_POINT('',(-3.538808521352,-8.600654596935));
#3372 = CARTESIAN_POINT('',(-3.613486341483,-8.464828347817));
#3373 = CARTESIAN_POINT('',(-3.687205297716,-8.327659733441));
#3374 = CARTESIAN_POINT('',(-3.760253750717,-8.189634199642));
#3375 = CARTESIAN_POINT('',(-3.832945076531,-8.051173676288));
#3376 = CARTESIAN_POINT('',(-3.951971586112,-7.824456515959));
#3377 = CARTESIAN_POINT('',(-3.998257576863,-7.736293068623));
#3378 = CARTESIAN_POINT('',(-4.044633290545,-7.648247285514));
#3379 = CARTESIAN_POINT('',(-4.091192461485,-7.560443272857));
#3380 = CARTESIAN_POINT('',(-4.138032673959,-7.47302701125));
#3381 = CARTESIAN_POINT('',(-4.18526012215,-7.386167788081));
#3382 = CARTESIAN_POINT('',(-4.232998293973,-7.300062009267));
#3383 = CARTESIAN_POINT('',(-4.296927160424,-7.187651077802));
#3384 = CARTESIAN_POINT('',(-4.312515792187,-7.160462875928));
#3385 = CARTESIAN_POINT('',(-4.328177545312,-7.133385456419));
#3386 = CARTESIAN_POINT('',(-4.343917533984,-7.106427711727));
#3387 = CARTESIAN_POINT('',(-4.359741078789,-7.079599327645));
#3388 = CARTESIAN_POINT('',(-4.375653777318,-7.052910826305));
#3389 = CARTESIAN_POINT('',(-4.39166157478,-7.026373609164));
#3390 = CARTESIAN_POINT('',(-4.40777083461,-7.));
#3391 = ( GEOMETRIC_REPRESENTATION_CONTEXT(2) 
PARAMETRIC_REPRESENTATION_CONTEXT() REPRESENTATION_CONTEXT('2D SPACE',''
  ) );
#3392 = ORIENTED_EDGE('',*,*,#3393,.F.);
#3393 = EDGE_CURVE('',#3394,#3012,#3396,.T.);
#3394 = VERTEX_POINT('',#3395);
#3395 = CARTESIAN_POINT('',(-5.619403004868,17.100359933899,175.));
#3396 = SURFACE_CURVE('',#3397,(#3406,#3418),.PCURVE_S1.);
#3397 = B_SPLINE_CURVE_WITH_KNOTS('',4,(#3398,#3399,#3400,#3401,#3402,
    #3403,#3404,#3405),.UNSPECIFIED.,.F.,.F.,(5,3,5),(0.,0.495865056456,
    1.),.UNSPECIFIED.);
#3398 = CARTESIAN_POINT('',(-5.619403004868,17.100359933899,
    174.99999999999));
#3399 = CARTESIAN_POINT('',(-5.588970456755,17.237105119304,
    175.04587045793));
#3400 = CARTESIAN_POINT('',(-5.564034625861,17.373240162992,
    175.0923183701));
#3401 = CARTESIAN_POINT('',(-5.544305730055,17.508697269896,
    175.13923045295));
#3402 = CARTESIAN_POINT('',(-5.51461769163,17.78039479407,
    175.23461488593));
#3403 = CARTESIAN_POINT('',(-5.504826191296,17.916609544993,
    175.28309953422));
#3404 = CARTESIAN_POINT('',(-5.5,18.052008875797,175.33189902338));
#3405 = CARTESIAN_POINT('',(-5.5,18.186533479473,175.38095238095));
#3406 = PCURVE('',#2331,#3407);
#3407 = DEFINITIONAL_REPRESENTATION('',(#3408),#3417);
#3408 = B_SPLINE_CURVE_WITH_KNOTS('',4,(#3409,#3410,#3411,#3412,#3413,
    #3414,#3415,#3416),.UNSPECIFIED.,.F.,.F.,(5,3,5),(0.,0.495865056456,
    1.),.UNSPECIFIED.);
#3409 = CARTESIAN_POINT('',(1.888292710346,-16.));
#3410 = CARTESIAN_POINT('',(1.884314828148,-15.95412954206));
#3411 = CARTESIAN_POINT('',(1.880708602124,-15.90768162989));
#3412 = CARTESIAN_POINT('',(1.877446813657,-15.86076954704));
#3413 = CARTESIAN_POINT('',(1.871520020474,-15.76538511406));
#3414 = CARTESIAN_POINT('',(1.868865853307,-15.71690046577));
#3415 = CARTESIAN_POINT('',(1.866522805215,-15.66810097661));
#3416 = CARTESIAN_POINT('',(1.864473261392,-15.61904761904));
#3417 = ( GEOMETRIC_REPRESENTATION_CONTEXT(2) 
PARAMETRIC_REPRESENTATION_CONTEXT() REPRESENTATION_CONTEXT('2D SPACE',''
  ) );
#3418 = PCURVE('',#3263,#3419);
#3419 = DEFINITIONAL_REPRESENTATION('',(#3420),#3429);
#3420 = B_SPLINE_CURVE_WITH_KNOTS('',4,(#3421,#3422,#3423,#3424,#3425,
    #3426,#3427,#3428),.UNSPECIFIED.,.F.,.F.,(5,3,5),(0.,0.495865056456,
    1.),.UNSPECIFIED.);
#3421 = CARTESIAN_POINT('',(-6.064204677356,-6.999999999999));
#3422 = CARTESIAN_POINT('',(-6.092222804143,-7.045870457933));
#3423 = CARTESIAN_POINT('',(-6.119883107689,-7.092318370101));
#3424 = CARTESIAN_POINT('',(-6.147242941608,-7.139230452955));
#3425 = CARTESIAN_POINT('',(-6.201905881254,-7.23461488593));
#3426 = CARTESIAN_POINT('',(-6.229200434899,-7.283099534223));
#3427 = CARTESIAN_POINT('',(-6.256280386444,-7.331899023386));
#3428 = CARTESIAN_POINT('',(-6.28318530718,-7.380952380952));
#3429 = ( GEOMETRIC_REPRESENTATION_CONTEXT(2) 
PARAMETRIC_REPRESENTATION_CONTEXT() REPRESENTATION_CONTEXT('2D SPACE',''
  ) );
#3430 = ORIENTED_EDGE('',*,*,#3431,.F.);
#3431 = EDGE_CURVE('',#3432,#3394,#3434,.T.);
#3432 = VERTEX_POINT('',#3433);
#3433 = CARTESIAN_POINT('',(17.619047619048,3.683634210631,175.));
#3434 = SURFACE_CURVE('',#3435,(#3440,#3447),.PCURVE_S1.);
#3435 = CIRCLE('',#3436,18.);
#3436 = AXIS2_PLACEMENT_3D('',#3437,#3438,#3439);
#3437 = CARTESIAN_POINT('',(0.,0.,175.));
#3438 = DIRECTION('',(0.,0.,1.));
#3439 = DIRECTION('',(1.,0.,-0.));
#3440 = PCURVE('',#2331,#3441);
#3441 = DEFINITIONAL_REPRESENTATION('',(#3442),#3446);
#3442 = LINE('',#3443,#3444);
#3443 = CARTESIAN_POINT('',(0.,-16.));
#3444 = VECTOR('',#3445,1.);
#3445 = DIRECTION('',(1.,-0.));
#3446 = ( GEOMETRIC_REPRESENTATION_CONTEXT(2) 
PARAMETRIC_REPRESENTATION_CONTEXT() REPRESENTATION_CONTEXT('2D SPACE',''
  ) );
#3447 = PCURVE('',#2558,#3448);
#3448 = DEFINITIONAL_REPRESENTATION('',(#3449),#3453);
#3449 = CIRCLE('',#3450,18.);
#3450 = AXIS2_PLACEMENT_2D('',#3451,#3452);
#3451 = CARTESIAN_POINT('',(0.,0.));
#3452 = DIRECTION('',(1.,0.));
#3453 = ( GEOMETRIC_REPRESENTATION_CONTEXT(2) 
PARAMETRIC_REPRESENTATION_CONTEXT() REPRESENTATION_CONTEXT('2D SPACE',''
  ) );
#3454 = ORIENTED_EDGE('',*,*,#3455,.F.);
#3455 = EDGE_CURVE('',#2348,#3432,#3456,.T.);
#3456 = SURFACE_CURVE('',#3457,(#3509,#3564),.PCURVE_S1.);
#3457 = B_SPLINE_CURVE_WITH_KNOTS('',8,(#3458,#3459,#3460,#3461,#3462,
    #3463,#3464,#3465,#3466,#3467,#3468,#3469,#3470,#3471,#3472,#3473,
    #3474,#3475,#3476,#3477,#3478,#3479,#3480,#3481,#3482,#3483,#3484,
    #3485,#3486,#3487,#3488,#3489,#3490,#3491,#3492,#3493,#3494,#3495,
    #3496,#3497,#3498,#3499,#3500,#3501,#3502,#3503,#3504,#3505,#3506,
    #3507,#3508),.UNSPECIFIED.,.F.,.F.,(9,7,7,7,7,7,7,9),(0.,
    0.138368493456,0.229447519567,0.355868050072,0.461108956334,
    0.752616426326,0.93918413567,1.),.UNSPECIFIED.);
#3458 = CARTESIAN_POINT('',(26.,-1.224646799147E-15,178.04761904761));
#3459 = CARTESIAN_POINT('',(26.,0.264863163669,178.04761904761));
#3460 = CARTESIAN_POINT('',(25.983965029146,0.529847337734,
    178.0426852037));
#3461 = CARTESIAN_POINT('',(25.951870157274,0.792515879581,
    178.03280988775));
#3462 = CARTESIAN_POINT('',(25.904225884256,1.050812486363,
    178.01813629033));
#3463 = CARTESIAN_POINT('',(25.841883704408,1.302996931406,
    177.99889899415));
#3464 = CARTESIAN_POINT('',(25.765931328205,1.547612069711,
    177.97539605795));
#3465 = CARTESIAN_POINT('',(25.677632436743,1.783466643693,
    177.94797618055));
#3466 = CARTESIAN_POINT('',(25.513025069621,2.158479501725,
    177.89665103659));
#3467 = CARTESIAN_POINT('',(25.442893696973,2.303224513982,
    177.87473529926));
#3468 = CARTESIAN_POINT('',(25.36832168574,2.443653225723,
    177.85137356398));
#3469 = CARTESIAN_POINT('',(25.289657964603,2.579622890225,
    177.82666168778));
#3470 = CARTESIAN_POINT('',(25.207241925039,2.711039562282,
    177.80069289841));
#3471 = CARTESIAN_POINT('',(25.121396398999,2.837850642067,
    177.77355587684));
#3472 = CARTESIAN_POINT('',(25.032422120799,2.960038645988,
    177.74533314805));
#3473 = CARTESIAN_POINT('',(24.813132922368,3.240817525003,
    177.67552295276));
#3474 = CARTESIAN_POINT('',(24.680194471739,3.395108937153,
    177.63300575696));
#3475 = CARTESIAN_POINT('',(24.542496996505,3.540552570354,
    177.58874407722));
#3476 = CARTESIAN_POINT('',(24.400697192843,3.677260703033,
    177.5429171964));
#3477 = CARTESIAN_POINT('',(24.255386026757,3.805388177158,
    177.49568697234));
#3478 = CARTESIAN_POINT('',(24.107085054268,3.925123486377,
    177.44719658337));
#3479 = CARTESIAN_POINT('',(23.95624281301,4.036678537816,
    177.39756884255));
#3480 = CARTESIAN_POINT('',(23.67585425406,4.226519450356,
    177.30472734372));
#3481 = CARTESIAN_POINT('',(23.546989047011,4.307237933031,
    177.26183697409));
#3482 = CARTESIAN_POINT('',(23.416858615832,4.382557955648,
    177.21829368367));
#3483 = CARTESIAN_POINT('',(23.285666757048,4.45260218818,
    177.17415336825));
#3484 = CARTESIAN_POINT('',(23.153598397309,4.517490257395,
    177.12946704466));
#3485 = CARTESIAN_POINT('',(23.020819878753,4.577338453769,
    177.08428078783));
#3486 = CARTESIAN_POINT('',(22.887479244367,4.632259438398,
    177.03863566791));
#3487 = CARTESIAN_POINT('',(22.383168594306,4.821141222051,176.864963689
    ));
#3488 = CARTESIAN_POINT('',(22.009593907617,4.922845820947,
    176.7342111378));
#3489 = CARTESIAN_POINT('',(21.635469507777,4.989976819188,
    176.60098492131));
#3490 = CARTESIAN_POINT('',(21.262906756118,5.02431476903,
    176.46588652114));
#3491 = CARTESIAN_POINT('',(20.893688686548,5.027379805277,
    176.32945660067));
#3492 = CARTESIAN_POINT('',(20.529282162414,5.00034087851,176.1921731924
    ));
#3493 = CARTESIAN_POINT('',(20.170864640719,4.94402635915,176.0544519082
    ));
#3494 = CARTESIAN_POINT('',(19.594370187236,4.803936679626,
    175.82844421148));
#3495 = CARTESIAN_POINT('',(19.372336315895,4.737373346405,
    175.74025487626));
#3496 = CARTESIAN_POINT('',(19.153507828352,4.658989307849,
    175.65217898813));
#3497 = CARTESIAN_POINT('',(18.938180529303,4.568778063252,
    175.56434045598));
#3498 = CARTESIAN_POINT('',(18.726680215986,4.46665315381,
    175.47688484812));
#3499 = CARTESIAN_POINT('',(18.519360481271,4.352444453124,
    175.38998081341));
#3500 = CARTESIAN_POINT('',(18.316605378804,4.22586625288,
    175.30382385418));
#3501 = CARTESIAN_POINT('',(18.054376465898,4.040980528494,
    175.19087899883));
#3502 = CARTESIAN_POINT('',(17.990444630592,3.994165101425,
    175.1632183384));
#3503 = CARTESIAN_POINT('',(17.927062252317,3.945969997316,
    175.13567146733));
#3504 = CARTESIAN_POINT('',(17.864246614557,3.896377989362,
    175.10824768659));
#3505 = CARTESIAN_POINT('',(17.802016419312,3.845370233159,
    175.08095714103));
#3506 = CARTESIAN_POINT('',(17.740391826747,3.792926002114,
    175.05381086596));
#3507 = CARTESIAN_POINT('',(17.679394494843,3.739022422852,
    175.02682083368));
#3508 = CARTESIAN_POINT('',(17.619047619048,3.683634210631,175.));
#3509 = PCURVE('',#2331,#3510);
#3510 = DEFINITIONAL_REPRESENTATION('',(#3511),#3563);
#3511 = B_SPLINE_CURVE_WITH_KNOTS('',8,(#3512,#3513,#3514,#3515,#3516,
    #3517,#3518,#3519,#3520,#3521,#3522,#3523,#3524,#3525,#3526,#3527,
    #3528,#3529,#3530,#3531,#3532,#3533,#3534,#3535,#3536,#3537,#3538,
    #3539,#3540,#3541,#3542,#3543,#3544,#3545,#3546,#3547,#3548,#3549,
    #3550,#3551,#3552,#3553,#3554,#3555,#3556,#3557,#3558,#3559,#3560,
    #3561,#3562),.UNSPECIFIED.,.F.,.F.,(9,7,7,7,7,7,7,9),(0.,
    0.138368493456,0.229447519567,0.355868050072,0.461108956334,
    0.752616426326,0.93918413567,1.),.UNSPECIFIED.);
#3512 = CARTESIAN_POINT('',(0.,-12.95238095238));
#3513 = CARTESIAN_POINT('',(1.01870447565E-02,-12.95238095238));
#3514 = CARTESIAN_POINT('',(2.037874224702E-02,-12.9573147963));
#3515 = CARTESIAN_POINT('',(3.050329346995E-02,-12.96719011224));
#3516 = CARTESIAN_POINT('',(4.050357607276E-02,-12.98186370966));
#3517 = CARTESIAN_POINT('',(5.033195426849E-02,-13.00110100584));
#3518 = CARTESIAN_POINT('',(5.994767524697E-02,-13.02460394204));
#3519 = CARTESIAN_POINT('',(6.931572944029E-02,-13.05202381944));
#3520 = CARTESIAN_POINT('',(8.43896231548E-02,-13.1033489634));
#3521 = CARTESIAN_POINT('',(9.025639380655E-02,-13.12526470073));
#3522 = CARTESIAN_POINT('',(9.600064700292E-02,-13.14862643601));
#3523 = CARTESIAN_POINT('',(0.101618178317,-13.17333831221));
#3524 = CARTESIAN_POINT('',(0.107106036445,-13.19930710158));
#3525 = CARTESIAN_POINT('',(0.112462328,-13.22644412315));
#3526 = CARTESIAN_POINT('',(0.117686086509,-13.25466685194));
#3527 = CARTESIAN_POINT('',(0.129843837791,-13.32447704723));
#3528 = CARTESIAN_POINT('',(0.136653740435,-13.36699424303));
#3529 = CARTESIAN_POINT('',(0.143207781342,-13.41125592277));
#3530 = CARTESIAN_POINT('',(0.149507441757,-13.45708280359));
#3531 = CARTESIAN_POINT('',(0.155554878154,-13.50431302765));
#3532 = CARTESIAN_POINT('',(0.161352906266,-13.55280341662));
#3533 = CARTESIAN_POINT('',(0.166904907362,-13.60243115744));
#3534 = CARTESIAN_POINT('',(0.176634847365,-13.69527265627));
#3535 = CARTESIAN_POINT('',(0.18088664266,-13.7381630259));
#3536 = CARTESIAN_POINT('',(0.184971986434,-13.78170631632));
#3537 = CARTESIAN_POINT('',(0.188892533508,-13.82584663174));
#3538 = CARTESIAN_POINT('',(0.192649679765,-13.87053295533));
#3539 = CARTESIAN_POINT('',(0.196244592165,-13.91571921216));
#3540 = CARTESIAN_POINT('',(0.199678238765,-13.96136433208));
#3541 = CARTESIAN_POINT('',(0.212017821193,-14.13503631099));
#3542 = CARTESIAN_POINT('',(0.21984618455,-14.26578886219));
#3543 = CARTESIAN_POINT('',(0.226463034052,-14.39901507868));
#3544 = CARTESIAN_POINT('',(0.231859372217,-14.53411347885));
#3545 = CARTESIAN_POINT('',(0.236009552766,-14.67054339932));
#3546 = CARTESIAN_POINT('',(0.238867715526,-14.80782680759));
#3547 = CARTESIAN_POINT('',(0.24036787888,-14.94554809179));
#3548 = CARTESIAN_POINT('',(0.240426651874,-15.17155578851));
#3549 = CARTESIAN_POINT('',(0.239849775942,-15.25974512373));
#3550 = CARTESIAN_POINT('',(0.23864625579,-15.34782101186));
#3551 = CARTESIAN_POINT('',(0.236783187861,-15.43565954401));
#3552 = CARTESIAN_POINT('',(0.234221052995,-15.52311515187));
#3553 = CARTESIAN_POINT('',(0.230913250564,-15.61001918658));
#3554 = CARTESIAN_POINT('',(0.226804082693,-15.69617614581));
#3555 = CARTESIAN_POINT('',(0.220200049031,-15.80912100116));
#3556 = CARTESIAN_POINT('',(0.218484029388,-15.83678166159));
#3557 = CARTESIAN_POINT('',(0.216673117716,-15.86432853266));
#3558 = CARTESIAN_POINT('',(0.214764807441,-15.8917523134));
#3559 = CARTESIAN_POINT('',(0.212756455589,-15.91904285896));
#3560 = CARTESIAN_POINT('',(0.210645269316,-15.94618913403));
#3561 = CARTESIAN_POINT('',(0.208428292456,-15.97317916631));
#3562 = CARTESIAN_POINT('',(0.206102392047,-16.));
#3563 = ( GEOMETRIC_REPRESENTATION_CONTEXT(2) 
PARAMETRIC_REPRESENTATION_CONTEXT() REPRESENTATION_CONTEXT('2D SPACE',''
  ) );
#3564 = PCURVE('',#2482,#3565);
#3565 = DEFINITIONAL_REPRESENTATION('',(#3566),#3618);
#3566 = B_SPLINE_CURVE_WITH_KNOTS('',8,(#3567,#3568,#3569,#3570,#3571,
    #3572,#3573,#3574,#3575,#3576,#3577,#3578,#3579,#3580,#3581,#3582,
    #3583,#3584,#3585,#3586,#3587,#3588,#3589,#3590,#3591,#3592,#3593,
    #3594,#3595,#3596,#3597,#3598,#3599,#3600,#3601,#3602,#3603,#3604,
    #3605,#3606,#3607,#3608,#3609,#3610,#3611,#3612,#3613,#3614,#3615,
    #3616,#3617),.UNSPECIFIED.,.F.,.F.,(9,7,7,7,7,7,7,9),(0.,
    0.138368493456,0.229447519567,0.355868050072,0.461108956334,
    0.752616426326,0.93918413567,1.),.UNSPECIFIED.);
#3567 = CARTESIAN_POINT('',(0.,-10.04761904761));
#3568 = CARTESIAN_POINT('',(-5.297263273378E-02,-10.04761904761));
#3569 = CARTESIAN_POINT('',(-0.105969445484,-10.0426852037));
#3570 = CARTESIAN_POINT('',(-0.158729757264,-10.03280988775));
#3571 = CARTESIAN_POINT('',(-0.21106929262,-10.01813629033));
#3572 = CARTESIAN_POINT('',(-0.262843470653,-9.998898994159));
#3573 = CARTESIAN_POINT('',(-0.313929927975,-9.975396057955));
#3574 = CARTESIAN_POINT('',(-0.364220979533,-9.947976180552));
#3575 = CARTESIAN_POINT('',(-0.446130741833,-9.896651036598));
#3576 = CARTESIAN_POINT('',(-0.478276053372,-9.874735299267));
#3577 = CARTESIAN_POINT('',(-0.510040257323,-9.85137356398));
#3578 = CARTESIAN_POINT('',(-0.541416505055,-9.826661687788));
#3579 = CARTESIAN_POINT('',(-0.572402395558,-9.800692898414));
#3580 = CARTESIAN_POINT('',(-0.602999309804,-9.773555876842));
#3581 = CARTESIAN_POINT('',(-0.633212181719,-9.745333148056));
#3582 = CARTESIAN_POINT('',(-0.70446512031,-9.675522952763));
#3583 = CARTESIAN_POINT('',(-0.745150458352,-9.633005756968));
#3584 = CARTESIAN_POINT('',(-0.785135257997,-9.588744077229));
#3585 = CARTESIAN_POINT('',(-0.824448646788,-9.542917196407));
#3586 = CARTESIAN_POINT('',(-0.863120696267,-9.495686972345));
#3587 = CARTESIAN_POINT('',(-0.901183710504,-9.447196583374));
#3588 = CARTESIAN_POINT('',(-0.938673448633,-9.397568842557));
#3589 = CARTESIAN_POINT('',(-1.006395621092,-9.304727343729));
#3590 = CARTESIAN_POINT('',(-1.036788047038,-9.261836974097));
#3591 = CARTESIAN_POINT('',(-1.066829015316,-9.218293683673));
#3592 = CARTESIAN_POINT('',(-1.096538441545,-9.174153368259));
#3593 = CARTESIAN_POINT('',(-1.125935212041,-9.129467044668));
#3594 = CARTESIAN_POINT('',(-1.155037695004,-9.084280787831));
#3595 = CARTESIAN_POINT('',(-1.183864251713,-9.038635667915));
#3596 = CARTESIAN_POINT('',(-1.29156858031,-8.864963689007));
#3597 = CARTESIAN_POINT('',(-1.368671504262,-8.734211137805));
#3598 = CARTESIAN_POINT('',(-1.444206916864,-8.600984921316));
#3599 = CARTESIAN_POINT('',(-1.518498173048,-8.465886521149));
#3600 = CARTESIAN_POINT('',(-1.591838763443,-8.329456600673));
#3601 = CARTESIAN_POINT('',(-1.664512794517,-8.192173192403));
#3602 = CARTESIAN_POINT('',(-1.736828753418,-8.054451908204));
#3603 = CARTESIAN_POINT('',(-1.855483036645,-7.828444211489));
#3604 = CARTESIAN_POINT('',(-1.90177755911,-7.740254876262));
#3605 = CARTESIAN_POINT('',(-1.948158745208,-7.652178988137));
#3606 = CARTESIAN_POINT('',(-1.994720189198,-7.564340455987));
#3607 = CARTESIAN_POINT('',(-2.041559291647,-7.476884848128));
#3608 = CARTESIAN_POINT('',(-2.088782009523,-7.389980813412));
#3609 = CARTESIAN_POINT('',(-2.136511492627,-7.303823854183));
#3610 = CARTESIAN_POINT('',(-2.200682119504,-7.190878998833));
#3611 = CARTESIAN_POINT('',(-2.216527547638,-7.163218338401));
#3612 = CARTESIAN_POINT('',(-2.232448152608,-7.135671467336));
#3613 = CARTESIAN_POINT('',(-2.248449295452,-7.108247686592));
#3614 = CARTESIAN_POINT('',(-2.264536556057,-7.080957141034));
#3615 = CARTESIAN_POINT('',(-2.280715809644,-7.053810865969));
#3616 = CARTESIAN_POINT('',(-2.29699330325,-7.026820833687));
#3617 = CARTESIAN_POINT('',(-2.313375732217,-7.));
#3618 = ( GEOMETRIC_REPRESENTATION_CONTEXT(2) 
PARAMETRIC_REPRESENTATION_CONTEXT() REPRESENTATION_CONTEXT('2D SPACE',''
  ) );
#3619 = ADVANCED_FACE('',(#3620),#2482,.T.);
#3620 = FACE_BOUND('',#3621,.F.);
#3621 = EDGE_LOOP('',(#3622,#3623,#3646,#3673,#3674,#3675));
#3622 = ORIENTED_EDGE('',*,*,#3455,.F.);
#3623 = ORIENTED_EDGE('',*,*,#3624,.T.);
#3624 = EDGE_CURVE('',#2348,#3625,#3627,.T.);
#3625 = VERTEX_POINT('',#3626);
#3626 = CARTESIAN_POINT('',(26.,0.,180.));
#3627 = SEAM_CURVE('',#3628,(#3632,#3639),.PCURVE_S1.);
#3628 = LINE('',#3629,#3630);
#3629 = CARTESIAN_POINT('',(26.,0.,168.));
#3630 = VECTOR('',#3631,1.);
#3631 = DIRECTION('',(0.,0.,1.));
#3632 = PCURVE('',#2482,#3633);
#3633 = DEFINITIONAL_REPRESENTATION('',(#3634),#3638);
#3634 = LINE('',#3635,#3636);
#3635 = CARTESIAN_POINT('',(-6.28318530718,0.));
#3636 = VECTOR('',#3637,1.);
#3637 = DIRECTION('',(-0.,-1.));
#3638 = ( GEOMETRIC_REPRESENTATION_CONTEXT(2) 
PARAMETRIC_REPRESENTATION_CONTEXT() REPRESENTATION_CONTEXT('2D SPACE',''
  ) );
#3639 = PCURVE('',#2482,#3640);
#3640 = DEFINITIONAL_REPRESENTATION('',(#3641),#3645);
#3641 = LINE('',#3642,#3643);
#3642 = CARTESIAN_POINT('',(-0.,0.));
#3643 = VECTOR('',#3644,1.);
#3644 = DIRECTION('',(-0.,-1.));
#3645 = ( GEOMETRIC_REPRESENTATION_CONTEXT(2) 
PARAMETRIC_REPRESENTATION_CONTEXT() REPRESENTATION_CONTEXT('2D SPACE',''
  ) );
#3646 = ORIENTED_EDGE('',*,*,#3647,.T.);
#3647 = EDGE_CURVE('',#3625,#3625,#3648,.T.);
#3648 = SURFACE_CURVE('',#3649,(#3654,#3661),.PCURVE_S1.);
#3649 = CIRCLE('',#3650,5.);
#3650 = AXIS2_PLACEMENT_3D('',#3651,#3652,#3653);
#3651 = CARTESIAN_POINT('',(21.,0.,180.));
#3652 = DIRECTION('',(0.,0.,1.));
#3653 = DIRECTION('',(1.,0.,0.));
#3654 = PCURVE('',#2482,#3655);
#3655 = DEFINITIONAL_REPRESENTATION('',(#3656),#3660);
#3656 = LINE('',#3657,#3658);
#3657 = CARTESIAN_POINT('',(-0.,-12.));
#3658 = VECTOR('',#3659,1.);
#3659 = DIRECTION('',(-1.,0.));
#3660 = ( GEOMETRIC_REPRESENTATION_CONTEXT(2) 
PARAMETRIC_REPRESENTATION_CONTEXT() REPRESENTATION_CONTEXT('2D SPACE',''
  ) );
#3661 = PCURVE('',#3662,#3667);
#3662 = PLANE('',#3663);
#3663 = AXIS2_PLACEMENT_3D('',#3664,#3665,#3666);
#3664 = CARTESIAN_POINT('',(21.,6.938022664999E-17,180.));
#3665 = DIRECTION('',(0.,0.,1.));
#3666 = DIRECTION('',(1.,0.,-0.));
#3667 = DEFINITIONAL_REPRESENTATION('',(#3668),#3672);
#3668 = CIRCLE('',#3669,5.);
#3669 = AXIS2_PLACEMENT_2D('',#3670,#3671);
#3670 = CARTESIAN_POINT('',(3.552713678801E-15,-6.938022664999E-17));
#3671 = DIRECTION('',(1.,0.));
#3672 = ( GEOMETRIC_REPRESENTATION_CONTEXT(2) 
PARAMETRIC_REPRESENTATION_CONTEXT() REPRESENTATION_CONTEXT('2D SPACE',''
  ) );
#3673 = ORIENTED_EDGE('',*,*,#3624,.F.);
#3674 = ORIENTED_EDGE('',*,*,#2372,.F.);
#3675 = ORIENTED_EDGE('',*,*,#3676,.T.);
#3676 = EDGE_CURVE('',#2373,#3432,#3677,.T.);
#3677 = SURFACE_CURVE('',#3678,(#3683,#3690),.PCURVE_S1.);
#3678 = CIRCLE('',#3679,5.);
#3679 = AXIS2_PLACEMENT_3D('',#3680,#3681,#3682);
#3680 = CARTESIAN_POINT('',(21.,0.,175.));
#3681 = DIRECTION('',(0.,0.,-1.));
#3682 = DIRECTION('',(1.,0.,0.));
#3683 = PCURVE('',#2482,#3684);
#3684 = DEFINITIONAL_REPRESENTATION('',(#3685),#3689);
#3685 = LINE('',#3686,#3687);
#3686 = CARTESIAN_POINT('',(-6.28318530718,-7.));
#3687 = VECTOR('',#3688,1.);
#3688 = DIRECTION('',(1.,-0.));
#3689 = ( GEOMETRIC_REPRESENTATION_CONTEXT(2) 
PARAMETRIC_REPRESENTATION_CONTEXT() REPRESENTATION_CONTEXT('2D SPACE',''
  ) );
#3690 = PCURVE('',#2558,#3691);
#3691 = DEFINITIONAL_REPRESENTATION('',(#3692),#3700);
#3692 = ( BOUNDED_CURVE() B_SPLINE_CURVE(2,(#3693,#3694,#3695,#3696,
#3697,#3698,#3699),.UNSPECIFIED.,.T.,.F.) B_SPLINE_CURVE_WITH_KNOTS((1,2
    ,2,2,2,1),(-2.094395102393,0.,2.094395102393,4.188790204786,
6.28318530718,8.377580409573),.UNSPECIFIED.) CURVE() 
GEOMETRIC_REPRESENTATION_ITEM() RATIONAL_B_SPLINE_CURVE((1.,0.5,1.,0.5,
1.,0.5,1.)) REPRESENTATION_ITEM('') );
#3693 = CARTESIAN_POINT('',(26.,0.));
#3694 = CARTESIAN_POINT('',(26.,-8.660254037844));
#3695 = CARTESIAN_POINT('',(18.5,-4.330127018922));
#3696 = CARTESIAN_POINT('',(11.,-1.224646799147E-15));
#3697 = CARTESIAN_POINT('',(18.5,4.330127018922));
#3698 = CARTESIAN_POINT('',(26.,8.660254037844));
#3699 = CARTESIAN_POINT('',(26.,0.));
#3700 = ( GEOMETRIC_REPRESENTATION_CONTEXT(2) 
PARAMETRIC_REPRESENTATION_CONTEXT() REPRESENTATION_CONTEXT('2D SPACE',''
  ) );
#3701 = ADVANCED_FACE('',(#3702,#3760),#2558,.T.);
#3702 = FACE_BOUND('',#3703,.T.);
#3703 = EDGE_LOOP('',(#3704,#3730,#3731,#3757,#3758,#3759));
#3704 = ORIENTED_EDGE('',*,*,#3705,.T.);
#3705 = EDGE_CURVE('',#3394,#2988,#3706,.T.);
#3706 = SURFACE_CURVE('',#3707,(#3712,#3723),.PCURVE_S1.);
#3707 = CIRCLE('',#3708,5.);
#3708 = AXIS2_PLACEMENT_3D('',#3709,#3710,#3711);
#3709 = CARTESIAN_POINT('',(-10.5,18.186533479473,175.));
#3710 = DIRECTION('',(0.,0.,-1.));
#3711 = DIRECTION('',(1.,0.,0.));
#3712 = PCURVE('',#2558,#3713);
#3713 = DEFINITIONAL_REPRESENTATION('',(#3714),#3722);
#3714 = ( BOUNDED_CURVE() B_SPLINE_CURVE(2,(#3715,#3716,#3717,#3718,
#3719,#3720,#3721),.UNSPECIFIED.,.T.,.F.) B_SPLINE_CURVE_WITH_KNOTS((1,2
    ,2,2,2,1),(-2.094395102393,0.,2.094395102393,4.188790204786,
6.28318530718,8.377580409573),.UNSPECIFIED.) CURVE() 
GEOMETRIC_REPRESENTATION_ITEM() RATIONAL_B_SPLINE_CURVE((1.,0.5,1.,0.5,
1.,0.5,1.)) REPRESENTATION_ITEM('') );
#3715 = CARTESIAN_POINT('',(-5.5,18.186533479473));
#3716 = CARTESIAN_POINT('',(-5.5,9.526279441629));
#3717 = CARTESIAN_POINT('',(-13.,13.856406460551));
#3718 = CARTESIAN_POINT('',(-20.5,18.186533479473));
#3719 = CARTESIAN_POINT('',(-13.,22.516660498395));
#3720 = CARTESIAN_POINT('',(-5.5,26.846787517318));
#3721 = CARTESIAN_POINT('',(-5.5,18.186533479473));
#3722 = ( GEOMETRIC_REPRESENTATION_CONTEXT(2) 
PARAMETRIC_REPRESENTATION_CONTEXT() REPRESENTATION_CONTEXT('2D SPACE',''
  ) );
#3723 = PCURVE('',#3263,#3724);
#3724 = DEFINITIONAL_REPRESENTATION('',(#3725),#3729);
#3725 = LINE('',#3726,#3727);
#3726 = CARTESIAN_POINT('',(-6.28318530718,-7.));
#3727 = VECTOR('',#3728,1.);
#3728 = DIRECTION('',(1.,-0.));
#3729 = ( GEOMETRIC_REPRESENTATION_CONTEXT(2) 
PARAMETRIC_REPRESENTATION_CONTEXT() REPRESENTATION_CONTEXT('2D SPACE',''
  ) );
#3730 = ORIENTED_EDGE('',*,*,#2987,.T.);
#3731 = ORIENTED_EDGE('',*,*,#3732,.T.);
#3732 = EDGE_CURVE('',#2611,#2542,#3733,.T.);
#3733 = SURFACE_CURVE('',#3734,(#3739,#3750),.PCURVE_S1.);
#3734 = CIRCLE('',#3735,5.);
#3735 = AXIS2_PLACEMENT_3D('',#3736,#3737,#3738);
#3736 = CARTESIAN_POINT('',(-10.5,-18.18653347947,175.));
#3737 = DIRECTION('',(0.,0.,-1.));
#3738 = DIRECTION('',(1.,0.,0.));
#3739 = PCURVE('',#2558,#3740);
#3740 = DEFINITIONAL_REPRESENTATION('',(#3741),#3749);
#3741 = ( BOUNDED_CURVE() B_SPLINE_CURVE(2,(#3742,#3743,#3744,#3745,
#3746,#3747,#3748),.UNSPECIFIED.,.T.,.F.) B_SPLINE_CURVE_WITH_KNOTS((1,2
    ,2,2,2,1),(-2.094395102393,0.,2.094395102393,4.188790204786,
6.28318530718,8.377580409573),.UNSPECIFIED.) CURVE() 
GEOMETRIC_REPRESENTATION_ITEM() RATIONAL_B_SPLINE_CURVE((1.,0.5,1.,0.5,
1.,0.5,1.)) REPRESENTATION_ITEM('') );
#3742 = CARTESIAN_POINT('',(-5.5,-18.18653347947));
#3743 = CARTESIAN_POINT('',(-5.5,-26.84678751731));
#3744 = CARTESIAN_POINT('',(-13.,-22.51666049839));
#3745 = CARTESIAN_POINT('',(-20.5,-18.18653347947));
#3746 = CARTESIAN_POINT('',(-13.,-13.85640646055));
#3747 = CARTESIAN_POINT('',(-5.5,-9.526279441629));
#3748 = CARTESIAN_POINT('',(-5.5,-18.18653347947));
#3749 = ( GEOMETRIC_REPRESENTATION_CONTEXT(2) 
PARAMETRIC_REPRESENTATION_CONTEXT() REPRESENTATION_CONTEXT('2D SPACE',''
  ) );
#3750 = PCURVE('',#2594,#3751);
#3751 = DEFINITIONAL_REPRESENTATION('',(#3752),#3756);
#3752 = LINE('',#3753,#3754);
#3753 = CARTESIAN_POINT('',(-6.28318530718,-7.));
#3754 = VECTOR('',#3755,1.);
#3755 = DIRECTION('',(1.,-0.));
#3756 = ( GEOMETRIC_REPRESENTATION_CONTEXT(2) 
PARAMETRIC_REPRESENTATION_CONTEXT() REPRESENTATION_CONTEXT('2D SPACE',''
  ) );
#3757 = ORIENTED_EDGE('',*,*,#2541,.T.);
#3758 = ORIENTED_EDGE('',*,*,#3676,.T.);
#3759 = ORIENTED_EDGE('',*,*,#3431,.T.);
#3760 = FACE_BOUND('',#3761,.T.);
#3761 = EDGE_LOOP('',(#3762));
#3762 = ORIENTED_EDGE('',*,*,#3763,.F.);
#3763 = EDGE_CURVE('',#3764,#3764,#3766,.T.);
#3764 = VERTEX_POINT('',#3765);
#3765 = CARTESIAN_POINT('',(14.,0.,175.));
#3766 = SURFACE_CURVE('',#3767,(#3772,#3779),.PCURVE_S1.);
#3767 = CIRCLE('',#3768,14.);
#3768 = AXIS2_PLACEMENT_3D('',#3769,#3770,#3771);
#3769 = CARTESIAN_POINT('',(0.,0.,175.));
#3770 = DIRECTION('',(0.,0.,1.));
#3771 = DIRECTION('',(1.,0.,-0.));
#3772 = PCURVE('',#2558,#3773);
#3773 = DEFINITIONAL_REPRESENTATION('',(#3774),#3778);
#3774 = CIRCLE('',#3775,14.);
#3775 = AXIS2_PLACEMENT_2D('',#3776,#3777);
#3776 = CARTESIAN_POINT('',(0.,0.));
#3777 = DIRECTION('',(1.,0.));
#3778 = ( GEOMETRIC_REPRESENTATION_CONTEXT(2) 
PARAMETRIC_REPRESENTATION_CONTEXT() REPRESENTATION_CONTEXT('2D SPACE',''
  ) );
#3779 = PCURVE('',#3780,#3785);
#3780 = CYLINDRICAL_SURFACE('',#3781,14.);
#3781 = AXIS2_PLACEMENT_3D('',#3782,#3783,#3784);
#3782 = CARTESIAN_POINT('',(0.,0.,175.));
#3783 = DIRECTION('',(-0.,-0.,-1.));
#3784 = DIRECTION('',(1.,0.,0.));
#3785 = DEFINITIONAL_REPRESENTATION('',(#3786),#3790);
#3786 = LINE('',#3787,#3788);
#3787 = CARTESIAN_POINT('',(-0.,0.));
#3788 = VECTOR('',#3789,1.);
#3789 = DIRECTION('',(-1.,0.));
#3790 = ( GEOMETRIC_REPRESENTATION_CONTEXT(2) 
PARAMETRIC_REPRESENTATION_CONTEXT() REPRESENTATION_CONTEXT('2D SPACE',''
  ) );
#3791 = ADVANCED_FACE('',(#3792),#3263,.T.);
#3792 = FACE_BOUND('',#3793,.F.);
#3793 = EDGE_LOOP('',(#3794,#3795,#3818,#3845,#3846,#3847));
#3794 = ORIENTED_EDGE('',*,*,#3011,.F.);
#3795 = ORIENTED_EDGE('',*,*,#3796,.T.);
#3796 = EDGE_CURVE('',#3012,#3797,#3799,.T.);
#3797 = VERTEX_POINT('',#3798);
#3798 = CARTESIAN_POINT('',(-5.5,18.186533479473,180.));
#3799 = SEAM_CURVE('',#3800,(#3804,#3811),.PCURVE_S1.);
#3800 = LINE('',#3801,#3802);
#3801 = CARTESIAN_POINT('',(-5.5,18.186533479473,168.));
#3802 = VECTOR('',#3803,1.);
#3803 = DIRECTION('',(0.,0.,1.));
#3804 = PCURVE('',#3263,#3805);
#3805 = DEFINITIONAL_REPRESENTATION('',(#3806),#3810);
#3806 = LINE('',#3807,#3808);
#3807 = CARTESIAN_POINT('',(-6.28318530718,0.));
#3808 = VECTOR('',#3809,1.);
#3809 = DIRECTION('',(-0.,-1.));
#3810 = ( GEOMETRIC_REPRESENTATION_CONTEXT(2) 
PARAMETRIC_REPRESENTATION_CONTEXT() REPRESENTATION_CONTEXT('2D SPACE',''
  ) );
#3811 = PCURVE('',#3263,#3812);
#3812 = DEFINITIONAL_REPRESENTATION('',(#3813),#3817);
#3813 = LINE('',#3814,#3815);
#3814 = CARTESIAN_POINT('',(-0.,0.));
#3815 = VECTOR('',#3816,1.);
#3816 = DIRECTION('',(-0.,-1.));
#3817 = ( GEOMETRIC_REPRESENTATION_CONTEXT(2) 
PARAMETRIC_REPRESENTATION_CONTEXT() REPRESENTATION_CONTEXT('2D SPACE',''
  ) );
#3818 = ORIENTED_EDGE('',*,*,#3819,.T.);
#3819 = EDGE_CURVE('',#3797,#3797,#3820,.T.);
#3820 = SURFACE_CURVE('',#3821,(#3826,#3833),.PCURVE_S1.);
#3821 = CIRCLE('',#3822,5.);
#3822 = AXIS2_PLACEMENT_3D('',#3823,#3824,#3825);
#3823 = CARTESIAN_POINT('',(-10.5,18.186533479473,180.));
#3824 = DIRECTION('',(0.,0.,1.));
#3825 = DIRECTION('',(1.,0.,0.));
#3826 = PCURVE('',#3263,#3827);
#3827 = DEFINITIONAL_REPRESENTATION('',(#3828),#3832);
#3828 = LINE('',#3829,#3830);
#3829 = CARTESIAN_POINT('',(-0.,-12.));
#3830 = VECTOR('',#3831,1.);
#3831 = DIRECTION('',(-1.,0.));
#3832 = ( GEOMETRIC_REPRESENTATION_CONTEXT(2) 
PARAMETRIC_REPRESENTATION_CONTEXT() REPRESENTATION_CONTEXT('2D SPACE',''
  ) );
#3833 = PCURVE('',#3834,#3839);
#3834 = PLANE('',#3835);
#3835 = AXIS2_PLACEMENT_3D('',#3836,#3837,#3838);
#3836 = CARTESIAN_POINT('',(-10.5,18.186533479473,180.));
#3837 = DIRECTION('',(0.,0.,1.));
#3838 = DIRECTION('',(1.,0.,-0.));
#3839 = DEFINITIONAL_REPRESENTATION('',(#3840),#3844);
#3840 = CIRCLE('',#3841,5.);
#3841 = AXIS2_PLACEMENT_2D('',#3842,#3843);
#3842 = CARTESIAN_POINT('',(0.,0.));
#3843 = DIRECTION('',(1.,0.));
#3844 = ( GEOMETRIC_REPRESENTATION_CONTEXT(2) 
PARAMETRIC_REPRESENTATION_CONTEXT() REPRESENTATION_CONTEXT('2D SPACE',''
  ) );
#3845 = ORIENTED_EDGE('',*,*,#3796,.F.);
#3846 = ORIENTED_EDGE('',*,*,#3393,.F.);
#3847 = ORIENTED_EDGE('',*,*,#3705,.T.);
#3848 = ADVANCED_FACE('',(#3849),#2594,.T.);
#3849 = FACE_BOUND('',#3850,.F.);
#3850 = EDGE_LOOP('',(#3851,#3852,#3875,#3902,#3903,#3904));
#3851 = ORIENTED_EDGE('',*,*,#2570,.F.);
#3852 = ORIENTED_EDGE('',*,*,#3853,.T.);
#3853 = EDGE_CURVE('',#2571,#3854,#3856,.T.);
#3854 = VERTEX_POINT('',#3855);
#3855 = CARTESIAN_POINT('',(-5.5,-18.18653347947,180.));
#3856 = SEAM_CURVE('',#3857,(#3861,#3868),.PCURVE_S1.);
#3857 = LINE('',#3858,#3859);
#3858 = CARTESIAN_POINT('',(-5.5,-18.18653347947,168.));
#3859 = VECTOR('',#3860,1.);
#3860 = DIRECTION('',(0.,0.,1.));
#3861 = PCURVE('',#2594,#3862);
#3862 = DEFINITIONAL_REPRESENTATION('',(#3863),#3867);
#3863 = LINE('',#3864,#3865);
#3864 = CARTESIAN_POINT('',(-6.28318530718,0.));
#3865 = VECTOR('',#3866,1.);
#3866 = DIRECTION('',(-0.,-1.));
#3867 = ( GEOMETRIC_REPRESENTATION_CONTEXT(2) 
PARAMETRIC_REPRESENTATION_CONTEXT() REPRESENTATION_CONTEXT('2D SPACE',''
  ) );
#3868 = PCURVE('',#2594,#3869);
#3869 = DEFINITIONAL_REPRESENTATION('',(#3870),#3874);
#3870 = LINE('',#3871,#3872);
#3871 = CARTESIAN_POINT('',(-0.,0.));
#3872 = VECTOR('',#3873,1.);
#3873 = DIRECTION('',(-0.,-1.));
#3874 = ( GEOMETRIC_REPRESENTATION_CONTEXT(2) 
PARAMETRIC_REPRESENTATION_CONTEXT() REPRESENTATION_CONTEXT('2D SPACE',''
  ) );
#3875 = ORIENTED_EDGE('',*,*,#3876,.T.);
#3876 = EDGE_CURVE('',#3854,#3854,#3877,.T.);
#3877 = SURFACE_CURVE('',#3878,(#3883,#3890),.PCURVE_S1.);
#3878 = CIRCLE('',#3879,5.);
#3879 = AXIS2_PLACEMENT_3D('',#3880,#3881,#3882);
#3880 = CARTESIAN_POINT('',(-10.5,-18.18653347947,180.));
#3881 = DIRECTION('',(0.,0.,1.));
#3882 = DIRECTION('',(1.,0.,0.));
#3883 = PCURVE('',#2594,#3884);
#3884 = DEFINITIONAL_REPRESENTATION('',(#3885),#3889);
#3885 = LINE('',#3886,#3887);
#3886 = CARTESIAN_POINT('',(-0.,-12.));
#3887 = VECTOR('',#3888,1.);
#3888 = DIRECTION('',(-1.,0.));
#3889 = ( GEOMETRIC_REPRESENTATION_CONTEXT(2) 
PARAMETRIC_REPRESENTATION_CONTEXT() REPRESENTATION_CONTEXT('2D SPACE',''
  ) );
#3890 = PCURVE('',#3891,#3896);
#3891 = PLANE('',#3892);
#3892 = AXIS2_PLACEMENT_3D('',#3893,#3894,#3895);
#3893 = CARTESIAN_POINT('',(-10.5,-18.18653347947,180.));
#3894 = DIRECTION('',(0.,0.,1.));
#3895 = DIRECTION('',(1.,0.,-0.));
#3896 = DEFINITIONAL_REPRESENTATION('',(#3897),#3901);
#3897 = CIRCLE('',#3898,5.);
#3898 = AXIS2_PLACEMENT_2D('',#3899,#3900);
#3899 = CARTESIAN_POINT('',(1.7763568394E-15,0.));
#3900 = DIRECTION('',(1.,0.));
#3901 = ( GEOMETRIC_REPRESENTATION_CONTEXT(2) 
PARAMETRIC_REPRESENTATION_CONTEXT() REPRESENTATION_CONTEXT('2D SPACE',''
  ) );
#3902 = ORIENTED_EDGE('',*,*,#3853,.F.);
#3903 = ORIENTED_EDGE('',*,*,#2610,.F.);
#3904 = ORIENTED_EDGE('',*,*,#3732,.T.);
#3905 = ADVANCED_FACE('',(#3906,#3909),#3662,.T.);
#3906 = FACE_BOUND('',#3907,.T.);
#3907 = EDGE_LOOP('',(#3908));
#3908 = ORIENTED_EDGE('',*,*,#3647,.T.);
#3909 = FACE_BOUND('',#3910,.T.);
#3910 = EDGE_LOOP('',(#3911));
#3911 = ORIENTED_EDGE('',*,*,#3912,.F.);
#3912 = EDGE_CURVE('',#3913,#3913,#3915,.T.);
#3913 = VERTEX_POINT('',#3914);
#3914 = CARTESIAN_POINT('',(23.8,0.,180.));
#3915 = SURFACE_CURVE('',#3916,(#3921,#3928),.PCURVE_S1.);
#3916 = CIRCLE('',#3917,2.8);
#3917 = AXIS2_PLACEMENT_3D('',#3918,#3919,#3920);
#3918 = CARTESIAN_POINT('',(21.,0.,180.));
#3919 = DIRECTION('',(0.,0.,1.));
#3920 = DIRECTION('',(1.,0.,0.));
#3921 = PCURVE('',#3662,#3922);
#3922 = DEFINITIONAL_REPRESENTATION('',(#3923),#3927);
#3923 = CIRCLE('',#3924,2.8);
#3924 = AXIS2_PLACEMENT_2D('',#3925,#3926);
#3925 = CARTESIAN_POINT('',(3.552713678801E-15,-6.938022664999E-17));
#3926 = DIRECTION('',(1.,0.));
#3927 = ( GEOMETRIC_REPRESENTATION_CONTEXT(2) 
PARAMETRIC_REPRESENTATION_CONTEXT() REPRESENTATION_CONTEXT('2D SPACE',''
  ) );
#3928 = PCURVE('',#3929,#3934);
#3929 = CYLINDRICAL_SURFACE('',#3930,2.8);
#3930 = AXIS2_PLACEMENT_3D('',#3931,#3932,#3933);
#3931 = CARTESIAN_POINT('',(21.,0.,170.5));
#3932 = DIRECTION('',(-0.,-0.,-1.));
#3933 = DIRECTION('',(1.,0.,0.));
#3934 = DEFINITIONAL_REPRESENTATION('',(#3935),#3939);
#3935 = LINE('',#3936,#3937);
#3936 = CARTESIAN_POINT('',(-0.,-9.5));
#3937 = VECTOR('',#3938,1.);
#3938 = DIRECTION('',(-1.,0.));
#3939 = ( GEOMETRIC_REPRESENTATION_CONTEXT(2) 
PARAMETRIC_REPRESENTATION_CONTEXT() REPRESENTATION_CONTEXT('2D SPACE',''
  ) );
#3940 = ADVANCED_FACE('',(#3941),#3780,.F.);
#3941 = FACE_BOUND('',#3942,.T.);
#3942 = EDGE_LOOP('',(#3943,#3944,#3967,#3994));
#3943 = ORIENTED_EDGE('',*,*,#3763,.T.);
#3944 = ORIENTED_EDGE('',*,*,#3945,.T.);
#3945 = EDGE_CURVE('',#3764,#3946,#3948,.T.);
#3946 = VERTEX_POINT('',#3947);
#3947 = CARTESIAN_POINT('',(14.,0.,155.));
#3948 = SEAM_CURVE('',#3949,(#3953,#3960),.PCURVE_S1.);
#3949 = LINE('',#3950,#3951);
#3950 = CARTESIAN_POINT('',(14.,0.,175.));
#3951 = VECTOR('',#3952,1.);
#3952 = DIRECTION('',(0.,0.,-1.));
#3953 = PCURVE('',#3780,#3954);
#3954 = DEFINITIONAL_REPRESENTATION('',(#3955),#3959);
#3955 = LINE('',#3956,#3957);
#3956 = CARTESIAN_POINT('',(-0.,0.));
#3957 = VECTOR('',#3958,1.);
#3958 = DIRECTION('',(-0.,1.));
#3959 = ( GEOMETRIC_REPRESENTATION_CONTEXT(2) 
PARAMETRIC_REPRESENTATION_CONTEXT() REPRESENTATION_CONTEXT('2D SPACE',''
  ) );
#3960 = PCURVE('',#3780,#3961);
#3961 = DEFINITIONAL_REPRESENTATION('',(#3962),#3966);
#3962 = LINE('',#3963,#3964);
#3963 = CARTESIAN_POINT('',(-6.28318530718,0.));
#3964 = VECTOR('',#3965,1.);
#3965 = DIRECTION('',(-0.,1.));
#3966 = ( GEOMETRIC_REPRESENTATION_CONTEXT(2) 
PARAMETRIC_REPRESENTATION_CONTEXT() REPRESENTATION_CONTEXT('2D SPACE',''
  ) );
#3967 = ORIENTED_EDGE('',*,*,#3968,.F.);
#3968 = EDGE_CURVE('',#3946,#3946,#3969,.T.);
#3969 = SURFACE_CURVE('',#3970,(#3975,#3982),.PCURVE_S1.);
#3970 = CIRCLE('',#3971,14.);
#3971 = AXIS2_PLACEMENT_3D('',#3972,#3973,#3974);
#3972 = CARTESIAN_POINT('',(0.,0.,155.));
#3973 = DIRECTION('',(0.,0.,1.));
#3974 = DIRECTION('',(1.,0.,-0.));
#3975 = PCURVE('',#3780,#3976);
#3976 = DEFINITIONAL_REPRESENTATION('',(#3977),#3981);
#3977 = LINE('',#3978,#3979);
#3978 = CARTESIAN_POINT('',(-0.,20.));
#3979 = VECTOR('',#3980,1.);
#3980 = DIRECTION('',(-1.,0.));
#3981 = ( GEOMETRIC_REPRESENTATION_CONTEXT(2) 
PARAMETRIC_REPRESENTATION_CONTEXT() REPRESENTATION_CONTEXT('2D SPACE',''
  ) );
#3982 = PCURVE('',#3983,#3988);
#3983 = PLANE('',#3984);
#3984 = AXIS2_PLACEMENT_3D('',#3985,#3986,#3987);
#3985 = CARTESIAN_POINT('',(0.,0.,155.));
#3986 = DIRECTION('',(0.,0.,1.));
#3987 = DIRECTION('',(1.,0.,-0.));
#3988 = DEFINITIONAL_REPRESENTATION('',(#3989),#3993);
#3989 = CIRCLE('',#3990,14.);
#3990 = AXIS2_PLACEMENT_2D('',#3991,#3992);
#3991 = CARTESIAN_POINT('',(0.,0.));
#3992 = DIRECTION('',(1.,0.));
#3993 = ( GEOMETRIC_REPRESENTATION_CONTEXT(2) 
PARAMETRIC_REPRESENTATION_CONTEXT() REPRESENTATION_CONTEXT('2D SPACE',''
  ) );
#3994 = ORIENTED_EDGE('',*,*,#3945,.F.);
#3995 = ADVANCED_FACE('',(#3996,#3999),#3834,.T.);
#3996 = FACE_BOUND('',#3997,.T.);
#3997 = EDGE_LOOP('',(#3998));
#3998 = ORIENTED_EDGE('',*,*,#3819,.T.);
#3999 = FACE_BOUND('',#4000,.T.);
#4000 = EDGE_LOOP('',(#4001));
#4001 = ORIENTED_EDGE('',*,*,#4002,.F.);
#4002 = EDGE_CURVE('',#4003,#4003,#4005,.T.);
#4003 = VERTEX_POINT('',#4004);
#4004 = CARTESIAN_POINT('',(-7.7,18.186533479473,180.));
#4005 = SURFACE_CURVE('',#4006,(#4011,#4018),.PCURVE_S1.);
#4006 = CIRCLE('',#4007,2.8);
#4007 = AXIS2_PLACEMENT_3D('',#4008,#4009,#4010);
#4008 = CARTESIAN_POINT('',(-10.5,18.186533479473,180.));
#4009 = DIRECTION('',(0.,0.,1.));
#4010 = DIRECTION('',(1.,0.,0.));
#4011 = PCURVE('',#3834,#4012);
#4012 = DEFINITIONAL_REPRESENTATION('',(#4013),#4017);
#4013 = CIRCLE('',#4014,2.8);
#4014 = AXIS2_PLACEMENT_2D('',#4015,#4016);
#4015 = CARTESIAN_POINT('',(0.,0.));
#4016 = DIRECTION('',(1.,0.));
#4017 = ( GEOMETRIC_REPRESENTATION_CONTEXT(2) 
PARAMETRIC_REPRESENTATION_CONTEXT() REPRESENTATION_CONTEXT('2D SPACE',''
  ) );
#4018 = PCURVE('',#4019,#4024);
#4019 = CYLINDRICAL_SURFACE('',#4020,2.8);
#4020 = AXIS2_PLACEMENT_3D('',#4021,#4022,#4023);
#4021 = CARTESIAN_POINT('',(-10.5,18.186533479473,170.5));
#4022 = DIRECTION('',(-0.,-0.,-1.));
#4023 = DIRECTION('',(1.,0.,0.));
#4024 = DEFINITIONAL_REPRESENTATION('',(#4025),#4029);
#4025 = LINE('',#4026,#4027);
#4026 = CARTESIAN_POINT('',(-0.,-9.5));
#4027 = VECTOR('',#4028,1.);
#4028 = DIRECTION('',(-1.,0.));
#4029 = ( GEOMETRIC_REPRESENTATION_CONTEXT(2) 
PARAMETRIC_REPRESENTATION_CONTEXT() REPRESENTATION_CONTEXT('2D SPACE',''
  ) );
#4030 = ADVANCED_FACE('',(#4031,#4034),#3891,.T.);
#4031 = FACE_BOUND('',#4032,.T.);
#4032 = EDGE_LOOP('',(#4033));
#4033 = ORIENTED_EDGE('',*,*,#3876,.T.);
#4034 = FACE_BOUND('',#4035,.T.);
#4035 = EDGE_LOOP('',(#4036));
#4036 = ORIENTED_EDGE('',*,*,#4037,.F.);
#4037 = EDGE_CURVE('',#4038,#4038,#4040,.T.);
#4038 = VERTEX_POINT('',#4039);
#4039 = CARTESIAN_POINT('',(-7.7,-18.18653347947,180.));
#4040 = SURFACE_CURVE('',#4041,(#4046,#4053),.PCURVE_S1.);
#4041 = CIRCLE('',#4042,2.8);
#4042 = AXIS2_PLACEMENT_3D('',#4043,#4044,#4045);
#4043 = CARTESIAN_POINT('',(-10.5,-18.18653347947,180.));
#4044 = DIRECTION('',(0.,0.,1.));
#4045 = DIRECTION('',(1.,0.,0.));
#4046 = PCURVE('',#3891,#4047);
#4047 = DEFINITIONAL_REPRESENTATION('',(#4048),#4052);
#4048 = CIRCLE('',#4049,2.8);
#4049 = AXIS2_PLACEMENT_2D('',#4050,#4051);
#4050 = CARTESIAN_POINT('',(1.7763568394E-15,0.));
#4051 = DIRECTION('',(1.,0.));
#4052 = ( GEOMETRIC_REPRESENTATION_CONTEXT(2) 
PARAMETRIC_REPRESENTATION_CONTEXT() REPRESENTATION_CONTEXT('2D SPACE',''
  ) );
#4053 = PCURVE('',#4054,#4059);
#4054 = CYLINDRICAL_SURFACE('',#4055,2.8);
#4055 = AXIS2_PLACEMENT_3D('',#4056,#4057,#4058);
#4056 = CARTESIAN_POINT('',(-10.5,-18.18653347947,170.5));
#4057 = DIRECTION('',(-0.,-0.,-1.));
#4058 = DIRECTION('',(1.,0.,0.));
#4059 = DEFINITIONAL_REPRESENTATION('',(#4060),#4064);
#4060 = LINE('',#4061,#4062);
#4061 = CARTESIAN_POINT('',(-0.,-9.5));
#4062 = VECTOR('',#4063,1.);
#4063 = DIRECTION('',(-1.,0.));
#4064 = ( GEOMETRIC_REPRESENTATION_CONTEXT(2) 
PARAMETRIC_REPRESENTATION_CONTEXT() REPRESENTATION_CONTEXT('2D SPACE',''
  ) );
#4065 = ADVANCED_FACE('',(#4066),#3929,.F.);
#4066 = FACE_BOUND('',#4067,.T.);
#4067 = EDGE_LOOP('',(#4068,#4091,#4092,#4093));
#4068 = ORIENTED_EDGE('',*,*,#4069,.T.);
#4069 = EDGE_CURVE('',#4070,#3913,#4072,.T.);
#4070 = VERTEX_POINT('',#4071);
#4071 = CARTESIAN_POINT('',(23.8,0.,170.5));
#4072 = SEAM_CURVE('',#4073,(#4077,#4084),.PCURVE_S1.);
#4073 = LINE('',#4074,#4075);
#4074 = CARTESIAN_POINT('',(23.8,0.,170.5));
#4075 = VECTOR('',#4076,1.);
#4076 = DIRECTION('',(0.,0.,1.));
#4077 = PCURVE('',#3929,#4078);
#4078 = DEFINITIONAL_REPRESENTATION('',(#4079),#4083);
#4079 = LINE('',#4080,#4081);
#4080 = CARTESIAN_POINT('',(-0.,0.));
#4081 = VECTOR('',#4082,1.);
#4082 = DIRECTION('',(-0.,-1.));
#4083 = ( GEOMETRIC_REPRESENTATION_CONTEXT(2) 
PARAMETRIC_REPRESENTATION_CONTEXT() REPRESENTATION_CONTEXT('2D SPACE',''
  ) );
#4084 = PCURVE('',#3929,#4085);
#4085 = DEFINITIONAL_REPRESENTATION('',(#4086),#4090);
#4086 = LINE('',#4087,#4088);
#4087 = CARTESIAN_POINT('',(-6.28318530718,0.));
#4088 = VECTOR('',#4089,1.);
#4089 = DIRECTION('',(-0.,-1.));
#4090 = ( GEOMETRIC_REPRESENTATION_CONTEXT(2) 
PARAMETRIC_REPRESENTATION_CONTEXT() REPRESENTATION_CONTEXT('2D SPACE',''
  ) );
#4091 = ORIENTED_EDGE('',*,*,#3912,.T.);
#4092 = ORIENTED_EDGE('',*,*,#4069,.F.);
#4093 = ORIENTED_EDGE('',*,*,#4094,.F.);
#4094 = EDGE_CURVE('',#4070,#4070,#4095,.T.);
#4095 = SURFACE_CURVE('',#4096,(#4101,#4108),.PCURVE_S1.);
#4096 = CIRCLE('',#4097,2.8);
#4097 = AXIS2_PLACEMENT_3D('',#4098,#4099,#4100);
#4098 = CARTESIAN_POINT('',(21.,0.,170.5));
#4099 = DIRECTION('',(0.,0.,1.));
#4100 = DIRECTION('',(1.,0.,0.));
#4101 = PCURVE('',#3929,#4102);
#4102 = DEFINITIONAL_REPRESENTATION('',(#4103),#4107);
#4103 = LINE('',#4104,#4105);
#4104 = CARTESIAN_POINT('',(-0.,0.));
#4105 = VECTOR('',#4106,1.);
#4106 = DIRECTION('',(-1.,0.));
#4107 = ( GEOMETRIC_REPRESENTATION_CONTEXT(2) 
PARAMETRIC_REPRESENTATION_CONTEXT() REPRESENTATION_CONTEXT('2D SPACE',''
  ) );
#4108 = PCURVE('',#4109,#4114);
#4109 = PLANE('',#4110);
#4110 = AXIS2_PLACEMENT_3D('',#4111,#4112,#4113);
#4111 = CARTESIAN_POINT('',(21.,1.29885370033E-16,170.5));
#4112 = DIRECTION('',(0.,0.,1.));
#4113 = DIRECTION('',(1.,0.,-0.));
#4114 = DEFINITIONAL_REPRESENTATION('',(#4115),#4119);
#4115 = CIRCLE('',#4116,2.8);
#4116 = AXIS2_PLACEMENT_2D('',#4117,#4118);
#4117 = CARTESIAN_POINT('',(3.552713678801E-15,-1.29885370033E-16));
#4118 = DIRECTION('',(1.,0.));
#4119 = ( GEOMETRIC_REPRESENTATION_CONTEXT(2) 
PARAMETRIC_REPRESENTATION_CONTEXT() REPRESENTATION_CONTEXT('2D SPACE',''
  ) );
#4120 = ADVANCED_FACE('',(#4121),#3983,.T.);
#4121 = FACE_BOUND('',#4122,.T.);
#4122 = EDGE_LOOP('',(#4123));
#4123 = ORIENTED_EDGE('',*,*,#3968,.T.);
#4124 = ADVANCED_FACE('',(#4125),#4019,.F.);
#4125 = FACE_BOUND('',#4126,.T.);
#4126 = EDGE_LOOP('',(#4127,#4150,#4151,#4152));
#4127 = ORIENTED_EDGE('',*,*,#4128,.T.);
#4128 = EDGE_CURVE('',#4129,#4003,#4131,.T.);
#4129 = VERTEX_POINT('',#4130);
#4130 = CARTESIAN_POINT('',(-7.7,18.186533479473,170.5));
#4131 = SEAM_CURVE('',#4132,(#4136,#4143),.PCURVE_S1.);
#4132 = LINE('',#4133,#4134);
#4133 = CARTESIAN_POINT('',(-7.7,18.186533479473,170.5));
#4134 = VECTOR('',#4135,1.);
#4135 = DIRECTION('',(0.,0.,1.));
#4136 = PCURVE('',#4019,#4137);
#4137 = DEFINITIONAL_REPRESENTATION('',(#4138),#4142);
#4138 = LINE('',#4139,#4140);
#4139 = CARTESIAN_POINT('',(-0.,0.));
#4140 = VECTOR('',#4141,1.);
#4141 = DIRECTION('',(-0.,-1.));
#4142 = ( GEOMETRIC_REPRESENTATION_CONTEXT(2) 
PARAMETRIC_REPRESENTATION_CONTEXT() REPRESENTATION_CONTEXT('2D SPACE',''
  ) );
#4143 = PCURVE('',#4019,#4144);
#4144 = DEFINITIONAL_REPRESENTATION('',(#4145),#4149);
#4145 = LINE('',#4146,#4147);
#4146 = CARTESIAN_POINT('',(-6.28318530718,0.));
#4147 = VECTOR('',#4148,1.);
#4148 = DIRECTION('',(-0.,-1.));
#4149 = ( GEOMETRIC_REPRESENTATION_CONTEXT(2) 
PARAMETRIC_REPRESENTATION_CONTEXT() REPRESENTATION_CONTEXT('2D SPACE',''
  ) );
#4150 = ORIENTED_EDGE('',*,*,#4002,.T.);
#4151 = ORIENTED_EDGE('',*,*,#4128,.F.);
#4152 = ORIENTED_EDGE('',*,*,#4153,.F.);
#4153 = EDGE_CURVE('',#4129,#4129,#4154,.T.);
#4154 = SURFACE_CURVE('',#4155,(#4160,#4167),.PCURVE_S1.);
#4155 = CIRCLE('',#4156,2.8);
#4156 = AXIS2_PLACEMENT_3D('',#4157,#4158,#4159);
#4157 = CARTESIAN_POINT('',(-10.5,18.186533479473,170.5));
#4158 = DIRECTION('',(0.,0.,1.));
#4159 = DIRECTION('',(1.,0.,0.));
#4160 = PCURVE('',#4019,#4161);
#4161 = DEFINITIONAL_REPRESENTATION('',(#4162),#4166);
#4162 = LINE('',#4163,#4164);
#4163 = CARTESIAN_POINT('',(-0.,0.));
#4164 = VECTOR('',#4165,1.);
#4165 = DIRECTION('',(-1.,0.));
#4166 = ( GEOMETRIC_REPRESENTATION_CONTEXT(2) 
PARAMETRIC_REPRESENTATION_CONTEXT() REPRESENTATION_CONTEXT('2D SPACE',''
  ) );
#4167 = PCURVE('',#4168,#4173);
#4168 = PLANE('',#4169);
#4169 = AXIS2_PLACEMENT_3D('',#4170,#4171,#4172);
#4170 = CARTESIAN_POINT('',(-10.5,18.186533479473,170.5));
#4171 = DIRECTION('',(0.,0.,1.));
#4172 = DIRECTION('',(1.,0.,-0.));
#4173 = DEFINITIONAL_REPRESENTATION('',(#4174),#4178);
#4174 = CIRCLE('',#4175,2.8);
#4175 = AXIS2_PLACEMENT_2D('',#4176,#4177);
#4176 = CARTESIAN_POINT('',(1.7763568394E-15,-3.552713678801E-15));
#4177 = DIRECTION('',(1.,0.));
#4178 = ( GEOMETRIC_REPRESENTATION_CONTEXT(2) 
PARAMETRIC_REPRESENTATION_CONTEXT() REPRESENTATION_CONTEXT('2D SPACE',''
  ) );
#4179 = ADVANCED_FACE('',(#4180),#4054,.F.);
#4180 = FACE_BOUND('',#4181,.T.);
#4181 = EDGE_LOOP('',(#4182,#4205,#4206,#4207));
#4182 = ORIENTED_EDGE('',*,*,#4183,.T.);
#4183 = EDGE_CURVE('',#4184,#4038,#4186,.T.);
#4184 = VERTEX_POINT('',#4185);
#4185 = CARTESIAN_POINT('',(-7.7,-18.18653347947,170.5));
#4186 = SEAM_CURVE('',#4187,(#4191,#4198),.PCURVE_S1.);
#4187 = LINE('',#4188,#4189);
#4188 = CARTESIAN_POINT('',(-7.7,-18.18653347947,170.5));
#4189 = VECTOR('',#4190,1.);
#4190 = DIRECTION('',(0.,0.,1.));
#4191 = PCURVE('',#4054,#4192);
#4192 = DEFINITIONAL_REPRESENTATION('',(#4193),#4197);
#4193 = LINE('',#4194,#4195);
#4194 = CARTESIAN_POINT('',(-0.,0.));
#4195 = VECTOR('',#4196,1.);
#4196 = DIRECTION('',(-0.,-1.));
#4197 = ( GEOMETRIC_REPRESENTATION_CONTEXT(2) 
PARAMETRIC_REPRESENTATION_CONTEXT() REPRESENTATION_CONTEXT('2D SPACE',''
  ) );
#4198 = PCURVE('',#4054,#4199);
#4199 = DEFINITIONAL_REPRESENTATION('',(#4200),#4204);
#4200 = LINE('',#4201,#4202);
#4201 = CARTESIAN_POINT('',(-6.28318530718,0.));
#4202 = VECTOR('',#4203,1.);
#4203 = DIRECTION('',(-0.,-1.));
#4204 = ( GEOMETRIC_REPRESENTATION_CONTEXT(2) 
PARAMETRIC_REPRESENTATION_CONTEXT() REPRESENTATION_CONTEXT('2D SPACE',''
  ) );
#4205 = ORIENTED_EDGE('',*,*,#4037,.T.);
#4206 = ORIENTED_EDGE('',*,*,#4183,.F.);
#4207 = ORIENTED_EDGE('',*,*,#4208,.F.);
#4208 = EDGE_CURVE('',#4184,#4184,#4209,.T.);
#4209 = SURFACE_CURVE('',#4210,(#4215,#4222),.PCURVE_S1.);
#4210 = CIRCLE('',#4211,2.8);
#4211 = AXIS2_PLACEMENT_3D('',#4212,#4213,#4214);
#4212 = CARTESIAN_POINT('',(-10.5,-18.18653347947,170.5));
#4213 = DIRECTION('',(0.,0.,1.));
#4214 = DIRECTION('',(1.,0.,0.));
#4215 = PCURVE('',#4054,#4216);
#4216 = DEFINITIONAL_REPRESENTATION('',(#4217),#4221);
#4217 = LINE('',#4218,#4219);
#4218 = CARTESIAN_POINT('',(-0.,0.));
#4219 = VECTOR('',#4220,1.);
#4220 = DIRECTION('',(-1.,0.));
#4221 = ( GEOMETRIC_REPRESENTATION_CONTEXT(2) 
PARAMETRIC_REPRESENTATION_CONTEXT() REPRESENTATION_CONTEXT('2D SPACE',''
  ) );
#4222 = PCURVE('',#4223,#4228);
#4223 = PLANE('',#4224);
#4224 = AXIS2_PLACEMENT_3D('',#4225,#4226,#4227);
#4225 = CARTESIAN_POINT('',(-10.5,-18.18653347947,170.5));
#4226 = DIRECTION('',(0.,0.,1.));
#4227 = DIRECTION('',(1.,0.,-0.));
#4228 = DEFINITIONAL_REPRESENTATION('',(#4229),#4233);
#4229 = CIRCLE('',#4230,2.8);
#4230 = AXIS2_PLACEMENT_2D('',#4231,#4232);
#4231 = CARTESIAN_POINT('',(-1.7763568394E-15,-3.552713678801E-15));
#4232 = DIRECTION('',(1.,0.));
#4233 = ( GEOMETRIC_REPRESENTATION_CONTEXT(2) 
PARAMETRIC_REPRESENTATION_CONTEXT() REPRESENTATION_CONTEXT('2D SPACE',''
  ) );
#4234 = ADVANCED_FACE('',(#4235),#4109,.T.);
#4235 = FACE_BOUND('',#4236,.T.);
#4236 = EDGE_LOOP('',(#4237));
#4237 = ORIENTED_EDGE('',*,*,#4094,.T.);
#4238 = ADVANCED_FACE('',(#4239),#4168,.T.);
#4239 = FACE_BOUND('',#4240,.T.);
#4240 = EDGE_LOOP('',(#4241));
#4241 = ORIENTED_EDGE('',*,*,#4153,.T.);
#4242 = ADVANCED_FACE('',(#4243),#4223,.T.);
#4243 = FACE_BOUND('',#4244,.T.);
#4244 = EDGE_LOOP('',(#4245));
#4245 = ORIENTED_EDGE('',*,*,#4208,.T.);
#4246 = ( GEOMETRIC_REPRESENTATION_CONTEXT(3) 
GLOBAL_UNCERTAINTY_ASSIGNED_CONTEXT((#4250)) 
GLOBAL_UNIT_ASSIGNED_CONTEXT((#4247,#4248,#4249)) REPRESENTATION_CONTEXT
('Context #1','3D Context with UNIT and UNCERTAINTY') );
#4247 = ( LENGTH_UNIT() NAMED_UNIT(*) SI_UNIT(.MILLI.,.METRE.) );
#4248 = ( NAMED_UNIT(*) PLANE_ANGLE_UNIT() SI_UNIT($,.RADIAN.) );
#4249 = ( NAMED_UNIT(*) SI_UNIT($,.STERADIAN.) SOLID_ANGLE_UNIT() );
#4250 = UNCERTAINTY_MEASURE_WITH_UNIT(LENGTH_MEASURE(1.E-07),#4247,
  'distance_accuracy_value','confusion accuracy');
#4251 = PRODUCT_RELATED_PRODUCT_CATEGORY('part',$,(#7));
ENDSEC;
END-ISO-10303-21;
