ISO-10303-21;
HEADER;
FILE_DESCRIPTION(('Open CASCADE Model'),'2;1');
FILE_NAME('Open CASCADE Shape Model','2026-09-25T16:54:24',('Author'),(
    'Open CASCADE'),'Open CASCADE STEP processor 7.8','Open CASCADE 7.8'
  ,'Unknown');
FILE_SCHEMA(('AUTOMOTIVE_DESIGN { 1 0 10303 214 1 1 1 1 }'));
ENDSEC;
DATA;
#1 = APPLICATION_PROTOCOL_DEFINITION('international standard',
  'automotive_design',2000,#2);
#2 = APPLICATION_CONTEXT(
  'core data for automotive mechanical design processes');
#3 = SHAPE_DEFINITION_REPRESENTATION(#4,#10);
#4 = PRODUCT_DEFINITION_SHAPE('','',#5);
#5 = PRODUCT_DEFINITION('design','',#6,#9);
#6 = PRODUCT_DEFINITION_FORMATION('','',#7);
#7 = PRODUCT('Open CASCADE STEP translator 7.8 9',
  'Open CASCADE STEP translator 7.8 9','',(#8));
#8 = PRODUCT_CONTEXT('',#2,'mechanical');
#9 = PRODUCT_DEFINITION_CONTEXT('part definition',#2,'design');
#10 = ADVANCED_BREP_SHAPE_REPRESENTATION('',(#11,#15),#2960);
#11 = AXIS2_PLACEMENT_3D('',#12,#13,#14);
#12 = CARTESIAN_POINT('',(0.,0.,0.));
#13 = DIRECTION('',(0.,0.,1.));
#14 = DIRECTION('',(1.,0.,-0.));
#15 = MANIFOLD_SOLID_BREP('',#16);
#16 = CLOSED_SHELL('',(#17,#570,#762,#810,#971,#1019,#1170,#1198,#1253,
    #1350,#1357,#1385,#1461,#1584,#1730,#1804,#1811,#1934,#2159,#2235,
    #2285,#2362,#2411,#2461,#2538,#2587,#2637,#2687,#2714,#2741,#2768,
    #2805,#2842,#2879,#2906,#2933));
#17 = ADVANCED_FACE('',(#18),#32,.F.);
#18 = FACE_BOUND('',#19,.T.);
#19 = EDGE_LOOP('',(#20,#50,#77,#78,#139,#168,#313,#342,#487,#516));
#20 = ORIENTED_EDGE('',*,*,#21,.F.);
#21 = EDGE_CURVE('',#22,#24,#26,.T.);
#22 = VERTEX_POINT('',#23);
#23 = CARTESIAN_POINT('',(8.,0.,176.));
#24 = VERTEX_POINT('',#25);
#25 = CARTESIAN_POINT('',(16.,0.,175.42268041237));
#26 = SEAM_CURVE('',#27,(#31,#43),.PCURVE_S1.);
#27 = LINE('',#28,#29);
#28 = CARTESIAN_POINT('',(8.,0.,176.));
#29 = VECTOR('',#30,1.);
#30 = DIRECTION('',(0.997406236534,0.,-7.197776964677E-02));
#31 = PCURVE('',#32,#37);
#32 = CONICAL_SURFACE('',#33,8.,1.498756261408);
#33 = AXIS2_PLACEMENT_3D('',#34,#35,#36);
#34 = CARTESIAN_POINT('',(0.,0.,176.));
#35 = DIRECTION('',(-0.,-0.,-1.));
#36 = DIRECTION('',(1.,0.,0.));
#37 = DEFINITIONAL_REPRESENTATION('',(#38),#42);
#38 = LINE('',#39,#40);
#39 = CARTESIAN_POINT('',(-0.,0.));
#40 = VECTOR('',#41,1.);
#41 = DIRECTION('',(-0.,1.));
#42 = ( GEOMETRIC_REPRESENTATION_CONTEXT(2) 
PARAMETRIC_REPRESENTATION_CONTEXT() REPRESENTATION_CONTEXT('2D SPACE',''
  ) );
#43 = PCURVE('',#32,#44);
#44 = DEFINITIONAL_REPRESENTATION('',(#45),#49);
#45 = LINE('',#46,#47);
#46 = CARTESIAN_POINT('',(-6.28318530718,0.));
#47 = VECTOR('',#48,1.);
#48 = DIRECTION('',(-0.,1.));
#49 = ( GEOMETRIC_REPRESENTATION_CONTEXT(2) 
PARAMETRIC_REPRESENTATION_CONTEXT() REPRESENTATION_CONTEXT('2D SPACE',''
  ) );
#50 = ORIENTED_EDGE('',*,*,#51,.T.);
#51 = EDGE_CURVE('',#22,#22,#52,.T.);
#52 = SURFACE_CURVE('',#53,(#58,#65),.PCURVE_S1.);
#53 = CIRCLE('',#54,8.);
#54 = AXIS2_PLACEMENT_3D('',#55,#56,#57);
#55 = CARTESIAN_POINT('',(0.,0.,176.));
#56 = DIRECTION('',(0.,0.,1.));
#57 = DIRECTION('',(1.,0.,-0.));
#58 = PCURVE('',#32,#59);
#59 = DEFINITIONAL_REPRESENTATION('',(#60),#64);
#60 = LINE('',#61,#62);
#61 = CARTESIAN_POINT('',(-0.,0.));
#62 = VECTOR('',#63,1.);
#63 = DIRECTION('',(-1.,0.));
#64 = ( GEOMETRIC_REPRESENTATION_CONTEXT(2) 
PARAMETRIC_REPRESENTATION_CONTEXT() REPRESENTATION_CONTEXT('2D SPACE',''
  ) );
#65 = PCURVE('',#66,#71);
#66 = CYLINDRICAL_SURFACE('',#67,8.);
#67 = AXIS2_PLACEMENT_3D('',#68,#69,#70);
#68 = CARTESIAN_POINT('',(0.,0.,180.));
#69 = DIRECTION('',(-0.,-0.,-1.));
#70 = DIRECTION('',(1.,0.,0.));
#71 = DEFINITIONAL_REPRESENTATION('',(#72),#76);
#72 = LINE('',#73,#74);
#73 = CARTESIAN_POINT('',(-0.,4.));
#74 = VECTOR('',#75,1.);
#75 = DIRECTION('',(-1.,0.));
#76 = ( GEOMETRIC_REPRESENTATION_CONTEXT(2) 
PARAMETRIC_REPRESENTATION_CONTEXT() REPRESENTATION_CONTEXT('2D SPACE',''
  ) );
#77 = ORIENTED_EDGE('',*,*,#21,.T.);
#78 = ORIENTED_EDGE('',*,*,#79,.T.);
#79 = EDGE_CURVE('',#24,#80,#82,.T.);
#80 = VERTEX_POINT('',#81);
#81 = CARTESIAN_POINT('',(17.364047619048,-3.432178649699,175.3));
#82 = SURFACE_CURVE('',#83,(#98,#116),.PCURVE_S1.);
#83 = B_SPLINE_CURVE_WITH_KNOTS('',7,(#84,#85,#86,#87,#88,#89,#90,#91,
    #92,#93,#94,#95,#96,#97),.UNSPECIFIED.,.F.,.F.,(8,6,8),(0.,
    0.467232299784,1.),.UNSPECIFIED.);
#84 = CARTESIAN_POINT('',(16.,4.440892098501E-16,175.42268041237));
#85 = CARTESIAN_POINT('',(16.,-0.281760706224,175.42268041237));
#86 = CARTESIAN_POINT('',(16.018524266474,-0.563636455754,
    175.42092587487));
#87 = CARTESIAN_POINT('',(16.055598991499,-0.841093013963,175.4174141997
    ));
#88 = CARTESIAN_POINT('',(16.109898710153,-1.110961395468,
    175.41228816231));
#89 = CARTESIAN_POINT('',(16.179628319417,-1.371037362825,
    175.40575041271));
#90 = CARTESIAN_POINT('',(16.262805246517,-1.619896175951,
    175.39801885728));
#91 = CARTESIAN_POINT('',(16.465558885392,-2.12684222567,175.37935435966
    ));
#92 = CARTESIAN_POINT('',(16.588712028371,-2.381596284306,
    175.36811455489));
#93 = CARTESIAN_POINT('',(16.72470479395,-2.620957292799,175.35583563331
    ));
#94 = CARTESIAN_POINT('',(16.871595531053,-2.845158195685,175.3427352382
    ));
#95 = CARTESIAN_POINT('',(17.027806335439,-3.054664292743,
    175.32898661224));
#96 = CARTESIAN_POINT('',(17.192175167302,-3.250101865846,
    175.31471562141));
#97 = CARTESIAN_POINT('',(17.364047619048,-3.432178649699,175.3));
#98 = PCURVE('',#32,#99);
#99 = DEFINITIONAL_REPRESENTATION('',(#100),#115);
#100 = B_SPLINE_CURVE_WITH_KNOTS('',7,(#101,#102,#103,#104,#105,#106,
    #107,#108,#109,#110,#111,#112,#113,#114),.UNSPECIFIED.,.F.,.F.,(8,6,
    8),(0.,0.467232299784,1.),.UNSPECIFIED.);
#101 = CARTESIAN_POINT('',(-6.28318530718,0.577319587629));
#102 = CARTESIAN_POINT('',(-6.265575263041,0.577319587629));
#103 = CARTESIAN_POINT('',(-6.247958044229,0.579074125121));
#104 = CARTESIAN_POINT('',(-6.230720386275,0.582585800304));
#105 = CARTESIAN_POINT('',(-6.214164716162,0.58771183768));
#106 = CARTESIAN_POINT('',(-6.198489382993,0.594249587285));
#107 = CARTESIAN_POINT('',(-6.183805305864,0.601981142718));
#108 = CARTESIAN_POINT('',(-6.15459704044,0.620645640337));
#109 = CARTESIAN_POINT('',(-6.140368670505,0.631885445104));
#110 = CARTESIAN_POINT('',(-6.127479653819,0.644164366688));
#111 = CARTESIAN_POINT('',(-6.115882627703,0.657264761798));
#112 = CARTESIAN_POINT('',(-6.105501429233,0.671013387745));
#113 = CARTESIAN_POINT('',(-6.096249367254,0.685284378585));
#114 = CARTESIAN_POINT('',(-6.088040701207,0.7));
#115 = ( GEOMETRIC_REPRESENTATION_CONTEXT(2) 
PARAMETRIC_REPRESENTATION_CONTEXT() REPRESENTATION_CONTEXT('2D SPACE',''
  ) );
#116 = PCURVE('',#117,#122);
#117 = CYLINDRICAL_SURFACE('',#118,5.);
#118 = AXIS2_PLACEMENT_3D('',#119,#120,#121);
#119 = CARTESIAN_POINT('',(21.,0.,168.));
#120 = DIRECTION('',(-0.,-0.,-1.));
#121 = DIRECTION('',(1.,0.,0.));
#122 = DEFINITIONAL_REPRESENTATION('',(#123),#138);
#123 = B_SPLINE_CURVE_WITH_KNOTS('',7,(#124,#125,#126,#127,#128,#129,
    #130,#131,#132,#133,#134,#135,#136,#137),.UNSPECIFIED.,.F.,.F.,(8,6,
    8),(0.,0.467232299784,1.),.UNSPECIFIED.);
#124 = CARTESIAN_POINT('',(-3.14159265359,-7.42268041237));
#125 = CARTESIAN_POINT('',(-3.197944794835,-7.42268041237));
#126 = CARTESIAN_POINT('',(-3.254319903471,-7.420925874872));
#127 = CARTESIAN_POINT('',(-3.310103726431,-7.417414199701));
#128 = CARTESIAN_POINT('',(-3.364954677167,-7.412288162312));
#129 = CARTESIAN_POINT('',(-3.418645878149,-7.405750412715));
#130 = CARTESIAN_POINT('',(-3.471036206158,-7.398018857281));
#131 = CARTESIAN_POINT('',(-3.58023388661,-7.379354359661));
#132 = CARTESIAN_POINT('',(-3.636688031851,-7.368114554893));
#133 = CARTESIAN_POINT('',(-3.691558538416,-7.355835633313));
#134 = CARTESIAN_POINT('',(-3.744981467754,-7.342735238201));
#135 = CARTESIAN_POINT('',(-3.797102221034,-7.328986612249));
#136 = CARTESIAN_POINT('',(-3.848092090288,-7.314715621415));
#137 = CARTESIAN_POINT('',(-3.898168869292,-7.3));
#138 = ( GEOMETRIC_REPRESENTATION_CONTEXT(2) 
PARAMETRIC_REPRESENTATION_CONTEXT() REPRESENTATION_CONTEXT('2D SPACE',''
  ) );
#139 = ORIENTED_EDGE('',*,*,#140,.F.);
#140 = EDGE_CURVE('',#141,#80,#143,.T.);
#141 = VERTEX_POINT('',#142);
#142 = CARTESIAN_POINT('',(-5.709669908558,-16.75379567546,175.3));
#143 = SURFACE_CURVE('',#144,(#149,#156),.PCURVE_S1.);
#144 = CIRCLE('',#145,17.7);
#145 = AXIS2_PLACEMENT_3D('',#146,#147,#148);
#146 = CARTESIAN_POINT('',(0.,0.,175.3));
#147 = DIRECTION('',(0.,0.,1.));
#148 = DIRECTION('',(1.,0.,-0.));
#149 = PCURVE('',#32,#150);
#150 = DEFINITIONAL_REPRESENTATION('',(#151),#155);
#151 = LINE('',#152,#153);
#152 = CARTESIAN_POINT('',(-0.,0.7));
#153 = VECTOR('',#154,1.);
#154 = DIRECTION('',(-1.,0.));
#155 = ( GEOMETRIC_REPRESENTATION_CONTEXT(2) 
PARAMETRIC_REPRESENTATION_CONTEXT() REPRESENTATION_CONTEXT('2D SPACE',''
  ) );
#156 = PCURVE('',#157,#162);
#157 = CYLINDRICAL_SURFACE('',#158,17.7);
#158 = AXIS2_PLACEMENT_3D('',#159,#160,#161);
#159 = CARTESIAN_POINT('',(0.,0.,175.3));
#160 = DIRECTION('',(0.,0.,1.));
#161 = DIRECTION('',(1.,0.,-0.));
#162 = DEFINITIONAL_REPRESENTATION('',(#163),#167);
#163 = LINE('',#164,#165);
#164 = CARTESIAN_POINT('',(0.,0.));
#165 = VECTOR('',#166,1.);
#166 = DIRECTION('',(1.,0.));
#167 = ( GEOMETRIC_REPRESENTATION_CONTEXT(2) 
PARAMETRIC_REPRESENTATION_CONTEXT() REPRESENTATION_CONTEXT('2D SPACE',''
  ) );
#168 = ORIENTED_EDGE('',*,*,#169,.T.);
#169 = EDGE_CURVE('',#141,#170,#172,.T.);
#170 = VERTEX_POINT('',#171);
#171 = CARTESIAN_POINT('',(-11.65437771048,-13.32161702576,175.3));
#172 = SURFACE_CURVE('',#173,(#216,#262),.PCURVE_S1.);
#173 = B_SPLINE_CURVE_WITH_KNOTS('',6,(#174,#175,#176,#177,#178,#179,
    #180,#181,#182,#183,#184,#185,#186,#187,#188,#189,#190,#191,#192,
    #193,#194,#195,#196,#197,#198,#199,#200,#201,#202,#203,#204,#205,
    #206,#207,#208,#209,#210,#211,#212,#213,#214,#215),.UNSPECIFIED.,.F.
  ,.F.,(7,5,5,5,5,5,5,5,7),(0.,0.266475355419,0.354568828009,
    0.402497276745,0.499566190324,0.598439496008,0.646390152186,
    0.732567910966,1.),.UNSPECIFIED.);
#174 = CARTESIAN_POINT('',(-5.709669908558,-16.75379567546,
    175.29999999999));
#175 = CARTESIAN_POINT('',(-5.793437448061,-16.47372058842,
    175.31718111158));
#176 = CARTESIAN_POINT('',(-5.898688661823,-16.19339077798,
    175.33373877186));
#177 = CARTESIAN_POINT('',(-6.027072607031,-15.9131787038,
    175.34953669621));
#178 = CARTESIAN_POINT('',(-6.180667335866,-15.6345817823,
    175.36432590665));
#179 = CARTESIAN_POINT('',(-6.36157658912,-15.36008276421,
    175.37774737201));
#180 = CARTESIAN_POINT('',(-6.641183037627,-15.00500233099,
    175.39318618478));
#181 = CARTESIAN_POINT('',(-6.713816915092,-14.91765397659,
    175.39682163246));
#182 = CARTESIAN_POINT('',(-6.78965906331,-14.83133005258,
    175.40023969416));
#183 = CARTESIAN_POINT('',(-6.868730852757,-14.74621190371,175.403421802
    ));
#184 = CARTESIAN_POINT('',(-6.95101912789,-14.66250588893,
    175.40634892694));
#185 = CARTESIAN_POINT('',(-7.082950815173,-14.53578978742,
    175.41044646223));
#186 = CARTESIAN_POINT('',(-7.130371889965,-14.49162570456,
    175.41180935006));
#187 = CARTESIAN_POINT('',(-7.178716915931,-14.44798429736,
    175.41308830786));
#188 = CARTESIAN_POINT('',(-7.227971153435,-14.4049040204,
    175.41428047562));
#189 = CARTESIAN_POINT('',(-7.278115025873,-14.36242449047,
    175.41538315082));
#190 = CARTESIAN_POINT('',(-7.432432226828,-14.23585247815,
    175.41844062035));
#191 = CARTESIAN_POINT('',(-7.539300236399,-14.15374020917,
    175.42011022324));
#192 = CARTESIAN_POINT('',(-7.649502103067,-14.07460383116,
    175.42138132756));
#193 = CARTESIAN_POINT('',(-7.762748895575,-13.99877873779,
    175.42223786155));
#194 = CARTESIAN_POINT('',(-7.878677408962,-13.92656872195,
    175.4226708455));
#195 = CARTESIAN_POINT('',(-8.11719661961,-13.78862726889,175.4226899022
    ));
#196 = CARTESIAN_POINT('',(-8.239893638652,-13.72302818927,
    175.42226008377));
#197 = CARTESIAN_POINT('',(-8.364455423488,-13.66171220201,
    175.42139057402));
#198 = CARTESIAN_POINT('',(-8.490412071894,-13.60485162665,
    175.42009081972));
#199 = CARTESIAN_POINT('',(-8.617304137368,-13.55253260865,
    175.41837789775));
#200 = CARTESIAN_POINT('',(-8.806466297214,-13.48161089089,
    175.41525432703));
#201 = CARTESIAN_POINT('',(-8.868363388897,-13.45951998944,
    175.41414228579));
#202 = CARTESIAN_POINT('',(-8.930332446633,-13.43850072802,
    175.41294088095));
#203 = CARTESIAN_POINT('',(-8.992329512198,-13.41855001934,
    175.41165282972));
#204 = CARTESIAN_POINT('',(-9.05431407421,-13.39966119023,
    175.41028100347));
#205 = CARTESIAN_POINT('',(-9.22755972352,-13.34976663807,
    175.40621783319));
#206 = CARTESIAN_POINT('',(-9.338709408593,-13.32110689328,
    175.4033463775));
#207 = CARTESIAN_POINT('',(-9.449486880498,-13.2957863359,
    175.40023131452));
#208 = CARTESIAN_POINT('',(-9.559719046043,-13.27371898009,
    175.39689044406));
#209 = CARTESIAN_POINT('',(-9.669268502442,-13.25480291462,
    175.39334114114));
#210 = CARTESIAN_POINT('',(-10.11554975136,-13.18968021014,
    175.37798773942));
#211 = CARTESIAN_POINT('',(-10.44505104255,-13.16981705317,
    175.36453786551));
#212 = CARTESIAN_POINT('',(-10.76438293881,-13.17587725301,
    175.34970642019));
#213 = CARTESIAN_POINT('',(-11.07242727586,-13.20475892102,
    175.33385736296));
#214 = CARTESIAN_POINT('',(-11.36892171441,-13.2538822471,
    175.31724272901));
#215 = CARTESIAN_POINT('',(-11.65437771048,-13.32161702576,175.3));
#216 = PCURVE('',#32,#217);
#217 = DEFINITIONAL_REPRESENTATION('',(#218),#261);
#218 = B_SPLINE_CURVE_WITH_KNOTS('',6,(#219,#220,#221,#222,#223,#224,
    #225,#226,#227,#228,#229,#230,#231,#232,#233,#234,#235,#236,#237,
    #238,#239,#240,#241,#242,#243,#244,#245,#246,#247,#248,#249,#250,
    #251,#252,#253,#254,#255,#256,#257,#258,#259,#260),.UNSPECIFIED.,.F.
  ,.F.,(7,5,5,5,5,5,5,5,7),(0.,0.266475355419,0.354568828009,
    0.402497276745,0.499566190324,0.598439496008,0.646390152186,
    0.732567910966,1.),.UNSPECIFIED.);
#219 = CARTESIAN_POINT('',(-4.383934810759,0.7));
#220 = CARTESIAN_POINT('',(-4.374350845303,0.682818888417));
#221 = CARTESIAN_POINT('',(-4.363303950949,0.666261228137));
#222 = CARTESIAN_POINT('',(-4.350643723036,0.65046330378));
#223 = CARTESIAN_POINT('',(-4.336217534206,0.635674093345));
#224 = CARTESIAN_POINT('',(-4.319910879538,0.62225262798));
#225 = CARTESIAN_POINT('',(-4.295727028723,0.606813815218));
#226 = CARTESIAN_POINT('',(-4.289516809999,0.60317836753));
#227 = CARTESIAN_POINT('',(-4.283107408843,0.599760305833));
#228 = CARTESIAN_POINT('',(-4.276504448811,0.596578197998));
#229 = CARTESIAN_POINT('',(-4.26971754162,0.593651073051));
#230 = CARTESIAN_POINT('',(-4.258976434648,0.589553537762));
#231 = CARTESIAN_POINT('',(-4.255141572174,0.588190649931));
#232 = CARTESIAN_POINT('',(-4.251258922452,0.586911692138));
#233 = CARTESIAN_POINT('',(-4.247331281865,0.585719524369));
#234 = CARTESIAN_POINT('',(-4.24336188582,0.584616849178));
#235 = CARTESIAN_POINT('',(-4.231238113386,0.581559379641));
#236 = CARTESIAN_POINT('',(-4.222964749396,0.579889776754));
#237 = CARTESIAN_POINT('',(-4.21456643548,0.578618672435));
#238 = CARTESIAN_POINT('',(-4.206080710005,0.577762138441));
#239 = CARTESIAN_POINT('',(-4.197549550724,0.57732915449));
#240 = CARTESIAN_POINT('',(-4.180328654535,0.577310097793));
#241 = CARTESIAN_POINT('',(-4.171637258166,0.577739916226));
#242 = CARTESIAN_POINT('',(-4.162992299405,0.578609425975));
#243 = CARTESIAN_POINT('',(-4.154438174667,0.579909180273));
#244 = CARTESIAN_POINT('',(-4.146014507884,0.581622102248));
#245 = CARTESIAN_POINT('',(-4.133749492958,0.584745672968));
#246 = CARTESIAN_POINT('',(-4.129782314189,0.585857714204));
#247 = CARTESIAN_POINT('',(-4.125857192736,0.587059119042));
#248 = CARTESIAN_POINT('',(-4.121977342197,0.588347170273));
#249 = CARTESIAN_POINT('',(-4.118145536323,0.589718996525));
#250 = CARTESIAN_POINT('',(-4.107568061672,0.593782166799));
#251 = CARTESIAN_POINT('',(-4.100934804594,0.596653622496));
#252 = CARTESIAN_POINT('',(-4.094477735012,0.599768685477));
#253 = CARTESIAN_POINT('',(-4.088205818619,0.603109555933));
#254 = CARTESIAN_POINT('',(-4.082124366406,0.606658858858));
#255 = CARTESIAN_POINT('',(-4.057962087986,0.622012260569));
#256 = CARTESIAN_POINT('',(-4.041569784327,0.63546213448));
#257 = CARTESIAN_POINT('',(-4.027072779413,0.650293579815));
#258 = CARTESIAN_POINT('',(-4.014355620256,0.666142637029));
#259 = CARTESIAN_POINT('',(-4.003263935699,0.682757270982));
#260 = CARTESIAN_POINT('',(-3.993645598814,0.7));
#261 = ( GEOMETRIC_REPRESENTATION_CONTEXT(2) 
PARAMETRIC_REPRESENTATION_CONTEXT() REPRESENTATION_CONTEXT('2D SPACE',''
  ) );
#262 = PCURVE('',#263,#268);
#263 = CYLINDRICAL_SURFACE('',#264,5.);
#264 = AXIS2_PLACEMENT_3D('',#265,#266,#267);
#265 = CARTESIAN_POINT('',(-10.5,-18.18653347947,168.));
#266 = DIRECTION('',(-0.,-0.,-1.));
#267 = DIRECTION('',(1.,0.,0.));
#268 = DEFINITIONAL_REPRESENTATION('',(#269),#312);
#269 = B_SPLINE_CURVE_WITH_KNOTS('',6,(#270,#271,#272,#273,#274,#275,
    #276,#277,#278,#279,#280,#281,#282,#283,#284,#285,#286,#287,#288,
    #289,#290,#291,#292,#293,#294,#295,#296,#297,#298,#299,#300,#301,
    #302,#303,#304,#305,#306,#307,#308,#309,#310,#311),.UNSPECIFIED.,.F.
  ,.F.,(7,5,5,5,5,5,5,5,7),(0.,0.266475355419,0.354568828009,
    0.402497276745,0.499566190324,0.598439496008,0.646390152186,
    0.732567910966,1.),.UNSPECIFIED.);
#270 = CARTESIAN_POINT('',(-0.290621335494,-7.299999999998));
#271 = CARTESIAN_POINT('',(-0.349088097011,-7.317181111582));
#272 = CARTESIAN_POINT('',(-0.408834988181,-7.333738771862));
#273 = CARTESIAN_POINT('',(-0.470244187368,-7.349536696218));
#274 = CARTESIAN_POINT('',(-0.533588886639,-7.364325906653));
#275 = CARTESIAN_POINT('',(-0.599105770121,-7.377747372019));
#276 = CARTESIAN_POINT('',(-0.689496451079,-7.39318618478));
#277 = CARTESIAN_POINT('',(-0.712208804365,-7.396821632468));
#278 = CARTESIAN_POINT('',(-0.735177485368,-7.400239694165));
#279 = CARTESIAN_POINT('',(-0.758399476531,-7.403421802));
#280 = CARTESIAN_POINT('',(-0.781865786609,-7.406348926948));
#281 = CARTESIAN_POINT('',(-0.818451543669,-7.410446462236));
#282 = CARTESIAN_POINT('',(-0.831410286511,-7.411809350067));
#283 = CARTESIAN_POINT('',(-0.844433762613,-7.413088307861));
#284 = CARTESIAN_POINT('',(-0.857518564444,-7.414280475629));
#285 = CARTESIAN_POINT('',(-0.8706605925,-7.415383150821));
#286 = CARTESIAN_POINT('',(-0.910577642899,-7.418440620357));
#287 = CARTESIAN_POINT('',(-0.937518225786,-7.420110223244));
#288 = CARTESIAN_POINT('',(-0.964631146324,-7.421381327563));
#289 = CARTESIAN_POINT('',(-0.9918665846,-7.422237861557));
#290 = CARTESIAN_POINT('',(-1.019167628535,-7.422670845508));
#291 = CARTESIAN_POINT('',(-1.074274527674,-7.422689902205));
#292 = CARTESIAN_POINT('',(-1.102085484159,-7.422260083772));
#293 = CARTESIAN_POINT('',(-1.129829253428,-7.421390574023));
#294 = CARTESIAN_POINT('',(-1.157445700945,-7.420090819725));
#295 = CARTESIAN_POINT('',(-1.184882309549,-7.41837789775));
#296 = CARTESIAN_POINT('',(-1.225286375071,-7.41525432703));
#297 = CARTESIAN_POINT('',(-1.238428919365,-7.414142285794));
#298 = CARTESIAN_POINT('',(-1.251513848261,-7.412940880956));
#299 = CARTESIAN_POINT('',(-1.264537098736,-7.411652829725));
#300 = CARTESIAN_POINT('',(-1.2774953007,-7.410281003473));
#301 = CARTESIAN_POINT('',(-1.31355276669,-7.406217833199));
#302 = CARTESIAN_POINT('',(-1.336500750189,-7.403346377502));
#303 = CARTESIAN_POINT('',(-1.359214803935,-7.400231314521));
#304 = CARTESIAN_POINT('',(-1.381686560153,-7.396890444065));
#305 = CARTESIAN_POINT('',(-1.403913128479,-7.39334114114));
#306 = CARTESIAN_POINT('',(-1.494114662784,-7.377987739429));
#307 = CARTESIAN_POINT('',(-1.55989805021,-7.364537865516));
#308 = CARTESIAN_POINT('',(-1.623490979832,-7.34970642019));
#309 = CARTESIAN_POINT('',(-1.685132118638,-7.333857362963));
#310 = CARTESIAN_POINT('',(-1.745097323266,-7.317242729018));
#311 = CARTESIAN_POINT('',(-1.803773766899,-7.3));
#312 = ( GEOMETRIC_REPRESENTATION_CONTEXT(2) 
PARAMETRIC_REPRESENTATION_CONTEXT() REPRESENTATION_CONTEXT('2D SPACE',''
  ) );
#313 = ORIENTED_EDGE('',*,*,#314,.F.);
#314 = EDGE_CURVE('',#315,#170,#317,.T.);
#315 = VERTEX_POINT('',#316);
#316 = CARTESIAN_POINT('',(-11.65437771048,13.321617025769,175.3));
#317 = SURFACE_CURVE('',#318,(#323,#330),.PCURVE_S1.);
#318 = CIRCLE('',#319,17.7);
#319 = AXIS2_PLACEMENT_3D('',#320,#321,#322);
#320 = CARTESIAN_POINT('',(0.,0.,175.3));
#321 = DIRECTION('',(0.,0.,1.));
#322 = DIRECTION('',(1.,0.,-0.));
#323 = PCURVE('',#32,#324);
#324 = DEFINITIONAL_REPRESENTATION('',(#325),#329);
#325 = LINE('',#326,#327);
#326 = CARTESIAN_POINT('',(-0.,0.7));
#327 = VECTOR('',#328,1.);
#328 = DIRECTION('',(-1.,0.));
#329 = ( GEOMETRIC_REPRESENTATION_CONTEXT(2) 
PARAMETRIC_REPRESENTATION_CONTEXT() REPRESENTATION_CONTEXT('2D SPACE',''
  ) );
#330 = PCURVE('',#331,#336);
#331 = CYLINDRICAL_SURFACE('',#332,17.7);
#332 = AXIS2_PLACEMENT_3D('',#333,#334,#335);
#333 = CARTESIAN_POINT('',(0.,0.,175.3));
#334 = DIRECTION('',(0.,0.,1.));
#335 = DIRECTION('',(1.,0.,-0.));
#336 = DEFINITIONAL_REPRESENTATION('',(#337),#341);
#337 = LINE('',#338,#339);
#338 = CARTESIAN_POINT('',(0.,0.));
#339 = VECTOR('',#340,1.);
#340 = DIRECTION('',(1.,0.));
#341 = ( GEOMETRIC_REPRESENTATION_CONTEXT(2) 
PARAMETRIC_REPRESENTATION_CONTEXT() REPRESENTATION_CONTEXT('2D SPACE',''
  ) );
#342 = ORIENTED_EDGE('',*,*,#343,.T.);
#343 = EDGE_CURVE('',#315,#344,#346,.T.);
#344 = VERTEX_POINT('',#345);
#345 = CARTESIAN_POINT('',(-5.709669908558,16.753795675467,175.3));
#346 = SURFACE_CURVE('',#347,(#390,#436),.PCURVE_S1.);
#347 = B_SPLINE_CURVE_WITH_KNOTS('',6,(#348,#349,#350,#351,#352,#353,
    #354,#355,#356,#357,#358,#359,#360,#361,#362,#363,#364,#365,#366,
    #367,#368,#369,#370,#371,#372,#373,#374,#375,#376,#377,#378,#379,
    #380,#381,#382,#383,#384,#385,#386,#387,#388,#389),.UNSPECIFIED.,.F.
  ,.F.,(7,5,5,5,5,5,5,5,7),(0.,0.266309963699,0.353388111546,
    0.401685336674,0.500167834046,0.598657738406,0.646401115584,
    0.733467807017,1.),.UNSPECIFIED.);
#348 = CARTESIAN_POINT('',(-11.65437771048,13.321617025769,
    175.29999999999));
#349 = CARTESIAN_POINT('',(-11.37011886887,13.254166315384,
    175.3171704159));
#350 = CARTESIAN_POINT('',(-11.0749107698,13.205170545044,
    175.33371818426));
#351 = CARTESIAN_POINT('',(-10.76825308362,13.176241327657,
    175.34950722751));
#352 = CARTESIAN_POINT('',(-10.45040280676,13.16992158277,
    175.36428909543));
#353 = CARTESIAN_POINT('',(-10.12245477412,13.189267907065,
    175.37770560692));
#354 = CARTESIAN_POINT('',(-9.676664882786,13.25353880926,
    175.39310052264));
#355 = CARTESIAN_POINT('',(-9.566009113173,13.272479160456,
    175.39669833067));
#356 = CARTESIAN_POINT('',(-9.454650608415,13.294632656281,
    175.40008405866));
#357 = CARTESIAN_POINT('',(-9.342730098906,13.320104843019,
    175.40323979836));
#358 = CARTESIAN_POINT('',(-9.230425418368,13.348984864883,
    175.40614718511));
#359 = CARTESIAN_POINT('',(-9.055572744241,13.399275052786,
    175.41025335039));
#360 = CARTESIAN_POINT('',(-8.993140416631,13.418283528799,
    175.4116364225));
#361 = CARTESIAN_POINT('',(-8.930694940202,13.438369219704,
    175.41293453642));
#362 = CARTESIAN_POINT('',(-8.868277687323,13.459538965718,
    175.41414475731));
#363 = CARTESIAN_POINT('',(-8.805933577217,13.481795918297,
    175.41526430888));
#364 = CARTESIAN_POINT('',(-8.616833655981,13.552739338464,
    175.41838322133));
#365 = CARTESIAN_POINT('',(-8.490447012874,13.604862376617,
    175.42008830301));
#366 = CARTESIAN_POINT('',(-8.364988923997,13.66149084775,
    175.42138347557));
#367 = CARTESIAN_POINT('',(-8.240913378711,13.72253960585,
    175.42225186731));
#368 = CARTESIAN_POINT('',(-8.118684745886,13.787838667348,
    175.42268411368));
#369 = CARTESIAN_POINT('',(-7.878850118122,13.926397968553,
    175.42267667267));
#370 = CARTESIAN_POINT('',(-7.761221835321,13.999671885012,
    175.4222369189));
#371 = CARTESIAN_POINT('',(-7.646356999916,14.076666760324,
    175.42136104754));
#372 = CARTESIAN_POINT('',(-7.534634321615,14.157064870444,
    175.42005851428));
#373 = CARTESIAN_POINT('',(-7.426353649091,14.240515332271,
    175.41834626734));
#374 = CARTESIAN_POINT('',(-7.27104044556,14.36840110779,175.41522892593
    ));
#375 = CARTESIAN_POINT('',(-7.221193479236,14.410786956454,
    175.41412006421));
#376 = CARTESIAN_POINT('',(-7.172231161847,14.453765245203,
    175.41292264734));
#377 = CARTESIAN_POINT('',(-7.124172503551,14.497296881871,
    175.41163935914));
#378 = CARTESIAN_POINT('',(-7.077031770011,14.541343949757,
    175.41027303452));
#379 = CARTESIAN_POINT('',(-6.946542122187,14.667068622527,
    175.40618899327));
#380 = CARTESIAN_POINT('',(-6.865351400352,14.749859121541,
    175.40328506669));
#381 = CARTESIAN_POINT('',(-6.787302982984,14.834022477537,
    175.40013267334));
#382 = CARTESIAN_POINT('',(-6.712408856365,14.919360008518,
    175.39675017242));
#383 = CARTESIAN_POINT('',(-6.640648198599,15.005696942031,
    175.39315547174));
#384 = CARTESIAN_POINT('',(-6.361767001036,15.359793921963,
    175.37776149267));
#385 = CARTESIAN_POINT('',(-6.180796597608,15.634347286252,
    175.36433835585));
#386 = CARTESIAN_POINT('',(-6.02715361607,15.913001892875,
    175.34954666424));
#387 = CARTESIAN_POINT('',(-5.89873294928,16.193272853416,
    175.33374573678));
#388 = CARTESIAN_POINT('',(-5.793455091633,16.473661597495,
    175.31718473036));
#389 = CARTESIAN_POINT('',(-5.709669908558,16.753795675467,175.3));
#390 = PCURVE('',#32,#391);
#391 = DEFINITIONAL_REPRESENTATION('',(#392),#435);
#392 = B_SPLINE_CURVE_WITH_KNOTS('',6,(#393,#394,#395,#396,#397,#398,
    #399,#400,#401,#402,#403,#404,#405,#406,#407,#408,#409,#410,#411,
    #412,#413,#414,#415,#416,#417,#418,#419,#420,#421,#422,#423,#424,
    #425,#426,#427,#428,#429,#430,#431,#432,#433,#434),.UNSPECIFIED.,.F.
  ,.F.,(7,5,5,5,5,5,5,5,7),(0.,0.266309963699,0.353388111546,
    0.401685336674,0.500167834046,0.598657738406,0.646401115584,
    0.733467807017,1.),.UNSPECIFIED.);
#393 = CARTESIAN_POINT('',(-2.289539708365,0.7));
#394 = CARTESIAN_POINT('',(-2.279961709168,0.68282958409));
#395 = CARTESIAN_POINT('',(-2.268922586144,0.666281815732));
#396 = CARTESIAN_POINT('',(-2.256272232479,0.650492772487));
#397 = CARTESIAN_POINT('',(-2.241858322577,0.635710904563));
#398 = CARTESIAN_POINT('',(-2.225566516679,0.622294393072));
#399 = CARTESIAN_POINT('',(-2.201470874878,0.606899477356));
#400 = CARTESIAN_POINT('',(-2.195336405084,0.603301669323));
#401 = CARTESIAN_POINT('',(-2.189007257211,0.599915941331));
#402 = CARTESIAN_POINT('',(-2.182488806545,0.596760201636));
#403 = CARTESIAN_POINT('',(-2.175790221925,0.593852814884));
#404 = CARTESIAN_POINT('',(-2.165117698025,0.589746649603));
#405 = CARTESIAN_POINT('',(-2.161258960001,0.588363577489));
#406 = CARTESIAN_POINT('',(-2.157351448155,0.587065463577));
#407 = CARTESIAN_POINT('',(-2.153397993918,0.585855242685));
#408 = CARTESIAN_POINT('',(-2.149401881314,0.58473569111));
#409 = CARTESIAN_POINT('',(-2.137139039683,0.581616778663));
#410 = CARTESIAN_POINT('',(-2.12874846894,0.579911696985));
#411 = CARTESIAN_POINT('',(-2.120228528479,0.578616524423));
#412 = CARTESIAN_POINT('',(-2.111618368938,0.577748132683));
#413 = CARTESIAN_POINT('',(-2.102961845849,0.577315886312));
#414 = CARTESIAN_POINT('',(-2.085650438453,0.577323327324));
#415 = CARTESIAN_POINT('',(-2.076993887175,0.57776308109));
#416 = CARTESIAN_POINT('',(-2.06838432892,0.578638952455));
#417 = CARTESIAN_POINT('',(-2.059865590009,0.579941485712));
#418 = CARTESIAN_POINT('',(-2.051476763516,0.581653732651));
#419 = CARTESIAN_POINT('',(-2.039263772748,0.584771074063));
#420 = CARTESIAN_POINT('',(-2.035314518587,0.585879935786));
#421 = CARTESIAN_POINT('',(-2.031407002705,0.587077352657));
#422 = CARTESIAN_POINT('',(-2.027544393149,0.588360640853));
#423 = CARTESIAN_POINT('',(-2.023729425628,0.589726965472));
#424 = CARTESIAN_POINT('',(-2.013098361796,0.593811006721));
#425 = CARTESIAN_POINT('',(-2.006398495296,0.596714933302));
#426 = CARTESIAN_POINT('',(-1.999878613552,0.599867326659));
#427 = CARTESIAN_POINT('',(-1.993547912587,0.603249827572));
#428 = CARTESIAN_POINT('',(-1.987411791988,0.606844528255));
#429 = CARTESIAN_POINT('',(-1.963291589729,0.622238507321));
#430 = CARTESIAN_POINT('',(-1.94697991437,0.63566164414));
#431 = CARTESIAN_POINT('',(-1.932549572472,0.650453335762));
#432 = CARTESIAN_POINT('',(-1.919886004146,0.666254263205));
#433 = CARTESIAN_POINT('',(-1.908836480504,0.682815269638));
#434 = CARTESIAN_POINT('',(-1.899250496421,0.7));
#435 = ( GEOMETRIC_REPRESENTATION_CONTEXT(2) 
PARAMETRIC_REPRESENTATION_CONTEXT() REPRESENTATION_CONTEXT('2D SPACE',''
  ) );
#436 = PCURVE('',#437,#442);
#437 = CYLINDRICAL_SURFACE('',#438,5.);
#438 = AXIS2_PLACEMENT_3D('',#439,#440,#441);
#439 = CARTESIAN_POINT('',(-10.5,18.186533479473,168.));
#440 = DIRECTION('',(-0.,-0.,-1.));
#441 = DIRECTION('',(1.,0.,0.));
#442 = DEFINITIONAL_REPRESENTATION('',(#443),#486);
#443 = B_SPLINE_CURVE_WITH_KNOTS('',6,(#444,#445,#446,#447,#448,#449,
    #450,#451,#452,#453,#454,#455,#456,#457,#458,#459,#460,#461,#462,
    #463,#464,#465,#466,#467,#468,#469,#470,#471,#472,#473,#474,#475,
    #476,#477,#478,#479,#480,#481,#482,#483,#484,#485),.UNSPECIFIED.,.F.
  ,.F.,(7,5,5,5,5,5,5,5,7),(0.,0.266309963699,0.353388111546,
    0.401685336674,0.500167834046,0.598657738406,0.646401115584,
    0.733467807017,1.),.UNSPECIFIED.);
#444 = CARTESIAN_POINT('',(-4.47941154028,-7.299999999998));
#445 = CARTESIAN_POINT('',(-4.537841904772,-7.317170415909));
#446 = CARTESIAN_POINT('',(-4.597550901629,-7.333718184266));
#447 = CARTESIAN_POINT('',(-4.658919846115,-7.349507227512));
#448 = CARTESIAN_POINT('',(-4.722221467523,-7.364289095435));
#449 = CARTESIAN_POINT('',(-4.787692105011,-7.377705606926));
#450 = CARTESIAN_POINT('',(-4.877771930962,-7.393100522642));
#451 = CARTESIAN_POINT('',(-4.900217164942,-7.396698330675));
#452 = CARTESIAN_POINT('',(-4.922912840945,-7.400084058667));
#453 = CARTESIAN_POINT('',(-4.945856127981,-7.403239798362));
#454 = CARTESIAN_POINT('',(-4.969038514583,-7.406147185114));
#455 = CARTESIAN_POINT('',(-5.005426732813,-7.410253350395));
#456 = CARTESIAN_POINT('',(-5.018477541359,-7.411636422509));
#457 = CARTESIAN_POINT('',(-5.031594381322,-7.412934536421));
#458 = CARTESIAN_POINT('',(-5.044773813483,-7.414144757313));
#459 = CARTESIAN_POINT('',(-5.058011685747,-7.415264308888));
#460 = CARTESIAN_POINT('',(-5.098405620478,-7.418383221335));
#461 = CARTESIAN_POINT('',(-5.125734002154,-7.420088303014));
#462 = CARTESIAN_POINT('',(-5.153240741107,-7.421383475575));
#463 = CARTESIAN_POINT('',(-5.18087393598,-7.422251867315));
#464 = CARTESIAN_POINT('',(-5.208574174557,-7.422684113687));
#465 = CARTESIAN_POINT('',(-5.263970682976,-7.422676672674));
#466 = CARTESIAN_POINT('',(-5.291672125141,-7.422236918908));
#467 = CARTESIAN_POINT('',(-5.319305643716,-7.421361047544));
#468 = CARTESIAN_POINT('',(-5.346811874179,-7.420058514287));
#469 = CARTESIAN_POINT('',(-5.374139007678,-7.418346267348));
#470 = CARTESIAN_POINT('',(-5.414376782354,-7.415228925936));
#471 = CARTESIAN_POINT('',(-5.427461435002,-7.414120064213));
#472 = CARTESIAN_POINT('',(-5.440488913953,-7.412922647341));
#473 = CARTESIAN_POINT('',(-5.453455215109,-7.411639359146));
#474 = CARTESIAN_POINT('',(-5.466357015522,-7.410273034526));
#475 = CARTESIAN_POINT('',(-5.502597457866,-7.406188993277));
#476 = CARTESIAN_POINT('',(-5.525779675195,-7.403285066696));
#477 = CARTESIAN_POINT('',(-5.548722956349,-7.40013267334));
#478 = CARTESIAN_POINT('',(-5.571418746853,-7.396750172426));
#479 = CARTESIAN_POINT('',(-5.593864178176,-7.393155471744));
#480 = CARTESIAN_POINT('',(-5.684010590983,-7.377761492677));
#481 = CARTESIAN_POINT('',(-5.749543105732,-7.364338355856));
#482 = CARTESIAN_POINT('',(-5.812902370697,-7.349546664243));
#483 = CARTESIAN_POINT('',(-5.874325184979,-7.333745736787));
#484 = CARTESIAN_POINT('',(-5.934084895583,-7.317184730362));
#485 = CARTESIAN_POINT('',(-5.992563971686,-7.3));
#486 = ( GEOMETRIC_REPRESENTATION_CONTEXT(2) 
PARAMETRIC_REPRESENTATION_CONTEXT() REPRESENTATION_CONTEXT('2D SPACE',''
  ) );
#487 = ORIENTED_EDGE('',*,*,#488,.F.);
#488 = EDGE_CURVE('',#489,#344,#491,.T.);
#489 = VERTEX_POINT('',#490);
#490 = CARTESIAN_POINT('',(17.364047619048,3.432178649699,175.3));
#491 = SURFACE_CURVE('',#492,(#497,#504),.PCURVE_S1.);
#492 = CIRCLE('',#493,17.7);
#493 = AXIS2_PLACEMENT_3D('',#494,#495,#496);
#494 = CARTESIAN_POINT('',(0.,0.,175.3));
#495 = DIRECTION('',(0.,0.,1.));
#496 = DIRECTION('',(1.,0.,-0.));
#497 = PCURVE('',#32,#498);
#498 = DEFINITIONAL_REPRESENTATION('',(#499),#503);
#499 = LINE('',#500,#501);
#500 = CARTESIAN_POINT('',(-0.,0.7));
#501 = VECTOR('',#502,1.);
#502 = DIRECTION('',(-1.,0.));
#503 = ( GEOMETRIC_REPRESENTATION_CONTEXT(2) 
PARAMETRIC_REPRESENTATION_CONTEXT() REPRESENTATION_CONTEXT('2D SPACE',''
  ) );
#504 = PCURVE('',#505,#510);
#505 = CYLINDRICAL_SURFACE('',#506,17.7);
#506 = AXIS2_PLACEMENT_3D('',#507,#508,#509);
#507 = CARTESIAN_POINT('',(0.,0.,175.3));
#508 = DIRECTION('',(0.,0.,1.));
#509 = DIRECTION('',(1.,0.,-0.));
#510 = DEFINITIONAL_REPRESENTATION('',(#511),#515);
#511 = LINE('',#512,#513);
#512 = CARTESIAN_POINT('',(0.,0.));
#513 = VECTOR('',#514,1.);
#514 = DIRECTION('',(1.,0.));
#515 = ( GEOMETRIC_REPRESENTATION_CONTEXT(2) 
PARAMETRIC_REPRESENTATION_CONTEXT() REPRESENTATION_CONTEXT('2D SPACE',''
  ) );
#516 = ORIENTED_EDGE('',*,*,#517,.T.);
#517 = EDGE_CURVE('',#489,#24,#518,.T.);
#518 = SURFACE_CURVE('',#519,(#534,#552),.PCURVE_S1.);
#519 = B_SPLINE_CURVE_WITH_KNOTS('',7,(#520,#521,#522,#523,#524,#525,
    #526,#527,#528,#529,#530,#531,#532,#533),.UNSPECIFIED.,.F.,.F.,(8,6,
    8),(0.,0.532758246893,1.),.UNSPECIFIED.);
#520 = CARTESIAN_POINT('',(17.364047619048,3.432178649699,
    175.29999999999));
#521 = CARTESIAN_POINT('',(17.192178231847,3.250105112338,
    175.31471535902));
#522 = CARTESIAN_POINT('',(17.027812189675,3.054671254354,
    175.32898610395));
#523 = CARTESIAN_POINT('',(16.871603874355,2.845169386018,
    175.34273450388));
#524 = CARTESIAN_POINT('',(16.724715256791,2.620973261108,
    175.35583470019));
#525 = CARTESIAN_POINT('',(16.588724138521,2.38161759868,175.36811346144
    ));
#526 = CARTESIAN_POINT('',(16.46557204165,2.126869445271,175.37935315892
    ));
#527 = CARTESIAN_POINT('',(16.262815359566,1.619926438167,
    175.39801791723));
#528 = CARTESIAN_POINT('',(16.179635384122,1.371063712839,
    175.40574975033));
#529 = CARTESIAN_POINT('',(16.109903114842,1.110983277642,
    175.41228774651));
#530 = CARTESIAN_POINT('',(16.055601249999,0.841109901071,
    175.41741398577));
#531 = CARTESIAN_POINT('',(16.018525019382,0.56364790496,175.42092580356
    ));
#532 = CARTESIAN_POINT('',(16.,0.281766431957,175.42268041237));
#533 = CARTESIAN_POINT('',(16.,3.061616997868E-16,175.42268041237));
#534 = PCURVE('',#32,#535);
#535 = DEFINITIONAL_REPRESENTATION('',(#536),#551);
#536 = B_SPLINE_CURVE_WITH_KNOTS('',7,(#537,#538,#539,#540,#541,#542,
    #543,#544,#545,#546,#547,#548,#549,#550),.UNSPECIFIED.,.F.,.F.,(8,6,
    8),(0.,0.532758246893,1.),.UNSPECIFIED.);
#537 = CARTESIAN_POINT('',(-0.195144605972,0.7));
#538 = CARTESIAN_POINT('',(-0.186936086289,0.68528464097));
#539 = CARTESIAN_POINT('',(-0.17768420753,0.67101389604));
#540 = CARTESIAN_POINT('',(-0.167303233969,0.657265496113));
#541 = CARTESIAN_POINT('',(-0.155706479319,0.644165299804));
#542 = CARTESIAN_POINT('',(-0.142817784401,0.631886538552));
#543 = CARTESIAN_POINT('',(-0.128589787037,0.620646841072));
#544 = CARTESIAN_POINT('',(-9.938178699099E-02,0.601982082764));
#545 = CARTESIAN_POINT('',(-8.469751235849E-02,0.594250249664));
#546 = CARTESIAN_POINT('',(-6.902193338859E-02,0.58771225348));
#547 = CARTESIAN_POINT('',(-5.246597004747E-02,0.582586014234));
#548 = CARTESIAN_POINT('',(-3.522797852507E-02,0.579074196431));
#549 = CARTESIAN_POINT('',(-1.761040199731E-02,0.577319587629));
#550 = CARTESIAN_POINT('',(-1.913510623668E-17,0.577319587629));
#551 = ( GEOMETRIC_REPRESENTATION_CONTEXT(2) 
PARAMETRIC_REPRESENTATION_CONTEXT() REPRESENTATION_CONTEXT('2D SPACE',''
  ) );
#552 = PCURVE('',#117,#553);
#553 = DEFINITIONAL_REPRESENTATION('',(#554),#569);
#554 = B_SPLINE_CURVE_WITH_KNOTS('',7,(#555,#556,#557,#558,#559,#560,
    #561,#562,#563,#564,#565,#566,#567,#568),.UNSPECIFIED.,.F.,.F.,(8,6,
    8),(0.,0.532758246893,1.),.UNSPECIFIED.);
#555 = CARTESIAN_POINT('',(-2.385016437887,-7.299999999998));
#556 = CARTESIAN_POINT('',(-2.435092324006,-7.314715359028));
#557 = CARTESIAN_POINT('',(-2.48608126995,-7.328986103958));
#558 = CARTESIAN_POINT('',(-2.538201055531,-7.342734503886));
#559 = CARTESIAN_POINT('',(-2.591622963728,-7.355834700194));
#560 = CARTESIAN_POINT('',(-2.646492389254,-7.368113461446));
#561 = CARTESIAN_POINT('',(-2.70294538881,-7.379353158926));
#562 = CARTESIAN_POINT('',(-2.812142730276,-7.398017917234));
#563 = CARTESIAN_POINT('',(-2.864533989185,-7.405749750336));
#564 = CARTESIAN_POINT('',(-2.918226182366,-7.412287746512));
#565 = CARTESIAN_POINT('',(-2.973078185474,-7.417413985772));
#566 = CARTESIAN_POINT('',(-3.028863113875,-7.420925803562));
#567 = CARTESIAN_POINT('',(-3.085239367198,-7.42268041237));
#568 = CARTESIAN_POINT('',(-3.14159265359,-7.42268041237));
#569 = ( GEOMETRIC_REPRESENTATION_CONTEXT(2) 
PARAMETRIC_REPRESENTATION_CONTEXT() REPRESENTATION_CONTEXT('2D SPACE',''
  ) );
#570 = ADVANCED_FACE('',(#571),#117,.F.);
#571 = FACE_BOUND('',#572,.T.);
#572 = EDGE_LOOP('',(#573,#601,#630,#656,#689,#708,#709,#710,#731));
#573 = ORIENTED_EDGE('',*,*,#574,.F.);
#574 = EDGE_CURVE('',#575,#577,#579,.T.);
#575 = VERTEX_POINT('',#576);
#576 = CARTESIAN_POINT('',(17.619047619048,3.683634210631,180.));
#577 = VERTEX_POINT('',#578);
#578 = CARTESIAN_POINT('',(17.619047619048,3.683634210631,177.));
#579 = SURFACE_CURVE('',#580,(#584,#590),.PCURVE_S1.);
#580 = LINE('',#581,#582);
#581 = CARTESIAN_POINT('',(17.619047619048,3.683634210631,177.));
#582 = VECTOR('',#583,1.);
#583 = DIRECTION('',(-0.,-0.,-1.));
#584 = PCURVE('',#117,#585);
#585 = DEFINITIONAL_REPRESENTATION('',(#586),#589);
#586 = B_SPLINE_CURVE_WITH_KNOTS('',1,(#587,#588),.UNSPECIFIED.,.F.,.F.,
  (2,2),(-3.0000006,5.999999928008E-07),.PIECEWISE_BEZIER_KNOTS.);
#587 = CARTESIAN_POINT('',(-2.313375732217,-12.0000006));
#588 = CARTESIAN_POINT('',(-2.313375732217,-8.9999994));
#589 = ( GEOMETRIC_REPRESENTATION_CONTEXT(2) 
PARAMETRIC_REPRESENTATION_CONTEXT() REPRESENTATION_CONTEXT('2D SPACE',''
  ) );
#590 = PCURVE('',#591,#596);
#591 = CYLINDRICAL_SURFACE('',#592,18.);
#592 = AXIS2_PLACEMENT_3D('',#593,#594,#595);
#593 = CARTESIAN_POINT('',(0.,0.,177.));
#594 = DIRECTION('',(-0.,-0.,-1.));
#595 = DIRECTION('',(1.,0.,0.));
#596 = DEFINITIONAL_REPRESENTATION('',(#597),#600);
#597 = B_SPLINE_CURVE_WITH_KNOTS('',1,(#598,#599),.UNSPECIFIED.,.F.,.F.,
  (2,2),(-3.0000006,5.999999928008E-07),.PIECEWISE_BEZIER_KNOTS.);
#598 = CARTESIAN_POINT('',(-0.206102392047,-3.0000006));
#599 = CARTESIAN_POINT('',(-0.206102392047,5.999999928008E-07));
#600 = ( GEOMETRIC_REPRESENTATION_CONTEXT(2) 
PARAMETRIC_REPRESENTATION_CONTEXT() REPRESENTATION_CONTEXT('2D SPACE',''
  ) );
#601 = ORIENTED_EDGE('',*,*,#602,.T.);
#602 = EDGE_CURVE('',#575,#603,#605,.T.);
#603 = VERTEX_POINT('',#604);
#604 = CARTESIAN_POINT('',(17.619047619048,-3.683634210631,180.));
#605 = SURFACE_CURVE('',#606,(#611,#618),.PCURVE_S1.);
#606 = CIRCLE('',#607,5.);
#607 = AXIS2_PLACEMENT_3D('',#608,#609,#610);
#608 = CARTESIAN_POINT('',(21.,0.,180.));
#609 = DIRECTION('',(0.,0.,1.));
#610 = DIRECTION('',(1.,0.,0.));
#611 = PCURVE('',#117,#612);
#612 = DEFINITIONAL_REPRESENTATION('',(#613),#617);
#613 = LINE('',#614,#615);
#614 = CARTESIAN_POINT('',(-0.,-12.));
#615 = VECTOR('',#616,1.);
#616 = DIRECTION('',(-1.,0.));
#617 = ( GEOMETRIC_REPRESENTATION_CONTEXT(2) 
PARAMETRIC_REPRESENTATION_CONTEXT() REPRESENTATION_CONTEXT('2D SPACE',''
  ) );
#618 = PCURVE('',#619,#624);
#619 = PLANE('',#620);
#620 = AXIS2_PLACEMENT_3D('',#621,#622,#623);
#621 = CARTESIAN_POINT('',(21.,6.938022664999E-17,180.));
#622 = DIRECTION('',(0.,0.,1.));
#623 = DIRECTION('',(1.,0.,-0.));
#624 = DEFINITIONAL_REPRESENTATION('',(#625),#629);
#625 = CIRCLE('',#626,5.);
#626 = AXIS2_PLACEMENT_2D('',#627,#628);
#627 = CARTESIAN_POINT('',(3.552713678801E-15,-6.938022664999E-17));
#628 = DIRECTION('',(1.,0.));
#629 = ( GEOMETRIC_REPRESENTATION_CONTEXT(2) 
PARAMETRIC_REPRESENTATION_CONTEXT() REPRESENTATION_CONTEXT('2D SPACE',''
  ) );
#630 = ORIENTED_EDGE('',*,*,#631,.T.);
#631 = EDGE_CURVE('',#603,#632,#634,.T.);
#632 = VERTEX_POINT('',#633);
#633 = CARTESIAN_POINT('',(17.619047619048,-3.683634210631,177.));
#634 = SURFACE_CURVE('',#635,(#639,#645),.PCURVE_S1.);
#635 = LINE('',#636,#637);
#636 = CARTESIAN_POINT('',(17.619047619048,-3.683634210631,177.));
#637 = VECTOR('',#638,1.);
#638 = DIRECTION('',(-0.,-0.,-1.));
#639 = PCURVE('',#117,#640);
#640 = DEFINITIONAL_REPRESENTATION('',(#641),#644);
#641 = B_SPLINE_CURVE_WITH_KNOTS('',1,(#642,#643),.UNSPECIFIED.,.F.,.F.,
  (2,2),(-3.0000006,5.999999928008E-07),.PIECEWISE_BEZIER_KNOTS.);
#642 = CARTESIAN_POINT('',(-3.969809574963,-12.0000006));
#643 = CARTESIAN_POINT('',(-3.969809574963,-8.9999994));
#644 = ( GEOMETRIC_REPRESENTATION_CONTEXT(2) 
PARAMETRIC_REPRESENTATION_CONTEXT() REPRESENTATION_CONTEXT('2D SPACE',''
  ) );
#645 = PCURVE('',#646,#651);
#646 = CYLINDRICAL_SURFACE('',#647,18.);
#647 = AXIS2_PLACEMENT_3D('',#648,#649,#650);
#648 = CARTESIAN_POINT('',(0.,0.,177.));
#649 = DIRECTION('',(-0.,-0.,-1.));
#650 = DIRECTION('',(1.,0.,0.));
#651 = DEFINITIONAL_REPRESENTATION('',(#652),#655);
#652 = B_SPLINE_CURVE_WITH_KNOTS('',1,(#653,#654),.UNSPECIFIED.,.F.,.F.,
  (2,2),(-3.0000006,5.999999928008E-07),.PIECEWISE_BEZIER_KNOTS.);
#653 = CARTESIAN_POINT('',(-6.077082915132,-3.0000006));
#654 = CARTESIAN_POINT('',(-6.077082915132,5.999999928008E-07));
#655 = ( GEOMETRIC_REPRESENTATION_CONTEXT(2) 
PARAMETRIC_REPRESENTATION_CONTEXT() REPRESENTATION_CONTEXT('2D SPACE',''
  ) );
#656 = ORIENTED_EDGE('',*,*,#657,.T.);
#657 = EDGE_CURVE('',#632,#658,#660,.T.);
#658 = VERTEX_POINT('',#659);
#659 = CARTESIAN_POINT('',(17.364047619048,-3.432178649699,177.));
#660 = SURFACE_CURVE('',#661,(#666,#673),.PCURVE_S1.);
#661 = CIRCLE('',#662,5.);
#662 = AXIS2_PLACEMENT_3D('',#663,#664,#665);
#663 = CARTESIAN_POINT('',(21.,0.,177.));
#664 = DIRECTION('',(0.,0.,-1.));
#665 = DIRECTION('',(1.,0.,0.));
#666 = PCURVE('',#117,#667);
#667 = DEFINITIONAL_REPRESENTATION('',(#668),#672);
#668 = LINE('',#669,#670);
#669 = CARTESIAN_POINT('',(-6.28318530718,-9.));
#670 = VECTOR('',#671,1.);
#671 = DIRECTION('',(1.,-0.));
#672 = ( GEOMETRIC_REPRESENTATION_CONTEXT(2) 
PARAMETRIC_REPRESENTATION_CONTEXT() REPRESENTATION_CONTEXT('2D SPACE',''
  ) );
#673 = PCURVE('',#674,#679);
#674 = PLANE('',#675);
#675 = AXIS2_PLACEMENT_3D('',#676,#677,#678);
#676 = CARTESIAN_POINT('',(-6.077511700175E-16,4.807142605466E-16,177.)
  );
#677 = DIRECTION('',(0.,0.,1.));
#678 = DIRECTION('',(1.,0.,-0.));
#679 = DEFINITIONAL_REPRESENTATION('',(#680),#688);
#680 = ( BOUNDED_CURVE() B_SPLINE_CURVE(2,(#681,#682,#683,#684,#685,#686
,#687),.UNSPECIFIED.,.T.,.F.) B_SPLINE_CURVE_WITH_KNOTS((1,2,2,2,2,1),(
    -2.094395102393,0.,2.094395102393,4.188790204786,6.28318530718,
8.377580409573),.UNSPECIFIED.) CURVE() GEOMETRIC_REPRESENTATION_ITEM() 
RATIONAL_B_SPLINE_CURVE((1.,0.5,1.,0.5,1.,0.5,1.)) REPRESENTATION_ITEM(
  '') );
#681 = CARTESIAN_POINT('',(26.,-4.807142605466E-16));
#682 = CARTESIAN_POINT('',(26.,-8.660254037844));
#683 = CARTESIAN_POINT('',(18.5,-4.330127018922));
#684 = CARTESIAN_POINT('',(11.,-1.705361059694E-15));
#685 = CARTESIAN_POINT('',(18.5,4.330127018922));
#686 = CARTESIAN_POINT('',(26.,8.660254037844));
#687 = CARTESIAN_POINT('',(26.,-4.807142605466E-16));
#688 = ( GEOMETRIC_REPRESENTATION_CONTEXT(2) 
PARAMETRIC_REPRESENTATION_CONTEXT() REPRESENTATION_CONTEXT('2D SPACE',''
  ) );
#689 = ORIENTED_EDGE('',*,*,#690,.F.);
#690 = EDGE_CURVE('',#80,#658,#691,.T.);
#691 = SURFACE_CURVE('',#692,(#696,#702),.PCURVE_S1.);
#692 = LINE('',#693,#694);
#693 = CARTESIAN_POINT('',(17.364047619048,-3.432178649699,175.3));
#694 = VECTOR('',#695,1.);
#695 = DIRECTION('',(0.,0.,1.));
#696 = PCURVE('',#117,#697);
#697 = DEFINITIONAL_REPRESENTATION('',(#698),#701);
#698 = B_SPLINE_CURVE_WITH_KNOTS('',1,(#699,#700),.UNSPECIFIED.,.F.,.F.,
  (2,2),(-5.999999928008E-07,1.7000006),.PIECEWISE_BEZIER_KNOTS.);
#699 = CARTESIAN_POINT('',(-3.898168869292,-7.2999994));
#700 = CARTESIAN_POINT('',(-3.898168869292,-9.0000006));
#701 = ( GEOMETRIC_REPRESENTATION_CONTEXT(2) 
PARAMETRIC_REPRESENTATION_CONTEXT() REPRESENTATION_CONTEXT('2D SPACE',''
  ) );
#702 = PCURVE('',#157,#703);
#703 = DEFINITIONAL_REPRESENTATION('',(#704),#707);
#704 = B_SPLINE_CURVE_WITH_KNOTS('',1,(#705,#706),.UNSPECIFIED.,.F.,.F.,
  (2,2),(-5.999999928008E-07,1.7000006),.PIECEWISE_BEZIER_KNOTS.);
#705 = CARTESIAN_POINT('',(6.088040701207,-5.999999928008E-07));
#706 = CARTESIAN_POINT('',(6.088040701207,1.7000006));
#707 = ( GEOMETRIC_REPRESENTATION_CONTEXT(2) 
PARAMETRIC_REPRESENTATION_CONTEXT() REPRESENTATION_CONTEXT('2D SPACE',''
  ) );
#708 = ORIENTED_EDGE('',*,*,#79,.F.);
#709 = ORIENTED_EDGE('',*,*,#517,.F.);
#710 = ORIENTED_EDGE('',*,*,#711,.T.);
#711 = EDGE_CURVE('',#489,#712,#714,.T.);
#712 = VERTEX_POINT('',#713);
#713 = CARTESIAN_POINT('',(17.364047619048,3.432178649699,177.));
#714 = SURFACE_CURVE('',#715,(#719,#725),.PCURVE_S1.);
#715 = LINE('',#716,#717);
#716 = CARTESIAN_POINT('',(17.364047619048,3.432178649699,175.3));
#717 = VECTOR('',#718,1.);
#718 = DIRECTION('',(0.,0.,1.));
#719 = PCURVE('',#117,#720);
#720 = DEFINITIONAL_REPRESENTATION('',(#721),#724);
#721 = B_SPLINE_CURVE_WITH_KNOTS('',1,(#722,#723),.UNSPECIFIED.,.F.,.F.,
  (2,2),(-5.999999928008E-07,1.7000006),.PIECEWISE_BEZIER_KNOTS.);
#722 = CARTESIAN_POINT('',(-2.385016437887,-7.2999994));
#723 = CARTESIAN_POINT('',(-2.385016437887,-9.0000006));
#724 = ( GEOMETRIC_REPRESENTATION_CONTEXT(2) 
PARAMETRIC_REPRESENTATION_CONTEXT() REPRESENTATION_CONTEXT('2D SPACE',''
  ) );
#725 = PCURVE('',#505,#726);
#726 = DEFINITIONAL_REPRESENTATION('',(#727),#730);
#727 = B_SPLINE_CURVE_WITH_KNOTS('',1,(#728,#729),.UNSPECIFIED.,.F.,.F.,
  (2,2),(-5.999999928008E-07,1.7000006),.PIECEWISE_BEZIER_KNOTS.);
#728 = CARTESIAN_POINT('',(0.195144605972,-5.999999928008E-07));
#729 = CARTESIAN_POINT('',(0.195144605972,1.7000006));
#730 = ( GEOMETRIC_REPRESENTATION_CONTEXT(2) 
PARAMETRIC_REPRESENTATION_CONTEXT() REPRESENTATION_CONTEXT('2D SPACE',''
  ) );
#731 = ORIENTED_EDGE('',*,*,#732,.T.);
#732 = EDGE_CURVE('',#712,#577,#733,.T.);
#733 = SURFACE_CURVE('',#734,(#739,#746),.PCURVE_S1.);
#734 = CIRCLE('',#735,5.);
#735 = AXIS2_PLACEMENT_3D('',#736,#737,#738);
#736 = CARTESIAN_POINT('',(21.,0.,177.));
#737 = DIRECTION('',(0.,0.,-1.));
#738 = DIRECTION('',(1.,0.,0.));
#739 = PCURVE('',#117,#740);
#740 = DEFINITIONAL_REPRESENTATION('',(#741),#745);
#741 = LINE('',#742,#743);
#742 = CARTESIAN_POINT('',(-6.28318530718,-9.));
#743 = VECTOR('',#744,1.);
#744 = DIRECTION('',(1.,-0.));
#745 = ( GEOMETRIC_REPRESENTATION_CONTEXT(2) 
PARAMETRIC_REPRESENTATION_CONTEXT() REPRESENTATION_CONTEXT('2D SPACE',''
  ) );
#746 = PCURVE('',#747,#752);
#747 = PLANE('',#748);
#748 = AXIS2_PLACEMENT_3D('',#749,#750,#751);
#749 = CARTESIAN_POINT('',(-6.077511700175E-16,4.807142605466E-16,177.)
  );
#750 = DIRECTION('',(0.,0.,1.));
#751 = DIRECTION('',(1.,0.,-0.));
#752 = DEFINITIONAL_REPRESENTATION('',(#753),#761);
#753 = ( BOUNDED_CURVE() B_SPLINE_CURVE(2,(#754,#755,#756,#757,#758,#759
,#760),.UNSPECIFIED.,.T.,.F.) B_SPLINE_CURVE_WITH_KNOTS((1,2,2,2,2,1),(
    -2.094395102393,0.,2.094395102393,4.188790204786,6.28318530718,
8.377580409573),.UNSPECIFIED.) CURVE() GEOMETRIC_REPRESENTATION_ITEM() 
RATIONAL_B_SPLINE_CURVE((1.,0.5,1.,0.5,1.,0.5,1.)) REPRESENTATION_ITEM(
  '') );
#754 = CARTESIAN_POINT('',(26.,-4.807142605466E-16));
#755 = CARTESIAN_POINT('',(26.,-8.660254037844));
#756 = CARTESIAN_POINT('',(18.5,-4.330127018922));
#757 = CARTESIAN_POINT('',(11.,-1.705361059694E-15));
#758 = CARTESIAN_POINT('',(18.5,4.330127018922));
#759 = CARTESIAN_POINT('',(26.,8.660254037844));
#760 = CARTESIAN_POINT('',(26.,-4.807142605466E-16));
#761 = ( GEOMETRIC_REPRESENTATION_CONTEXT(2) 
PARAMETRIC_REPRESENTATION_CONTEXT() REPRESENTATION_CONTEXT('2D SPACE',''
  ) );
#762 = ADVANCED_FACE('',(#763),#505,.T.);
#763 = FACE_BOUND('',#764,.T.);
#764 = EDGE_LOOP('',(#765,#766,#767,#788));
#765 = ORIENTED_EDGE('',*,*,#711,.F.);
#766 = ORIENTED_EDGE('',*,*,#488,.T.);
#767 = ORIENTED_EDGE('',*,*,#768,.T.);
#768 = EDGE_CURVE('',#344,#769,#771,.T.);
#769 = VERTEX_POINT('',#770);
#770 = CARTESIAN_POINT('',(-5.709669908558,16.753795675467,177.));
#771 = SURFACE_CURVE('',#772,(#776,#782),.PCURVE_S1.);
#772 = LINE('',#773,#774);
#773 = CARTESIAN_POINT('',(-5.709669908558,16.753795675467,175.3));
#774 = VECTOR('',#775,1.);
#775 = DIRECTION('',(0.,0.,1.));
#776 = PCURVE('',#505,#777);
#777 = DEFINITIONAL_REPRESENTATION('',(#778),#781);
#778 = B_SPLINE_CURVE_WITH_KNOTS('',1,(#779,#780),.UNSPECIFIED.,.F.,.F.,
  (2,2),(-5.999999928008E-07,1.7000006),.PIECEWISE_BEZIER_KNOTS.);
#779 = CARTESIAN_POINT('',(1.899250496421,-5.999999928008E-07));
#780 = CARTESIAN_POINT('',(1.899250496421,1.7000006));
#781 = ( GEOMETRIC_REPRESENTATION_CONTEXT(2) 
PARAMETRIC_REPRESENTATION_CONTEXT() REPRESENTATION_CONTEXT('2D SPACE',''
  ) );
#782 = PCURVE('',#437,#783);
#783 = DEFINITIONAL_REPRESENTATION('',(#784),#787);
#784 = B_SPLINE_CURVE_WITH_KNOTS('',1,(#785,#786),.UNSPECIFIED.,.F.,.F.,
  (2,2),(-5.999999928008E-07,1.7000006),.PIECEWISE_BEZIER_KNOTS.);
#785 = CARTESIAN_POINT('',(-5.992563971686,-7.2999994));
#786 = CARTESIAN_POINT('',(-5.992563971686,-9.0000006));
#787 = ( GEOMETRIC_REPRESENTATION_CONTEXT(2) 
PARAMETRIC_REPRESENTATION_CONTEXT() REPRESENTATION_CONTEXT('2D SPACE',''
  ) );
#788 = ORIENTED_EDGE('',*,*,#789,.F.);
#789 = EDGE_CURVE('',#712,#769,#790,.T.);
#790 = SURFACE_CURVE('',#791,(#796,#803),.PCURVE_S1.);
#791 = CIRCLE('',#792,17.7);
#792 = AXIS2_PLACEMENT_3D('',#793,#794,#795);
#793 = CARTESIAN_POINT('',(0.,0.,177.));
#794 = DIRECTION('',(0.,0.,1.));
#795 = DIRECTION('',(1.,0.,-0.));
#796 = PCURVE('',#505,#797);
#797 = DEFINITIONAL_REPRESENTATION('',(#798),#802);
#798 = LINE('',#799,#800);
#799 = CARTESIAN_POINT('',(0.,1.7));
#800 = VECTOR('',#801,1.);
#801 = DIRECTION('',(1.,0.));
#802 = ( GEOMETRIC_REPRESENTATION_CONTEXT(2) 
PARAMETRIC_REPRESENTATION_CONTEXT() REPRESENTATION_CONTEXT('2D SPACE',''
  ) );
#803 = PCURVE('',#747,#804);
#804 = DEFINITIONAL_REPRESENTATION('',(#805),#809);
#805 = CIRCLE('',#806,17.7);
#806 = AXIS2_PLACEMENT_2D('',#807,#808);
#807 = CARTESIAN_POINT('',(6.077511700175E-16,-4.807142605466E-16));
#808 = DIRECTION('',(1.,0.));
#809 = ( GEOMETRIC_REPRESENTATION_CONTEXT(2) 
PARAMETRIC_REPRESENTATION_CONTEXT() REPRESENTATION_CONTEXT('2D SPACE',''
  ) );
#810 = ADVANCED_FACE('',(#811),#437,.F.);
#811 = FACE_BOUND('',#812,.T.);
#812 = EDGE_LOOP('',(#813,#844,#865,#891,#892,#893,#914,#947));
#813 = ORIENTED_EDGE('',*,*,#814,.T.);
#814 = EDGE_CURVE('',#815,#817,#819,.T.);
#815 = VERTEX_POINT('',#816);
#816 = CARTESIAN_POINT('',(-11.99964461418,13.416725723267,180.));
#817 = VERTEX_POINT('',#818);
#818 = CARTESIAN_POINT('',(-5.619403004868,17.100359933899,180.));
#819 = SURFACE_CURVE('',#820,(#825,#832),.PCURVE_S1.);
#820 = CIRCLE('',#821,5.);
#821 = AXIS2_PLACEMENT_3D('',#822,#823,#824);
#822 = CARTESIAN_POINT('',(-10.5,18.186533479473,180.));
#823 = DIRECTION('',(0.,0.,1.));
#824 = DIRECTION('',(1.,0.,0.));
#825 = PCURVE('',#437,#826);
#826 = DEFINITIONAL_REPRESENTATION('',(#827),#831);
#827 = LINE('',#828,#829);
#828 = CARTESIAN_POINT('',(-0.,-12.));
#829 = VECTOR('',#830,1.);
#830 = DIRECTION('',(-1.,0.));
#831 = ( GEOMETRIC_REPRESENTATION_CONTEXT(2) 
PARAMETRIC_REPRESENTATION_CONTEXT() REPRESENTATION_CONTEXT('2D SPACE',''
  ) );
#832 = PCURVE('',#833,#838);
#833 = PLANE('',#834);
#834 = AXIS2_PLACEMENT_3D('',#835,#836,#837);
#835 = CARTESIAN_POINT('',(-10.5,18.186533479473,180.));
#836 = DIRECTION('',(0.,0.,1.));
#837 = DIRECTION('',(1.,0.,-0.));
#838 = DEFINITIONAL_REPRESENTATION('',(#839),#843);
#839 = CIRCLE('',#840,5.);
#840 = AXIS2_PLACEMENT_2D('',#841,#842);
#841 = CARTESIAN_POINT('',(0.,0.));
#842 = DIRECTION('',(1.,0.));
#843 = ( GEOMETRIC_REPRESENTATION_CONTEXT(2) 
PARAMETRIC_REPRESENTATION_CONTEXT() REPRESENTATION_CONTEXT('2D SPACE',''
  ) );
#844 = ORIENTED_EDGE('',*,*,#845,.T.);
#845 = EDGE_CURVE('',#817,#846,#848,.T.);
#846 = VERTEX_POINT('',#847);
#847 = CARTESIAN_POINT('',(-5.619403004868,17.100359933899,177.));
#848 = SURFACE_CURVE('',#849,(#853,#859),.PCURVE_S1.);
#849 = LINE('',#850,#851);
#850 = CARTESIAN_POINT('',(-5.619403004868,17.100359933899,177.));
#851 = VECTOR('',#852,1.);
#852 = DIRECTION('',(-0.,-0.,-1.));
#853 = PCURVE('',#437,#854);
#854 = DEFINITIONAL_REPRESENTATION('',(#855),#858);
#855 = B_SPLINE_CURVE_WITH_KNOTS('',1,(#856,#857),.UNSPECIFIED.,.F.,.F.,
  (2,2),(-3.0000006,5.999999928008E-07),.PIECEWISE_BEZIER_KNOTS.);
#856 = CARTESIAN_POINT('',(-6.064204677356,-12.0000006));
#857 = CARTESIAN_POINT('',(-6.064204677356,-8.9999994));
#858 = ( GEOMETRIC_REPRESENTATION_CONTEXT(2) 
PARAMETRIC_REPRESENTATION_CONTEXT() REPRESENTATION_CONTEXT('2D SPACE',''
  ) );
#859 = PCURVE('',#591,#860);
#860 = DEFINITIONAL_REPRESENTATION('',(#861),#864);
#861 = B_SPLINE_CURVE_WITH_KNOTS('',1,(#862,#863),.UNSPECIFIED.,.F.,.F.,
  (2,2),(-3.0000006,5.999999928008E-07),.PIECEWISE_BEZIER_KNOTS.);
#862 = CARTESIAN_POINT('',(-1.888292710346,-3.0000006));
#863 = CARTESIAN_POINT('',(-1.888292710346,5.999999928008E-07));
#864 = ( GEOMETRIC_REPRESENTATION_CONTEXT(2) 
PARAMETRIC_REPRESENTATION_CONTEXT() REPRESENTATION_CONTEXT('2D SPACE',''
  ) );
#865 = ORIENTED_EDGE('',*,*,#866,.T.);
#866 = EDGE_CURVE('',#846,#769,#867,.T.);
#867 = SURFACE_CURVE('',#868,(#873,#880),.PCURVE_S1.);
#868 = CIRCLE('',#869,5.);
#869 = AXIS2_PLACEMENT_3D('',#870,#871,#872);
#870 = CARTESIAN_POINT('',(-10.5,18.186533479473,177.));
#871 = DIRECTION('',(0.,0.,-1.));
#872 = DIRECTION('',(1.,0.,0.));
#873 = PCURVE('',#437,#874);
#874 = DEFINITIONAL_REPRESENTATION('',(#875),#879);
#875 = LINE('',#876,#877);
#876 = CARTESIAN_POINT('',(-6.28318530718,-9.));
#877 = VECTOR('',#878,1.);
#878 = DIRECTION('',(1.,-0.));
#879 = ( GEOMETRIC_REPRESENTATION_CONTEXT(2) 
PARAMETRIC_REPRESENTATION_CONTEXT() REPRESENTATION_CONTEXT('2D SPACE',''
  ) );
#880 = PCURVE('',#747,#881);
#881 = DEFINITIONAL_REPRESENTATION('',(#882),#890);
#882 = ( BOUNDED_CURVE() B_SPLINE_CURVE(2,(#883,#884,#885,#886,#887,#888
,#889),.UNSPECIFIED.,.T.,.F.) B_SPLINE_CURVE_WITH_KNOTS((1,2,2,2,2,1),(
    -2.094395102393,0.,2.094395102393,4.188790204786,6.28318530718,
8.377580409573),.UNSPECIFIED.) CURVE() GEOMETRIC_REPRESENTATION_ITEM() 
RATIONAL_B_SPLINE_CURVE((1.,0.5,1.,0.5,1.,0.5,1.)) REPRESENTATION_ITEM(
  '') );
#883 = CARTESIAN_POINT('',(-5.5,18.186533479473));
#884 = CARTESIAN_POINT('',(-5.5,9.526279441629));
#885 = CARTESIAN_POINT('',(-13.,13.856406460551));
#886 = CARTESIAN_POINT('',(-20.5,18.186533479473));
#887 = CARTESIAN_POINT('',(-13.,22.516660498395));
#888 = CARTESIAN_POINT('',(-5.5,26.846787517318));
#889 = CARTESIAN_POINT('',(-5.5,18.186533479473));
#890 = ( GEOMETRIC_REPRESENTATION_CONTEXT(2) 
PARAMETRIC_REPRESENTATION_CONTEXT() REPRESENTATION_CONTEXT('2D SPACE',''
  ) );
#891 = ORIENTED_EDGE('',*,*,#768,.F.);
#892 = ORIENTED_EDGE('',*,*,#343,.F.);
#893 = ORIENTED_EDGE('',*,*,#894,.T.);
#894 = EDGE_CURVE('',#315,#895,#897,.T.);
#895 = VERTEX_POINT('',#896);
#896 = CARTESIAN_POINT('',(-11.65437771048,13.321617025769,177.));
#897 = SURFACE_CURVE('',#898,(#902,#908),.PCURVE_S1.);
#898 = LINE('',#899,#900);
#899 = CARTESIAN_POINT('',(-11.65437771048,13.321617025769,175.3));
#900 = VECTOR('',#901,1.);
#901 = DIRECTION('',(0.,0.,1.));
#902 = PCURVE('',#437,#903);
#903 = DEFINITIONAL_REPRESENTATION('',(#904),#907);
#904 = B_SPLINE_CURVE_WITH_KNOTS('',1,(#905,#906),.UNSPECIFIED.,.F.,.F.,
  (2,2),(-5.999999928008E-07,1.7000006),.PIECEWISE_BEZIER_KNOTS.);
#905 = CARTESIAN_POINT('',(-4.47941154028,-7.2999994));
#906 = CARTESIAN_POINT('',(-4.47941154028,-9.0000006));
#907 = ( GEOMETRIC_REPRESENTATION_CONTEXT(2) 
PARAMETRIC_REPRESENTATION_CONTEXT() REPRESENTATION_CONTEXT('2D SPACE',''
  ) );
#908 = PCURVE('',#331,#909);
#909 = DEFINITIONAL_REPRESENTATION('',(#910),#913);
#910 = B_SPLINE_CURVE_WITH_KNOTS('',1,(#911,#912),.UNSPECIFIED.,.F.,.F.,
  (2,2),(-5.999999928008E-07,1.7000006),.PIECEWISE_BEZIER_KNOTS.);
#911 = CARTESIAN_POINT('',(2.289539708365,-5.999999928008E-07));
#912 = CARTESIAN_POINT('',(2.289539708365,1.7000006));
#913 = ( GEOMETRIC_REPRESENTATION_CONTEXT(2) 
PARAMETRIC_REPRESENTATION_CONTEXT() REPRESENTATION_CONTEXT('2D SPACE',''
  ) );
#914 = ORIENTED_EDGE('',*,*,#915,.T.);
#915 = EDGE_CURVE('',#895,#916,#918,.T.);
#916 = VERTEX_POINT('',#917);
#917 = CARTESIAN_POINT('',(-11.99964461418,13.416725723267,177.));
#918 = SURFACE_CURVE('',#919,(#924,#931),.PCURVE_S1.);
#919 = CIRCLE('',#920,5.);
#920 = AXIS2_PLACEMENT_3D('',#921,#922,#923);
#921 = CARTESIAN_POINT('',(-10.5,18.186533479473,177.));
#922 = DIRECTION('',(0.,0.,-1.));
#923 = DIRECTION('',(1.,0.,0.));
#924 = PCURVE('',#437,#925);
#925 = DEFINITIONAL_REPRESENTATION('',(#926),#930);
#926 = LINE('',#927,#928);
#927 = CARTESIAN_POINT('',(-6.28318530718,-9.));
#928 = VECTOR('',#929,1.);
#929 = DIRECTION('',(1.,-0.));
#930 = ( GEOMETRIC_REPRESENTATION_CONTEXT(2) 
PARAMETRIC_REPRESENTATION_CONTEXT() REPRESENTATION_CONTEXT('2D SPACE',''
  ) );
#931 = PCURVE('',#932,#937);
#932 = PLANE('',#933);
#933 = AXIS2_PLACEMENT_3D('',#934,#935,#936);
#934 = CARTESIAN_POINT('',(-6.077511700175E-16,4.807142605466E-16,177.)
  );
#935 = DIRECTION('',(0.,0.,1.));
#936 = DIRECTION('',(1.,0.,-0.));
#937 = DEFINITIONAL_REPRESENTATION('',(#938),#946);
#938 = ( BOUNDED_CURVE() B_SPLINE_CURVE(2,(#939,#940,#941,#942,#943,#944
,#945),.UNSPECIFIED.,.T.,.F.) B_SPLINE_CURVE_WITH_KNOTS((1,2,2,2,2,1),(
    -2.094395102393,0.,2.094395102393,4.188790204786,6.28318530718,
8.377580409573),.UNSPECIFIED.) CURVE() GEOMETRIC_REPRESENTATION_ITEM() 
RATIONAL_B_SPLINE_CURVE((1.,0.5,1.,0.5,1.,0.5,1.)) REPRESENTATION_ITEM(
  '') );
#939 = CARTESIAN_POINT('',(-5.5,18.186533479473));
#940 = CARTESIAN_POINT('',(-5.5,9.526279441629));
#941 = CARTESIAN_POINT('',(-13.,13.856406460551));
#942 = CARTESIAN_POINT('',(-20.5,18.186533479473));
#943 = CARTESIAN_POINT('',(-13.,22.516660498395));
#944 = CARTESIAN_POINT('',(-5.5,26.846787517318));
#945 = CARTESIAN_POINT('',(-5.5,18.186533479473));
#946 = ( GEOMETRIC_REPRESENTATION_CONTEXT(2) 
PARAMETRIC_REPRESENTATION_CONTEXT() REPRESENTATION_CONTEXT('2D SPACE',''
  ) );
#947 = ORIENTED_EDGE('',*,*,#948,.F.);
#948 = EDGE_CURVE('',#815,#916,#949,.T.);
#949 = SURFACE_CURVE('',#950,(#954,#960),.PCURVE_S1.);
#950 = LINE('',#951,#952);
#951 = CARTESIAN_POINT('',(-11.99964461418,13.416725723267,177.));
#952 = VECTOR('',#953,1.);
#953 = DIRECTION('',(-0.,-0.,-1.));
#954 = PCURVE('',#437,#955);
#955 = DEFINITIONAL_REPRESENTATION('',(#956),#959);
#956 = B_SPLINE_CURVE_WITH_KNOTS('',1,(#957,#958),.UNSPECIFIED.,.F.,.F.,
  (2,2),(-3.0000006,5.999999928008E-07),.PIECEWISE_BEZIER_KNOTS.);
#957 = CARTESIAN_POINT('',(-4.40777083461,-12.0000006));
#958 = CARTESIAN_POINT('',(-4.40777083461,-8.9999994));
#959 = ( GEOMETRIC_REPRESENTATION_CONTEXT(2) 
PARAMETRIC_REPRESENTATION_CONTEXT() REPRESENTATION_CONTEXT('2D SPACE',''
  ) );
#960 = PCURVE('',#961,#966);
#961 = CYLINDRICAL_SURFACE('',#962,18.);
#962 = AXIS2_PLACEMENT_3D('',#963,#964,#965);
#963 = CARTESIAN_POINT('',(0.,0.,177.));
#964 = DIRECTION('',(-0.,-0.,-1.));
#965 = DIRECTION('',(1.,0.,0.));
#966 = DEFINITIONAL_REPRESENTATION('',(#967),#970);
#967 = B_SPLINE_CURVE_WITH_KNOTS('',1,(#968,#969),.UNSPECIFIED.,.F.,.F.,
  (2,2),(-3.0000006,5.999999928008E-07),.PIECEWISE_BEZIER_KNOTS.);
#968 = CARTESIAN_POINT('',(-2.300497494441,-3.0000006));
#969 = CARTESIAN_POINT('',(-2.300497494441,5.999999928008E-07));
#970 = ( GEOMETRIC_REPRESENTATION_CONTEXT(2) 
PARAMETRIC_REPRESENTATION_CONTEXT() REPRESENTATION_CONTEXT('2D SPACE',''
  ) );
#971 = ADVANCED_FACE('',(#972),#331,.T.);
#972 = FACE_BOUND('',#973,.T.);
#973 = EDGE_LOOP('',(#974,#975,#976,#997));
#974 = ORIENTED_EDGE('',*,*,#894,.F.);
#975 = ORIENTED_EDGE('',*,*,#314,.T.);
#976 = ORIENTED_EDGE('',*,*,#977,.T.);
#977 = EDGE_CURVE('',#170,#978,#980,.T.);
#978 = VERTEX_POINT('',#979);
#979 = CARTESIAN_POINT('',(-11.65437771048,-13.32161702576,177.));
#980 = SURFACE_CURVE('',#981,(#985,#991),.PCURVE_S1.);
#981 = LINE('',#982,#983);
#982 = CARTESIAN_POINT('',(-11.65437771048,-13.32161702576,175.3));
#983 = VECTOR('',#984,1.);
#984 = DIRECTION('',(0.,0.,1.));
#985 = PCURVE('',#331,#986);
#986 = DEFINITIONAL_REPRESENTATION('',(#987),#990);
#987 = B_SPLINE_CURVE_WITH_KNOTS('',1,(#988,#989),.UNSPECIFIED.,.F.,.F.,
  (2,2),(-5.999999928008E-07,1.7000006),.PIECEWISE_BEZIER_KNOTS.);
#988 = CARTESIAN_POINT('',(3.993645598814,-5.999999928008E-07));
#989 = CARTESIAN_POINT('',(3.993645598814,1.7000006));
#990 = ( GEOMETRIC_REPRESENTATION_CONTEXT(2) 
PARAMETRIC_REPRESENTATION_CONTEXT() REPRESENTATION_CONTEXT('2D SPACE',''
  ) );
#991 = PCURVE('',#263,#992);
#992 = DEFINITIONAL_REPRESENTATION('',(#993),#996);
#993 = B_SPLINE_CURVE_WITH_KNOTS('',1,(#994,#995),.UNSPECIFIED.,.F.,.F.,
  (2,2),(-5.999999928008E-07,1.7000006),.PIECEWISE_BEZIER_KNOTS.);
#994 = CARTESIAN_POINT('',(-1.803773766899,-7.2999994));
#995 = CARTESIAN_POINT('',(-1.803773766899,-9.0000006));
#996 = ( GEOMETRIC_REPRESENTATION_CONTEXT(2) 
PARAMETRIC_REPRESENTATION_CONTEXT() REPRESENTATION_CONTEXT('2D SPACE',''
  ) );
#997 = ORIENTED_EDGE('',*,*,#998,.F.);
#998 = EDGE_CURVE('',#895,#978,#999,.T.);
#999 = SURFACE_CURVE('',#1000,(#1005,#1012),.PCURVE_S1.);
#1000 = CIRCLE('',#1001,17.7);
#1001 = AXIS2_PLACEMENT_3D('',#1002,#1003,#1004);
#1002 = CARTESIAN_POINT('',(0.,0.,177.));
#1003 = DIRECTION('',(0.,0.,1.));
#1004 = DIRECTION('',(1.,0.,-0.));
#1005 = PCURVE('',#331,#1006);
#1006 = DEFINITIONAL_REPRESENTATION('',(#1007),#1011);
#1007 = LINE('',#1008,#1009);
#1008 = CARTESIAN_POINT('',(0.,1.7));
#1009 = VECTOR('',#1010,1.);
#1010 = DIRECTION('',(1.,0.));
#1011 = ( GEOMETRIC_REPRESENTATION_CONTEXT(2) 
PARAMETRIC_REPRESENTATION_CONTEXT() REPRESENTATION_CONTEXT('2D SPACE',''
  ) );
#1012 = PCURVE('',#932,#1013);
#1013 = DEFINITIONAL_REPRESENTATION('',(#1014),#1018);
#1014 = CIRCLE('',#1015,17.7);
#1015 = AXIS2_PLACEMENT_2D('',#1016,#1017);
#1016 = CARTESIAN_POINT('',(6.077511700175E-16,-4.807142605466E-16));
#1017 = DIRECTION('',(1.,0.));
#1018 = ( GEOMETRIC_REPRESENTATION_CONTEXT(2) 
PARAMETRIC_REPRESENTATION_CONTEXT() REPRESENTATION_CONTEXT('2D SPACE',''
  ) );
#1019 = ADVANCED_FACE('',(#1020),#263,.F.);
#1020 = FACE_BOUND('',#1021,.T.);
#1021 = EDGE_LOOP('',(#1022,#1045,#1074,#1095,#1121,#1122,#1123,#1144));
#1022 = ORIENTED_EDGE('',*,*,#1023,.F.);
#1023 = EDGE_CURVE('',#1024,#1026,#1028,.T.);
#1024 = VERTEX_POINT('',#1025);
#1025 = CARTESIAN_POINT('',(-5.619403004868,-17.10035993389,180.));
#1026 = VERTEX_POINT('',#1027);
#1027 = CARTESIAN_POINT('',(-5.619403004868,-17.10035993389,177.));
#1028 = SURFACE_CURVE('',#1029,(#1033,#1039),.PCURVE_S1.);
#1029 = LINE('',#1030,#1031);
#1030 = CARTESIAN_POINT('',(-5.619403004868,-17.10035993389,177.));
#1031 = VECTOR('',#1032,1.);
#1032 = DIRECTION('',(-0.,-0.,-1.));
#1033 = PCURVE('',#263,#1034);
#1034 = DEFINITIONAL_REPRESENTATION('',(#1035),#1038);
#1035 = B_SPLINE_CURVE_WITH_KNOTS('',1,(#1036,#1037),.UNSPECIFIED.,.F.,
  .F.,(2,2),(-3.0000006,5.999999928008E-07),.PIECEWISE_BEZIER_KNOTS.);
#1036 = CARTESIAN_POINT('',(-0.218980629823,-12.0000006));
#1037 = CARTESIAN_POINT('',(-0.218980629823,-8.9999994));
#1038 = ( GEOMETRIC_REPRESENTATION_CONTEXT(2) 
PARAMETRIC_REPRESENTATION_CONTEXT() REPRESENTATION_CONTEXT('2D SPACE',''
  ) );
#1039 = PCURVE('',#646,#1040);
#1040 = DEFINITIONAL_REPRESENTATION('',(#1041),#1044);
#1041 = B_SPLINE_CURVE_WITH_KNOTS('',1,(#1042,#1043),.UNSPECIFIED.,.F.,
  .F.,(2,2),(-3.0000006,5.999999928008E-07),.PIECEWISE_BEZIER_KNOTS.);
#1042 = CARTESIAN_POINT('',(-4.394892596834,-3.0000006));
#1043 = CARTESIAN_POINT('',(-4.394892596834,5.999999928008E-07));
#1044 = ( GEOMETRIC_REPRESENTATION_CONTEXT(2) 
PARAMETRIC_REPRESENTATION_CONTEXT() REPRESENTATION_CONTEXT('2D SPACE',''
  ) );
#1045 = ORIENTED_EDGE('',*,*,#1046,.T.);
#1046 = EDGE_CURVE('',#1024,#1047,#1049,.T.);
#1047 = VERTEX_POINT('',#1048);
#1048 = CARTESIAN_POINT('',(-11.99964461418,-13.41672572326,180.));
#1049 = SURFACE_CURVE('',#1050,(#1055,#1062),.PCURVE_S1.);
#1050 = CIRCLE('',#1051,5.);
#1051 = AXIS2_PLACEMENT_3D('',#1052,#1053,#1054);
#1052 = CARTESIAN_POINT('',(-10.5,-18.18653347947,180.));
#1053 = DIRECTION('',(0.,0.,1.));
#1054 = DIRECTION('',(1.,0.,0.));
#1055 = PCURVE('',#263,#1056);
#1056 = DEFINITIONAL_REPRESENTATION('',(#1057),#1061);
#1057 = LINE('',#1058,#1059);
#1058 = CARTESIAN_POINT('',(-0.,-12.));
#1059 = VECTOR('',#1060,1.);
#1060 = DIRECTION('',(-1.,0.));
#1061 = ( GEOMETRIC_REPRESENTATION_CONTEXT(2) 
PARAMETRIC_REPRESENTATION_CONTEXT() REPRESENTATION_CONTEXT('2D SPACE',''
  ) );
#1062 = PCURVE('',#1063,#1068);
#1063 = PLANE('',#1064);
#1064 = AXIS2_PLACEMENT_3D('',#1065,#1066,#1067);
#1065 = CARTESIAN_POINT('',(-10.5,-18.18653347947,180.));
#1066 = DIRECTION('',(0.,0.,1.));
#1067 = DIRECTION('',(1.,0.,-0.));
#1068 = DEFINITIONAL_REPRESENTATION('',(#1069),#1073);
#1069 = CIRCLE('',#1070,5.);
#1070 = AXIS2_PLACEMENT_2D('',#1071,#1072);
#1071 = CARTESIAN_POINT('',(1.7763568394E-15,0.));
#1072 = DIRECTION('',(1.,0.));
#1073 = ( GEOMETRIC_REPRESENTATION_CONTEXT(2) 
PARAMETRIC_REPRESENTATION_CONTEXT() REPRESENTATION_CONTEXT('2D SPACE',''
  ) );
#1074 = ORIENTED_EDGE('',*,*,#1075,.T.);
#1075 = EDGE_CURVE('',#1047,#1076,#1078,.T.);
#1076 = VERTEX_POINT('',#1077);
#1077 = CARTESIAN_POINT('',(-11.99964461418,-13.41672572326,177.));
#1078 = SURFACE_CURVE('',#1079,(#1083,#1089),.PCURVE_S1.);
#1079 = LINE('',#1080,#1081);
#1080 = CARTESIAN_POINT('',(-11.99964461418,-13.41672572326,177.));
#1081 = VECTOR('',#1082,1.);
#1082 = DIRECTION('',(-0.,-0.,-1.));
#1083 = PCURVE('',#263,#1084);
#1084 = DEFINITIONAL_REPRESENTATION('',(#1085),#1088);
#1085 = B_SPLINE_CURVE_WITH_KNOTS('',1,(#1086,#1087),.UNSPECIFIED.,.F.,
  .F.,(2,2),(-3.0000006,5.999999928008E-07),.PIECEWISE_BEZIER_KNOTS.);
#1086 = CARTESIAN_POINT('',(-1.87541447257,-12.0000006));
#1087 = CARTESIAN_POINT('',(-1.87541447257,-8.9999994));
#1088 = ( GEOMETRIC_REPRESENTATION_CONTEXT(2) 
PARAMETRIC_REPRESENTATION_CONTEXT() REPRESENTATION_CONTEXT('2D SPACE',''
  ) );
#1089 = PCURVE('',#961,#1090);
#1090 = DEFINITIONAL_REPRESENTATION('',(#1091),#1094);
#1091 = B_SPLINE_CURVE_WITH_KNOTS('',1,(#1092,#1093),.UNSPECIFIED.,.F.,
  .F.,(2,2),(-3.0000006,5.999999928008E-07),.PIECEWISE_BEZIER_KNOTS.);
#1092 = CARTESIAN_POINT('',(-3.982687812739,-3.0000006));
#1093 = CARTESIAN_POINT('',(-3.982687812739,5.999999928008E-07));
#1094 = ( GEOMETRIC_REPRESENTATION_CONTEXT(2) 
PARAMETRIC_REPRESENTATION_CONTEXT() REPRESENTATION_CONTEXT('2D SPACE',''
  ) );
#1095 = ORIENTED_EDGE('',*,*,#1096,.T.);
#1096 = EDGE_CURVE('',#1076,#978,#1097,.T.);
#1097 = SURFACE_CURVE('',#1098,(#1103,#1110),.PCURVE_S1.);
#1098 = CIRCLE('',#1099,5.);
#1099 = AXIS2_PLACEMENT_3D('',#1100,#1101,#1102);
#1100 = CARTESIAN_POINT('',(-10.5,-18.18653347947,177.));
#1101 = DIRECTION('',(0.,0.,-1.));
#1102 = DIRECTION('',(1.,0.,0.));
#1103 = PCURVE('',#263,#1104);
#1104 = DEFINITIONAL_REPRESENTATION('',(#1105),#1109);
#1105 = LINE('',#1106,#1107);
#1106 = CARTESIAN_POINT('',(-6.28318530718,-9.));
#1107 = VECTOR('',#1108,1.);
#1108 = DIRECTION('',(1.,-0.));
#1109 = ( GEOMETRIC_REPRESENTATION_CONTEXT(2) 
PARAMETRIC_REPRESENTATION_CONTEXT() REPRESENTATION_CONTEXT('2D SPACE',''
  ) );
#1110 = PCURVE('',#932,#1111);
#1111 = DEFINITIONAL_REPRESENTATION('',(#1112),#1120);
#1112 = ( BOUNDED_CURVE() B_SPLINE_CURVE(2,(#1113,#1114,#1115,#1116,
#1117,#1118,#1119),.UNSPECIFIED.,.T.,.F.) B_SPLINE_CURVE_WITH_KNOTS((1,2
    ,2,2,2,1),(-2.094395102393,0.,2.094395102393,4.188790204786,
6.28318530718,8.377580409573),.UNSPECIFIED.) CURVE() 
GEOMETRIC_REPRESENTATION_ITEM() RATIONAL_B_SPLINE_CURVE((1.,0.5,1.,0.5,
1.,0.5,1.)) REPRESENTATION_ITEM('') );
#1113 = CARTESIAN_POINT('',(-5.5,-18.18653347947));
#1114 = CARTESIAN_POINT('',(-5.5,-26.84678751731));
#1115 = CARTESIAN_POINT('',(-13.,-22.51666049839));
#1116 = CARTESIAN_POINT('',(-20.5,-18.18653347947));
#1117 = CARTESIAN_POINT('',(-13.,-13.85640646055));
#1118 = CARTESIAN_POINT('',(-5.5,-9.526279441629));
#1119 = CARTESIAN_POINT('',(-5.5,-18.18653347947));
#1120 = ( GEOMETRIC_REPRESENTATION_CONTEXT(2) 
PARAMETRIC_REPRESENTATION_CONTEXT() REPRESENTATION_CONTEXT('2D SPACE',''
  ) );
#1121 = ORIENTED_EDGE('',*,*,#977,.F.);
#1122 = ORIENTED_EDGE('',*,*,#169,.F.);
#1123 = ORIENTED_EDGE('',*,*,#1124,.T.);
#1124 = EDGE_CURVE('',#141,#1125,#1127,.T.);
#1125 = VERTEX_POINT('',#1126);
#1126 = CARTESIAN_POINT('',(-5.709669908558,-16.75379567546,177.));
#1127 = SURFACE_CURVE('',#1128,(#1132,#1138),.PCURVE_S1.);
#1128 = LINE('',#1129,#1130);
#1129 = CARTESIAN_POINT('',(-5.709669908558,-16.75379567546,175.3));
#1130 = VECTOR('',#1131,1.);
#1131 = DIRECTION('',(0.,0.,1.));
#1132 = PCURVE('',#263,#1133);
#1133 = DEFINITIONAL_REPRESENTATION('',(#1134),#1137);
#1134 = B_SPLINE_CURVE_WITH_KNOTS('',1,(#1135,#1136),.UNSPECIFIED.,.F.,
  .F.,(2,2),(-5.999999928008E-07,1.7000006),.PIECEWISE_BEZIER_KNOTS.);
#1135 = CARTESIAN_POINT('',(-0.290621335494,-7.2999994));
#1136 = CARTESIAN_POINT('',(-0.290621335494,-9.0000006));
#1137 = ( GEOMETRIC_REPRESENTATION_CONTEXT(2) 
PARAMETRIC_REPRESENTATION_CONTEXT() REPRESENTATION_CONTEXT('2D SPACE',''
  ) );
#1138 = PCURVE('',#157,#1139);
#1139 = DEFINITIONAL_REPRESENTATION('',(#1140),#1143);
#1140 = B_SPLINE_CURVE_WITH_KNOTS('',1,(#1141,#1142),.UNSPECIFIED.,.F.,
  .F.,(2,2),(-5.999999928008E-07,1.7000006),.PIECEWISE_BEZIER_KNOTS.);
#1141 = CARTESIAN_POINT('',(4.383934810759,-5.999999928008E-07));
#1142 = CARTESIAN_POINT('',(4.383934810759,1.7000006));
#1143 = ( GEOMETRIC_REPRESENTATION_CONTEXT(2) 
PARAMETRIC_REPRESENTATION_CONTEXT() REPRESENTATION_CONTEXT('2D SPACE',''
  ) );
#1144 = ORIENTED_EDGE('',*,*,#1145,.T.);
#1145 = EDGE_CURVE('',#1125,#1026,#1146,.T.);
#1146 = SURFACE_CURVE('',#1147,(#1152,#1159),.PCURVE_S1.);
#1147 = CIRCLE('',#1148,5.);
#1148 = AXIS2_PLACEMENT_3D('',#1149,#1150,#1151);
#1149 = CARTESIAN_POINT('',(-10.5,-18.18653347947,177.));
#1150 = DIRECTION('',(0.,0.,-1.));
#1151 = DIRECTION('',(1.,0.,0.));
#1152 = PCURVE('',#263,#1153);
#1153 = DEFINITIONAL_REPRESENTATION('',(#1154),#1158);
#1154 = LINE('',#1155,#1156);
#1155 = CARTESIAN_POINT('',(-6.28318530718,-9.));
#1156 = VECTOR('',#1157,1.);
#1157 = DIRECTION('',(1.,-0.));
#1158 = ( GEOMETRIC_REPRESENTATION_CONTEXT(2) 
PARAMETRIC_REPRESENTATION_CONTEXT() REPRESENTATION_CONTEXT('2D SPACE',''
  ) );
#1159 = PCURVE('',#674,#1160);
#1160 = DEFINITIONAL_REPRESENTATION('',(#1161),#1169);
#1161 = ( BOUNDED_CURVE() B_SPLINE_CURVE(2,(#1162,#1163,#1164,#1165,
#1166,#1167,#1168),.UNSPECIFIED.,.T.,.F.) B_SPLINE_CURVE_WITH_KNOTS((1,2
    ,2,2,2,1),(-2.094395102393,0.,2.094395102393,4.188790204786,
6.28318530718,8.377580409573),.UNSPECIFIED.) CURVE() 
GEOMETRIC_REPRESENTATION_ITEM() RATIONAL_B_SPLINE_CURVE((1.,0.5,1.,0.5,
1.,0.5,1.)) REPRESENTATION_ITEM('') );
#1162 = CARTESIAN_POINT('',(-5.5,-18.18653347947));
#1163 = CARTESIAN_POINT('',(-5.5,-26.84678751731));
#1164 = CARTESIAN_POINT('',(-13.,-22.51666049839));
#1165 = CARTESIAN_POINT('',(-20.5,-18.18653347947));
#1166 = CARTESIAN_POINT('',(-13.,-13.85640646055));
#1167 = CARTESIAN_POINT('',(-5.5,-9.526279441629));
#1168 = CARTESIAN_POINT('',(-5.5,-18.18653347947));
#1169 = ( GEOMETRIC_REPRESENTATION_CONTEXT(2) 
PARAMETRIC_REPRESENTATION_CONTEXT() REPRESENTATION_CONTEXT('2D SPACE',''
  ) );
#1170 = ADVANCED_FACE('',(#1171),#157,.T.);
#1171 = FACE_BOUND('',#1172,.T.);
#1172 = EDGE_LOOP('',(#1173,#1174,#1175,#1197));
#1173 = ORIENTED_EDGE('',*,*,#140,.T.);
#1174 = ORIENTED_EDGE('',*,*,#690,.T.);
#1175 = ORIENTED_EDGE('',*,*,#1176,.F.);
#1176 = EDGE_CURVE('',#1125,#658,#1177,.T.);
#1177 = SURFACE_CURVE('',#1178,(#1183,#1190),.PCURVE_S1.);
#1178 = CIRCLE('',#1179,17.7);
#1179 = AXIS2_PLACEMENT_3D('',#1180,#1181,#1182);
#1180 = CARTESIAN_POINT('',(0.,0.,177.));
#1181 = DIRECTION('',(0.,0.,1.));
#1182 = DIRECTION('',(1.,0.,-0.));
#1183 = PCURVE('',#157,#1184);
#1184 = DEFINITIONAL_REPRESENTATION('',(#1185),#1189);
#1185 = LINE('',#1186,#1187);
#1186 = CARTESIAN_POINT('',(0.,1.7));
#1187 = VECTOR('',#1188,1.);
#1188 = DIRECTION('',(1.,0.));
#1189 = ( GEOMETRIC_REPRESENTATION_CONTEXT(2) 
PARAMETRIC_REPRESENTATION_CONTEXT() REPRESENTATION_CONTEXT('2D SPACE',''
  ) );
#1190 = PCURVE('',#674,#1191);
#1191 = DEFINITIONAL_REPRESENTATION('',(#1192),#1196);
#1192 = CIRCLE('',#1193,17.7);
#1193 = AXIS2_PLACEMENT_2D('',#1194,#1195);
#1194 = CARTESIAN_POINT('',(6.077511700175E-16,-4.807142605466E-16));
#1195 = DIRECTION('',(1.,0.));
#1196 = ( GEOMETRIC_REPRESENTATION_CONTEXT(2) 
PARAMETRIC_REPRESENTATION_CONTEXT() REPRESENTATION_CONTEXT('2D SPACE',''
  ) );
#1197 = ORIENTED_EDGE('',*,*,#1124,.F.);
#1198 = ADVANCED_FACE('',(#1199),#66,.F.);
#1199 = FACE_BOUND('',#1200,.T.);
#1200 = EDGE_LOOP('',(#1201,#1202,#1225,#1252));
#1201 = ORIENTED_EDGE('',*,*,#51,.F.);
#1202 = ORIENTED_EDGE('',*,*,#1203,.T.);
#1203 = EDGE_CURVE('',#22,#1204,#1206,.T.);
#1204 = VERTEX_POINT('',#1205);
#1205 = CARTESIAN_POINT('',(8.,0.,180.));
#1206 = SEAM_CURVE('',#1207,(#1211,#1218),.PCURVE_S1.);
#1207 = LINE('',#1208,#1209);
#1208 = CARTESIAN_POINT('',(8.,0.,176.));
#1209 = VECTOR('',#1210,1.);
#1210 = DIRECTION('',(0.,0.,1.));
#1211 = PCURVE('',#66,#1212);
#1212 = DEFINITIONAL_REPRESENTATION('',(#1213),#1217);
#1213 = LINE('',#1214,#1215);
#1214 = CARTESIAN_POINT('',(-0.,4.));
#1215 = VECTOR('',#1216,1.);
#1216 = DIRECTION('',(-0.,-1.));
#1217 = ( GEOMETRIC_REPRESENTATION_CONTEXT(2) 
PARAMETRIC_REPRESENTATION_CONTEXT() REPRESENTATION_CONTEXT('2D SPACE',''
  ) );
#1218 = PCURVE('',#66,#1219);
#1219 = DEFINITIONAL_REPRESENTATION('',(#1220),#1224);
#1220 = LINE('',#1221,#1222);
#1221 = CARTESIAN_POINT('',(-6.28318530718,4.));
#1222 = VECTOR('',#1223,1.);
#1223 = DIRECTION('',(-0.,-1.));
#1224 = ( GEOMETRIC_REPRESENTATION_CONTEXT(2) 
PARAMETRIC_REPRESENTATION_CONTEXT() REPRESENTATION_CONTEXT('2D SPACE',''
  ) );
#1225 = ORIENTED_EDGE('',*,*,#1226,.T.);
#1226 = EDGE_CURVE('',#1204,#1204,#1227,.T.);
#1227 = SURFACE_CURVE('',#1228,(#1233,#1240),.PCURVE_S1.);
#1228 = CIRCLE('',#1229,8.);
#1229 = AXIS2_PLACEMENT_3D('',#1230,#1231,#1232);
#1230 = CARTESIAN_POINT('',(0.,0.,180.));
#1231 = DIRECTION('',(0.,0.,1.));
#1232 = DIRECTION('',(1.,0.,-0.));
#1233 = PCURVE('',#66,#1234);
#1234 = DEFINITIONAL_REPRESENTATION('',(#1235),#1239);
#1235 = LINE('',#1236,#1237);
#1236 = CARTESIAN_POINT('',(-0.,0.));
#1237 = VECTOR('',#1238,1.);
#1238 = DIRECTION('',(-1.,0.));
#1239 = ( GEOMETRIC_REPRESENTATION_CONTEXT(2) 
PARAMETRIC_REPRESENTATION_CONTEXT() REPRESENTATION_CONTEXT('2D SPACE',''
  ) );
#1240 = PCURVE('',#1241,#1246);
#1241 = PLANE('',#1242);
#1242 = AXIS2_PLACEMENT_3D('',#1243,#1244,#1245);
#1243 = CARTESIAN_POINT('',(-6.077511700175E-16,4.807142605466E-16,180.)
  );
#1244 = DIRECTION('',(0.,0.,1.));
#1245 = DIRECTION('',(1.,0.,-0.));
#1246 = DEFINITIONAL_REPRESENTATION('',(#1247),#1251);
#1247 = CIRCLE('',#1248,8.);
#1248 = AXIS2_PLACEMENT_2D('',#1249,#1250);
#1249 = CARTESIAN_POINT('',(6.077511700175E-16,-4.807142605466E-16));
#1250 = DIRECTION('',(1.,0.));
#1251 = ( GEOMETRIC_REPRESENTATION_CONTEXT(2) 
PARAMETRIC_REPRESENTATION_CONTEXT() REPRESENTATION_CONTEXT('2D SPACE',''
  ) );
#1252 = ORIENTED_EDGE('',*,*,#1203,.F.);
#1253 = ADVANCED_FACE('',(#1254),#591,.T.);
#1254 = FACE_BOUND('',#1255,.F.);
#1255 = EDGE_LOOP('',(#1256,#1278,#1279,#1303,#1327,#1349));
#1256 = ORIENTED_EDGE('',*,*,#1257,.F.);
#1257 = EDGE_CURVE('',#577,#846,#1258,.T.);
#1258 = SURFACE_CURVE('',#1259,(#1264,#1271),.PCURVE_S1.);
#1259 = CIRCLE('',#1260,18.);
#1260 = AXIS2_PLACEMENT_3D('',#1261,#1262,#1263);
#1261 = CARTESIAN_POINT('',(0.,0.,177.));
#1262 = DIRECTION('',(0.,0.,1.));
#1263 = DIRECTION('',(1.,0.,0.));
#1264 = PCURVE('',#591,#1265);
#1265 = DEFINITIONAL_REPRESENTATION('',(#1266),#1270);
#1266 = LINE('',#1267,#1268);
#1267 = CARTESIAN_POINT('',(-0.,0.));
#1268 = VECTOR('',#1269,1.);
#1269 = DIRECTION('',(-1.,0.));
#1270 = ( GEOMETRIC_REPRESENTATION_CONTEXT(2) 
PARAMETRIC_REPRESENTATION_CONTEXT() REPRESENTATION_CONTEXT('2D SPACE',''
  ) );
#1271 = PCURVE('',#747,#1272);
#1272 = DEFINITIONAL_REPRESENTATION('',(#1273),#1277);
#1273 = CIRCLE('',#1274,18.);
#1274 = AXIS2_PLACEMENT_2D('',#1275,#1276);
#1275 = CARTESIAN_POINT('',(6.077511700175E-16,-4.807142605466E-16));
#1276 = DIRECTION('',(1.,0.));
#1277 = ( GEOMETRIC_REPRESENTATION_CONTEXT(2) 
PARAMETRIC_REPRESENTATION_CONTEXT() REPRESENTATION_CONTEXT('2D SPACE',''
  ) );
#1278 = ORIENTED_EDGE('',*,*,#574,.F.);
#1279 = ORIENTED_EDGE('',*,*,#1280,.T.);
#1280 = EDGE_CURVE('',#575,#1281,#1283,.T.);
#1281 = VERTEX_POINT('',#1282);
#1282 = CARTESIAN_POINT('',(17.428425057933,4.5,180.));
#1283 = SURFACE_CURVE('',#1284,(#1289,#1296),.PCURVE_S1.);
#1284 = CIRCLE('',#1285,18.);
#1285 = AXIS2_PLACEMENT_3D('',#1286,#1287,#1288);
#1286 = CARTESIAN_POINT('',(0.,0.,180.));
#1287 = DIRECTION('',(0.,0.,1.));
#1288 = DIRECTION('',(1.,0.,0.));
#1289 = PCURVE('',#591,#1290);
#1290 = DEFINITIONAL_REPRESENTATION('',(#1291),#1295);
#1291 = LINE('',#1292,#1293);
#1292 = CARTESIAN_POINT('',(-0.,-3.));
#1293 = VECTOR('',#1294,1.);
#1294 = DIRECTION('',(-1.,0.));
#1295 = ( GEOMETRIC_REPRESENTATION_CONTEXT(2) 
PARAMETRIC_REPRESENTATION_CONTEXT() REPRESENTATION_CONTEXT('2D SPACE',''
  ) );
#1296 = PCURVE('',#619,#1297);
#1297 = DEFINITIONAL_REPRESENTATION('',(#1298),#1302);
#1298 = CIRCLE('',#1299,18.);
#1299 = AXIS2_PLACEMENT_2D('',#1300,#1301);
#1300 = CARTESIAN_POINT('',(-21.,-6.938022664999E-17));
#1301 = DIRECTION('',(1.,0.));
#1302 = ( GEOMETRIC_REPRESENTATION_CONTEXT(2) 
PARAMETRIC_REPRESENTATION_CONTEXT() REPRESENTATION_CONTEXT('2D SPACE',''
  ) );
#1303 = ORIENTED_EDGE('',*,*,#1304,.T.);
#1304 = EDGE_CURVE('',#1281,#1305,#1307,.T.);
#1305 = VERTEX_POINT('',#1306);
#1306 = CARTESIAN_POINT('',(-4.817098211937,17.343458848124,180.));
#1307 = SURFACE_CURVE('',#1308,(#1313,#1320),.PCURVE_S1.);
#1308 = CIRCLE('',#1309,18.);
#1309 = AXIS2_PLACEMENT_3D('',#1310,#1311,#1312);
#1310 = CARTESIAN_POINT('',(0.,0.,180.));
#1311 = DIRECTION('',(0.,0.,1.));
#1312 = DIRECTION('',(1.,0.,0.));
#1313 = PCURVE('',#591,#1314);
#1314 = DEFINITIONAL_REPRESENTATION('',(#1315),#1319);
#1315 = LINE('',#1316,#1317);
#1316 = CARTESIAN_POINT('',(-0.,-3.));
#1317 = VECTOR('',#1318,1.);
#1318 = DIRECTION('',(-1.,0.));
#1319 = ( GEOMETRIC_REPRESENTATION_CONTEXT(2) 
PARAMETRIC_REPRESENTATION_CONTEXT() REPRESENTATION_CONTEXT('2D SPACE',''
  ) );
#1320 = PCURVE('',#1241,#1321);
#1321 = DEFINITIONAL_REPRESENTATION('',(#1322),#1326);
#1322 = CIRCLE('',#1323,18.);
#1323 = AXIS2_PLACEMENT_2D('',#1324,#1325);
#1324 = CARTESIAN_POINT('',(6.077511700175E-16,-4.807142605466E-16));
#1325 = DIRECTION('',(1.,0.));
#1326 = ( GEOMETRIC_REPRESENTATION_CONTEXT(2) 
PARAMETRIC_REPRESENTATION_CONTEXT() REPRESENTATION_CONTEXT('2D SPACE',''
  ) );
#1327 = ORIENTED_EDGE('',*,*,#1328,.T.);
#1328 = EDGE_CURVE('',#1305,#817,#1329,.T.);
#1329 = SURFACE_CURVE('',#1330,(#1335,#1342),.PCURVE_S1.);
#1330 = CIRCLE('',#1331,18.);
#1331 = AXIS2_PLACEMENT_3D('',#1332,#1333,#1334);
#1332 = CARTESIAN_POINT('',(0.,0.,180.));
#1333 = DIRECTION('',(0.,0.,1.));
#1334 = DIRECTION('',(1.,0.,0.));
#1335 = PCURVE('',#591,#1336);
#1336 = DEFINITIONAL_REPRESENTATION('',(#1337),#1341);
#1337 = LINE('',#1338,#1339);
#1338 = CARTESIAN_POINT('',(-0.,-3.));
#1339 = VECTOR('',#1340,1.);
#1340 = DIRECTION('',(-1.,0.));
#1341 = ( GEOMETRIC_REPRESENTATION_CONTEXT(2) 
PARAMETRIC_REPRESENTATION_CONTEXT() REPRESENTATION_CONTEXT('2D SPACE',''
  ) );
#1342 = PCURVE('',#833,#1343);
#1343 = DEFINITIONAL_REPRESENTATION('',(#1344),#1348);
#1344 = CIRCLE('',#1345,18.);
#1345 = AXIS2_PLACEMENT_2D('',#1346,#1347);
#1346 = CARTESIAN_POINT('',(10.5,-18.18653347947));
#1347 = DIRECTION('',(1.,0.));
#1348 = ( GEOMETRIC_REPRESENTATION_CONTEXT(2) 
PARAMETRIC_REPRESENTATION_CONTEXT() REPRESENTATION_CONTEXT('2D SPACE',''
  ) );
#1349 = ORIENTED_EDGE('',*,*,#845,.T.);
#1350 = ADVANCED_FACE('',(#1351),#747,.F.);
#1351 = FACE_BOUND('',#1352,.F.);
#1352 = EDGE_LOOP('',(#1353,#1354,#1355,#1356));
#1353 = ORIENTED_EDGE('',*,*,#732,.T.);
#1354 = ORIENTED_EDGE('',*,*,#1257,.T.);
#1355 = ORIENTED_EDGE('',*,*,#866,.T.);
#1356 = ORIENTED_EDGE('',*,*,#789,.F.);
#1357 = ADVANCED_FACE('',(#1358),#674,.F.);
#1358 = FACE_BOUND('',#1359,.F.);
#1359 = EDGE_LOOP('',(#1360,#1382,#1383,#1384));
#1360 = ORIENTED_EDGE('',*,*,#1361,.T.);
#1361 = EDGE_CURVE('',#1026,#632,#1362,.T.);
#1362 = SURFACE_CURVE('',#1363,(#1368,#1375),.PCURVE_S1.);
#1363 = CIRCLE('',#1364,18.);
#1364 = AXIS2_PLACEMENT_3D('',#1365,#1366,#1367);
#1365 = CARTESIAN_POINT('',(0.,0.,177.));
#1366 = DIRECTION('',(0.,0.,1.));
#1367 = DIRECTION('',(1.,0.,0.));
#1368 = PCURVE('',#674,#1369);
#1369 = DEFINITIONAL_REPRESENTATION('',(#1370),#1374);
#1370 = CIRCLE('',#1371,18.);
#1371 = AXIS2_PLACEMENT_2D('',#1372,#1373);
#1372 = CARTESIAN_POINT('',(6.077511700175E-16,-4.807142605466E-16));
#1373 = DIRECTION('',(1.,0.));
#1374 = ( GEOMETRIC_REPRESENTATION_CONTEXT(2) 
PARAMETRIC_REPRESENTATION_CONTEXT() REPRESENTATION_CONTEXT('2D SPACE',''
  ) );
#1375 = PCURVE('',#646,#1376);
#1376 = DEFINITIONAL_REPRESENTATION('',(#1377),#1381);
#1377 = LINE('',#1378,#1379);
#1378 = CARTESIAN_POINT('',(-0.,0.));
#1379 = VECTOR('',#1380,1.);
#1380 = DIRECTION('',(-1.,0.));
#1381 = ( GEOMETRIC_REPRESENTATION_CONTEXT(2) 
PARAMETRIC_REPRESENTATION_CONTEXT() REPRESENTATION_CONTEXT('2D SPACE',''
  ) );
#1382 = ORIENTED_EDGE('',*,*,#657,.T.);
#1383 = ORIENTED_EDGE('',*,*,#1176,.F.);
#1384 = ORIENTED_EDGE('',*,*,#1145,.T.);
#1385 = ADVANCED_FACE('',(#1386),#646,.T.);
#1386 = FACE_BOUND('',#1387,.F.);
#1387 = EDGE_LOOP('',(#1388,#1389,#1390,#1391,#1415,#1439));
#1388 = ORIENTED_EDGE('',*,*,#631,.T.);
#1389 = ORIENTED_EDGE('',*,*,#1361,.F.);
#1390 = ORIENTED_EDGE('',*,*,#1023,.F.);
#1391 = ORIENTED_EDGE('',*,*,#1392,.T.);
#1392 = EDGE_CURVE('',#1024,#1393,#1395,.T.);
#1393 = VERTEX_POINT('',#1394);
#1394 = CARTESIAN_POINT('',(-4.817098211937,-17.34345884812,180.));
#1395 = SURFACE_CURVE('',#1396,(#1401,#1408),.PCURVE_S1.);
#1396 = CIRCLE('',#1397,18.);
#1397 = AXIS2_PLACEMENT_3D('',#1398,#1399,#1400);
#1398 = CARTESIAN_POINT('',(0.,0.,180.));
#1399 = DIRECTION('',(0.,0.,1.));
#1400 = DIRECTION('',(1.,0.,0.));
#1401 = PCURVE('',#646,#1402);
#1402 = DEFINITIONAL_REPRESENTATION('',(#1403),#1407);
#1403 = LINE('',#1404,#1405);
#1404 = CARTESIAN_POINT('',(-0.,-3.));
#1405 = VECTOR('',#1406,1.);
#1406 = DIRECTION('',(-1.,0.));
#1407 = ( GEOMETRIC_REPRESENTATION_CONTEXT(2) 
PARAMETRIC_REPRESENTATION_CONTEXT() REPRESENTATION_CONTEXT('2D SPACE',''
  ) );
#1408 = PCURVE('',#1063,#1409);
#1409 = DEFINITIONAL_REPRESENTATION('',(#1410),#1414);
#1410 = CIRCLE('',#1411,18.);
#1411 = AXIS2_PLACEMENT_2D('',#1412,#1413);
#1412 = CARTESIAN_POINT('',(10.5,18.186533479473));
#1413 = DIRECTION('',(1.,0.));
#1414 = ( GEOMETRIC_REPRESENTATION_CONTEXT(2) 
PARAMETRIC_REPRESENTATION_CONTEXT() REPRESENTATION_CONTEXT('2D SPACE',''
  ) );
#1415 = ORIENTED_EDGE('',*,*,#1416,.T.);
#1416 = EDGE_CURVE('',#1393,#1417,#1419,.T.);
#1417 = VERTEX_POINT('',#1418);
#1418 = CARTESIAN_POINT('',(17.428425057933,-4.5,180.));
#1419 = SURFACE_CURVE('',#1420,(#1425,#1432),.PCURVE_S1.);
#1420 = CIRCLE('',#1421,18.);
#1421 = AXIS2_PLACEMENT_3D('',#1422,#1423,#1424);
#1422 = CARTESIAN_POINT('',(0.,0.,180.));
#1423 = DIRECTION('',(0.,0.,1.));
#1424 = DIRECTION('',(1.,0.,0.));
#1425 = PCURVE('',#646,#1426);
#1426 = DEFINITIONAL_REPRESENTATION('',(#1427),#1431);
#1427 = LINE('',#1428,#1429);
#1428 = CARTESIAN_POINT('',(-0.,-3.));
#1429 = VECTOR('',#1430,1.);
#1430 = DIRECTION('',(-1.,0.));
#1431 = ( GEOMETRIC_REPRESENTATION_CONTEXT(2) 
PARAMETRIC_REPRESENTATION_CONTEXT() REPRESENTATION_CONTEXT('2D SPACE',''
  ) );
#1432 = PCURVE('',#1241,#1433);
#1433 = DEFINITIONAL_REPRESENTATION('',(#1434),#1438);
#1434 = CIRCLE('',#1435,18.);
#1435 = AXIS2_PLACEMENT_2D('',#1436,#1437);
#1436 = CARTESIAN_POINT('',(6.077511700175E-16,-4.807142605466E-16));
#1437 = DIRECTION('',(1.,0.));
#1438 = ( GEOMETRIC_REPRESENTATION_CONTEXT(2) 
PARAMETRIC_REPRESENTATION_CONTEXT() REPRESENTATION_CONTEXT('2D SPACE',''
  ) );
#1439 = ORIENTED_EDGE('',*,*,#1440,.T.);
#1440 = EDGE_CURVE('',#1417,#603,#1441,.T.);
#1441 = SURFACE_CURVE('',#1442,(#1447,#1454),.PCURVE_S1.);
#1442 = CIRCLE('',#1443,18.);
#1443 = AXIS2_PLACEMENT_3D('',#1444,#1445,#1446);
#1444 = CARTESIAN_POINT('',(0.,0.,180.));
#1445 = DIRECTION('',(0.,0.,1.));
#1446 = DIRECTION('',(1.,0.,0.));
#1447 = PCURVE('',#646,#1448);
#1448 = DEFINITIONAL_REPRESENTATION('',(#1449),#1453);
#1449 = LINE('',#1450,#1451);
#1450 = CARTESIAN_POINT('',(-0.,-3.));
#1451 = VECTOR('',#1452,1.);
#1452 = DIRECTION('',(-1.,0.));
#1453 = ( GEOMETRIC_REPRESENTATION_CONTEXT(2) 
PARAMETRIC_REPRESENTATION_CONTEXT() REPRESENTATION_CONTEXT('2D SPACE',''
  ) );
#1454 = PCURVE('',#619,#1455);
#1455 = DEFINITIONAL_REPRESENTATION('',(#1456),#1460);
#1456 = CIRCLE('',#1457,18.);
#1457 = AXIS2_PLACEMENT_2D('',#1458,#1459);
#1458 = CARTESIAN_POINT('',(-21.,-6.938022664999E-17));
#1459 = DIRECTION('',(1.,0.));
#1460 = ( GEOMETRIC_REPRESENTATION_CONTEXT(2) 
PARAMETRIC_REPRESENTATION_CONTEXT() REPRESENTATION_CONTEXT('2D SPACE',''
  ) );
#1461 = ADVANCED_FACE('',(#1462,#1549),#619,.F.);
#1462 = FACE_BOUND('',#1463,.F.);
#1463 = EDGE_LOOP('',(#1464,#1465,#1466,#1494,#1522,#1548));
#1464 = ORIENTED_EDGE('',*,*,#602,.T.);
#1465 = ORIENTED_EDGE('',*,*,#1440,.F.);
#1466 = ORIENTED_EDGE('',*,*,#1467,.F.);
#1467 = EDGE_CURVE('',#1468,#1417,#1470,.T.);
#1468 = VERTEX_POINT('',#1469);
#1469 = CARTESIAN_POINT('',(25.5,-4.5,180.));
#1470 = SURFACE_CURVE('',#1471,(#1475,#1482),.PCURVE_S1.);
#1471 = LINE('',#1472,#1473);
#1472 = CARTESIAN_POINT('',(25.5,-4.5,180.));
#1473 = VECTOR('',#1474,1.);
#1474 = DIRECTION('',(-1.,-5.413860189974E-14,0.));
#1475 = PCURVE('',#619,#1476);
#1476 = DEFINITIONAL_REPRESENTATION('',(#1477),#1481);
#1477 = LINE('',#1478,#1479);
#1478 = CARTESIAN_POINT('',(4.5,-4.5));
#1479 = VECTOR('',#1480,1.);
#1480 = DIRECTION('',(-1.,-5.413860189974E-14));
#1481 = ( GEOMETRIC_REPRESENTATION_CONTEXT(2) 
PARAMETRIC_REPRESENTATION_CONTEXT() REPRESENTATION_CONTEXT('2D SPACE',''
  ) );
#1482 = PCURVE('',#1483,#1488);
#1483 = PLANE('',#1484);
#1484 = AXIS2_PLACEMENT_3D('',#1485,#1486,#1487);
#1485 = CARTESIAN_POINT('',(12.5,-4.5,180.));
#1486 = DIRECTION('',(0.,1.,0.));
#1487 = DIRECTION('',(0.,0.,1.));
#1488 = DEFINITIONAL_REPRESENTATION('',(#1489),#1493);
#1489 = LINE('',#1490,#1491);
#1490 = CARTESIAN_POINT('',(0.,13.));
#1491 = VECTOR('',#1492,1.);
#1492 = DIRECTION('',(0.,-1.));
#1493 = ( GEOMETRIC_REPRESENTATION_CONTEXT(2) 
PARAMETRIC_REPRESENTATION_CONTEXT() REPRESENTATION_CONTEXT('2D SPACE',''
  ) );
#1494 = ORIENTED_EDGE('',*,*,#1495,.F.);
#1495 = EDGE_CURVE('',#1496,#1468,#1498,.T.);
#1496 = VERTEX_POINT('',#1497);
#1497 = CARTESIAN_POINT('',(25.5,4.5,180.));
#1498 = SURFACE_CURVE('',#1499,(#1503,#1510),.PCURVE_S1.);
#1499 = LINE('',#1500,#1501);
#1500 = CARTESIAN_POINT('',(25.5,4.5,180.));
#1501 = VECTOR('',#1502,1.);
#1502 = DIRECTION('',(0.,-1.,0.));
#1503 = PCURVE('',#619,#1504);
#1504 = DEFINITIONAL_REPRESENTATION('',(#1505),#1509);
#1505 = LINE('',#1506,#1507);
#1506 = CARTESIAN_POINT('',(4.5,4.5));
#1507 = VECTOR('',#1508,1.);
#1508 = DIRECTION('',(0.,-1.));
#1509 = ( GEOMETRIC_REPRESENTATION_CONTEXT(2) 
PARAMETRIC_REPRESENTATION_CONTEXT() REPRESENTATION_CONTEXT('2D SPACE',''
  ) );
#1510 = PCURVE('',#1511,#1516);
#1511 = PLANE('',#1512);
#1512 = AXIS2_PLACEMENT_3D('',#1513,#1514,#1515);
#1513 = CARTESIAN_POINT('',(25.5,-4.5,180.));
#1514 = DIRECTION('',(1.,0.,0.));
#1515 = DIRECTION('',(0.,0.,1.));
#1516 = DEFINITIONAL_REPRESENTATION('',(#1517),#1521);
#1517 = LINE('',#1518,#1519);
#1518 = CARTESIAN_POINT('',(0.,-9.));
#1519 = VECTOR('',#1520,1.);
#1520 = DIRECTION('',(0.,1.));
#1521 = ( GEOMETRIC_REPRESENTATION_CONTEXT(2) 
PARAMETRIC_REPRESENTATION_CONTEXT() REPRESENTATION_CONTEXT('2D SPACE',''
  ) );
#1522 = ORIENTED_EDGE('',*,*,#1523,.F.);
#1523 = EDGE_CURVE('',#1281,#1496,#1524,.T.);
#1524 = SURFACE_CURVE('',#1525,(#1529,#1536),.PCURVE_S1.);
#1525 = LINE('',#1526,#1527);
#1526 = CARTESIAN_POINT('',(17.428425057933,4.5,180.));
#1527 = VECTOR('',#1528,1.);
#1528 = DIRECTION('',(1.,-5.435867751722E-14,0.));
#1529 = PCURVE('',#619,#1530);
#1530 = DEFINITIONAL_REPRESENTATION('',(#1531),#1535);
#1531 = LINE('',#1532,#1533);
#1532 = CARTESIAN_POINT('',(-3.571574942067,4.5));
#1533 = VECTOR('',#1534,1.);
#1534 = DIRECTION('',(1.,-5.435867751722E-14));
#1535 = ( GEOMETRIC_REPRESENTATION_CONTEXT(2) 
PARAMETRIC_REPRESENTATION_CONTEXT() REPRESENTATION_CONTEXT('2D SPACE',''
  ) );
#1536 = PCURVE('',#1537,#1542);
#1537 = PLANE('',#1538);
#1538 = AXIS2_PLACEMENT_3D('',#1539,#1540,#1541);
#1539 = CARTESIAN_POINT('',(12.5,4.5,180.));
#1540 = DIRECTION('',(0.,1.,0.));
#1541 = DIRECTION('',(0.,0.,1.));
#1542 = DEFINITIONAL_REPRESENTATION('',(#1543),#1547);
#1543 = LINE('',#1544,#1545);
#1544 = CARTESIAN_POINT('',(0.,4.928425057933));
#1545 = VECTOR('',#1546,1.);
#1546 = DIRECTION('',(0.,1.));
#1547 = ( GEOMETRIC_REPRESENTATION_CONTEXT(2) 
PARAMETRIC_REPRESENTATION_CONTEXT() REPRESENTATION_CONTEXT('2D SPACE',''
  ) );
#1548 = ORIENTED_EDGE('',*,*,#1280,.F.);
#1549 = FACE_BOUND('',#1550,.F.);
#1550 = EDGE_LOOP('',(#1551));
#1551 = ORIENTED_EDGE('',*,*,#1552,.T.);
#1552 = EDGE_CURVE('',#1553,#1553,#1555,.T.);
#1553 = VERTEX_POINT('',#1554);
#1554 = CARTESIAN_POINT('',(23.25,0.,180.));
#1555 = SURFACE_CURVE('',#1556,(#1561,#1572),.PCURVE_S1.);
#1556 = CIRCLE('',#1557,2.25);
#1557 = AXIS2_PLACEMENT_3D('',#1558,#1559,#1560);
#1558 = CARTESIAN_POINT('',(21.,0.,180.));
#1559 = DIRECTION('',(0.,0.,-1.));
#1560 = DIRECTION('',(1.,0.,0.));
#1561 = PCURVE('',#619,#1562);
#1562 = DEFINITIONAL_REPRESENTATION('',(#1563),#1571);
#1563 = ( BOUNDED_CURVE() B_SPLINE_CURVE(2,(#1564,#1565,#1566,#1567,
#1568,#1569,#1570),.UNSPECIFIED.,.T.,.F.) B_SPLINE_CURVE_WITH_KNOTS((1,2
    ,2,2,2,1),(-2.094395102393,0.,2.094395102393,4.188790204786,
6.28318530718,8.377580409573),.UNSPECIFIED.) CURVE() 
GEOMETRIC_REPRESENTATION_ITEM() RATIONAL_B_SPLINE_CURVE((1.,0.5,1.,0.5,
1.,0.5,1.)) REPRESENTATION_ITEM('') );
#1564 = CARTESIAN_POINT('',(2.25,-6.938022664999E-17));
#1565 = CARTESIAN_POINT('',(2.25,-3.89711431703));
#1566 = CARTESIAN_POINT('',(-1.125,-1.948557158515));
#1567 = CARTESIAN_POINT('',(-4.5,-6.204712862663E-16));
#1568 = CARTESIAN_POINT('',(-1.125,1.948557158515));
#1569 = CARTESIAN_POINT('',(2.25,3.89711431703));
#1570 = CARTESIAN_POINT('',(2.25,-6.938022664999E-17));
#1571 = ( GEOMETRIC_REPRESENTATION_CONTEXT(2) 
PARAMETRIC_REPRESENTATION_CONTEXT() REPRESENTATION_CONTEXT('2D SPACE',''
  ) );
#1572 = PCURVE('',#1573,#1578);
#1573 = CYLINDRICAL_SURFACE('',#1574,2.25);
#1574 = AXIS2_PLACEMENT_3D('',#1575,#1576,#1577);
#1575 = CARTESIAN_POINT('',(21.,0.,176.));
#1576 = DIRECTION('',(-0.,-0.,-1.));
#1577 = DIRECTION('',(1.,0.,0.));
#1578 = DEFINITIONAL_REPRESENTATION('',(#1579),#1583);
#1579 = LINE('',#1580,#1581);
#1580 = CARTESIAN_POINT('',(-6.28318530718,-4.));
#1581 = VECTOR('',#1582,1.);
#1582 = DIRECTION('',(1.,-0.));
#1583 = ( GEOMETRIC_REPRESENTATION_CONTEXT(2) 
PARAMETRIC_REPRESENTATION_CONTEXT() REPRESENTATION_CONTEXT('2D SPACE',''
  ) );
#1584 = ADVANCED_FACE('',(#1585,#1695),#833,.F.);
#1585 = FACE_BOUND('',#1586,.F.);
#1586 = EDGE_LOOP('',(#1587,#1588,#1589,#1617,#1645,#1673));
#1587 = ORIENTED_EDGE('',*,*,#814,.T.);
#1588 = ORIENTED_EDGE('',*,*,#1328,.F.);
#1589 = ORIENTED_EDGE('',*,*,#1590,.F.);
#1590 = EDGE_CURVE('',#1591,#1305,#1593,.T.);
#1591 = VERTEX_POINT('',#1592);
#1592 = CARTESIAN_POINT('',(-8.85288568297,24.333647796503,180.));
#1593 = SURFACE_CURVE('',#1594,(#1598,#1605),.PCURVE_S1.);
#1594 = LINE('',#1595,#1596);
#1595 = CARTESIAN_POINT('',(-8.85288568297,24.333647796503,180.));
#1596 = VECTOR('',#1597,1.);
#1597 = DIRECTION('',(0.5,-0.866025403784,0.));
#1598 = PCURVE('',#833,#1599);
#1599 = DEFINITIONAL_REPRESENTATION('',(#1600),#1604);
#1600 = LINE('',#1601,#1602);
#1601 = CARTESIAN_POINT('',(1.64711431703,6.14711431703));
#1602 = VECTOR('',#1603,1.);
#1603 = DIRECTION('',(0.5,-0.866025403784));
#1604 = ( GEOMETRIC_REPRESENTATION_CONTEXT(2) 
PARAMETRIC_REPRESENTATION_CONTEXT() REPRESENTATION_CONTEXT('2D SPACE',''
  ) );
#1605 = PCURVE('',#1606,#1611);
#1606 = PLANE('',#1607);
#1607 = AXIS2_PLACEMENT_3D('',#1608,#1609,#1610);
#1608 = CARTESIAN_POINT('',(-2.35288568297,13.075317547305,180.));
#1609 = DIRECTION('',(-0.866025403784,-0.5,0.));
#1610 = DIRECTION('',(0.,0.,1.));
#1611 = DEFINITIONAL_REPRESENTATION('',(#1612),#1616);
#1612 = LINE('',#1613,#1614);
#1613 = CARTESIAN_POINT('',(0.,13.));
#1614 = VECTOR('',#1615,1.);
#1615 = DIRECTION('',(0.,-1.));
#1616 = ( GEOMETRIC_REPRESENTATION_CONTEXT(2) 
PARAMETRIC_REPRESENTATION_CONTEXT() REPRESENTATION_CONTEXT('2D SPACE',''
  ) );
#1617 = ORIENTED_EDGE('',*,*,#1618,.F.);
#1618 = EDGE_CURVE('',#1619,#1591,#1621,.T.);
#1619 = VERTEX_POINT('',#1620);
#1620 = CARTESIAN_POINT('',(-16.64711431703,19.833647796503,180.));
#1621 = SURFACE_CURVE('',#1622,(#1626,#1633),.PCURVE_S1.);
#1622 = LINE('',#1623,#1624);
#1623 = CARTESIAN_POINT('',(-16.64711431703,19.833647796503,180.));
#1624 = VECTOR('',#1625,1.);
#1625 = DIRECTION('',(0.866025403784,0.5,0.));
#1626 = PCURVE('',#833,#1627);
#1627 = DEFINITIONAL_REPRESENTATION('',(#1628),#1632);
#1628 = LINE('',#1629,#1630);
#1629 = CARTESIAN_POINT('',(-6.14711431703,1.64711431703));
#1630 = VECTOR('',#1631,1.);
#1631 = DIRECTION('',(0.866025403784,0.5));
#1632 = ( GEOMETRIC_REPRESENTATION_CONTEXT(2) 
PARAMETRIC_REPRESENTATION_CONTEXT() REPRESENTATION_CONTEXT('2D SPACE',''
  ) );
#1633 = PCURVE('',#1634,#1639);
#1634 = PLANE('',#1635);
#1635 = AXIS2_PLACEMENT_3D('',#1636,#1637,#1638);
#1636 = CARTESIAN_POINT('',(-8.85288568297,24.333647796503,180.));
#1637 = DIRECTION('',(-0.5,0.866025403784,0.));
#1638 = DIRECTION('',(0.,0.,1.));
#1639 = DEFINITIONAL_REPRESENTATION('',(#1640),#1644);
#1640 = LINE('',#1641,#1642);
#1641 = CARTESIAN_POINT('',(0.,-9.));
#1642 = VECTOR('',#1643,1.);
#1643 = DIRECTION('',(0.,1.));
#1644 = ( GEOMETRIC_REPRESENTATION_CONTEXT(2) 
PARAMETRIC_REPRESENTATION_CONTEXT() REPRESENTATION_CONTEXT('2D SPACE',''
  ) );
#1645 = ORIENTED_EDGE('',*,*,#1646,.F.);
#1646 = EDGE_CURVE('',#1647,#1619,#1649,.T.);
#1647 = VERTEX_POINT('',#1648);
#1648 = CARTESIAN_POINT('',(-12.61132684599,12.843458848124,180.));
#1649 = SURFACE_CURVE('',#1650,(#1654,#1661),.PCURVE_S1.);
#1650 = LINE('',#1651,#1652);
#1651 = CARTESIAN_POINT('',(-12.61132684599,12.843458848124,180.));
#1652 = VECTOR('',#1653,1.);
#1653 = DIRECTION('',(-0.5,0.866025403784,0.));
#1654 = PCURVE('',#833,#1655);
#1655 = DEFINITIONAL_REPRESENTATION('',(#1656),#1660);
#1656 = LINE('',#1657,#1658);
#1657 = CARTESIAN_POINT('',(-2.111326845997,-5.343074631349));
#1658 = VECTOR('',#1659,1.);
#1659 = DIRECTION('',(-0.5,0.866025403784));
#1660 = ( GEOMETRIC_REPRESENTATION_CONTEXT(2) 
PARAMETRIC_REPRESENTATION_CONTEXT() REPRESENTATION_CONTEXT('2D SPACE',''
  ) );
#1661 = PCURVE('',#1662,#1667);
#1662 = PLANE('',#1663);
#1663 = AXIS2_PLACEMENT_3D('',#1664,#1665,#1666);
#1664 = CARTESIAN_POINT('',(-10.14711431703,8.575317547305,180.));
#1665 = DIRECTION('',(-0.866025403784,-0.5,0.));
#1666 = DIRECTION('',(0.,0.,1.));
#1667 = DEFINITIONAL_REPRESENTATION('',(#1668),#1672);
#1668 = LINE('',#1669,#1670);
#1669 = CARTESIAN_POINT('',(0.,4.928425057934));
#1670 = VECTOR('',#1671,1.);
#1671 = DIRECTION('',(0.,1.));
#1672 = ( GEOMETRIC_REPRESENTATION_CONTEXT(2) 
PARAMETRIC_REPRESENTATION_CONTEXT() REPRESENTATION_CONTEXT('2D SPACE',''
  ) );
#1673 = ORIENTED_EDGE('',*,*,#1674,.F.);
#1674 = EDGE_CURVE('',#815,#1647,#1675,.T.);
#1675 = SURFACE_CURVE('',#1676,(#1681,#1688),.PCURVE_S1.);
#1676 = CIRCLE('',#1677,18.);
#1677 = AXIS2_PLACEMENT_3D('',#1678,#1679,#1680);
#1678 = CARTESIAN_POINT('',(0.,0.,180.));
#1679 = DIRECTION('',(0.,0.,1.));
#1680 = DIRECTION('',(1.,0.,0.));
#1681 = PCURVE('',#833,#1682);
#1682 = DEFINITIONAL_REPRESENTATION('',(#1683),#1687);
#1683 = CIRCLE('',#1684,18.);
#1684 = AXIS2_PLACEMENT_2D('',#1685,#1686);
#1685 = CARTESIAN_POINT('',(10.5,-18.18653347947));
#1686 = DIRECTION('',(1.,0.));
#1687 = ( GEOMETRIC_REPRESENTATION_CONTEXT(2) 
PARAMETRIC_REPRESENTATION_CONTEXT() REPRESENTATION_CONTEXT('2D SPACE',''
  ) );
#1688 = PCURVE('',#961,#1689);
#1689 = DEFINITIONAL_REPRESENTATION('',(#1690),#1694);
#1690 = LINE('',#1691,#1692);
#1691 = CARTESIAN_POINT('',(-0.,-3.));
#1692 = VECTOR('',#1693,1.);
#1693 = DIRECTION('',(-1.,0.));
#1694 = ( GEOMETRIC_REPRESENTATION_CONTEXT(2) 
PARAMETRIC_REPRESENTATION_CONTEXT() REPRESENTATION_CONTEXT('2D SPACE',''
  ) );
#1695 = FACE_BOUND('',#1696,.F.);
#1696 = EDGE_LOOP('',(#1697));
#1697 = ORIENTED_EDGE('',*,*,#1698,.T.);
#1698 = EDGE_CURVE('',#1699,#1699,#1701,.T.);
#1699 = VERTEX_POINT('',#1700);
#1700 = CARTESIAN_POINT('',(-8.25,18.186533479473,180.));
#1701 = SURFACE_CURVE('',#1702,(#1707,#1718),.PCURVE_S1.);
#1702 = CIRCLE('',#1703,2.25);
#1703 = AXIS2_PLACEMENT_3D('',#1704,#1705,#1706);
#1704 = CARTESIAN_POINT('',(-10.5,18.186533479473,180.));
#1705 = DIRECTION('',(0.,0.,-1.));
#1706 = DIRECTION('',(1.,0.,0.));
#1707 = PCURVE('',#833,#1708);
#1708 = DEFINITIONAL_REPRESENTATION('',(#1709),#1717);
#1709 = ( BOUNDED_CURVE() B_SPLINE_CURVE(2,(#1710,#1711,#1712,#1713,
#1714,#1715,#1716),.UNSPECIFIED.,.T.,.F.) B_SPLINE_CURVE_WITH_KNOTS((1,2
    ,2,2,2,1),(-2.094395102393,0.,2.094395102393,4.188790204786,
6.28318530718,8.377580409573),.UNSPECIFIED.) CURVE() 
GEOMETRIC_REPRESENTATION_ITEM() RATIONAL_B_SPLINE_CURVE((1.,0.5,1.,0.5,
1.,0.5,1.)) REPRESENTATION_ITEM('') );
#1710 = CARTESIAN_POINT('',(2.25,0.));
#1711 = CARTESIAN_POINT('',(2.25,-3.89711431703));
#1712 = CARTESIAN_POINT('',(-1.125,-1.948557158515));
#1713 = CARTESIAN_POINT('',(-4.5,-5.510910596163E-16));
#1714 = CARTESIAN_POINT('',(-1.125,1.948557158515));
#1715 = CARTESIAN_POINT('',(2.25,3.89711431703));
#1716 = CARTESIAN_POINT('',(2.25,0.));
#1717 = ( GEOMETRIC_REPRESENTATION_CONTEXT(2) 
PARAMETRIC_REPRESENTATION_CONTEXT() REPRESENTATION_CONTEXT('2D SPACE',''
  ) );
#1718 = PCURVE('',#1719,#1724);
#1719 = CYLINDRICAL_SURFACE('',#1720,2.25);
#1720 = AXIS2_PLACEMENT_3D('',#1721,#1722,#1723);
#1721 = CARTESIAN_POINT('',(-10.5,18.186533479473,176.));
#1722 = DIRECTION('',(-0.,-0.,-1.));
#1723 = DIRECTION('',(1.,0.,0.));
#1724 = DEFINITIONAL_REPRESENTATION('',(#1725),#1729);
#1725 = LINE('',#1726,#1727);
#1726 = CARTESIAN_POINT('',(-6.28318530718,-4.));
#1727 = VECTOR('',#1728,1.);
#1728 = DIRECTION('',(1.,-0.));
#1729 = ( GEOMETRIC_REPRESENTATION_CONTEXT(2) 
PARAMETRIC_REPRESENTATION_CONTEXT() REPRESENTATION_CONTEXT('2D SPACE',''
  ) );
#1730 = ADVANCED_FACE('',(#1731),#961,.T.);
#1731 = FACE_BOUND('',#1732,.F.);
#1732 = EDGE_LOOP('',(#1733,#1755,#1756,#1757,#1781,#1803));
#1733 = ORIENTED_EDGE('',*,*,#1734,.F.);
#1734 = EDGE_CURVE('',#916,#1076,#1735,.T.);
#1735 = SURFACE_CURVE('',#1736,(#1741,#1748),.PCURVE_S1.);
#1736 = CIRCLE('',#1737,18.);
#1737 = AXIS2_PLACEMENT_3D('',#1738,#1739,#1740);
#1738 = CARTESIAN_POINT('',(0.,0.,177.));
#1739 = DIRECTION('',(0.,0.,1.));
#1740 = DIRECTION('',(1.,0.,0.));
#1741 = PCURVE('',#961,#1742);
#1742 = DEFINITIONAL_REPRESENTATION('',(#1743),#1747);
#1743 = LINE('',#1744,#1745);
#1744 = CARTESIAN_POINT('',(-0.,0.));
#1745 = VECTOR('',#1746,1.);
#1746 = DIRECTION('',(-1.,0.));
#1747 = ( GEOMETRIC_REPRESENTATION_CONTEXT(2) 
PARAMETRIC_REPRESENTATION_CONTEXT() REPRESENTATION_CONTEXT('2D SPACE',''
  ) );
#1748 = PCURVE('',#932,#1749);
#1749 = DEFINITIONAL_REPRESENTATION('',(#1750),#1754);
#1750 = CIRCLE('',#1751,18.);
#1751 = AXIS2_PLACEMENT_2D('',#1752,#1753);
#1752 = CARTESIAN_POINT('',(6.077511700175E-16,-4.807142605466E-16));
#1753 = DIRECTION('',(1.,0.));
#1754 = ( GEOMETRIC_REPRESENTATION_CONTEXT(2) 
PARAMETRIC_REPRESENTATION_CONTEXT() REPRESENTATION_CONTEXT('2D SPACE',''
  ) );
#1755 = ORIENTED_EDGE('',*,*,#948,.F.);
#1756 = ORIENTED_EDGE('',*,*,#1674,.T.);
#1757 = ORIENTED_EDGE('',*,*,#1758,.T.);
#1758 = EDGE_CURVE('',#1647,#1759,#1761,.T.);
#1759 = VERTEX_POINT('',#1760);
#1760 = CARTESIAN_POINT('',(-12.61132684599,-12.84345884812,180.));
#1761 = SURFACE_CURVE('',#1762,(#1767,#1774),.PCURVE_S1.);
#1762 = CIRCLE('',#1763,18.);
#1763 = AXIS2_PLACEMENT_3D('',#1764,#1765,#1766);
#1764 = CARTESIAN_POINT('',(0.,0.,180.));
#1765 = DIRECTION('',(0.,0.,1.));
#1766 = DIRECTION('',(1.,0.,0.));
#1767 = PCURVE('',#961,#1768);
#1768 = DEFINITIONAL_REPRESENTATION('',(#1769),#1773);
#1769 = LINE('',#1770,#1771);
#1770 = CARTESIAN_POINT('',(-0.,-3.));
#1771 = VECTOR('',#1772,1.);
#1772 = DIRECTION('',(-1.,0.));
#1773 = ( GEOMETRIC_REPRESENTATION_CONTEXT(2) 
PARAMETRIC_REPRESENTATION_CONTEXT() REPRESENTATION_CONTEXT('2D SPACE',''
  ) );
#1774 = PCURVE('',#1241,#1775);
#1775 = DEFINITIONAL_REPRESENTATION('',(#1776),#1780);
#1776 = CIRCLE('',#1777,18.);
#1777 = AXIS2_PLACEMENT_2D('',#1778,#1779);
#1778 = CARTESIAN_POINT('',(6.077511700175E-16,-4.807142605466E-16));
#1779 = DIRECTION('',(1.,0.));
#1780 = ( GEOMETRIC_REPRESENTATION_CONTEXT(2) 
PARAMETRIC_REPRESENTATION_CONTEXT() REPRESENTATION_CONTEXT('2D SPACE',''
  ) );
#1781 = ORIENTED_EDGE('',*,*,#1782,.T.);
#1782 = EDGE_CURVE('',#1759,#1047,#1783,.T.);
#1783 = SURFACE_CURVE('',#1784,(#1789,#1796),.PCURVE_S1.);
#1784 = CIRCLE('',#1785,18.);
#1785 = AXIS2_PLACEMENT_3D('',#1786,#1787,#1788);
#1786 = CARTESIAN_POINT('',(0.,0.,180.));
#1787 = DIRECTION('',(0.,0.,1.));
#1788 = DIRECTION('',(1.,0.,0.));
#1789 = PCURVE('',#961,#1790);
#1790 = DEFINITIONAL_REPRESENTATION('',(#1791),#1795);
#1791 = LINE('',#1792,#1793);
#1792 = CARTESIAN_POINT('',(-0.,-3.));
#1793 = VECTOR('',#1794,1.);
#1794 = DIRECTION('',(-1.,0.));
#1795 = ( GEOMETRIC_REPRESENTATION_CONTEXT(2) 
PARAMETRIC_REPRESENTATION_CONTEXT() REPRESENTATION_CONTEXT('2D SPACE',''
  ) );
#1796 = PCURVE('',#1063,#1797);
#1797 = DEFINITIONAL_REPRESENTATION('',(#1798),#1802);
#1798 = CIRCLE('',#1799,18.);
#1799 = AXIS2_PLACEMENT_2D('',#1800,#1801);
#1800 = CARTESIAN_POINT('',(10.5,18.186533479473));
#1801 = DIRECTION('',(1.,0.));
#1802 = ( GEOMETRIC_REPRESENTATION_CONTEXT(2) 
PARAMETRIC_REPRESENTATION_CONTEXT() REPRESENTATION_CONTEXT('2D SPACE',''
  ) );
#1803 = ORIENTED_EDGE('',*,*,#1075,.T.);
#1804 = ADVANCED_FACE('',(#1805),#932,.F.);
#1805 = FACE_BOUND('',#1806,.F.);
#1806 = EDGE_LOOP('',(#1807,#1808,#1809,#1810));
#1807 = ORIENTED_EDGE('',*,*,#915,.T.);
#1808 = ORIENTED_EDGE('',*,*,#1734,.T.);
#1809 = ORIENTED_EDGE('',*,*,#1096,.T.);
#1810 = ORIENTED_EDGE('',*,*,#998,.F.);
#1811 = ADVANCED_FACE('',(#1812,#1899),#1063,.F.);
#1812 = FACE_BOUND('',#1813,.F.);
#1813 = EDGE_LOOP('',(#1814,#1815,#1816,#1844,#1872,#1898));
#1814 = ORIENTED_EDGE('',*,*,#1046,.T.);
#1815 = ORIENTED_EDGE('',*,*,#1782,.F.);
#1816 = ORIENTED_EDGE('',*,*,#1817,.F.);
#1817 = EDGE_CURVE('',#1818,#1759,#1820,.T.);
#1818 = VERTEX_POINT('',#1819);
#1819 = CARTESIAN_POINT('',(-16.64711431703,-19.8336477965,180.));
#1820 = SURFACE_CURVE('',#1821,(#1825,#1832),.PCURVE_S1.);
#1821 = LINE('',#1822,#1823);
#1822 = CARTESIAN_POINT('',(-16.64711431703,-19.8336477965,180.));
#1823 = VECTOR('',#1824,1.);
#1824 = DIRECTION('',(0.5,0.866025403784,0.));
#1825 = PCURVE('',#1063,#1826);
#1826 = DEFINITIONAL_REPRESENTATION('',(#1827),#1831);
#1827 = LINE('',#1828,#1829);
#1828 = CARTESIAN_POINT('',(-6.14711431703,-1.64711431703));
#1829 = VECTOR('',#1830,1.);
#1830 = DIRECTION('',(0.5,0.866025403784));
#1831 = ( GEOMETRIC_REPRESENTATION_CONTEXT(2) 
PARAMETRIC_REPRESENTATION_CONTEXT() REPRESENTATION_CONTEXT('2D SPACE',''
  ) );
#1832 = PCURVE('',#1833,#1838);
#1833 = PLANE('',#1834);
#1834 = AXIS2_PLACEMENT_3D('',#1835,#1836,#1837);
#1835 = CARTESIAN_POINT('',(-10.14711431703,-8.575317547305,180.));
#1836 = DIRECTION('',(0.866025403784,-0.5,0.));
#1837 = DIRECTION('',(0.,0.,1.));
#1838 = DEFINITIONAL_REPRESENTATION('',(#1839),#1843);
#1839 = LINE('',#1840,#1841);
#1840 = CARTESIAN_POINT('',(0.,13.));
#1841 = VECTOR('',#1842,1.);
#1842 = DIRECTION('',(0.,-1.));
#1843 = ( GEOMETRIC_REPRESENTATION_CONTEXT(2) 
PARAMETRIC_REPRESENTATION_CONTEXT() REPRESENTATION_CONTEXT('2D SPACE',''
  ) );
#1844 = ORIENTED_EDGE('',*,*,#1845,.F.);
#1845 = EDGE_CURVE('',#1846,#1818,#1848,.T.);
#1846 = VERTEX_POINT('',#1847);
#1847 = CARTESIAN_POINT('',(-8.85288568297,-24.3336477965,180.));
#1848 = SURFACE_CURVE('',#1849,(#1853,#1860),.PCURVE_S1.);
#1849 = LINE('',#1850,#1851);
#1850 = CARTESIAN_POINT('',(-8.85288568297,-24.3336477965,180.));
#1851 = VECTOR('',#1852,1.);
#1852 = DIRECTION('',(-0.866025403784,0.5,0.));
#1853 = PCURVE('',#1063,#1854);
#1854 = DEFINITIONAL_REPRESENTATION('',(#1855),#1859);
#1855 = LINE('',#1856,#1857);
#1856 = CARTESIAN_POINT('',(1.64711431703,-6.14711431703));
#1857 = VECTOR('',#1858,1.);
#1858 = DIRECTION('',(-0.866025403784,0.5));
#1859 = ( GEOMETRIC_REPRESENTATION_CONTEXT(2) 
PARAMETRIC_REPRESENTATION_CONTEXT() REPRESENTATION_CONTEXT('2D SPACE',''
  ) );
#1860 = PCURVE('',#1861,#1866);
#1861 = PLANE('',#1862);
#1862 = AXIS2_PLACEMENT_3D('',#1863,#1864,#1865);
#1863 = CARTESIAN_POINT('',(-16.64711431703,-19.8336477965,180.));
#1864 = DIRECTION('',(-0.5,-0.866025403784,0.));
#1865 = DIRECTION('',(0.,0.,1.));
#1866 = DEFINITIONAL_REPRESENTATION('',(#1867),#1871);
#1867 = LINE('',#1868,#1869);
#1868 = CARTESIAN_POINT('',(0.,-9.));
#1869 = VECTOR('',#1870,1.);
#1870 = DIRECTION('',(0.,1.));
#1871 = ( GEOMETRIC_REPRESENTATION_CONTEXT(2) 
PARAMETRIC_REPRESENTATION_CONTEXT() REPRESENTATION_CONTEXT('2D SPACE',''
  ) );
#1872 = ORIENTED_EDGE('',*,*,#1873,.F.);
#1873 = EDGE_CURVE('',#1393,#1846,#1874,.T.);
#1874 = SURFACE_CURVE('',#1875,(#1879,#1886),.PCURVE_S1.);
#1875 = LINE('',#1876,#1877);
#1876 = CARTESIAN_POINT('',(-4.817098211937,-17.34345884812,180.));
#1877 = VECTOR('',#1878,1.);
#1878 = DIRECTION('',(-0.5,-0.866025403784,0.));
#1879 = PCURVE('',#1063,#1880);
#1880 = DEFINITIONAL_REPRESENTATION('',(#1881),#1885);
#1881 = LINE('',#1882,#1883);
#1882 = CARTESIAN_POINT('',(5.682901788063,0.84307463135));
#1883 = VECTOR('',#1884,1.);
#1884 = DIRECTION('',(-0.5,-0.866025403784));
#1885 = ( GEOMETRIC_REPRESENTATION_CONTEXT(2) 
PARAMETRIC_REPRESENTATION_CONTEXT() REPRESENTATION_CONTEXT('2D SPACE',''
  ) );
#1886 = PCURVE('',#1887,#1892);
#1887 = PLANE('',#1888);
#1888 = AXIS2_PLACEMENT_3D('',#1889,#1890,#1891);
#1889 = CARTESIAN_POINT('',(-2.35288568297,-13.0753175473,180.));
#1890 = DIRECTION('',(0.866025403784,-0.5,0.));
#1891 = DIRECTION('',(0.,0.,1.));
#1892 = DEFINITIONAL_REPRESENTATION('',(#1893),#1897);
#1893 = LINE('',#1894,#1895);
#1894 = CARTESIAN_POINT('',(0.,4.928425057934));
#1895 = VECTOR('',#1896,1.);
#1896 = DIRECTION('',(0.,1.));
#1897 = ( GEOMETRIC_REPRESENTATION_CONTEXT(2) 
PARAMETRIC_REPRESENTATION_CONTEXT() REPRESENTATION_CONTEXT('2D SPACE',''
  ) );
#1898 = ORIENTED_EDGE('',*,*,#1392,.F.);
#1899 = FACE_BOUND('',#1900,.F.);
#1900 = EDGE_LOOP('',(#1901));
#1901 = ORIENTED_EDGE('',*,*,#1902,.T.);
#1902 = EDGE_CURVE('',#1903,#1903,#1905,.T.);
#1903 = VERTEX_POINT('',#1904);
#1904 = CARTESIAN_POINT('',(-8.25,-18.18653347947,180.));
#1905 = SURFACE_CURVE('',#1906,(#1911,#1922),.PCURVE_S1.);
#1906 = CIRCLE('',#1907,2.25);
#1907 = AXIS2_PLACEMENT_3D('',#1908,#1909,#1910);
#1908 = CARTESIAN_POINT('',(-10.5,-18.18653347947,180.));
#1909 = DIRECTION('',(0.,0.,-1.));
#1910 = DIRECTION('',(1.,0.,0.));
#1911 = PCURVE('',#1063,#1912);
#1912 = DEFINITIONAL_REPRESENTATION('',(#1913),#1921);
#1913 = ( BOUNDED_CURVE() B_SPLINE_CURVE(2,(#1914,#1915,#1916,#1917,
#1918,#1919,#1920),.UNSPECIFIED.,.T.,.F.) B_SPLINE_CURVE_WITH_KNOTS((1,2
    ,2,2,2,1),(-2.094395102393,0.,2.094395102393,4.188790204786,
6.28318530718,8.377580409573),.UNSPECIFIED.) CURVE() 
GEOMETRIC_REPRESENTATION_ITEM() RATIONAL_B_SPLINE_CURVE((1.,0.5,1.,0.5,
1.,0.5,1.)) REPRESENTATION_ITEM('') );
#1914 = CARTESIAN_POINT('',(2.25,0.));
#1915 = CARTESIAN_POINT('',(2.25,-3.89711431703));
#1916 = CARTESIAN_POINT('',(-1.125,-1.948557158515));
#1917 = CARTESIAN_POINT('',(-4.5,-5.510910596163E-16));
#1918 = CARTESIAN_POINT('',(-1.125,1.948557158515));
#1919 = CARTESIAN_POINT('',(2.25,3.89711431703));
#1920 = CARTESIAN_POINT('',(2.25,0.));
#1921 = ( GEOMETRIC_REPRESENTATION_CONTEXT(2) 
PARAMETRIC_REPRESENTATION_CONTEXT() REPRESENTATION_CONTEXT('2D SPACE',''
  ) );
#1922 = PCURVE('',#1923,#1928);
#1923 = CYLINDRICAL_SURFACE('',#1924,2.25);
#1924 = AXIS2_PLACEMENT_3D('',#1925,#1926,#1927);
#1925 = CARTESIAN_POINT('',(-10.5,-18.18653347947,176.));
#1926 = DIRECTION('',(-0.,-0.,-1.));
#1927 = DIRECTION('',(1.,0.,0.));
#1928 = DEFINITIONAL_REPRESENTATION('',(#1929),#1933);
#1929 = LINE('',#1930,#1931);
#1930 = CARTESIAN_POINT('',(-6.28318530718,-4.));
#1931 = VECTOR('',#1932,1.);
#1932 = DIRECTION('',(1.,-0.));
#1933 = ( GEOMETRIC_REPRESENTATION_CONTEXT(2) 
PARAMETRIC_REPRESENTATION_CONTEXT() REPRESENTATION_CONTEXT('2D SPACE',''
  ) );
#1934 = ADVANCED_FACE('',(#1935,#2156),#1241,.T.);
#1935 = FACE_BOUND('',#1936,.T.);
#1936 = EDGE_LOOP('',(#1937,#1967,#1988,#1989,#2012,#2040,#2061,#2062,
    #2085,#2113,#2134,#2135));
#1937 = ORIENTED_EDGE('',*,*,#1938,.T.);
#1938 = EDGE_CURVE('',#1939,#1941,#1943,.T.);
#1939 = VERTEX_POINT('',#1940);
#1940 = CARTESIAN_POINT('',(12.5,-4.5,180.));
#1941 = VERTEX_POINT('',#1942);
#1942 = CARTESIAN_POINT('',(12.5,4.5,180.));
#1943 = SURFACE_CURVE('',#1944,(#1948,#1955),.PCURVE_S1.);
#1944 = LINE('',#1945,#1946);
#1945 = CARTESIAN_POINT('',(12.5,-4.5,180.));
#1946 = VECTOR('',#1947,1.);
#1947 = DIRECTION('',(0.,1.,0.));
#1948 = PCURVE('',#1241,#1949);
#1949 = DEFINITIONAL_REPRESENTATION('',(#1950),#1954);
#1950 = LINE('',#1951,#1952);
#1951 = CARTESIAN_POINT('',(12.5,-4.5));
#1952 = VECTOR('',#1953,1.);
#1953 = DIRECTION('',(0.,1.));
#1954 = ( GEOMETRIC_REPRESENTATION_CONTEXT(2) 
PARAMETRIC_REPRESENTATION_CONTEXT() REPRESENTATION_CONTEXT('2D SPACE',''
  ) );
#1955 = PCURVE('',#1956,#1961);
#1956 = PLANE('',#1957);
#1957 = AXIS2_PLACEMENT_3D('',#1958,#1959,#1960);
#1958 = CARTESIAN_POINT('',(12.5,-4.5,180.));
#1959 = DIRECTION('',(1.,0.,0.));
#1960 = DIRECTION('',(0.,0.,1.));
#1961 = DEFINITIONAL_REPRESENTATION('',(#1962),#1966);
#1962 = LINE('',#1963,#1964);
#1963 = CARTESIAN_POINT('',(0.,0.));
#1964 = VECTOR('',#1965,1.);
#1965 = DIRECTION('',(0.,-1.));
#1966 = ( GEOMETRIC_REPRESENTATION_CONTEXT(2) 
PARAMETRIC_REPRESENTATION_CONTEXT() REPRESENTATION_CONTEXT('2D SPACE',''
  ) );
#1967 = ORIENTED_EDGE('',*,*,#1968,.T.);
#1968 = EDGE_CURVE('',#1941,#1281,#1969,.T.);
#1969 = SURFACE_CURVE('',#1970,(#1974,#1981),.PCURVE_S1.);
#1970 = LINE('',#1971,#1972);
#1971 = CARTESIAN_POINT('',(12.5,4.5,180.));
#1972 = VECTOR('',#1973,1.);
#1973 = DIRECTION('',(1.,0.,0.));
#1974 = PCURVE('',#1241,#1975);
#1975 = DEFINITIONAL_REPRESENTATION('',(#1976),#1980);
#1976 = LINE('',#1977,#1978);
#1977 = CARTESIAN_POINT('',(12.5,4.5));
#1978 = VECTOR('',#1979,1.);
#1979 = DIRECTION('',(1.,0.));
#1980 = ( GEOMETRIC_REPRESENTATION_CONTEXT(2) 
PARAMETRIC_REPRESENTATION_CONTEXT() REPRESENTATION_CONTEXT('2D SPACE',''
  ) );
#1981 = PCURVE('',#1537,#1982);
#1982 = DEFINITIONAL_REPRESENTATION('',(#1983),#1987);
#1983 = LINE('',#1984,#1985);
#1984 = CARTESIAN_POINT('',(0.,0.));
#1985 = VECTOR('',#1986,1.);
#1986 = DIRECTION('',(0.,1.));
#1987 = ( GEOMETRIC_REPRESENTATION_CONTEXT(2) 
PARAMETRIC_REPRESENTATION_CONTEXT() REPRESENTATION_CONTEXT('2D SPACE',''
  ) );
#1988 = ORIENTED_EDGE('',*,*,#1304,.T.);
#1989 = ORIENTED_EDGE('',*,*,#1990,.F.);
#1990 = EDGE_CURVE('',#1991,#1305,#1993,.T.);
#1991 = VERTEX_POINT('',#1992);
#1992 = CARTESIAN_POINT('',(-2.35288568297,13.075317547305,180.));
#1993 = SURFACE_CURVE('',#1994,(#1998,#2005),.PCURVE_S1.);
#1994 = LINE('',#1995,#1996);
#1995 = CARTESIAN_POINT('',(-2.35288568297,13.075317547305,180.));
#1996 = VECTOR('',#1997,1.);
#1997 = DIRECTION('',(-0.5,0.866025403784,0.));
#1998 = PCURVE('',#1241,#1999);
#1999 = DEFINITIONAL_REPRESENTATION('',(#2000),#2004);
#2000 = LINE('',#2001,#2002);
#2001 = CARTESIAN_POINT('',(-2.35288568297,13.075317547305));
#2002 = VECTOR('',#2003,1.);
#2003 = DIRECTION('',(-0.5,0.866025403784));
#2004 = ( GEOMETRIC_REPRESENTATION_CONTEXT(2) 
PARAMETRIC_REPRESENTATION_CONTEXT() REPRESENTATION_CONTEXT('2D SPACE',''
  ) );
#2005 = PCURVE('',#1606,#2006);
#2006 = DEFINITIONAL_REPRESENTATION('',(#2007),#2011);
#2007 = LINE('',#2008,#2009);
#2008 = CARTESIAN_POINT('',(0.,0.));
#2009 = VECTOR('',#2010,1.);
#2010 = DIRECTION('',(0.,1.));
#2011 = ( GEOMETRIC_REPRESENTATION_CONTEXT(2) 
PARAMETRIC_REPRESENTATION_CONTEXT() REPRESENTATION_CONTEXT('2D SPACE',''
  ) );
#2012 = ORIENTED_EDGE('',*,*,#2013,.T.);
#2013 = EDGE_CURVE('',#1991,#2014,#2016,.T.);
#2014 = VERTEX_POINT('',#2015);
#2015 = CARTESIAN_POINT('',(-10.14711431703,8.575317547305,180.));
#2016 = SURFACE_CURVE('',#2017,(#2021,#2028),.PCURVE_S1.);
#2017 = LINE('',#2018,#2019);
#2018 = CARTESIAN_POINT('',(-2.35288568297,13.075317547305,180.));
#2019 = VECTOR('',#2020,1.);
#2020 = DIRECTION('',(-0.866025403784,-0.5,0.));
#2021 = PCURVE('',#1241,#2022);
#2022 = DEFINITIONAL_REPRESENTATION('',(#2023),#2027);
#2023 = LINE('',#2024,#2025);
#2024 = CARTESIAN_POINT('',(-2.35288568297,13.075317547305));
#2025 = VECTOR('',#2026,1.);
#2026 = DIRECTION('',(-0.866025403784,-0.5));
#2027 = ( GEOMETRIC_REPRESENTATION_CONTEXT(2) 
PARAMETRIC_REPRESENTATION_CONTEXT() REPRESENTATION_CONTEXT('2D SPACE',''
  ) );
#2028 = PCURVE('',#2029,#2034);
#2029 = PLANE('',#2030);
#2030 = AXIS2_PLACEMENT_3D('',#2031,#2032,#2033);
#2031 = CARTESIAN_POINT('',(-2.35288568297,13.075317547305,180.));
#2032 = DIRECTION('',(-0.5,0.866025403784,0.));
#2033 = DIRECTION('',(0.,0.,1.));
#2034 = DEFINITIONAL_REPRESENTATION('',(#2035),#2039);
#2035 = LINE('',#2036,#2037);
#2036 = CARTESIAN_POINT('',(0.,0.));
#2037 = VECTOR('',#2038,1.);
#2038 = DIRECTION('',(0.,-1.));
#2039 = ( GEOMETRIC_REPRESENTATION_CONTEXT(2) 
PARAMETRIC_REPRESENTATION_CONTEXT() REPRESENTATION_CONTEXT('2D SPACE',''
  ) );
#2040 = ORIENTED_EDGE('',*,*,#2041,.T.);
#2041 = EDGE_CURVE('',#2014,#1647,#2042,.T.);
#2042 = SURFACE_CURVE('',#2043,(#2047,#2054),.PCURVE_S1.);
#2043 = LINE('',#2044,#2045);
#2044 = CARTESIAN_POINT('',(-10.14711431703,8.575317547305,180.));
#2045 = VECTOR('',#2046,1.);
#2046 = DIRECTION('',(-0.5,0.866025403784,0.));
#2047 = PCURVE('',#1241,#2048);
#2048 = DEFINITIONAL_REPRESENTATION('',(#2049),#2053);
#2049 = LINE('',#2050,#2051);
#2050 = CARTESIAN_POINT('',(-10.14711431703,8.575317547305));
#2051 = VECTOR('',#2052,1.);
#2052 = DIRECTION('',(-0.5,0.866025403784));
#2053 = ( GEOMETRIC_REPRESENTATION_CONTEXT(2) 
PARAMETRIC_REPRESENTATION_CONTEXT() REPRESENTATION_CONTEXT('2D SPACE',''
  ) );
#2054 = PCURVE('',#1662,#2055);
#2055 = DEFINITIONAL_REPRESENTATION('',(#2056),#2060);
#2056 = LINE('',#2057,#2058);
#2057 = CARTESIAN_POINT('',(0.,0.));
#2058 = VECTOR('',#2059,1.);
#2059 = DIRECTION('',(0.,1.));
#2060 = ( GEOMETRIC_REPRESENTATION_CONTEXT(2) 
PARAMETRIC_REPRESENTATION_CONTEXT() REPRESENTATION_CONTEXT('2D SPACE',''
  ) );
#2061 = ORIENTED_EDGE('',*,*,#1758,.T.);
#2062 = ORIENTED_EDGE('',*,*,#2063,.F.);
#2063 = EDGE_CURVE('',#2064,#1759,#2066,.T.);
#2064 = VERTEX_POINT('',#2065);
#2065 = CARTESIAN_POINT('',(-10.14711431703,-8.575317547305,180.));
#2066 = SURFACE_CURVE('',#2067,(#2071,#2078),.PCURVE_S1.);
#2067 = LINE('',#2068,#2069);
#2068 = CARTESIAN_POINT('',(-10.14711431703,-8.575317547305,180.));
#2069 = VECTOR('',#2070,1.);
#2070 = DIRECTION('',(-0.5,-0.866025403784,0.));
#2071 = PCURVE('',#1241,#2072);
#2072 = DEFINITIONAL_REPRESENTATION('',(#2073),#2077);
#2073 = LINE('',#2074,#2075);
#2074 = CARTESIAN_POINT('',(-10.14711431703,-8.575317547305));
#2075 = VECTOR('',#2076,1.);
#2076 = DIRECTION('',(-0.5,-0.866025403784));
#2077 = ( GEOMETRIC_REPRESENTATION_CONTEXT(2) 
PARAMETRIC_REPRESENTATION_CONTEXT() REPRESENTATION_CONTEXT('2D SPACE',''
  ) );
#2078 = PCURVE('',#1833,#2079);
#2079 = DEFINITIONAL_REPRESENTATION('',(#2080),#2084);
#2080 = LINE('',#2081,#2082);
#2081 = CARTESIAN_POINT('',(0.,0.));
#2082 = VECTOR('',#2083,1.);
#2083 = DIRECTION('',(0.,1.));
#2084 = ( GEOMETRIC_REPRESENTATION_CONTEXT(2) 
PARAMETRIC_REPRESENTATION_CONTEXT() REPRESENTATION_CONTEXT('2D SPACE',''
  ) );
#2085 = ORIENTED_EDGE('',*,*,#2086,.T.);
#2086 = EDGE_CURVE('',#2064,#2087,#2089,.T.);
#2087 = VERTEX_POINT('',#2088);
#2088 = CARTESIAN_POINT('',(-2.35288568297,-13.0753175473,180.));
#2089 = SURFACE_CURVE('',#2090,(#2094,#2101),.PCURVE_S1.);
#2090 = LINE('',#2091,#2092);
#2091 = CARTESIAN_POINT('',(-10.14711431703,-8.575317547305,180.));
#2092 = VECTOR('',#2093,1.);
#2093 = DIRECTION('',(0.866025403784,-0.5,0.));
#2094 = PCURVE('',#1241,#2095);
#2095 = DEFINITIONAL_REPRESENTATION('',(#2096),#2100);
#2096 = LINE('',#2097,#2098);
#2097 = CARTESIAN_POINT('',(-10.14711431703,-8.575317547305));
#2098 = VECTOR('',#2099,1.);
#2099 = DIRECTION('',(0.866025403784,-0.5));
#2100 = ( GEOMETRIC_REPRESENTATION_CONTEXT(2) 
PARAMETRIC_REPRESENTATION_CONTEXT() REPRESENTATION_CONTEXT('2D SPACE',''
  ) );
#2101 = PCURVE('',#2102,#2107);
#2102 = PLANE('',#2103);
#2103 = AXIS2_PLACEMENT_3D('',#2104,#2105,#2106);
#2104 = CARTESIAN_POINT('',(-10.14711431703,-8.575317547305,180.));
#2105 = DIRECTION('',(-0.5,-0.866025403784,0.));
#2106 = DIRECTION('',(0.,0.,1.));
#2107 = DEFINITIONAL_REPRESENTATION('',(#2108),#2112);
#2108 = LINE('',#2109,#2110);
#2109 = CARTESIAN_POINT('',(0.,0.));
#2110 = VECTOR('',#2111,1.);
#2111 = DIRECTION('',(0.,-1.));
#2112 = ( GEOMETRIC_REPRESENTATION_CONTEXT(2) 
PARAMETRIC_REPRESENTATION_CONTEXT() REPRESENTATION_CONTEXT('2D SPACE',''
  ) );
#2113 = ORIENTED_EDGE('',*,*,#2114,.T.);
#2114 = EDGE_CURVE('',#2087,#1393,#2115,.T.);
#2115 = SURFACE_CURVE('',#2116,(#2120,#2127),.PCURVE_S1.);
#2116 = LINE('',#2117,#2118);
#2117 = CARTESIAN_POINT('',(-2.35288568297,-13.0753175473,180.));
#2118 = VECTOR('',#2119,1.);
#2119 = DIRECTION('',(-0.5,-0.866025403784,0.));
#2120 = PCURVE('',#1241,#2121);
#2121 = DEFINITIONAL_REPRESENTATION('',(#2122),#2126);
#2122 = LINE('',#2123,#2124);
#2123 = CARTESIAN_POINT('',(-2.35288568297,-13.0753175473));
#2124 = VECTOR('',#2125,1.);
#2125 = DIRECTION('',(-0.5,-0.866025403784));
#2126 = ( GEOMETRIC_REPRESENTATION_CONTEXT(2) 
PARAMETRIC_REPRESENTATION_CONTEXT() REPRESENTATION_CONTEXT('2D SPACE',''
  ) );
#2127 = PCURVE('',#1887,#2128);
#2128 = DEFINITIONAL_REPRESENTATION('',(#2129),#2133);
#2129 = LINE('',#2130,#2131);
#2130 = CARTESIAN_POINT('',(0.,0.));
#2131 = VECTOR('',#2132,1.);
#2132 = DIRECTION('',(0.,1.));
#2133 = ( GEOMETRIC_REPRESENTATION_CONTEXT(2) 
PARAMETRIC_REPRESENTATION_CONTEXT() REPRESENTATION_CONTEXT('2D SPACE',''
  ) );
#2134 = ORIENTED_EDGE('',*,*,#1416,.T.);
#2135 = ORIENTED_EDGE('',*,*,#2136,.F.);
#2136 = EDGE_CURVE('',#1939,#1417,#2137,.T.);
#2137 = SURFACE_CURVE('',#2138,(#2142,#2149),.PCURVE_S1.);
#2138 = LINE('',#2139,#2140);
#2139 = CARTESIAN_POINT('',(12.5,-4.5,180.));
#2140 = VECTOR('',#2141,1.);
#2141 = DIRECTION('',(1.,0.,0.));
#2142 = PCURVE('',#1241,#2143);
#2143 = DEFINITIONAL_REPRESENTATION('',(#2144),#2148);
#2144 = LINE('',#2145,#2146);
#2145 = CARTESIAN_POINT('',(12.5,-4.5));
#2146 = VECTOR('',#2147,1.);
#2147 = DIRECTION('',(1.,0.));
#2148 = ( GEOMETRIC_REPRESENTATION_CONTEXT(2) 
PARAMETRIC_REPRESENTATION_CONTEXT() REPRESENTATION_CONTEXT('2D SPACE',''
  ) );
#2149 = PCURVE('',#1483,#2150);
#2150 = DEFINITIONAL_REPRESENTATION('',(#2151),#2155);
#2151 = LINE('',#2152,#2153);
#2152 = CARTESIAN_POINT('',(0.,0.));
#2153 = VECTOR('',#2154,1.);
#2154 = DIRECTION('',(0.,1.));
#2155 = ( GEOMETRIC_REPRESENTATION_CONTEXT(2) 
PARAMETRIC_REPRESENTATION_CONTEXT() REPRESENTATION_CONTEXT('2D SPACE',''
  ) );
#2156 = FACE_BOUND('',#2157,.T.);
#2157 = EDGE_LOOP('',(#2158));
#2158 = ORIENTED_EDGE('',*,*,#1226,.F.);
#2159 = ADVANCED_FACE('',(#2160),#1956,.F.);
#2160 = FACE_BOUND('',#2161,.F.);
#2161 = EDGE_LOOP('',(#2162,#2185,#2186,#2209));
#2162 = ORIENTED_EDGE('',*,*,#2163,.F.);
#2163 = EDGE_CURVE('',#1939,#2164,#2166,.T.);
#2164 = VERTEX_POINT('',#2165);
#2165 = CARTESIAN_POINT('',(12.5,-4.5,183.));
#2166 = SURFACE_CURVE('',#2167,(#2171,#2178),.PCURVE_S1.);
#2167 = LINE('',#2168,#2169);
#2168 = CARTESIAN_POINT('',(12.5,-4.5,180.));
#2169 = VECTOR('',#2170,1.);
#2170 = DIRECTION('',(0.,0.,1.));
#2171 = PCURVE('',#1956,#2172);
#2172 = DEFINITIONAL_REPRESENTATION('',(#2173),#2177);
#2173 = LINE('',#2174,#2175);
#2174 = CARTESIAN_POINT('',(0.,0.));
#2175 = VECTOR('',#2176,1.);
#2176 = DIRECTION('',(1.,0.));
#2177 = ( GEOMETRIC_REPRESENTATION_CONTEXT(2) 
PARAMETRIC_REPRESENTATION_CONTEXT() REPRESENTATION_CONTEXT('2D SPACE',''
  ) );
#2178 = PCURVE('',#1483,#2179);
#2179 = DEFINITIONAL_REPRESENTATION('',(#2180),#2184);
#2180 = LINE('',#2181,#2182);
#2181 = CARTESIAN_POINT('',(0.,0.));
#2182 = VECTOR('',#2183,1.);
#2183 = DIRECTION('',(1.,0.));
#2184 = ( GEOMETRIC_REPRESENTATION_CONTEXT(2) 
PARAMETRIC_REPRESENTATION_CONTEXT() REPRESENTATION_CONTEXT('2D SPACE',''
  ) );
#2185 = ORIENTED_EDGE('',*,*,#1938,.T.);
#2186 = ORIENTED_EDGE('',*,*,#2187,.T.);
#2187 = EDGE_CURVE('',#1941,#2188,#2190,.T.);
#2188 = VERTEX_POINT('',#2189);
#2189 = CARTESIAN_POINT('',(12.5,4.5,183.));
#2190 = SURFACE_CURVE('',#2191,(#2195,#2202),.PCURVE_S1.);
#2191 = LINE('',#2192,#2193);
#2192 = CARTESIAN_POINT('',(12.5,4.5,180.));
#2193 = VECTOR('',#2194,1.);
#2194 = DIRECTION('',(0.,0.,1.));
#2195 = PCURVE('',#1956,#2196);
#2196 = DEFINITIONAL_REPRESENTATION('',(#2197),#2201);
#2197 = LINE('',#2198,#2199);
#2198 = CARTESIAN_POINT('',(0.,-9.));
#2199 = VECTOR('',#2200,1.);
#2200 = DIRECTION('',(1.,0.));
#2201 = ( GEOMETRIC_REPRESENTATION_CONTEXT(2) 
PARAMETRIC_REPRESENTATION_CONTEXT() REPRESENTATION_CONTEXT('2D SPACE',''
  ) );
#2202 = PCURVE('',#1537,#2203);
#2203 = DEFINITIONAL_REPRESENTATION('',(#2204),#2208);
#2204 = LINE('',#2205,#2206);
#2205 = CARTESIAN_POINT('',(0.,0.));
#2206 = VECTOR('',#2207,1.);
#2207 = DIRECTION('',(1.,0.));
#2208 = ( GEOMETRIC_REPRESENTATION_CONTEXT(2) 
PARAMETRIC_REPRESENTATION_CONTEXT() REPRESENTATION_CONTEXT('2D SPACE',''
  ) );
#2209 = ORIENTED_EDGE('',*,*,#2210,.F.);
#2210 = EDGE_CURVE('',#2164,#2188,#2211,.T.);
#2211 = SURFACE_CURVE('',#2212,(#2216,#2223),.PCURVE_S1.);
#2212 = LINE('',#2213,#2214);
#2213 = CARTESIAN_POINT('',(12.5,-4.5,183.));
#2214 = VECTOR('',#2215,1.);
#2215 = DIRECTION('',(0.,1.,0.));
#2216 = PCURVE('',#1956,#2217);
#2217 = DEFINITIONAL_REPRESENTATION('',(#2218),#2222);
#2218 = LINE('',#2219,#2220);
#2219 = CARTESIAN_POINT('',(3.,0.));
#2220 = VECTOR('',#2221,1.);
#2221 = DIRECTION('',(0.,-1.));
#2222 = ( GEOMETRIC_REPRESENTATION_CONTEXT(2) 
PARAMETRIC_REPRESENTATION_CONTEXT() REPRESENTATION_CONTEXT('2D SPACE',''
  ) );
#2223 = PCURVE('',#2224,#2229);
#2224 = PLANE('',#2225);
#2225 = AXIS2_PLACEMENT_3D('',#2226,#2227,#2228);
#2226 = CARTESIAN_POINT('',(12.5,-4.5,183.));
#2227 = DIRECTION('',(0.,0.,1.));
#2228 = DIRECTION('',(1.,0.,0.));
#2229 = DEFINITIONAL_REPRESENTATION('',(#2230),#2234);
#2230 = LINE('',#2231,#2232);
#2231 = CARTESIAN_POINT('',(0.,0.));
#2232 = VECTOR('',#2233,1.);
#2233 = DIRECTION('',(0.,1.));
#2234 = ( GEOMETRIC_REPRESENTATION_CONTEXT(2) 
PARAMETRIC_REPRESENTATION_CONTEXT() REPRESENTATION_CONTEXT('2D SPACE',''
  ) );
#2235 = ADVANCED_FACE('',(#2236),#1483,.F.);
#2236 = FACE_BOUND('',#2237,.F.);
#2237 = EDGE_LOOP('',(#2238,#2239,#2240,#2263,#2284));
#2238 = ORIENTED_EDGE('',*,*,#2136,.F.);
#2239 = ORIENTED_EDGE('',*,*,#2163,.T.);
#2240 = ORIENTED_EDGE('',*,*,#2241,.T.);
#2241 = EDGE_CURVE('',#2164,#2242,#2244,.T.);
#2242 = VERTEX_POINT('',#2243);
#2243 = CARTESIAN_POINT('',(25.5,-4.5,183.));
#2244 = SURFACE_CURVE('',#2245,(#2249,#2256),.PCURVE_S1.);
#2245 = LINE('',#2246,#2247);
#2246 = CARTESIAN_POINT('',(12.5,-4.5,183.));
#2247 = VECTOR('',#2248,1.);
#2248 = DIRECTION('',(1.,0.,0.));
#2249 = PCURVE('',#1483,#2250);
#2250 = DEFINITIONAL_REPRESENTATION('',(#2251),#2255);
#2251 = LINE('',#2252,#2253);
#2252 = CARTESIAN_POINT('',(3.,0.));
#2253 = VECTOR('',#2254,1.);
#2254 = DIRECTION('',(0.,1.));
#2255 = ( GEOMETRIC_REPRESENTATION_CONTEXT(2) 
PARAMETRIC_REPRESENTATION_CONTEXT() REPRESENTATION_CONTEXT('2D SPACE',''
  ) );
#2256 = PCURVE('',#2224,#2257);
#2257 = DEFINITIONAL_REPRESENTATION('',(#2258),#2262);
#2258 = LINE('',#2259,#2260);
#2259 = CARTESIAN_POINT('',(0.,0.));
#2260 = VECTOR('',#2261,1.);
#2261 = DIRECTION('',(1.,0.));
#2262 = ( GEOMETRIC_REPRESENTATION_CONTEXT(2) 
PARAMETRIC_REPRESENTATION_CONTEXT() REPRESENTATION_CONTEXT('2D SPACE',''
  ) );
#2263 = ORIENTED_EDGE('',*,*,#2264,.F.);
#2264 = EDGE_CURVE('',#1468,#2242,#2265,.T.);
#2265 = SURFACE_CURVE('',#2266,(#2270,#2277),.PCURVE_S1.);
#2266 = LINE('',#2267,#2268);
#2267 = CARTESIAN_POINT('',(25.5,-4.5,180.));
#2268 = VECTOR('',#2269,1.);
#2269 = DIRECTION('',(0.,0.,1.));
#2270 = PCURVE('',#1483,#2271);
#2271 = DEFINITIONAL_REPRESENTATION('',(#2272),#2276);
#2272 = LINE('',#2273,#2274);
#2273 = CARTESIAN_POINT('',(0.,13.));
#2274 = VECTOR('',#2275,1.);
#2275 = DIRECTION('',(1.,0.));
#2276 = ( GEOMETRIC_REPRESENTATION_CONTEXT(2) 
PARAMETRIC_REPRESENTATION_CONTEXT() REPRESENTATION_CONTEXT('2D SPACE',''
  ) );
#2277 = PCURVE('',#1511,#2278);
#2278 = DEFINITIONAL_REPRESENTATION('',(#2279),#2283);
#2279 = LINE('',#2280,#2281);
#2280 = CARTESIAN_POINT('',(0.,0.));
#2281 = VECTOR('',#2282,1.);
#2282 = DIRECTION('',(1.,0.));
#2283 = ( GEOMETRIC_REPRESENTATION_CONTEXT(2) 
PARAMETRIC_REPRESENTATION_CONTEXT() REPRESENTATION_CONTEXT('2D SPACE',''
  ) );
#2284 = ORIENTED_EDGE('',*,*,#1467,.T.);
#2285 = ADVANCED_FACE('',(#2286),#1887,.T.);
#2286 = FACE_BOUND('',#2287,.T.);
#2287 = EDGE_LOOP('',(#2288,#2289,#2312,#2340,#2361));
#2288 = ORIENTED_EDGE('',*,*,#2114,.F.);
#2289 = ORIENTED_EDGE('',*,*,#2290,.T.);
#2290 = EDGE_CURVE('',#2087,#2291,#2293,.T.);
#2291 = VERTEX_POINT('',#2292);
#2292 = CARTESIAN_POINT('',(-2.35288568297,-13.0753175473,183.));
#2293 = SURFACE_CURVE('',#2294,(#2298,#2305),.PCURVE_S1.);
#2294 = LINE('',#2295,#2296);
#2295 = CARTESIAN_POINT('',(-2.35288568297,-13.0753175473,180.));
#2296 = VECTOR('',#2297,1.);
#2297 = DIRECTION('',(0.,0.,1.));
#2298 = PCURVE('',#1887,#2299);
#2299 = DEFINITIONAL_REPRESENTATION('',(#2300),#2304);
#2300 = LINE('',#2301,#2302);
#2301 = CARTESIAN_POINT('',(0.,0.));
#2302 = VECTOR('',#2303,1.);
#2303 = DIRECTION('',(1.,0.));
#2304 = ( GEOMETRIC_REPRESENTATION_CONTEXT(2) 
PARAMETRIC_REPRESENTATION_CONTEXT() REPRESENTATION_CONTEXT('2D SPACE',''
  ) );
#2305 = PCURVE('',#2102,#2306);
#2306 = DEFINITIONAL_REPRESENTATION('',(#2307),#2311);
#2307 = LINE('',#2308,#2309);
#2308 = CARTESIAN_POINT('',(0.,-9.));
#2309 = VECTOR('',#2310,1.);
#2310 = DIRECTION('',(1.,0.));
#2311 = ( GEOMETRIC_REPRESENTATION_CONTEXT(2) 
PARAMETRIC_REPRESENTATION_CONTEXT() REPRESENTATION_CONTEXT('2D SPACE',''
  ) );
#2312 = ORIENTED_EDGE('',*,*,#2313,.T.);
#2313 = EDGE_CURVE('',#2291,#2314,#2316,.T.);
#2314 = VERTEX_POINT('',#2315);
#2315 = CARTESIAN_POINT('',(-8.85288568297,-24.3336477965,183.));
#2316 = SURFACE_CURVE('',#2317,(#2321,#2328),.PCURVE_S1.);
#2317 = LINE('',#2318,#2319);
#2318 = CARTESIAN_POINT('',(-2.35288568297,-13.0753175473,183.));
#2319 = VECTOR('',#2320,1.);
#2320 = DIRECTION('',(-0.5,-0.866025403784,0.));
#2321 = PCURVE('',#1887,#2322);
#2322 = DEFINITIONAL_REPRESENTATION('',(#2323),#2327);
#2323 = LINE('',#2324,#2325);
#2324 = CARTESIAN_POINT('',(3.,0.));
#2325 = VECTOR('',#2326,1.);
#2326 = DIRECTION('',(0.,1.));
#2327 = ( GEOMETRIC_REPRESENTATION_CONTEXT(2) 
PARAMETRIC_REPRESENTATION_CONTEXT() REPRESENTATION_CONTEXT('2D SPACE',''
  ) );
#2328 = PCURVE('',#2329,#2334);
#2329 = PLANE('',#2330);
#2330 = AXIS2_PLACEMENT_3D('',#2331,#2332,#2333);
#2331 = CARTESIAN_POINT('',(-10.14711431703,-8.575317547305,183.));
#2332 = DIRECTION('',(0.,0.,1.));
#2333 = DIRECTION('',(-0.5,-0.866025403784,0.));
#2334 = DEFINITIONAL_REPRESENTATION('',(#2335),#2339);
#2335 = LINE('',#2336,#2337);
#2336 = CARTESIAN_POINT('',(0.,9.));
#2337 = VECTOR('',#2338,1.);
#2338 = DIRECTION('',(1.,0.));
#2339 = ( GEOMETRIC_REPRESENTATION_CONTEXT(2) 
PARAMETRIC_REPRESENTATION_CONTEXT() REPRESENTATION_CONTEXT('2D SPACE',''
  ) );
#2340 = ORIENTED_EDGE('',*,*,#2341,.F.);
#2341 = EDGE_CURVE('',#1846,#2314,#2342,.T.);
#2342 = SURFACE_CURVE('',#2343,(#2347,#2354),.PCURVE_S1.);
#2343 = LINE('',#2344,#2345);
#2344 = CARTESIAN_POINT('',(-8.85288568297,-24.3336477965,180.));
#2345 = VECTOR('',#2346,1.);
#2346 = DIRECTION('',(0.,0.,1.));
#2347 = PCURVE('',#1887,#2348);
#2348 = DEFINITIONAL_REPRESENTATION('',(#2349),#2353);
#2349 = LINE('',#2350,#2351);
#2350 = CARTESIAN_POINT('',(0.,13.));
#2351 = VECTOR('',#2352,1.);
#2352 = DIRECTION('',(1.,0.));
#2353 = ( GEOMETRIC_REPRESENTATION_CONTEXT(2) 
PARAMETRIC_REPRESENTATION_CONTEXT() REPRESENTATION_CONTEXT('2D SPACE',''
  ) );
#2354 = PCURVE('',#1861,#2355);
#2355 = DEFINITIONAL_REPRESENTATION('',(#2356),#2360);
#2356 = LINE('',#2357,#2358);
#2357 = CARTESIAN_POINT('',(0.,-9.));
#2358 = VECTOR('',#2359,1.);
#2359 = DIRECTION('',(1.,0.));
#2360 = ( GEOMETRIC_REPRESENTATION_CONTEXT(2) 
PARAMETRIC_REPRESENTATION_CONTEXT() REPRESENTATION_CONTEXT('2D SPACE',''
  ) );
#2361 = ORIENTED_EDGE('',*,*,#1873,.F.);
#2362 = ADVANCED_FACE('',(#2363),#2102,.F.);
#2363 = FACE_BOUND('',#2364,.F.);
#2364 = EDGE_LOOP('',(#2365,#2388,#2389,#2390));
#2365 = ORIENTED_EDGE('',*,*,#2366,.F.);
#2366 = EDGE_CURVE('',#2064,#2367,#2369,.T.);
#2367 = VERTEX_POINT('',#2368);
#2368 = CARTESIAN_POINT('',(-10.14711431703,-8.575317547305,183.));
#2369 = SURFACE_CURVE('',#2370,(#2374,#2381),.PCURVE_S1.);
#2370 = LINE('',#2371,#2372);
#2371 = CARTESIAN_POINT('',(-10.14711431703,-8.575317547305,180.));
#2372 = VECTOR('',#2373,1.);
#2373 = DIRECTION('',(0.,0.,1.));
#2374 = PCURVE('',#2102,#2375);
#2375 = DEFINITIONAL_REPRESENTATION('',(#2376),#2380);
#2376 = LINE('',#2377,#2378);
#2377 = CARTESIAN_POINT('',(0.,0.));
#2378 = VECTOR('',#2379,1.);
#2379 = DIRECTION('',(1.,0.));
#2380 = ( GEOMETRIC_REPRESENTATION_CONTEXT(2) 
PARAMETRIC_REPRESENTATION_CONTEXT() REPRESENTATION_CONTEXT('2D SPACE',''
  ) );
#2381 = PCURVE('',#1833,#2382);
#2382 = DEFINITIONAL_REPRESENTATION('',(#2383),#2387);
#2383 = LINE('',#2384,#2385);
#2384 = CARTESIAN_POINT('',(0.,0.));
#2385 = VECTOR('',#2386,1.);
#2386 = DIRECTION('',(1.,0.));
#2387 = ( GEOMETRIC_REPRESENTATION_CONTEXT(2) 
PARAMETRIC_REPRESENTATION_CONTEXT() REPRESENTATION_CONTEXT('2D SPACE',''
  ) );
#2388 = ORIENTED_EDGE('',*,*,#2086,.T.);
#2389 = ORIENTED_EDGE('',*,*,#2290,.T.);
#2390 = ORIENTED_EDGE('',*,*,#2391,.F.);
#2391 = EDGE_CURVE('',#2367,#2291,#2392,.T.);
#2392 = SURFACE_CURVE('',#2393,(#2397,#2404),.PCURVE_S1.);
#2393 = LINE('',#2394,#2395);
#2394 = CARTESIAN_POINT('',(-10.14711431703,-8.575317547305,183.));
#2395 = VECTOR('',#2396,1.);
#2396 = DIRECTION('',(0.866025403784,-0.5,0.));
#2397 = PCURVE('',#2102,#2398);
#2398 = DEFINITIONAL_REPRESENTATION('',(#2399),#2403);
#2399 = LINE('',#2400,#2401);
#2400 = CARTESIAN_POINT('',(3.,0.));
#2401 = VECTOR('',#2402,1.);
#2402 = DIRECTION('',(0.,-1.));
#2403 = ( GEOMETRIC_REPRESENTATION_CONTEXT(2) 
PARAMETRIC_REPRESENTATION_CONTEXT() REPRESENTATION_CONTEXT('2D SPACE',''
  ) );
#2404 = PCURVE('',#2329,#2405);
#2405 = DEFINITIONAL_REPRESENTATION('',(#2406),#2410);
#2406 = LINE('',#2407,#2408);
#2407 = CARTESIAN_POINT('',(0.,0.));
#2408 = VECTOR('',#2409,1.);
#2409 = DIRECTION('',(0.,1.));
#2410 = ( GEOMETRIC_REPRESENTATION_CONTEXT(2) 
PARAMETRIC_REPRESENTATION_CONTEXT() REPRESENTATION_CONTEXT('2D SPACE',''
  ) );
#2411 = ADVANCED_FACE('',(#2412),#1833,.F.);
#2412 = FACE_BOUND('',#2413,.F.);
#2413 = EDGE_LOOP('',(#2414,#2415,#2416,#2439,#2460));
#2414 = ORIENTED_EDGE('',*,*,#2063,.F.);
#2415 = ORIENTED_EDGE('',*,*,#2366,.T.);
#2416 = ORIENTED_EDGE('',*,*,#2417,.T.);
#2417 = EDGE_CURVE('',#2367,#2418,#2420,.T.);
#2418 = VERTEX_POINT('',#2419);
#2419 = CARTESIAN_POINT('',(-16.64711431703,-19.8336477965,183.));
#2420 = SURFACE_CURVE('',#2421,(#2425,#2432),.PCURVE_S1.);
#2421 = LINE('',#2422,#2423);
#2422 = CARTESIAN_POINT('',(-10.14711431703,-8.575317547305,183.));
#2423 = VECTOR('',#2424,1.);
#2424 = DIRECTION('',(-0.5,-0.866025403784,0.));
#2425 = PCURVE('',#1833,#2426);
#2426 = DEFINITIONAL_REPRESENTATION('',(#2427),#2431);
#2427 = LINE('',#2428,#2429);
#2428 = CARTESIAN_POINT('',(3.,0.));
#2429 = VECTOR('',#2430,1.);
#2430 = DIRECTION('',(0.,1.));
#2431 = ( GEOMETRIC_REPRESENTATION_CONTEXT(2) 
PARAMETRIC_REPRESENTATION_CONTEXT() REPRESENTATION_CONTEXT('2D SPACE',''
  ) );
#2432 = PCURVE('',#2329,#2433);
#2433 = DEFINITIONAL_REPRESENTATION('',(#2434),#2438);
#2434 = LINE('',#2435,#2436);
#2435 = CARTESIAN_POINT('',(0.,0.));
#2436 = VECTOR('',#2437,1.);
#2437 = DIRECTION('',(1.,0.));
#2438 = ( GEOMETRIC_REPRESENTATION_CONTEXT(2) 
PARAMETRIC_REPRESENTATION_CONTEXT() REPRESENTATION_CONTEXT('2D SPACE',''
  ) );
#2439 = ORIENTED_EDGE('',*,*,#2440,.F.);
#2440 = EDGE_CURVE('',#1818,#2418,#2441,.T.);
#2441 = SURFACE_CURVE('',#2442,(#2446,#2453),.PCURVE_S1.);
#2442 = LINE('',#2443,#2444);
#2443 = CARTESIAN_POINT('',(-16.64711431703,-19.8336477965,180.));
#2444 = VECTOR('',#2445,1.);
#2445 = DIRECTION('',(0.,0.,1.));
#2446 = PCURVE('',#1833,#2447);
#2447 = DEFINITIONAL_REPRESENTATION('',(#2448),#2452);
#2448 = LINE('',#2449,#2450);
#2449 = CARTESIAN_POINT('',(0.,13.));
#2450 = VECTOR('',#2451,1.);
#2451 = DIRECTION('',(1.,0.));
#2452 = ( GEOMETRIC_REPRESENTATION_CONTEXT(2) 
PARAMETRIC_REPRESENTATION_CONTEXT() REPRESENTATION_CONTEXT('2D SPACE',''
  ) );
#2453 = PCURVE('',#1861,#2454);
#2454 = DEFINITIONAL_REPRESENTATION('',(#2455),#2459);
#2455 = LINE('',#2456,#2457);
#2456 = CARTESIAN_POINT('',(0.,0.));
#2457 = VECTOR('',#2458,1.);
#2458 = DIRECTION('',(1.,0.));
#2459 = ( GEOMETRIC_REPRESENTATION_CONTEXT(2) 
PARAMETRIC_REPRESENTATION_CONTEXT() REPRESENTATION_CONTEXT('2D SPACE',''
  ) );
#2460 = ORIENTED_EDGE('',*,*,#1817,.T.);
#2461 = ADVANCED_FACE('',(#2462),#1662,.T.);
#2462 = FACE_BOUND('',#2463,.T.);
#2463 = EDGE_LOOP('',(#2464,#2465,#2488,#2516,#2537));
#2464 = ORIENTED_EDGE('',*,*,#2041,.F.);
#2465 = ORIENTED_EDGE('',*,*,#2466,.T.);
#2466 = EDGE_CURVE('',#2014,#2467,#2469,.T.);
#2467 = VERTEX_POINT('',#2468);
#2468 = CARTESIAN_POINT('',(-10.14711431703,8.575317547305,183.));
#2469 = SURFACE_CURVE('',#2470,(#2474,#2481),.PCURVE_S1.);
#2470 = LINE('',#2471,#2472);
#2471 = CARTESIAN_POINT('',(-10.14711431703,8.575317547305,180.));
#2472 = VECTOR('',#2473,1.);
#2473 = DIRECTION('',(0.,0.,1.));
#2474 = PCURVE('',#1662,#2475);
#2475 = DEFINITIONAL_REPRESENTATION('',(#2476),#2480);
#2476 = LINE('',#2477,#2478);
#2477 = CARTESIAN_POINT('',(0.,0.));
#2478 = VECTOR('',#2479,1.);
#2479 = DIRECTION('',(1.,0.));
#2480 = ( GEOMETRIC_REPRESENTATION_CONTEXT(2) 
PARAMETRIC_REPRESENTATION_CONTEXT() REPRESENTATION_CONTEXT('2D SPACE',''
  ) );
#2481 = PCURVE('',#2029,#2482);
#2482 = DEFINITIONAL_REPRESENTATION('',(#2483),#2487);
#2483 = LINE('',#2484,#2485);
#2484 = CARTESIAN_POINT('',(0.,-9.));
#2485 = VECTOR('',#2486,1.);
#2486 = DIRECTION('',(1.,0.));
#2487 = ( GEOMETRIC_REPRESENTATION_CONTEXT(2) 
PARAMETRIC_REPRESENTATION_CONTEXT() REPRESENTATION_CONTEXT('2D SPACE',''
  ) );
#2488 = ORIENTED_EDGE('',*,*,#2489,.T.);
#2489 = EDGE_CURVE('',#2467,#2490,#2492,.T.);
#2490 = VERTEX_POINT('',#2491);
#2491 = CARTESIAN_POINT('',(-16.64711431703,19.833647796503,183.));
#2492 = SURFACE_CURVE('',#2493,(#2497,#2504),.PCURVE_S1.);
#2493 = LINE('',#2494,#2495);
#2494 = CARTESIAN_POINT('',(-10.14711431703,8.575317547305,183.));
#2495 = VECTOR('',#2496,1.);
#2496 = DIRECTION('',(-0.5,0.866025403784,0.));
#2497 = PCURVE('',#1662,#2498);
#2498 = DEFINITIONAL_REPRESENTATION('',(#2499),#2503);
#2499 = LINE('',#2500,#2501);
#2500 = CARTESIAN_POINT('',(3.,0.));
#2501 = VECTOR('',#2502,1.);
#2502 = DIRECTION('',(0.,1.));
#2503 = ( GEOMETRIC_REPRESENTATION_CONTEXT(2) 
PARAMETRIC_REPRESENTATION_CONTEXT() REPRESENTATION_CONTEXT('2D SPACE',''
  ) );
#2504 = PCURVE('',#2505,#2510);
#2505 = PLANE('',#2506);
#2506 = AXIS2_PLACEMENT_3D('',#2507,#2508,#2509);
#2507 = CARTESIAN_POINT('',(-2.35288568297,13.075317547305,183.));
#2508 = DIRECTION('',(0.,0.,1.));
#2509 = DIRECTION('',(-0.5,0.866025403784,0.));
#2510 = DEFINITIONAL_REPRESENTATION('',(#2511),#2515);
#2511 = LINE('',#2512,#2513);
#2512 = CARTESIAN_POINT('',(-2.6645352591E-15,9.));
#2513 = VECTOR('',#2514,1.);
#2514 = DIRECTION('',(1.,0.));
#2515 = ( GEOMETRIC_REPRESENTATION_CONTEXT(2) 
PARAMETRIC_REPRESENTATION_CONTEXT() REPRESENTATION_CONTEXT('2D SPACE',''
  ) );
#2516 = ORIENTED_EDGE('',*,*,#2517,.F.);
#2517 = EDGE_CURVE('',#1619,#2490,#2518,.T.);
#2518 = SURFACE_CURVE('',#2519,(#2523,#2530),.PCURVE_S1.);
#2519 = LINE('',#2520,#2521);
#2520 = CARTESIAN_POINT('',(-16.64711431703,19.833647796503,180.));
#2521 = VECTOR('',#2522,1.);
#2522 = DIRECTION('',(0.,0.,1.));
#2523 = PCURVE('',#1662,#2524);
#2524 = DEFINITIONAL_REPRESENTATION('',(#2525),#2529);
#2525 = LINE('',#2526,#2527);
#2526 = CARTESIAN_POINT('',(0.,13.));
#2527 = VECTOR('',#2528,1.);
#2528 = DIRECTION('',(1.,0.));
#2529 = ( GEOMETRIC_REPRESENTATION_CONTEXT(2) 
PARAMETRIC_REPRESENTATION_CONTEXT() REPRESENTATION_CONTEXT('2D SPACE',''
  ) );
#2530 = PCURVE('',#1634,#2531);
#2531 = DEFINITIONAL_REPRESENTATION('',(#2532),#2536);
#2532 = LINE('',#2533,#2534);
#2533 = CARTESIAN_POINT('',(0.,-9.));
#2534 = VECTOR('',#2535,1.);
#2535 = DIRECTION('',(1.,0.));
#2536 = ( GEOMETRIC_REPRESENTATION_CONTEXT(2) 
PARAMETRIC_REPRESENTATION_CONTEXT() REPRESENTATION_CONTEXT('2D SPACE',''
  ) );
#2537 = ORIENTED_EDGE('',*,*,#1646,.F.);
#2538 = ADVANCED_FACE('',(#2539),#2029,.F.);
#2539 = FACE_BOUND('',#2540,.F.);
#2540 = EDGE_LOOP('',(#2541,#2564,#2565,#2566));
#2541 = ORIENTED_EDGE('',*,*,#2542,.F.);
#2542 = EDGE_CURVE('',#1991,#2543,#2545,.T.);
#2543 = VERTEX_POINT('',#2544);
#2544 = CARTESIAN_POINT('',(-2.35288568297,13.075317547305,183.));
#2545 = SURFACE_CURVE('',#2546,(#2550,#2557),.PCURVE_S1.);
#2546 = LINE('',#2547,#2548);
#2547 = CARTESIAN_POINT('',(-2.35288568297,13.075317547305,180.));
#2548 = VECTOR('',#2549,1.);
#2549 = DIRECTION('',(0.,0.,1.));
#2550 = PCURVE('',#2029,#2551);
#2551 = DEFINITIONAL_REPRESENTATION('',(#2552),#2556);
#2552 = LINE('',#2553,#2554);
#2553 = CARTESIAN_POINT('',(0.,0.));
#2554 = VECTOR('',#2555,1.);
#2555 = DIRECTION('',(1.,0.));
#2556 = ( GEOMETRIC_REPRESENTATION_CONTEXT(2) 
PARAMETRIC_REPRESENTATION_CONTEXT() REPRESENTATION_CONTEXT('2D SPACE',''
  ) );
#2557 = PCURVE('',#1606,#2558);
#2558 = DEFINITIONAL_REPRESENTATION('',(#2559),#2563);
#2559 = LINE('',#2560,#2561);
#2560 = CARTESIAN_POINT('',(0.,0.));
#2561 = VECTOR('',#2562,1.);
#2562 = DIRECTION('',(1.,0.));
#2563 = ( GEOMETRIC_REPRESENTATION_CONTEXT(2) 
PARAMETRIC_REPRESENTATION_CONTEXT() REPRESENTATION_CONTEXT('2D SPACE',''
  ) );
#2564 = ORIENTED_EDGE('',*,*,#2013,.T.);
#2565 = ORIENTED_EDGE('',*,*,#2466,.T.);
#2566 = ORIENTED_EDGE('',*,*,#2567,.F.);
#2567 = EDGE_CURVE('',#2543,#2467,#2568,.T.);
#2568 = SURFACE_CURVE('',#2569,(#2573,#2580),.PCURVE_S1.);
#2569 = LINE('',#2570,#2571);
#2570 = CARTESIAN_POINT('',(-2.35288568297,13.075317547305,183.));
#2571 = VECTOR('',#2572,1.);
#2572 = DIRECTION('',(-0.866025403784,-0.5,0.));
#2573 = PCURVE('',#2029,#2574);
#2574 = DEFINITIONAL_REPRESENTATION('',(#2575),#2579);
#2575 = LINE('',#2576,#2577);
#2576 = CARTESIAN_POINT('',(3.,0.));
#2577 = VECTOR('',#2578,1.);
#2578 = DIRECTION('',(0.,-1.));
#2579 = ( GEOMETRIC_REPRESENTATION_CONTEXT(2) 
PARAMETRIC_REPRESENTATION_CONTEXT() REPRESENTATION_CONTEXT('2D SPACE',''
  ) );
#2580 = PCURVE('',#2505,#2581);
#2581 = DEFINITIONAL_REPRESENTATION('',(#2582),#2586);
#2582 = LINE('',#2583,#2584);
#2583 = CARTESIAN_POINT('',(0.,0.));
#2584 = VECTOR('',#2585,1.);
#2585 = DIRECTION('',(0.,1.));
#2586 = ( GEOMETRIC_REPRESENTATION_CONTEXT(2) 
PARAMETRIC_REPRESENTATION_CONTEXT() REPRESENTATION_CONTEXT('2D SPACE',''
  ) );
#2587 = ADVANCED_FACE('',(#2588),#1606,.F.);
#2588 = FACE_BOUND('',#2589,.F.);
#2589 = EDGE_LOOP('',(#2590,#2591,#2592,#2615,#2636));
#2590 = ORIENTED_EDGE('',*,*,#1990,.F.);
#2591 = ORIENTED_EDGE('',*,*,#2542,.T.);
#2592 = ORIENTED_EDGE('',*,*,#2593,.T.);
#2593 = EDGE_CURVE('',#2543,#2594,#2596,.T.);
#2594 = VERTEX_POINT('',#2595);
#2595 = CARTESIAN_POINT('',(-8.85288568297,24.333647796503,183.));
#2596 = SURFACE_CURVE('',#2597,(#2601,#2608),.PCURVE_S1.);
#2597 = LINE('',#2598,#2599);
#2598 = CARTESIAN_POINT('',(-2.35288568297,13.075317547305,183.));
#2599 = VECTOR('',#2600,1.);
#2600 = DIRECTION('',(-0.5,0.866025403784,0.));
#2601 = PCURVE('',#1606,#2602);
#2602 = DEFINITIONAL_REPRESENTATION('',(#2603),#2607);
#2603 = LINE('',#2604,#2605);
#2604 = CARTESIAN_POINT('',(3.,0.));
#2605 = VECTOR('',#2606,1.);
#2606 = DIRECTION('',(0.,1.));
#2607 = ( GEOMETRIC_REPRESENTATION_CONTEXT(2) 
PARAMETRIC_REPRESENTATION_CONTEXT() REPRESENTATION_CONTEXT('2D SPACE',''
  ) );
#2608 = PCURVE('',#2505,#2609);
#2609 = DEFINITIONAL_REPRESENTATION('',(#2610),#2614);
#2610 = LINE('',#2611,#2612);
#2611 = CARTESIAN_POINT('',(0.,0.));
#2612 = VECTOR('',#2613,1.);
#2613 = DIRECTION('',(1.,0.));
#2614 = ( GEOMETRIC_REPRESENTATION_CONTEXT(2) 
PARAMETRIC_REPRESENTATION_CONTEXT() REPRESENTATION_CONTEXT('2D SPACE',''
  ) );
#2615 = ORIENTED_EDGE('',*,*,#2616,.F.);
#2616 = EDGE_CURVE('',#1591,#2594,#2617,.T.);
#2617 = SURFACE_CURVE('',#2618,(#2622,#2629),.PCURVE_S1.);
#2618 = LINE('',#2619,#2620);
#2619 = CARTESIAN_POINT('',(-8.85288568297,24.333647796503,180.));
#2620 = VECTOR('',#2621,1.);
#2621 = DIRECTION('',(0.,0.,1.));
#2622 = PCURVE('',#1606,#2623);
#2623 = DEFINITIONAL_REPRESENTATION('',(#2624),#2628);
#2624 = LINE('',#2625,#2626);
#2625 = CARTESIAN_POINT('',(0.,13.));
#2626 = VECTOR('',#2627,1.);
#2627 = DIRECTION('',(1.,0.));
#2628 = ( GEOMETRIC_REPRESENTATION_CONTEXT(2) 
PARAMETRIC_REPRESENTATION_CONTEXT() REPRESENTATION_CONTEXT('2D SPACE',''
  ) );
#2629 = PCURVE('',#1634,#2630);
#2630 = DEFINITIONAL_REPRESENTATION('',(#2631),#2635);
#2631 = LINE('',#2632,#2633);
#2632 = CARTESIAN_POINT('',(0.,0.));
#2633 = VECTOR('',#2634,1.);
#2634 = DIRECTION('',(1.,0.));
#2635 = ( GEOMETRIC_REPRESENTATION_CONTEXT(2) 
PARAMETRIC_REPRESENTATION_CONTEXT() REPRESENTATION_CONTEXT('2D SPACE',''
  ) );
#2636 = ORIENTED_EDGE('',*,*,#1590,.T.);
#2637 = ADVANCED_FACE('',(#2638),#1537,.T.);
#2638 = FACE_BOUND('',#2639,.T.);
#2639 = EDGE_LOOP('',(#2640,#2641,#2642,#2665,#2686));
#2640 = ORIENTED_EDGE('',*,*,#1968,.F.);
#2641 = ORIENTED_EDGE('',*,*,#2187,.T.);
#2642 = ORIENTED_EDGE('',*,*,#2643,.T.);
#2643 = EDGE_CURVE('',#2188,#2644,#2646,.T.);
#2644 = VERTEX_POINT('',#2645);
#2645 = CARTESIAN_POINT('',(25.5,4.5,183.));
#2646 = SURFACE_CURVE('',#2647,(#2651,#2658),.PCURVE_S1.);
#2647 = LINE('',#2648,#2649);
#2648 = CARTESIAN_POINT('',(12.5,4.5,183.));
#2649 = VECTOR('',#2650,1.);
#2650 = DIRECTION('',(1.,0.,0.));
#2651 = PCURVE('',#1537,#2652);
#2652 = DEFINITIONAL_REPRESENTATION('',(#2653),#2657);
#2653 = LINE('',#2654,#2655);
#2654 = CARTESIAN_POINT('',(3.,0.));
#2655 = VECTOR('',#2656,1.);
#2656 = DIRECTION('',(0.,1.));
#2657 = ( GEOMETRIC_REPRESENTATION_CONTEXT(2) 
PARAMETRIC_REPRESENTATION_CONTEXT() REPRESENTATION_CONTEXT('2D SPACE',''
  ) );
#2658 = PCURVE('',#2224,#2659);
#2659 = DEFINITIONAL_REPRESENTATION('',(#2660),#2664);
#2660 = LINE('',#2661,#2662);
#2661 = CARTESIAN_POINT('',(0.,9.));
#2662 = VECTOR('',#2663,1.);
#2663 = DIRECTION('',(1.,0.));
#2664 = ( GEOMETRIC_REPRESENTATION_CONTEXT(2) 
PARAMETRIC_REPRESENTATION_CONTEXT() REPRESENTATION_CONTEXT('2D SPACE',''
  ) );
#2665 = ORIENTED_EDGE('',*,*,#2666,.F.);
#2666 = EDGE_CURVE('',#1496,#2644,#2667,.T.);
#2667 = SURFACE_CURVE('',#2668,(#2672,#2679),.PCURVE_S1.);
#2668 = LINE('',#2669,#2670);
#2669 = CARTESIAN_POINT('',(25.5,4.5,180.));
#2670 = VECTOR('',#2671,1.);
#2671 = DIRECTION('',(0.,0.,1.));
#2672 = PCURVE('',#1537,#2673);
#2673 = DEFINITIONAL_REPRESENTATION('',(#2674),#2678);
#2674 = LINE('',#2675,#2676);
#2675 = CARTESIAN_POINT('',(0.,13.));
#2676 = VECTOR('',#2677,1.);
#2677 = DIRECTION('',(1.,0.));
#2678 = ( GEOMETRIC_REPRESENTATION_CONTEXT(2) 
PARAMETRIC_REPRESENTATION_CONTEXT() REPRESENTATION_CONTEXT('2D SPACE',''
  ) );
#2679 = PCURVE('',#1511,#2680);
#2680 = DEFINITIONAL_REPRESENTATION('',(#2681),#2685);
#2681 = LINE('',#2682,#2683);
#2682 = CARTESIAN_POINT('',(0.,-9.));
#2683 = VECTOR('',#2684,1.);
#2684 = DIRECTION('',(1.,0.));
#2685 = ( GEOMETRIC_REPRESENTATION_CONTEXT(2) 
PARAMETRIC_REPRESENTATION_CONTEXT() REPRESENTATION_CONTEXT('2D SPACE',''
  ) );
#2686 = ORIENTED_EDGE('',*,*,#1523,.F.);
#2687 = ADVANCED_FACE('',(#2688),#1511,.T.);
#2688 = FACE_BOUND('',#2689,.T.);
#2689 = EDGE_LOOP('',(#2690,#2691,#2692,#2693));
#2690 = ORIENTED_EDGE('',*,*,#2264,.F.);
#2691 = ORIENTED_EDGE('',*,*,#1495,.F.);
#2692 = ORIENTED_EDGE('',*,*,#2666,.T.);
#2693 = ORIENTED_EDGE('',*,*,#2694,.F.);
#2694 = EDGE_CURVE('',#2242,#2644,#2695,.T.);
#2695 = SURFACE_CURVE('',#2696,(#2700,#2707),.PCURVE_S1.);
#2696 = LINE('',#2697,#2698);
#2697 = CARTESIAN_POINT('',(25.5,-4.5,183.));
#2698 = VECTOR('',#2699,1.);
#2699 = DIRECTION('',(0.,1.,0.));
#2700 = PCURVE('',#1511,#2701);
#2701 = DEFINITIONAL_REPRESENTATION('',(#2702),#2706);
#2702 = LINE('',#2703,#2704);
#2703 = CARTESIAN_POINT('',(3.,0.));
#2704 = VECTOR('',#2705,1.);
#2705 = DIRECTION('',(0.,-1.));
#2706 = ( GEOMETRIC_REPRESENTATION_CONTEXT(2) 
PARAMETRIC_REPRESENTATION_CONTEXT() REPRESENTATION_CONTEXT('2D SPACE',''
  ) );
#2707 = PCURVE('',#2224,#2708);
#2708 = DEFINITIONAL_REPRESENTATION('',(#2709),#2713);
#2709 = LINE('',#2710,#2711);
#2710 = CARTESIAN_POINT('',(13.,0.));
#2711 = VECTOR('',#2712,1.);
#2712 = DIRECTION('',(0.,1.));
#2713 = ( GEOMETRIC_REPRESENTATION_CONTEXT(2) 
PARAMETRIC_REPRESENTATION_CONTEXT() REPRESENTATION_CONTEXT('2D SPACE',''
  ) );
#2714 = ADVANCED_FACE('',(#2715),#1634,.T.);
#2715 = FACE_BOUND('',#2716,.T.);
#2716 = EDGE_LOOP('',(#2717,#2718,#2719,#2720));
#2717 = ORIENTED_EDGE('',*,*,#2616,.F.);
#2718 = ORIENTED_EDGE('',*,*,#1618,.F.);
#2719 = ORIENTED_EDGE('',*,*,#2517,.T.);
#2720 = ORIENTED_EDGE('',*,*,#2721,.F.);
#2721 = EDGE_CURVE('',#2594,#2490,#2722,.T.);
#2722 = SURFACE_CURVE('',#2723,(#2727,#2734),.PCURVE_S1.);
#2723 = LINE('',#2724,#2725);
#2724 = CARTESIAN_POINT('',(-8.85288568297,24.333647796503,183.));
#2725 = VECTOR('',#2726,1.);
#2726 = DIRECTION('',(-0.866025403784,-0.5,0.));
#2727 = PCURVE('',#1634,#2728);
#2728 = DEFINITIONAL_REPRESENTATION('',(#2729),#2733);
#2729 = LINE('',#2730,#2731);
#2730 = CARTESIAN_POINT('',(3.,0.));
#2731 = VECTOR('',#2732,1.);
#2732 = DIRECTION('',(0.,-1.));
#2733 = ( GEOMETRIC_REPRESENTATION_CONTEXT(2) 
PARAMETRIC_REPRESENTATION_CONTEXT() REPRESENTATION_CONTEXT('2D SPACE',''
  ) );
#2734 = PCURVE('',#2505,#2735);
#2735 = DEFINITIONAL_REPRESENTATION('',(#2736),#2740);
#2736 = LINE('',#2737,#2738);
#2737 = CARTESIAN_POINT('',(13.,8.881784197001E-16));
#2738 = VECTOR('',#2739,1.);
#2739 = DIRECTION('',(0.,1.));
#2740 = ( GEOMETRIC_REPRESENTATION_CONTEXT(2) 
PARAMETRIC_REPRESENTATION_CONTEXT() REPRESENTATION_CONTEXT('2D SPACE',''
  ) );
#2741 = ADVANCED_FACE('',(#2742),#1861,.T.);
#2742 = FACE_BOUND('',#2743,.T.);
#2743 = EDGE_LOOP('',(#2744,#2745,#2746,#2747));
#2744 = ORIENTED_EDGE('',*,*,#2440,.F.);
#2745 = ORIENTED_EDGE('',*,*,#1845,.F.);
#2746 = ORIENTED_EDGE('',*,*,#2341,.T.);
#2747 = ORIENTED_EDGE('',*,*,#2748,.F.);
#2748 = EDGE_CURVE('',#2418,#2314,#2749,.T.);
#2749 = SURFACE_CURVE('',#2750,(#2754,#2761),.PCURVE_S1.);
#2750 = LINE('',#2751,#2752);
#2751 = CARTESIAN_POINT('',(-16.64711431703,-19.8336477965,183.));
#2752 = VECTOR('',#2753,1.);
#2753 = DIRECTION('',(0.866025403784,-0.5,0.));
#2754 = PCURVE('',#1861,#2755);
#2755 = DEFINITIONAL_REPRESENTATION('',(#2756),#2760);
#2756 = LINE('',#2757,#2758);
#2757 = CARTESIAN_POINT('',(3.,0.));
#2758 = VECTOR('',#2759,1.);
#2759 = DIRECTION('',(0.,-1.));
#2760 = ( GEOMETRIC_REPRESENTATION_CONTEXT(2) 
PARAMETRIC_REPRESENTATION_CONTEXT() REPRESENTATION_CONTEXT('2D SPACE',''
  ) );
#2761 = PCURVE('',#2329,#2762);
#2762 = DEFINITIONAL_REPRESENTATION('',(#2763),#2767);
#2763 = LINE('',#2764,#2765);
#2764 = CARTESIAN_POINT('',(13.,8.881784197001E-16));
#2765 = VECTOR('',#2766,1.);
#2766 = DIRECTION('',(0.,1.));
#2767 = ( GEOMETRIC_REPRESENTATION_CONTEXT(2) 
PARAMETRIC_REPRESENTATION_CONTEXT() REPRESENTATION_CONTEXT('2D SPACE',''
  ) );
#2768 = ADVANCED_FACE('',(#2769,#2775),#2224,.T.);
#2769 = FACE_BOUND('',#2770,.T.);
#2770 = EDGE_LOOP('',(#2771,#2772,#2773,#2774));
#2771 = ORIENTED_EDGE('',*,*,#2210,.F.);
#2772 = ORIENTED_EDGE('',*,*,#2241,.T.);
#2773 = ORIENTED_EDGE('',*,*,#2694,.T.);
#2774 = ORIENTED_EDGE('',*,*,#2643,.F.);
#2775 = FACE_BOUND('',#2776,.T.);
#2776 = EDGE_LOOP('',(#2777));
#2777 = ORIENTED_EDGE('',*,*,#2778,.T.);
#2778 = EDGE_CURVE('',#2779,#2779,#2781,.T.);
#2779 = VERTEX_POINT('',#2780);
#2780 = CARTESIAN_POINT('',(23.25,0.,183.));
#2781 = SURFACE_CURVE('',#2782,(#2787,#2798),.PCURVE_S1.);
#2782 = CIRCLE('',#2783,2.25);
#2783 = AXIS2_PLACEMENT_3D('',#2784,#2785,#2786);
#2784 = CARTESIAN_POINT('',(21.,0.,183.));
#2785 = DIRECTION('',(0.,0.,-1.));
#2786 = DIRECTION('',(1.,0.,0.));
#2787 = PCURVE('',#2224,#2788);
#2788 = DEFINITIONAL_REPRESENTATION('',(#2789),#2797);
#2789 = ( BOUNDED_CURVE() B_SPLINE_CURVE(2,(#2790,#2791,#2792,#2793,
#2794,#2795,#2796),.UNSPECIFIED.,.T.,.F.) B_SPLINE_CURVE_WITH_KNOTS((1,2
    ,2,2,2,1),(-2.094395102393,0.,2.094395102393,4.188790204786,
6.28318530718,8.377580409573),.UNSPECIFIED.) CURVE() 
GEOMETRIC_REPRESENTATION_ITEM() RATIONAL_B_SPLINE_CURVE((1.,0.5,1.,0.5,
1.,0.5,1.)) REPRESENTATION_ITEM('') );
#2790 = CARTESIAN_POINT('',(10.75,4.5));
#2791 = CARTESIAN_POINT('',(10.75,0.60288568297));
#2792 = CARTESIAN_POINT('',(7.375,2.551442841485));
#2793 = CARTESIAN_POINT('',(4.,4.5));
#2794 = CARTESIAN_POINT('',(7.375,6.448557158515));
#2795 = CARTESIAN_POINT('',(10.75,8.39711431703));
#2796 = CARTESIAN_POINT('',(10.75,4.5));
#2797 = ( GEOMETRIC_REPRESENTATION_CONTEXT(2) 
PARAMETRIC_REPRESENTATION_CONTEXT() REPRESENTATION_CONTEXT('2D SPACE',''
  ) );
#2798 = PCURVE('',#1573,#2799);
#2799 = DEFINITIONAL_REPRESENTATION('',(#2800),#2804);
#2800 = LINE('',#2801,#2802);
#2801 = CARTESIAN_POINT('',(-6.28318530718,-7.));
#2802 = VECTOR('',#2803,1.);
#2803 = DIRECTION('',(1.,-0.));
#2804 = ( GEOMETRIC_REPRESENTATION_CONTEXT(2) 
PARAMETRIC_REPRESENTATION_CONTEXT() REPRESENTATION_CONTEXT('2D SPACE',''
  ) );
#2805 = ADVANCED_FACE('',(#2806,#2812),#2329,.T.);
#2806 = FACE_BOUND('',#2807,.T.);
#2807 = EDGE_LOOP('',(#2808,#2809,#2810,#2811));
#2808 = ORIENTED_EDGE('',*,*,#2391,.F.);
#2809 = ORIENTED_EDGE('',*,*,#2417,.T.);
#2810 = ORIENTED_EDGE('',*,*,#2748,.T.);
#2811 = ORIENTED_EDGE('',*,*,#2313,.F.);
#2812 = FACE_BOUND('',#2813,.T.);
#2813 = EDGE_LOOP('',(#2814));
#2814 = ORIENTED_EDGE('',*,*,#2815,.T.);
#2815 = EDGE_CURVE('',#2816,#2816,#2818,.T.);
#2816 = VERTEX_POINT('',#2817);
#2817 = CARTESIAN_POINT('',(-8.25,-18.18653347947,183.));
#2818 = SURFACE_CURVE('',#2819,(#2824,#2835),.PCURVE_S1.);
#2819 = CIRCLE('',#2820,2.25);
#2820 = AXIS2_PLACEMENT_3D('',#2821,#2822,#2823);
#2821 = CARTESIAN_POINT('',(-10.5,-18.18653347947,183.));
#2822 = DIRECTION('',(0.,0.,-1.));
#2823 = DIRECTION('',(1.,0.,0.));
#2824 = PCURVE('',#2329,#2825);
#2825 = DEFINITIONAL_REPRESENTATION('',(#2826),#2834);
#2826 = ( BOUNDED_CURVE() B_SPLINE_CURVE(2,(#2827,#2828,#2829,#2830,
#2831,#2832,#2833),.UNSPECIFIED.,.T.,.F.) B_SPLINE_CURVE_WITH_KNOTS((1,2
    ,2,2,2,1),(-2.094395102393,0.,2.094395102393,4.188790204786,
6.28318530718,8.377580409573),.UNSPECIFIED.) CURVE() 
GEOMETRIC_REPRESENTATION_ITEM() RATIONAL_B_SPLINE_CURVE((1.,0.5,1.,0.5,
1.,0.5,1.)) REPRESENTATION_ITEM('') );
#2827 = CARTESIAN_POINT('',(7.375,6.448557158515));
#2828 = CARTESIAN_POINT('',(10.75,8.39711431703));
#2829 = CARTESIAN_POINT('',(10.75,4.5));
#2830 = CARTESIAN_POINT('',(10.75,0.60288568297));
#2831 = CARTESIAN_POINT('',(7.375,2.551442841485));
#2832 = CARTESIAN_POINT('',(4.,4.5));
#2833 = CARTESIAN_POINT('',(7.375,6.448557158515));
#2834 = ( GEOMETRIC_REPRESENTATION_CONTEXT(2) 
PARAMETRIC_REPRESENTATION_CONTEXT() REPRESENTATION_CONTEXT('2D SPACE',''
  ) );
#2835 = PCURVE('',#1923,#2836);
#2836 = DEFINITIONAL_REPRESENTATION('',(#2837),#2841);
#2837 = LINE('',#2838,#2839);
#2838 = CARTESIAN_POINT('',(-6.28318530718,-7.));
#2839 = VECTOR('',#2840,1.);
#2840 = DIRECTION('',(1.,-0.));
#2841 = ( GEOMETRIC_REPRESENTATION_CONTEXT(2) 
PARAMETRIC_REPRESENTATION_CONTEXT() REPRESENTATION_CONTEXT('2D SPACE',''
  ) );
#2842 = ADVANCED_FACE('',(#2843,#2849),#2505,.T.);
#2843 = FACE_BOUND('',#2844,.T.);
#2844 = EDGE_LOOP('',(#2845,#2846,#2847,#2848));
#2845 = ORIENTED_EDGE('',*,*,#2567,.F.);
#2846 = ORIENTED_EDGE('',*,*,#2593,.T.);
#2847 = ORIENTED_EDGE('',*,*,#2721,.T.);
#2848 = ORIENTED_EDGE('',*,*,#2489,.F.);
#2849 = FACE_BOUND('',#2850,.T.);
#2850 = EDGE_LOOP('',(#2851));
#2851 = ORIENTED_EDGE('',*,*,#2852,.T.);
#2852 = EDGE_CURVE('',#2853,#2853,#2855,.T.);
#2853 = VERTEX_POINT('',#2854);
#2854 = CARTESIAN_POINT('',(-8.25,18.186533479473,183.));
#2855 = SURFACE_CURVE('',#2856,(#2861,#2872),.PCURVE_S1.);
#2856 = CIRCLE('',#2857,2.25);
#2857 = AXIS2_PLACEMENT_3D('',#2858,#2859,#2860);
#2858 = CARTESIAN_POINT('',(-10.5,18.186533479473,183.));
#2859 = DIRECTION('',(0.,0.,-1.));
#2860 = DIRECTION('',(1.,0.,0.));
#2861 = PCURVE('',#2505,#2862);
#2862 = DEFINITIONAL_REPRESENTATION('',(#2863),#2871);
#2863 = ( BOUNDED_CURVE() B_SPLINE_CURVE(2,(#2864,#2865,#2866,#2867,
#2868,#2869,#2870),.UNSPECIFIED.,.T.,.F.) B_SPLINE_CURVE_WITH_KNOTS((1,2
    ,2,2,2,1),(-2.094395102393,0.,2.094395102393,4.188790204786,
6.28318530718,8.377580409573),.UNSPECIFIED.) CURVE() 
GEOMETRIC_REPRESENTATION_ITEM() RATIONAL_B_SPLINE_CURVE((1.,0.5,1.,0.5,
1.,0.5,1.)) REPRESENTATION_ITEM('') );
#2864 = CARTESIAN_POINT('',(7.375,2.551442841485));
#2865 = CARTESIAN_POINT('',(4.,4.5));
#2866 = CARTESIAN_POINT('',(7.375,6.448557158515));
#2867 = CARTESIAN_POINT('',(10.75,8.39711431703));
#2868 = CARTESIAN_POINT('',(10.75,4.5));
#2869 = CARTESIAN_POINT('',(10.75,0.60288568297));
#2870 = CARTESIAN_POINT('',(7.375,2.551442841485));
#2871 = ( GEOMETRIC_REPRESENTATION_CONTEXT(2) 
PARAMETRIC_REPRESENTATION_CONTEXT() REPRESENTATION_CONTEXT('2D SPACE',''
  ) );
#2872 = PCURVE('',#1719,#2873);
#2873 = DEFINITIONAL_REPRESENTATION('',(#2874),#2878);
#2874 = LINE('',#2875,#2876);
#2875 = CARTESIAN_POINT('',(-6.28318530718,-7.));
#2876 = VECTOR('',#2877,1.);
#2877 = DIRECTION('',(1.,-0.));
#2878 = ( GEOMETRIC_REPRESENTATION_CONTEXT(2) 
PARAMETRIC_REPRESENTATION_CONTEXT() REPRESENTATION_CONTEXT('2D SPACE',''
  ) );
#2879 = ADVANCED_FACE('',(#2880),#1573,.F.);
#2880 = FACE_BOUND('',#2881,.T.);
#2881 = EDGE_LOOP('',(#2882,#2883,#2904,#2905));
#2882 = ORIENTED_EDGE('',*,*,#1552,.T.);
#2883 = ORIENTED_EDGE('',*,*,#2884,.T.);
#2884 = EDGE_CURVE('',#1553,#2779,#2885,.T.);
#2885 = SEAM_CURVE('',#2886,(#2890,#2897),.PCURVE_S1.);
#2886 = LINE('',#2887,#2888);
#2887 = CARTESIAN_POINT('',(23.25,0.,176.));
#2888 = VECTOR('',#2889,1.);
#2889 = DIRECTION('',(0.,0.,1.));
#2890 = PCURVE('',#1573,#2891);
#2891 = DEFINITIONAL_REPRESENTATION('',(#2892),#2896);
#2892 = LINE('',#2893,#2894);
#2893 = CARTESIAN_POINT('',(-6.28318530718,0.));
#2894 = VECTOR('',#2895,1.);
#2895 = DIRECTION('',(-0.,-1.));
#2896 = ( GEOMETRIC_REPRESENTATION_CONTEXT(2) 
PARAMETRIC_REPRESENTATION_CONTEXT() REPRESENTATION_CONTEXT('2D SPACE',''
  ) );
#2897 = PCURVE('',#1573,#2898);
#2898 = DEFINITIONAL_REPRESENTATION('',(#2899),#2903);
#2899 = LINE('',#2900,#2901);
#2900 = CARTESIAN_POINT('',(-0.,0.));
#2901 = VECTOR('',#2902,1.);
#2902 = DIRECTION('',(-0.,-1.));
#2903 = ( GEOMETRIC_REPRESENTATION_CONTEXT(2) 
PARAMETRIC_REPRESENTATION_CONTEXT() REPRESENTATION_CONTEXT('2D SPACE',''
  ) );
#2904 = ORIENTED_EDGE('',*,*,#2778,.F.);
#2905 = ORIENTED_EDGE('',*,*,#2884,.F.);
#2906 = ADVANCED_FACE('',(#2907),#1719,.F.);
#2907 = FACE_BOUND('',#2908,.T.);
#2908 = EDGE_LOOP('',(#2909,#2910,#2931,#2932));
#2909 = ORIENTED_EDGE('',*,*,#1698,.T.);
#2910 = ORIENTED_EDGE('',*,*,#2911,.T.);
#2911 = EDGE_CURVE('',#1699,#2853,#2912,.T.);
#2912 = SEAM_CURVE('',#2913,(#2917,#2924),.PCURVE_S1.);
#2913 = LINE('',#2914,#2915);
#2914 = CARTESIAN_POINT('',(-8.25,18.186533479473,176.));
#2915 = VECTOR('',#2916,1.);
#2916 = DIRECTION('',(0.,0.,1.));
#2917 = PCURVE('',#1719,#2918);
#2918 = DEFINITIONAL_REPRESENTATION('',(#2919),#2923);
#2919 = LINE('',#2920,#2921);
#2920 = CARTESIAN_POINT('',(-6.28318530718,0.));
#2921 = VECTOR('',#2922,1.);
#2922 = DIRECTION('',(-0.,-1.));
#2923 = ( GEOMETRIC_REPRESENTATION_CONTEXT(2) 
PARAMETRIC_REPRESENTATION_CONTEXT() REPRESENTATION_CONTEXT('2D SPACE',''
  ) );
#2924 = PCURVE('',#1719,#2925);
#2925 = DEFINITIONAL_REPRESENTATION('',(#2926),#2930);
#2926 = LINE('',#2927,#2928);
#2927 = CARTESIAN_POINT('',(-0.,0.));
#2928 = VECTOR('',#2929,1.);
#2929 = DIRECTION('',(-0.,-1.));
#2930 = ( GEOMETRIC_REPRESENTATION_CONTEXT(2) 
PARAMETRIC_REPRESENTATION_CONTEXT() REPRESENTATION_CONTEXT('2D SPACE',''
  ) );
#2931 = ORIENTED_EDGE('',*,*,#2852,.F.);
#2932 = ORIENTED_EDGE('',*,*,#2911,.F.);
#2933 = ADVANCED_FACE('',(#2934),#1923,.F.);
#2934 = FACE_BOUND('',#2935,.T.);
#2935 = EDGE_LOOP('',(#2936,#2937,#2958,#2959));
#2936 = ORIENTED_EDGE('',*,*,#1902,.T.);
#2937 = ORIENTED_EDGE('',*,*,#2938,.T.);
#2938 = EDGE_CURVE('',#1903,#2816,#2939,.T.);
#2939 = SEAM_CURVE('',#2940,(#2944,#2951),.PCURVE_S1.);
#2940 = LINE('',#2941,#2942);
#2941 = CARTESIAN_POINT('',(-8.25,-18.18653347947,176.));
#2942 = VECTOR('',#2943,1.);
#2943 = DIRECTION('',(0.,0.,1.));
#2944 = PCURVE('',#1923,#2945);
#2945 = DEFINITIONAL_REPRESENTATION('',(#2946),#2950);
#2946 = LINE('',#2947,#2948);
#2947 = CARTESIAN_POINT('',(-6.28318530718,0.));
#2948 = VECTOR('',#2949,1.);
#2949 = DIRECTION('',(-0.,-1.));
#2950 = ( GEOMETRIC_REPRESENTATION_CONTEXT(2) 
PARAMETRIC_REPRESENTATION_CONTEXT() REPRESENTATION_CONTEXT('2D SPACE',''
  ) );
#2951 = PCURVE('',#1923,#2952);
#2952 = DEFINITIONAL_REPRESENTATION('',(#2953),#2957);
#2953 = LINE('',#2954,#2955);
#2954 = CARTESIAN_POINT('',(-0.,0.));
#2955 = VECTOR('',#2956,1.);
#2956 = DIRECTION('',(-0.,-1.));
#2957 = ( GEOMETRIC_REPRESENTATION_CONTEXT(2) 
PARAMETRIC_REPRESENTATION_CONTEXT() REPRESENTATION_CONTEXT('2D SPACE',''
  ) );
#2958 = ORIENTED_EDGE('',*,*,#2815,.F.);
#2959 = ORIENTED_EDGE('',*,*,#2938,.F.);
#2960 = ( GEOMETRIC_REPRESENTATION_CONTEXT(3) 
GLOBAL_UNCERTAINTY_ASSIGNED_CONTEXT((#2964)) 
GLOBAL_UNIT_ASSIGNED_CONTEXT((#2961,#2962,#2963)) REPRESENTATION_CONTEXT
('Context #1','3D Context with UNIT and UNCERTAINTY') );
#2961 = ( LENGTH_UNIT() NAMED_UNIT(*) SI_UNIT(.MILLI.,.METRE.) );
#2962 = ( NAMED_UNIT(*) PLANE_ANGLE_UNIT() SI_UNIT($,.RADIAN.) );
#2963 = ( NAMED_UNIT(*) SI_UNIT($,.STERADIAN.) SOLID_ANGLE_UNIT() );
#2964 = UNCERTAINTY_MEASURE_WITH_UNIT(LENGTH_MEASURE(1.E-07),#2961,
  'distance_accuracy_value','confusion accuracy');
#2965 = PRODUCT_RELATED_PRODUCT_CATEGORY('part',$,(#7));
ENDSEC;
END-ISO-10303-21;
