ISO-10303-21;
HEADER;
FILE_DESCRIPTION(('Open CASCADE Model'),'2;1');
FILE_NAME('Open CASCADE Shape Model','2026-09-25T16:54:24',('Author'),(
    'Open CASCADE'),'Open CASCADE STEP processor 7.8','Open CASCADE 7.8'
  ,'Unknown');
FILE_SCHEMA(('AUTOMOTIVE_DESIGN { 1 0 10303 214 1 1 1 1 }'));
ENDSEC;
DATA;
#1 = APPLICATION_PROTOCOL_DEFINITION('international standard',
  'automotive_design',2000,#2);
#2 = APPLICATION_CONTEXT(
  'core data for automotive mechanical design processes');
#3 = SHAPE_DEFINITION_REPRESENTATION(#4,#10);
#4 = PRODUCT_DEFINITION_SHAPE('','',#5);
#5 = PRODUCT_DEFINITION('design','',#6,#9);
#6 = PRODUCT_DEFINITION_FORMATION('','',#7);
#7 = PRODUCT('Open CASCADE STEP translator 7.8 10',
  'Open CASCADE STEP translator 7.8 10','',(#8));
#8 = PRODUCT_CONTEXT('',#2,'mechanical');
#9 = PRODUCT_DEFINITION_CONTEXT('part definition',#2,'design');
#10 = ADVANCED_BREP_SHAPE_REPRESENTATION('',(#11,#15),#2255);
#11 = AXIS2_PLACEMENT_3D('',#12,#13,#14);
#12 = CARTESIAN_POINT('',(0.,0.,0.));
#13 = DIRECTION('',(0.,0.,1.));
#14 = DIRECTION('',(1.,0.,-0.));
#15 = MANIFOLD_SOLID_BREP('',#16);
#16 = CLOSED_SHELL('',(#17,#105,#144,#179,#1102,#1559,#1620,#1795,#1854,
    #1906,#2056,#2106,#2113,#2140,#2167,#2194,#2221,#2248));
#17 = ADVANCED_FACE('',(#18),#32,.T.);
#18 = FACE_BOUND('',#19,.F.);
#19 = EDGE_LOOP('',(#20,#50,#77,#78));
#20 = ORIENTED_EDGE('',*,*,#21,.T.);
#21 = EDGE_CURVE('',#22,#24,#26,.T.);
#22 = VERTEX_POINT('',#23);
#23 = CARTESIAN_POINT('',(6.,0.,127.));
#24 = VERTEX_POINT('',#25);
#25 = CARTESIAN_POINT('',(6.,0.,131.));
#26 = SEAM_CURVE('',#27,(#31,#43),.PCURVE_S1.);
#27 = LINE('',#28,#29);
#28 = CARTESIAN_POINT('',(6.,0.,127.));
#29 = VECTOR('',#30,1.);
#30 = DIRECTION('',(0.,0.,1.));
#31 = PCURVE('',#32,#37);
#32 = CYLINDRICAL_SURFACE('',#33,6.);
#33 = AXIS2_PLACEMENT_3D('',#34,#35,#36);
#34 = CARTESIAN_POINT('',(0.,0.,127.));
#35 = DIRECTION('',(-0.,-0.,-1.));
#36 = DIRECTION('',(1.,0.,0.));
#37 = DEFINITIONAL_REPRESENTATION('',(#38),#42);
#38 = LINE('',#39,#40);
#39 = CARTESIAN_POINT('',(-0.,0.));
#40 = VECTOR('',#41,1.);
#41 = DIRECTION('',(-0.,-1.));
#42 = ( GEOMETRIC_REPRESENTATION_CONTEXT(2) 
PARAMETRIC_REPRESENTATION_CONTEXT() REPRESENTATION_CONTEXT('2D SPACE',''
  ) );
#43 = PCURVE('',#32,#44);
#44 = DEFINITIONAL_REPRESENTATION('',(#45),#49);
#45 = LINE('',#46,#47);
#46 = CARTESIAN_POINT('',(-6.28318530718,0.));
#47 = VECTOR('',#48,1.);
#48 = DIRECTION('',(-0.,-1.));
#49 = ( GEOMETRIC_REPRESENTATION_CONTEXT(2) 
PARAMETRIC_REPRESENTATION_CONTEXT() REPRESENTATION_CONTEXT('2D SPACE',''
  ) );
#50 = ORIENTED_EDGE('',*,*,#51,.T.);
#51 = EDGE_CURVE('',#24,#24,#52,.T.);
#52 = SURFACE_CURVE('',#53,(#58,#65),.PCURVE_S1.);
#53 = CIRCLE('',#54,6.);
#54 = AXIS2_PLACEMENT_3D('',#55,#56,#57);
#55 = CARTESIAN_POINT('',(0.,0.,131.));
#56 = DIRECTION('',(0.,0.,1.));
#57 = DIRECTION('',(1.,0.,0.));
#58 = PCURVE('',#32,#59);
#59 = DEFINITIONAL_REPRESENTATION('',(#60),#64);
#60 = LINE('',#61,#62);
#61 = CARTESIAN_POINT('',(-0.,-4.));
#62 = VECTOR('',#63,1.);
#63 = DIRECTION('',(-1.,0.));
#64 = ( GEOMETRIC_REPRESENTATION_CONTEXT(2) 
PARAMETRIC_REPRESENTATION_CONTEXT() REPRESENTATION_CONTEXT('2D SPACE',''
  ) );
#65 = PCURVE('',#66,#71);
#66 = PLANE('',#67);
#67 = AXIS2_PLACEMENT_3D('',#68,#69,#70);
#68 = CARTESIAN_POINT('',(-4.207508100121E-16,1.152322960418E-15,131.));
#69 = DIRECTION('',(0.,0.,1.));
#70 = DIRECTION('',(1.,0.,-0.));
#71 = DEFINITIONAL_REPRESENTATION('',(#72),#76);
#72 = CIRCLE('',#73,6.);
#73 = AXIS2_PLACEMENT_2D('',#74,#75);
#74 = CARTESIAN_POINT('',(4.207508100121E-16,-1.152322960418E-15));
#75 = DIRECTION('',(1.,0.));
#76 = ( GEOMETRIC_REPRESENTATION_CONTEXT(2) 
PARAMETRIC_REPRESENTATION_CONTEXT() REPRESENTATION_CONTEXT('2D SPACE',''
  ) );
#77 = ORIENTED_EDGE('',*,*,#21,.F.);
#78 = ORIENTED_EDGE('',*,*,#79,.F.);
#79 = EDGE_CURVE('',#22,#22,#80,.T.);
#80 = SURFACE_CURVE('',#81,(#86,#93),.PCURVE_S1.);
#81 = CIRCLE('',#82,6.);
#82 = AXIS2_PLACEMENT_3D('',#83,#84,#85);
#83 = CARTESIAN_POINT('',(0.,0.,127.));
#84 = DIRECTION('',(0.,0.,1.));
#85 = DIRECTION('',(1.,0.,0.));
#86 = PCURVE('',#32,#87);
#87 = DEFINITIONAL_REPRESENTATION('',(#88),#92);
#88 = LINE('',#89,#90);
#89 = CARTESIAN_POINT('',(-0.,0.));
#90 = VECTOR('',#91,1.);
#91 = DIRECTION('',(-1.,0.));
#92 = ( GEOMETRIC_REPRESENTATION_CONTEXT(2) 
PARAMETRIC_REPRESENTATION_CONTEXT() REPRESENTATION_CONTEXT('2D SPACE',''
  ) );
#93 = PCURVE('',#94,#99);
#94 = PLANE('',#95);
#95 = AXIS2_PLACEMENT_3D('',#96,#97,#98);
#96 = CARTESIAN_POINT('',(-3.418600331349E-16,-1.70226710729E-17,127.));
#97 = DIRECTION('',(0.,0.,1.));
#98 = DIRECTION('',(1.,0.,-0.));
#99 = DEFINITIONAL_REPRESENTATION('',(#100),#104);
#100 = CIRCLE('',#101,6.);
#101 = AXIS2_PLACEMENT_2D('',#102,#103);
#102 = CARTESIAN_POINT('',(3.418600331349E-16,1.70226710729E-17));
#103 = DIRECTION('',(1.,0.));
#104 = ( GEOMETRIC_REPRESENTATION_CONTEXT(2) 
PARAMETRIC_REPRESENTATION_CONTEXT() REPRESENTATION_CONTEXT('2D SPACE',''
  ) );
#105 = ADVANCED_FACE('',(#106,#109),#94,.F.);
#106 = FACE_BOUND('',#107,.F.);
#107 = EDGE_LOOP('',(#108));
#108 = ORIENTED_EDGE('',*,*,#79,.T.);
#109 = FACE_BOUND('',#110,.F.);
#110 = EDGE_LOOP('',(#111));
#111 = ORIENTED_EDGE('',*,*,#112,.T.);
#112 = EDGE_CURVE('',#113,#113,#115,.T.);
#113 = VERTEX_POINT('',#114);
#114 = CARTESIAN_POINT('',(4.05,0.,127.));
#115 = SURFACE_CURVE('',#116,(#121,#132),.PCURVE_S1.);
#116 = CIRCLE('',#117,4.05);
#117 = AXIS2_PLACEMENT_3D('',#118,#119,#120);
#118 = CARTESIAN_POINT('',(0.,0.,127.));
#119 = DIRECTION('',(0.,0.,-1.));
#120 = DIRECTION('',(1.,0.,0.));
#121 = PCURVE('',#94,#122);
#122 = DEFINITIONAL_REPRESENTATION('',(#123),#131);
#123 = ( BOUNDED_CURVE() B_SPLINE_CURVE(2,(#124,#125,#126,#127,#128,#129
,#130),.UNSPECIFIED.,.T.,.F.) B_SPLINE_CURVE_WITH_KNOTS((1,2,2,2,2,1),(
    -2.094395102393,0.,2.094395102393,4.188790204786,6.28318530718,
8.377580409573),.UNSPECIFIED.) CURVE() GEOMETRIC_REPRESENTATION_ITEM() 
RATIONAL_B_SPLINE_CURVE((1.,0.5,1.,0.5,1.,0.5,1.)) REPRESENTATION_ITEM(
  '') );
#124 = CARTESIAN_POINT('',(4.05,1.70226710729E-17));
#125 = CARTESIAN_POINT('',(4.05,-7.014805770654));
#126 = CARTESIAN_POINT('',(-2.025,-3.507402885327));
#127 = CARTESIAN_POINT('',(-8.1,-9.749412362365E-16));
#128 = CARTESIAN_POINT('',(-2.025,3.507402885327));
#129 = CARTESIAN_POINT('',(4.05,7.014805770654));
#130 = CARTESIAN_POINT('',(4.05,1.70226710729E-17));
#131 = ( GEOMETRIC_REPRESENTATION_CONTEXT(2) 
PARAMETRIC_REPRESENTATION_CONTEXT() REPRESENTATION_CONTEXT('2D SPACE',''
  ) );
#132 = PCURVE('',#133,#138);
#133 = CYLINDRICAL_SURFACE('',#134,4.05);
#134 = AXIS2_PLACEMENT_3D('',#135,#136,#137);
#135 = CARTESIAN_POINT('',(0.,0.,126.));
#136 = DIRECTION('',(-0.,-0.,-1.));
#137 = DIRECTION('',(1.,0.,0.));
#138 = DEFINITIONAL_REPRESENTATION('',(#139),#143);
#139 = LINE('',#140,#141);
#140 = CARTESIAN_POINT('',(-6.28318530718,-1.));
#141 = VECTOR('',#142,1.);
#142 = DIRECTION('',(1.,-0.));
#143 = ( GEOMETRIC_REPRESENTATION_CONTEXT(2) 
PARAMETRIC_REPRESENTATION_CONTEXT() REPRESENTATION_CONTEXT('2D SPACE',''
  ) );
#144 = ADVANCED_FACE('',(#145,#176),#66,.F.);
#145 = FACE_BOUND('',#146,.F.);
#146 = EDGE_LOOP('',(#147));
#147 = ORIENTED_EDGE('',*,*,#148,.T.);
#148 = EDGE_CURVE('',#149,#149,#151,.T.);
#149 = VERTEX_POINT('',#150);
#150 = CARTESIAN_POINT('',(13.,0.,131.));
#151 = SURFACE_CURVE('',#152,(#157,#164),.PCURVE_S1.);
#152 = CIRCLE('',#153,13.);
#153 = AXIS2_PLACEMENT_3D('',#154,#155,#156);
#154 = CARTESIAN_POINT('',(0.,0.,131.));
#155 = DIRECTION('',(0.,0.,1.));
#156 = DIRECTION('',(1.,0.,0.));
#157 = PCURVE('',#66,#158);
#158 = DEFINITIONAL_REPRESENTATION('',(#159),#163);
#159 = CIRCLE('',#160,13.);
#160 = AXIS2_PLACEMENT_2D('',#161,#162);
#161 = CARTESIAN_POINT('',(4.207508100121E-16,-1.152322960418E-15));
#162 = DIRECTION('',(1.,0.));
#163 = ( GEOMETRIC_REPRESENTATION_CONTEXT(2) 
PARAMETRIC_REPRESENTATION_CONTEXT() REPRESENTATION_CONTEXT('2D SPACE',''
  ) );
#164 = PCURVE('',#165,#170);
#165 = CYLINDRICAL_SURFACE('',#166,13.);
#166 = AXIS2_PLACEMENT_3D('',#167,#168,#169);
#167 = CARTESIAN_POINT('',(0.,0.,131.));
#168 = DIRECTION('',(-0.,-0.,-1.));
#169 = DIRECTION('',(1.,0.,0.));
#170 = DEFINITIONAL_REPRESENTATION('',(#171),#175);
#171 = LINE('',#172,#173);
#172 = CARTESIAN_POINT('',(-0.,0.));
#173 = VECTOR('',#174,1.);
#174 = DIRECTION('',(-1.,0.));
#175 = ( GEOMETRIC_REPRESENTATION_CONTEXT(2) 
PARAMETRIC_REPRESENTATION_CONTEXT() REPRESENTATION_CONTEXT('2D SPACE',''
  ) );
#176 = FACE_BOUND('',#177,.F.);
#177 = EDGE_LOOP('',(#178));
#178 = ORIENTED_EDGE('',*,*,#51,.F.);
#179 = ADVANCED_FACE('',(#180,#670),#133,.F.);
#180 = FACE_BOUND('',#181,.T.);
#181 = EDGE_LOOP('',(#182,#183,#206,#321,#431,#454,#485,#486,#669));
#182 = ORIENTED_EDGE('',*,*,#112,.T.);
#183 = ORIENTED_EDGE('',*,*,#184,.T.);
#184 = EDGE_CURVE('',#113,#185,#187,.T.);
#185 = VERTEX_POINT('',#186);
#186 = CARTESIAN_POINT('',(4.05,0.,132.75));
#187 = SEAM_CURVE('',#188,(#192,#199),.PCURVE_S1.);
#188 = LINE('',#189,#190);
#189 = CARTESIAN_POINT('',(4.05,0.,127.));
#190 = VECTOR('',#191,1.);
#191 = DIRECTION('',(0.,0.,1.));
#192 = PCURVE('',#133,#193);
#193 = DEFINITIONAL_REPRESENTATION('',(#194),#198);
#194 = LINE('',#195,#196);
#195 = CARTESIAN_POINT('',(-6.28318530718,-1.));
#196 = VECTOR('',#197,1.);
#197 = DIRECTION('',(-0.,-1.));
#198 = ( GEOMETRIC_REPRESENTATION_CONTEXT(2) 
PARAMETRIC_REPRESENTATION_CONTEXT() REPRESENTATION_CONTEXT('2D SPACE',''
  ) );
#199 = PCURVE('',#133,#200);
#200 = DEFINITIONAL_REPRESENTATION('',(#201),#205);
#201 = LINE('',#202,#203);
#202 = CARTESIAN_POINT('',(-0.,-1.));
#203 = VECTOR('',#204,1.);
#204 = DIRECTION('',(-0.,-1.));
#205 = ( GEOMETRIC_REPRESENTATION_CONTEXT(2) 
PARAMETRIC_REPRESENTATION_CONTEXT() REPRESENTATION_CONTEXT('2D SPACE',''
  ) );
#206 = ORIENTED_EDGE('',*,*,#207,.T.);
#207 = EDGE_CURVE('',#185,#208,#210,.T.);
#208 = VERTEX_POINT('',#209);
#209 = CARTESIAN_POINT('',(3.367491648097,2.25,135.));
#210 = SURFACE_CURVE('',#211,(#244,#280),.PCURVE_S1.);
#211 = B_SPLINE_CURVE_WITH_KNOTS('',6,(#212,#213,#214,#215,#216,#217,
    #218,#219,#220,#221,#222,#223,#224,#225,#226,#227,#228,#229,#230,
    #231,#232,#233,#234,#235,#236,#237,#238,#239,#240,#241,#242,#243),
  .UNSPECIFIED.,.F.,.F.,(7,5,5,5,5,5,7),(0.,0.236960342149,
    0.342675671514,0.417683861993,0.619782095821,0.804056537755,1.),
  .UNSPECIFIED.);
#212 = CARTESIAN_POINT('',(4.05,-2.066591473561E-16,132.75));
#213 = CARTESIAN_POINT('',(4.05,0.168313816778,132.75));
#214 = CARTESIAN_POINT('',(4.041605860631,0.335269455021,132.76510916082
    ));
#215 = CARTESIAN_POINT('',(4.025072900669,0.498371322554,132.79486983175
    ));
#216 = CARTESIAN_POINT('',(4.001346688453,0.655201302632,132.83809977117
    ));
#217 = CARTESIAN_POINT('',(3.972019216679,0.803557105821,132.89289465421
    ));
#218 = CARTESIAN_POINT('',(3.924304786068,1.0031652912,132.98486813069)
  );
#219 = CARTESIAN_POINT('',(3.908800822292,1.062914885496,133.01509840263
    ));
#220 = CARTESIAN_POINT('',(3.89263218533,1.120820989566,133.04704684933)
  );
#221 = CARTESIAN_POINT('',(3.875913749904,1.176875593904,133.08058353892
    ));
#222 = CARTESIAN_POINT('',(3.858755860662,1.231076705992,133.11558691831
    ));
#223 = CARTESIAN_POINT('',(3.828853569154,1.32057340894,133.17774011833)
  );
#224 = CARTESIAN_POINT('',(3.81627272238,1.356793394156,133.20422205637)
  );
#225 = CARTESIAN_POINT('',(3.803557417285,1.392094906269,133.23135343943
    ));
#226 = CARTESIAN_POINT('',(3.790741543861,1.426485559068,133.25910143851
    ));
#227 = CARTESIAN_POINT('',(3.777857256665,1.459973979812,133.28743658349
    ));
#228 = CARTESIAN_POINT('',(3.73011783921,1.580394345642,133.39418915223)
  );
#229 = CARTESIAN_POINT('',(3.695017915936,1.661756390047,133.47613421404
    ));
#230 = CARTESIAN_POINT('',(3.660238008422,1.736816742749,133.56164452424
    ));
#231 = CARTESIAN_POINT('',(3.626314438699,1.805730648365,133.6503248356)
  );
#232 = CARTESIAN_POINT('',(3.593735269886,1.868624365972,133.74188144981
    ));
#233 = CARTESIAN_POINT('',(3.534896102263,1.977496712729,133.92200063502
    ));
#234 = CARTESIAN_POINT('',(3.508326615746,2.024488296444,134.01013202449
    ));
#235 = CARTESIAN_POINT('',(3.483629168262,2.066541250503,134.10023096928
    ));
#236 = CARTESIAN_POINT('',(3.461152788062,2.103648886559,134.19206794713
    ));
#237 = CARTESIAN_POINT('',(3.441208138541,2.135794379147,134.28544135752
    ));
#238 = CARTESIAN_POINT('',(3.405824369829,2.19180887946,134.48090999742)
  );
#239 = CARTESIAN_POINT('',(3.39074963883,2.215025338682,134.58318555526)
  );
#240 = CARTESIAN_POINT('',(3.37918930737,2.232494144117,134.68660453113)
  );
#241 = CARTESIAN_POINT('',(3.371392453341,2.244160933457,134.79078616094
    ));
#242 = CARTESIAN_POINT('',(3.367491648097,2.25,134.89536688548));
#243 = CARTESIAN_POINT('',(3.367491648097,2.25,135.));
#244 = PCURVE('',#133,#245);
#245 = DEFINITIONAL_REPRESENTATION('',(#246),#279);
#246 = B_SPLINE_CURVE_WITH_KNOTS('',6,(#247,#248,#249,#250,#251,#252,
    #253,#254,#255,#256,#257,#258,#259,#260,#261,#262,#263,#264,#265,
    #266,#267,#268,#269,#270,#271,#272,#273,#274,#275,#276,#277,#278),
  .UNSPECIFIED.,.F.,.F.,(7,5,5,5,5,5,7),(0.,0.236960342149,
    0.342675671514,0.417683861993,0.619782095821,0.804056537755,1.),
  .UNSPECIFIED.);
#247 = CARTESIAN_POINT('',(0.,-6.75));
#248 = CARTESIAN_POINT('',(-4.155896710573E-02,-6.75));
#249 = CARTESIAN_POINT('',(-8.278265960825E-02,-6.765109160824));
#250 = CARTESIAN_POINT('',(-0.123183563803,-6.79486983175));
#251 = CARTESIAN_POINT('',(-0.162285125977,-6.838099771172));
#252 = CARTESIAN_POINT('',(-0.199596046225,-6.892894654214));
#253 = CARTESIAN_POINT('',(-0.250270566444,-6.984868130697));
#254 = CARTESIAN_POINT('',(-0.265509352369,-7.015098402635));
#255 = CARTESIAN_POINT('',(-0.280350371649,-7.04704684933));
#256 = CARTESIAN_POINT('',(-0.294790335636,-7.080583538922));
#257 = CARTESIAN_POINT('',(-0.308826147166,-7.115586918314));
#258 = CARTESIAN_POINT('',(-0.332124909034,-7.177740118331));
#259 = CARTESIAN_POINT('',(-0.341591593977,-7.204222056371));
#260 = CARTESIAN_POINT('',(-0.35085531422,-7.231353439431));
#261 = CARTESIAN_POINT('',(-0.359916504718,-7.259101438513));
#262 = CARTESIAN_POINT('',(-0.368775676542,-7.287436583491));
#263 = CARTESIAN_POINT('',(-0.40076038986,-7.394189152239));
#264 = CARTESIAN_POINT('',(-0.422629769812,-7.476134214041));
#265 = CARTESIAN_POINT('',(-0.443046281697,-7.561644524243));
#266 = CARTESIAN_POINT('',(-0.462005686014,-7.650324835603));
#267 = CARTESIAN_POINT('',(-0.479492090314,-7.741881449815));
#268 = CARTESIAN_POINT('',(-0.510048816102,-7.922000635029));
#269 = CARTESIAN_POINT('',(-0.523375476446,-8.010132024495));
#270 = CARTESIAN_POINT('',(-0.53541516333,-8.10023096928));
#271 = CARTESIAN_POINT('',(-0.546126261276,-8.192067947137));
#272 = CARTESIAN_POINT('',(-0.555466735254,-8.285441357526));
#273 = CARTESIAN_POINT('',(-0.571825827385,-8.480909997427));
#274 = CARTESIAN_POINT('',(-0.578660201661,-8.583185555263));
#275 = CARTESIAN_POINT('',(-0.583832272669,-8.686604531132));
#276 = CARTESIAN_POINT('',(-0.587297133044,-8.79078616094));
#277 = CARTESIAN_POINT('',(-0.589030970216,-8.895366885482));
#278 = CARTESIAN_POINT('',(-0.589030970216,-9.));
#279 = ( GEOMETRIC_REPRESENTATION_CONTEXT(2) 
PARAMETRIC_REPRESENTATION_CONTEXT() REPRESENTATION_CONTEXT('2D SPACE',''
  ) );
#280 = PCURVE('',#281,#286);
#281 = CYLINDRICAL_SURFACE('',#282,2.25);
#282 = AXIS2_PLACEMENT_3D('',#283,#284,#285);
#283 = CARTESIAN_POINT('',(3.,0.,135.));
#284 = DIRECTION('',(-1.,-0.,-0.));
#285 = DIRECTION('',(0.,1.,0.));
#286 = DEFINITIONAL_REPRESENTATION('',(#287),#320);
#287 = B_SPLINE_CURVE_WITH_KNOTS('',6,(#288,#289,#290,#291,#292,#293,
    #294,#295,#296,#297,#298,#299,#300,#301,#302,#303,#304,#305,#306,
    #307,#308,#309,#310,#311,#312,#313,#314,#315,#316,#317,#318,#319),
  .UNSPECIFIED.,.F.,.F.,(7,5,5,5,5,5,7),(0.,0.236960342149,
    0.342675671514,0.417683861993,0.619782095821,0.804056537755,1.),
  .UNSPECIFIED.);
#288 = CARTESIAN_POINT('',(-4.712388980385,-1.05));
#289 = CARTESIAN_POINT('',(-4.787195121175,-1.05));
#290 = CARTESIAN_POINT('',(-4.861397543891,-1.041605860631));
#291 = CARTESIAN_POINT('',(-4.934641185613,-1.025072900669));
#292 = CARTESIAN_POINT('',(-5.006541848386,-1.001346688453));
#293 = CARTESIAN_POINT('',(-5.076617848703,-0.972019216679));
#294 = CARTESIAN_POINT('',(-5.174297140565,-0.924304786068));
#295 = CARTESIAN_POINT('',(-5.204038189957,-0.908800822292));
#296 = CARTESIAN_POINT('',(-5.233403512997,-0.89263218533));
#297 = CARTESIAN_POINT('',(-5.262408991515,-0.875913749904));
#298 = CARTESIAN_POINT('',(-5.291069136243,-0.858755860662));
#299 = CARTESIAN_POINT('',(-5.33949661566,-0.828853569154));
#300 = CARTESIAN_POINT('',(-5.359432309979,-0.81627272238));
#301 = CARTESIAN_POINT('',(-5.379211893866,-0.803557417285));
#302 = CARTESIAN_POINT('',(-5.398843333584,-0.790741543861));
#303 = CARTESIAN_POINT('',(-5.418334837564,-0.777857256665));
#304 = CARTESIAN_POINT('',(-5.48985750142,-0.73011783921));
#305 = CARTESIAN_POINT('',(-5.541076463805,-0.695017915936));
#306 = CARTESIAN_POINT('',(-5.591505733791,-0.660238008422));
#307 = CARTESIAN_POINT('',(-5.64129103874,-0.626314438699));
#308 = CARTESIAN_POINT('',(-5.690575117696,-0.593735269886));
#309 = CARTESIAN_POINT('',(-5.784115743341,-0.534896102263));
#310 = CARTESIAN_POINT('',(-5.828441055119,-0.508326615746));
#311 = CARTESIAN_POINT('',(-5.872539239255,-0.483629168262));
#312 = CARTESIAN_POINT('',(-5.916470798078,-0.461152788062));
#313 = CARTESIAN_POINT('',(-5.960300120798,-0.441208138541));
#314 = CARTESIAN_POINT('',(-6.05067176874,-0.405824369829));
#315 = CARTESIAN_POINT('',(-6.097211194334,-0.39074963883));
#316 = CARTESIAN_POINT('',(-6.143717551935,-0.37918930737));
#317 = CARTESIAN_POINT('',(-6.190201297151,-0.371392453341));
#318 = CARTESIAN_POINT('',(-6.236681700727,-0.367491648097));
#319 = CARTESIAN_POINT('',(-6.28318530718,-0.367491648097));
#320 = ( GEOMETRIC_REPRESENTATION_CONTEXT(2) 
PARAMETRIC_REPRESENTATION_CONTEXT() REPRESENTATION_CONTEXT('2D SPACE',''
  ) );
#321 = ORIENTED_EDGE('',*,*,#322,.T.);
#322 = EDGE_CURVE('',#208,#323,#325,.T.);
#323 = VERTEX_POINT('',#324);
#324 = CARTESIAN_POINT('',(4.05,0.,137.25));
#325 = SURFACE_CURVE('',#326,(#359,#395),.PCURVE_S1.);
#326 = B_SPLINE_CURVE_WITH_KNOTS('',6,(#327,#328,#329,#330,#331,#332,
    #333,#334,#335,#336,#337,#338,#339,#340,#341,#342,#343,#344,#345,
    #346,#347,#348,#349,#350,#351,#352,#353,#354,#355,#356,#357,#358),
  .UNSPECIFIED.,.F.,.F.,(7,5,5,5,5,5,7),(0.,0.195472615772,
    0.378243008469,0.525139497933,0.66070213765,0.765534421507,1.),
  .UNSPECIFIED.);
#327 = CARTESIAN_POINT('',(3.367491648097,2.25,135.));
#328 = CARTESIAN_POINT('',(3.367491648097,2.25,135.10437532817));
#329 = CARTESIAN_POINT('',(3.371373263684,2.244189668999,135.20869640891
    ));
#330 = CARTESIAN_POINT('',(3.37913144479,2.23258071295,135.31261998061)
  );
#331 = CARTESIAN_POINT('',(3.390634890055,2.215198713183,135.41578626297
    ));
#332 = CARTESIAN_POINT('',(3.40563714833,2.192097216219,135.51781845083)
  );
#333 = CARTESIAN_POINT('',(3.440758829562,2.136513067621,135.71229501882
    ));
#334 = CARTESIAN_POINT('',(3.460482897697,2.104737573677,135.80493231651
    ));
#335 = CARTESIAN_POINT('',(3.482702759198,2.068080235964,135.89606250283
    ));
#336 = CARTESIAN_POINT('',(3.507115838485,2.02655795124,135.98548836727)
  );
#337 = CARTESIAN_POINT('',(3.533382187368,1.980178036091,136.07298581085
    ));
#338 = CARTESIAN_POINT('',(3.583436063028,1.887770874371,136.22687348157
    ));
#339 = CARTESIAN_POINT('',(3.606703705204,1.843451103691,136.29405265757
    ));
#340 = CARTESIAN_POINT('',(3.630759749177,1.795959141461,136.35975386796
    ));
#341 = CARTESIAN_POINT('',(3.655417965705,1.745256778514,136.42386678624
    ));
#342 = CARTESIAN_POINT('',(3.680480282326,1.691296300427,136.48625647441
    ));
#343 = CARTESIAN_POINT('',(3.729042083717,1.581164796737,136.60260086929
    ));
#344 = CARTESIAN_POINT('',(3.752515186022,1.525480434012,136.65684038384
    ));
#345 = CARTESIAN_POINT('',(3.77599180495,1.466914982194,136.70936139516)
  );
#346 = CARTESIAN_POINT('',(3.799294872068,1.405415989807,136.76001437954
    ));
#347 = CARTESIAN_POINT('',(3.822232117324,1.340932570747,136.80862005348
    ));
#348 = CARTESIAN_POINT('',(3.861888433765,1.221205462133,136.89081143486
    ));
#349 = CARTESIAN_POINT('',(3.878841234966,1.167172867715,136.92530968145
    ));
#350 = CARTESIAN_POINT('',(3.895349204331,1.111316203591,136.95835171464
    ));
#351 = CARTESIAN_POINT('',(3.911303939962,1.053638929651,136.98981752135
    ));
#352 = CARTESIAN_POINT('',(3.926592801834,0.994150469585,137.01957922196
    ));
#353 = CARTESIAN_POINT('',(3.973542958038,0.795799186876,137.10995046143
    ));
#354 = CARTESIAN_POINT('',(4.002331876055,0.648653387726,137.16369539387
    ));
#355 = CARTESIAN_POINT('',(4.025590840851,0.493252750664,137.20606252459
    ));
#356 = CARTESIAN_POINT('',(4.04178324031,0.331755724388,137.23521010534)
  );
#357 = CARTESIAN_POINT('',(4.05,0.166525998754,137.25));
#358 = CARTESIAN_POINT('',(4.05,3.444319122602E-16,137.25));
#359 = PCURVE('',#133,#360);
#360 = DEFINITIONAL_REPRESENTATION('',(#361),#394);
#361 = B_SPLINE_CURVE_WITH_KNOTS('',6,(#362,#363,#364,#365,#366,#367,
    #368,#369,#370,#371,#372,#373,#374,#375,#376,#377,#378,#379,#380,
    #381,#382,#383,#384,#385,#386,#387,#388,#389,#390,#391,#392,#393),
  .UNSPECIFIED.,.F.,.F.,(7,5,5,5,5,5,7),(0.,0.195472615772,
    0.378243008469,0.525139497933,0.66070213765,0.765534421507,1.),
  .UNSPECIFIED.);
#362 = CARTESIAN_POINT('',(-0.589030970216,-9.));
#363 = CARTESIAN_POINT('',(-0.589030970216,-9.104375328179));
#364 = CARTESIAN_POINT('',(-0.587305664521,-9.208696408918));
#365 = CARTESIAN_POINT('',(-0.58385798372,-9.312619980615));
#366 = CARTESIAN_POINT('',(-0.578711535773,-9.415786262976));
#367 = CARTESIAN_POINT('',(-0.571910706671,-9.51781845083));
#368 = CARTESIAN_POINT('',(-0.5556760119,-9.712295018825));
#369 = CARTESIAN_POINT('',(-0.546441872271,-9.804932316512));
#370 = CARTESIAN_POINT('',(-0.535858654794,-9.896062502838));
#371 = CARTESIAN_POINT('',(-0.523967434743,-9.985488367278));
#372 = CARTESIAN_POINT('',(-0.510808987047,-10.07298581085));
#373 = CARTESIAN_POINT('',(-0.484860174097,-10.22687348157));
#374 = CARTESIAN_POINT('',(-0.472501658558,-10.29405265757));
#375 = CARTESIAN_POINT('',(-0.459358916854,-10.35975386796));
#376 = CARTESIAN_POINT('',(-0.44544089246,-10.42386678624));
#377 = CARTESIAN_POINT('',(-0.430753150933,-10.48625647441));
#378 = CARTESIAN_POINT('',(-0.4010339482,-10.60260086929));
#379 = CARTESIAN_POINT('',(-0.386115064694,-10.65684038384));
#380 = CARTESIAN_POINT('',(-0.370539681761,-10.70936139516));
#381 = CARTESIAN_POINT('',(-0.354306001301,-10.76001437954));
#382 = CARTESIAN_POINT('',(-0.337410933134,-10.80862005348));
#383 = CARTESIAN_POINT('',(-0.306269262888,-10.89081143486));
#384 = CARTESIAN_POINT('',(-0.292288341918,-10.92530968145));
#385 = CARTESIAN_POINT('',(-0.27790998138,-10.95835171464));
#386 = CARTESIAN_POINT('',(-0.263137488754,-10.98981752135));
#387 = CARTESIAN_POINT('',(-0.247974369286,-11.01957922196));
#388 = CARTESIAN_POINT('',(-0.197645441455,-11.10995046143));
#389 = CARTESIAN_POINT('',(-0.160652718244,-11.16369539387));
#390 = CARTESIAN_POINT('',(-0.121915654854,-11.20606252459));
#391 = CARTESIAN_POINT('',(-8.191506923895E-02,-11.23521010534));
#392 = CARTESIAN_POINT('',(-4.111753055653E-02,-11.25));
#393 = CARTESIAN_POINT('',(0.,-11.25));
#394 = ( GEOMETRIC_REPRESENTATION_CONTEXT(2) 
PARAMETRIC_REPRESENTATION_CONTEXT() REPRESENTATION_CONTEXT('2D SPACE',''
  ) );
#395 = PCURVE('',#281,#396);
#396 = DEFINITIONAL_REPRESENTATION('',(#397),#430);
#397 = B_SPLINE_CURVE_WITH_KNOTS('',6,(#398,#399,#400,#401,#402,#403,
    #404,#405,#406,#407,#408,#409,#410,#411,#412,#413,#414,#415,#416,
    #417,#418,#419,#420,#421,#422,#423,#424,#425,#426,#427,#428,#429),
  .UNSPECIFIED.,.F.,.F.,(7,5,5,5,5,5,7),(0.,0.195472615772,
    0.378243008469,0.525139497933,0.66070213765,0.765534421507,1.),
  .UNSPECIFIED.);
#398 = CARTESIAN_POINT('',(0.,-0.367491648097));
#399 = CARTESIAN_POINT('',(-4.638903474605E-02,-0.367491648097));
#400 = CARTESIAN_POINT('',(-9.275403986455E-02,-0.371373263684));
#401 = CARTESIAN_POINT('',(-0.139121761649,-0.37913144479));
#402 = CARTESIAN_POINT('',(-0.185511775524,-0.390634890055));
#403 = CARTESIAN_POINT('',(-0.231934957164,-0.40563714833));
#404 = CARTESIAN_POINT('',(-0.321830076382,-0.440758829562));
#405 = CARTESIAN_POINT('',(-0.36529803418,-0.460482897697));
#406 = CARTESIAN_POINT('',(-0.408865642506,-0.482702759198));
#407 = CARTESIAN_POINT('',(-0.452595396208,-0.507115838485));
#408 = CARTESIAN_POINT('',(-0.496545963091,-0.533382187368));
#409 = CARTESIAN_POINT('',(-0.576324048806,-0.583436063028));
#410 = CARTESIAN_POINT('',(-0.612061466224,-0.606703705204));
#411 = CARTESIAN_POINT('',(-0.648042449539,-0.630759749177));
#412 = CARTESIAN_POINT('',(-0.684318764517,-0.655417965705));
#413 = CARTESIAN_POINT('',(-0.720942999121,-0.680480282326));
#414 = CARTESIAN_POINT('',(-0.792144284066,-0.729042083717));
#415 = CARTESIAN_POINT('',(-0.826664561317,-0.752515186022));
#416 = CARTESIAN_POINT('',(-0.861582323234,-0.77599180495));
#417 = CARTESIAN_POINT('',(-0.896944342109,-0.799294872068));
#418 = CARTESIAN_POINT('',(-0.932798187303,-0.822232117324));
#419 = CARTESIAN_POINT('',(-0.997342177409,-0.861888433765));
#420 = CARTESIAN_POINT('',(-1.025818291668,-0.878841234966));
#421 = CARTESIAN_POINT('',(-1.054636266143,-0.895349204331));
#422 = CARTESIAN_POINT('',(-1.083809798571,-0.911303939962));
#423 = CARTESIAN_POINT('',(-1.113353962861,-0.926592801834));
#424 = CARTESIAN_POINT('',(-1.210228775575,-0.973542958038));
#425 = CARTESIAN_POINT('',(-1.279644629063,-1.002331876055));
#426 = CARTESIAN_POINT('',(-1.350842812511,-1.025590840851));
#427 = CARTESIAN_POINT('',(-1.423349418203,-1.04178324031));
#428 = CARTESIAN_POINT('',(-1.496784771793,-1.05));
#429 = CARTESIAN_POINT('',(-1.570796326795,-1.05));
#430 = ( GEOMETRIC_REPRESENTATION_CONTEXT(2) 
PARAMETRIC_REPRESENTATION_CONTEXT() REPRESENTATION_CONTEXT('2D SPACE',''
  ) );
#431 = ORIENTED_EDGE('',*,*,#432,.T.);
#432 = EDGE_CURVE('',#323,#433,#435,.T.);
#433 = VERTEX_POINT('',#434);
#434 = CARTESIAN_POINT('',(4.05,0.,143.));
#435 = SEAM_CURVE('',#436,(#440,#447),.PCURVE_S1.);
#436 = LINE('',#437,#438);
#437 = CARTESIAN_POINT('',(4.05,0.,127.));
#438 = VECTOR('',#439,1.);
#439 = DIRECTION('',(0.,0.,1.));
#440 = PCURVE('',#133,#441);
#441 = DEFINITIONAL_REPRESENTATION('',(#442),#446);
#442 = LINE('',#443,#444);
#443 = CARTESIAN_POINT('',(-6.28318530718,-1.));
#444 = VECTOR('',#445,1.);
#445 = DIRECTION('',(-0.,-1.));
#446 = ( GEOMETRIC_REPRESENTATION_CONTEXT(2) 
PARAMETRIC_REPRESENTATION_CONTEXT() REPRESENTATION_CONTEXT('2D SPACE',''
  ) );
#447 = PCURVE('',#133,#448);
#448 = DEFINITIONAL_REPRESENTATION('',(#449),#453);
#449 = LINE('',#450,#451);
#450 = CARTESIAN_POINT('',(-0.,-1.));
#451 = VECTOR('',#452,1.);
#452 = DIRECTION('',(-0.,-1.));
#453 = ( GEOMETRIC_REPRESENTATION_CONTEXT(2) 
PARAMETRIC_REPRESENTATION_CONTEXT() REPRESENTATION_CONTEXT('2D SPACE',''
  ) );
#454 = ORIENTED_EDGE('',*,*,#455,.F.);
#455 = EDGE_CURVE('',#433,#433,#456,.T.);
#456 = SURFACE_CURVE('',#457,(#462,#469),.PCURVE_S1.);
#457 = CIRCLE('',#458,4.05);
#458 = AXIS2_PLACEMENT_3D('',#459,#460,#461);
#459 = CARTESIAN_POINT('',(0.,0.,143.));
#460 = DIRECTION('',(0.,0.,-1.));
#461 = DIRECTION('',(1.,0.,0.));
#462 = PCURVE('',#133,#463);
#463 = DEFINITIONAL_REPRESENTATION('',(#464),#468);
#464 = LINE('',#465,#466);
#465 = CARTESIAN_POINT('',(-6.28318530718,-17.));
#466 = VECTOR('',#467,1.);
#467 = DIRECTION('',(1.,-0.));
#468 = ( GEOMETRIC_REPRESENTATION_CONTEXT(2) 
PARAMETRIC_REPRESENTATION_CONTEXT() REPRESENTATION_CONTEXT('2D SPACE',''
  ) );
#469 = PCURVE('',#470,#475);
#470 = PLANE('',#471);
#471 = AXIS2_PLACEMENT_3D('',#472,#473,#474);
#472 = CARTESIAN_POINT('',(-1.458602808042E-15,2.339560088947E-16,143.)
  );
#473 = DIRECTION('',(0.,0.,1.));
#474 = DIRECTION('',(1.,0.,-0.));
#475 = DEFINITIONAL_REPRESENTATION('',(#476),#484);
#476 = ( BOUNDED_CURVE() B_SPLINE_CURVE(2,(#477,#478,#479,#480,#481,#482
,#483),.UNSPECIFIED.,.T.,.F.) B_SPLINE_CURVE_WITH_KNOTS((1,2,2,2,2,1),(
    -2.094395102393,0.,2.094395102393,4.188790204786,6.28318530718,
8.377580409573),.UNSPECIFIED.) CURVE() GEOMETRIC_REPRESENTATION_ITEM() 
RATIONAL_B_SPLINE_CURVE((1.,0.5,1.,0.5,1.,0.5,1.)) REPRESENTATION_ITEM(
  '') );
#477 = CARTESIAN_POINT('',(4.05,-2.339560088947E-16));
#478 = CARTESIAN_POINT('',(4.05,-7.014805770654));
#479 = CARTESIAN_POINT('',(-2.025,-3.507402885327));
#480 = CARTESIAN_POINT('',(-8.1,-1.225919916204E-15));
#481 = CARTESIAN_POINT('',(-2.025,3.507402885327));
#482 = CARTESIAN_POINT('',(4.05,7.014805770654));
#483 = CARTESIAN_POINT('',(4.05,-2.339560088947E-16));
#484 = ( GEOMETRIC_REPRESENTATION_CONTEXT(2) 
PARAMETRIC_REPRESENTATION_CONTEXT() REPRESENTATION_CONTEXT('2D SPACE',''
  ) );
#485 = ORIENTED_EDGE('',*,*,#432,.F.);
#486 = ORIENTED_EDGE('',*,*,#487,.T.);
#487 = EDGE_CURVE('',#323,#185,#488,.T.);
#488 = SURFACE_CURVE('',#489,(#547,#608),.PCURVE_S1.);
#489 = B_SPLINE_CURVE_WITH_KNOTS('',6,(#490,#491,#492,#493,#494,#495,
    #496,#497,#498,#499,#500,#501,#502,#503,#504,#505,#506,#507,#508,
    #509,#510,#511,#512,#513,#514,#515,#516,#517,#518,#519,#520,#521,
    #522,#523,#524,#525,#526,#527,#528,#529,#530,#531,#532,#533,#534,
    #535,#536,#537,#538,#539,#540,#541,#542,#543,#544,#545,#546),
  .UNSPECIFIED.,.F.,.F.,(7,5,5,5,5,5,5,5,5,5,5,7),(0.,0.118473555631,
    0.171328268797,0.208830269847,0.309873739255,0.40200581452,
    0.499876168336,0.597697266744,0.689071970775,0.830317150695,
    0.882743772198,1.),.UNSPECIFIED.);
#490 = CARTESIAN_POINT('',(4.05,0.,137.25));
#491 = CARTESIAN_POINT('',(4.05,-0.168313816159,137.25));
#492 = CARTESIAN_POINT('',(4.041605860694,-0.335269455082,
    137.23489083928));
#493 = CARTESIAN_POINT('',(4.025072900606,-0.498371323074,
    137.20513016814));
#494 = CARTESIAN_POINT('',(4.001346688367,-0.655201302831,
    137.16190022865));
#495 = CARTESIAN_POINT('',(3.972019216781,-0.803557105397,
    137.10710534598));
#496 = CARTESIAN_POINT('',(3.924304786068,-1.003165291201,137.0151318693
    ));
#497 = CARTESIAN_POINT('',(3.908800822292,-1.062914885496,
    136.98490159736));
#498 = CARTESIAN_POINT('',(3.89263218533,-1.120820989566,136.95295315067
    ));
#499 = CARTESIAN_POINT('',(3.875913749904,-1.176875593903,
    136.91941646107));
#500 = CARTESIAN_POINT('',(3.858755860662,-1.231076705992,
    136.88441308168));
#501 = CARTESIAN_POINT('',(3.828853569154,-1.32057340894,136.82225988166
    ));
#502 = CARTESIAN_POINT('',(3.81627272238,-1.356793394156,136.79577794362
    ));
#503 = CARTESIAN_POINT('',(3.803557417285,-1.392094906269,
    136.76864656056));
#504 = CARTESIAN_POINT('',(3.790741543861,-1.426485559068,
    136.74089856148));
#505 = CARTESIAN_POINT('',(3.777857256665,-1.459973979812,136.7125634165
    ));
#506 = CARTESIAN_POINT('',(3.730117840943,-1.58039434127,136.60581085163
    ));
#507 = CARTESIAN_POINT('',(3.695017913412,-1.661756395667,
    136.52386577947));
#508 = CARTESIAN_POINT('',(3.66023800819,-1.736816743743,136.43835547574
    ));
#509 = CARTESIAN_POINT('',(3.626314441109,-1.805730643244,
    136.34967517088));
#510 = CARTESIAN_POINT('',(3.59373526864,-1.868624368277,136.25811854637
    ));
#511 = CARTESIAN_POINT('',(3.534896102263,-1.977496712729,
    136.07799936497));
#512 = CARTESIAN_POINT('',(3.508326615746,-2.024488296444,135.9898679755
    ));
#513 = CARTESIAN_POINT('',(3.483629168262,-2.066541250503,
    135.89976903072));
#514 = CARTESIAN_POINT('',(3.461152788062,-2.103648886559,
    135.80793205286));
#515 = CARTESIAN_POINT('',(3.441208138541,-2.135794379147,
    135.71455864247));
#516 = CARTESIAN_POINT('',(3.405842221154,-2.191780619806,
    135.51918861768));
#517 = CARTESIAN_POINT('',(3.39077920385,-2.214979807529,135.41701493661
    ));
#518 = CARTESIAN_POINT('',(3.379223346717,-2.232442703129,
    135.31369980761));
#519 = CARTESIAN_POINT('',(3.371423076334,-2.2441151058,135.20962275434)
  );
#520 = CARTESIAN_POINT('',(3.367510811692,-2.249971318555,
    135.10514614647));
#521 = CARTESIAN_POINT('',(3.367472606635,-2.250028498652,
    134.89613756064));
#522 = CARTESIAN_POINT('',(3.371342771206,-2.244235299592,
    134.79171238617));
#523 = CARTESIAN_POINT('',(3.379097518592,-2.232631977415,
    134.68768434583));
#524 = CARTESIAN_POINT('',(3.390605394305,-2.215244129026,
    134.58441432619));
#525 = CARTESIAN_POINT('',(3.405619315924,-2.192125438077,
    134.48228029117));
#526 = CARTESIAN_POINT('',(3.440758829562,-2.136513067621,
    134.28770498117));
#527 = CARTESIAN_POINT('',(3.460482897697,-2.104737573677,
    134.19506768348));
#528 = CARTESIAN_POINT('',(3.482702759198,-2.068080235964,
    134.10393749716));
#529 = CARTESIAN_POINT('',(3.507115838485,-2.02655795124,134.01451163272
    ));
#530 = CARTESIAN_POINT('',(3.533382187368,-1.980178036091,
    133.92701418914));
#531 = CARTESIAN_POINT('',(3.604028432855,-1.849754188876,
    133.70981649925));
#532 = CARTESIAN_POINT('',(3.650466791605,-1.758975936933,
    133.58315755909));
#533 = CARTESIAN_POINT('',(3.699208743713,-1.656402001433,
    133.46225898062));
#534 = CARTESIAN_POINT('',(3.748911178223,-1.541605466078,
    133.34797188972));
#535 = CARTESIAN_POINT('',(3.798003765078,-1.41408083113,133.24159544604
    ));
#536 = CARTESIAN_POINT('',(3.861888433765,-1.221205462133,
    133.10918856513));
#537 = CARTESIAN_POINT('',(3.878841234966,-1.167172867715,
    133.07469031854));
#538 = CARTESIAN_POINT('',(3.895349204331,-1.111316203591,
    133.04164828536));
#539 = CARTESIAN_POINT('',(3.911303939962,-1.053638929651,
    133.01018247864));
#540 = CARTESIAN_POINT('',(3.926592801834,-0.994150469585,
    132.98042077803));
#541 = CARTESIAN_POINT('',(3.973542958085,-0.795799186676,
    132.89004953847));
#542 = CARTESIAN_POINT('',(4.002331876015,-0.648653387819,132.8363046062
    ));
#543 = CARTESIAN_POINT('',(4.025590840822,-0.493252750908,
    132.79393747545));
#544 = CARTESIAN_POINT('',(4.041783240339,-0.331755724418,132.7647898946
    ));
#545 = CARTESIAN_POINT('',(4.05,-0.166525998465,132.75));
#546 = CARTESIAN_POINT('',(4.05,-8.881784197001E-16,132.75));
#547 = PCURVE('',#133,#548);
#548 = DEFINITIONAL_REPRESENTATION('',(#549),#607);
#549 = B_SPLINE_CURVE_WITH_KNOTS('',6,(#550,#551,#552,#553,#554,#555,
    #556,#557,#558,#559,#560,#561,#562,#563,#564,#565,#566,#567,#568,
    #569,#570,#571,#572,#573,#574,#575,#576,#577,#578,#579,#580,#581,
    #582,#583,#584,#585,#586,#587,#588,#589,#590,#591,#592,#593,#594,
    #595,#596,#597,#598,#599,#600,#601,#602,#603,#604,#605,#606),
  .UNSPECIFIED.,.F.,.F.,(7,5,5,5,5,5,5,5,5,5,5,7),(0.,0.118473555631,
    0.171328268797,0.208830269847,0.309873739255,0.40200581452,
    0.499876168336,0.597697266744,0.689071970775,0.830317150695,
    0.882743772198,1.),.UNSPECIFIED.);
#550 = CARTESIAN_POINT('',(-6.28318530718,-11.25));
#551 = CARTESIAN_POINT('',(-6.241626340227,-11.25));
#552 = CARTESIAN_POINT('',(-6.200402647556,-11.23489083928));
#553 = CARTESIAN_POINT('',(-6.16000174325,-11.20513016814));
#554 = CARTESIAN_POINT('',(-6.12090018115,-11.16190022865));
#555 = CARTESIAN_POINT('',(-6.083589261063,-11.10710534598));
#556 = CARTESIAN_POINT('',(-6.032914740735,-11.0151318693));
#557 = CARTESIAN_POINT('',(-6.01767595481,-10.98490159736));
#558 = CARTESIAN_POINT('',(-6.00283493553,-10.95295315067));
#559 = CARTESIAN_POINT('',(-5.988394971544,-10.91941646107));
#560 = CARTESIAN_POINT('',(-5.974359160013,-10.88441308168));
#561 = CARTESIAN_POINT('',(-5.951060398145,-10.82225988166));
#562 = CARTESIAN_POINT('',(-5.941593713203,-10.79577794362));
#563 = CARTESIAN_POINT('',(-5.932329992959,-10.76864656056));
#564 = CARTESIAN_POINT('',(-5.923268802462,-10.74089856148));
#565 = CARTESIAN_POINT('',(-5.914409630638,-10.7125634165));
#566 = CARTESIAN_POINT('',(-5.882424918481,-10.60581085163));
#567 = CARTESIAN_POINT('',(-5.860555535845,-10.52386577947));
#568 = CARTESIAN_POINT('',(-5.840139025236,-10.43835547574));
#569 = CARTESIAN_POINT('',(-5.821179622566,-10.34967517088));
#570 = CARTESIAN_POINT('',(-5.803693216219,-10.25811854637));
#571 = CARTESIAN_POINT('',(-5.773136491077,-10.07799936497));
#572 = CARTESIAN_POINT('',(-5.759809830734,-9.989867975505));
#573 = CARTESIAN_POINT('',(-5.74777014385,-9.89976903072));
#574 = CARTESIAN_POINT('',(-5.737059045904,-9.807932052863));
#575 = CARTESIAN_POINT('',(-5.727718571925,-9.714558642474));
#576 = CARTESIAN_POINT('',(-5.711367733055,-9.519188617682));
#577 = CARTESIAN_POINT('',(-5.704538509102,-9.417014936615));
#578 = CARTESIAN_POINT('',(-5.699368264429,-9.313699807614));
#579 = CARTESIAN_POINT('',(-5.69590178361,-9.209622754344));
#580 = CARTESIAN_POINT('',(-5.694162854117,-9.105146146479));
#581 = CARTESIAN_POINT('',(-5.694145874091,-8.896137560643));
#582 = CARTESIAN_POINT('',(-5.695866091537,-8.791712386178));
#583 = CARTESIAN_POINT('',(-5.6993121453,-8.687684345832));
#584 = CARTESIAN_POINT('',(-5.704460401016,-8.584414326193));
#585 = CARTESIAN_POINT('',(-5.711266357632,-8.482280291172));
#586 = CARTESIAN_POINT('',(-5.727509295279,-8.287704981175));
#587 = CARTESIAN_POINT('',(-5.736743434908,-8.195067683488));
#588 = CARTESIAN_POINT('',(-5.747326652386,-8.103937497162));
#589 = CARTESIAN_POINT('',(-5.759217872437,-8.014511632722));
#590 = CARTESIAN_POINT('',(-5.772376320133,-7.927014189142));
#591 = CARTESIAN_POINT('',(-5.809000581203,-7.709816499258));
#592 = CARTESIAN_POINT('',(-5.834170563086,-7.583157559093));
#593 = CARTESIAN_POINT('',(-5.862192146324,-7.462258980621));
#594 = CARTESIAN_POINT('',(-5.893046175027,-7.347971889726));
#595 = CARTESIAN_POINT('',(-5.926748114828,-7.241595446049));
#596 = CARTESIAN_POINT('',(-5.976916044292,-7.109188565138));
#597 = CARTESIAN_POINT('',(-5.990896965262,-7.074690318544));
#598 = CARTESIAN_POINT('',(-6.0052753258,-7.04164828536));
#599 = CARTESIAN_POINT('',(-6.020047818426,-7.010182478641));
#600 = CARTESIAN_POINT('',(-6.035210937893,-6.980420778034));
#601 = CARTESIAN_POINT('',(-6.085539865776,-6.890049538476));
#602 = CARTESIAN_POINT('',(-6.12253258891,-6.836304606204));
#603 = CARTESIAN_POINT('',(-6.161269652265,-6.793937475455));
#604 = CARTESIAN_POINT('',(-6.201270237933,-6.764789894609));
#605 = CARTESIAN_POINT('',(-6.242067776694,-6.75));
#606 = CARTESIAN_POINT('',(-6.28318530718,-6.75));
#607 = ( GEOMETRIC_REPRESENTATION_CONTEXT(2) 
PARAMETRIC_REPRESENTATION_CONTEXT() REPRESENTATION_CONTEXT('2D SPACE',''
  ) );
#608 = PCURVE('',#281,#609);
#609 = DEFINITIONAL_REPRESENTATION('',(#610),#668);
#610 = B_SPLINE_CURVE_WITH_KNOTS('',6,(#611,#612,#613,#614,#615,#616,
    #617,#618,#619,#620,#621,#622,#623,#624,#625,#626,#627,#628,#629,
    #630,#631,#632,#633,#634,#635,#636,#637,#638,#639,#640,#641,#642,
    #643,#644,#645,#646,#647,#648,#649,#650,#651,#652,#653,#654,#655,
    #656,#657,#658,#659,#660,#661,#662,#663,#664,#665,#666,#667),
  .UNSPECIFIED.,.F.,.F.,(7,5,5,5,5,5,5,5,5,5,5,7),(0.,0.118473555631,
    0.171328268797,0.208830269847,0.309873739255,0.40200581452,
    0.499876168336,0.597697266744,0.689071970775,0.830317150695,
    0.882743772198,1.),.UNSPECIFIED.);
#611 = CARTESIAN_POINT('',(-1.570796326795,-1.05));
#612 = CARTESIAN_POINT('',(-1.64560246731,-1.05));
#613 = CARTESIAN_POINT('',(-1.719804890328,-1.041605860694));
#614 = CARTESIAN_POINT('',(-1.793048532246,-1.025072900606));
#615 = CARTESIAN_POINT('',(-1.864949194909,-1.001346688367));
#616 = CARTESIAN_POINT('',(-1.935025194905,-0.972019216781));
#617 = CARTESIAN_POINT('',(-2.032704486975,-0.924304786068));
#618 = CARTESIAN_POINT('',(-2.062445536367,-0.908800822292));
#619 = CARTESIAN_POINT('',(-2.091810859407,-0.89263218533));
#620 = CARTESIAN_POINT('',(-2.120816337925,-0.875913749904));
#621 = CARTESIAN_POINT('',(-2.149476482653,-0.858755860662));
#622 = CARTESIAN_POINT('',(-2.19790396207,-0.828853569154));
#623 = CARTESIAN_POINT('',(-2.217839656389,-0.81627272238));
#624 = CARTESIAN_POINT('',(-2.237619240276,-0.803557417285));
#625 = CARTESIAN_POINT('',(-2.257250679995,-0.790741543861));
#626 = CARTESIAN_POINT('',(-2.276742183974,-0.777857256665));
#627 = CARTESIAN_POINT('',(-2.348264845233,-0.730117840943));
#628 = CARTESIAN_POINT('',(-2.399483814064,-0.695017913412));
#629 = CARTESIAN_POINT('',(-2.44991308049,-0.66023800819));
#630 = CARTESIAN_POINT('',(-2.499698381441,-0.626314441109));
#631 = CARTESIAN_POINT('',(-2.548982466087,-0.59373526864));
#632 = CARTESIAN_POINT('',(-2.642523089751,-0.534896102263));
#633 = CARTESIAN_POINT('',(-2.686848401529,-0.508326615746));
#634 = CARTESIAN_POINT('',(-2.730946585665,-0.483629168262));
#635 = CARTESIAN_POINT('',(-2.774878144489,-0.461152788062));
#636 = CARTESIAN_POINT('',(-2.818707467209,-0.441208138541));
#637 = CARTESIAN_POINT('',(-2.909033522108,-0.405842221154));
#638 = CARTESIAN_POINT('',(-2.95552730685,-0.39077920385));
#639 = CARTESIAN_POINT('',(-3.001988037905,-0.379223346717));
#640 = CARTESIAN_POINT('',(-3.048426191788,-0.371423076334));
#641 = CARTESIAN_POINT('',(-3.09486103119,-0.367510811692));
#642 = CARTESIAN_POINT('',(-3.187753739483,-0.367472606635));
#643 = CARTESIAN_POINT('',(-3.23416430277,-0.371342771206));
#644 = CARTESIAN_POINT('',(-3.280577572091,-0.379097518592));
#645 = CARTESIAN_POINT('',(-3.327013164187,-0.390605394305));
#646 = CARTESIAN_POINT('',(-3.373481968114,-0.405619315924));
#647 = CARTESIAN_POINT('',(-3.463422729972,-0.440758829562));
#648 = CARTESIAN_POINT('',(-3.50689068777,-0.460482897697));
#649 = CARTESIAN_POINT('',(-3.550458296096,-0.482702759198));
#650 = CARTESIAN_POINT('',(-3.594188049798,-0.507115838485));
#651 = CARTESIAN_POINT('',(-3.638138616681,-0.533382187368));
#652 = CARTESIAN_POINT('',(-3.750737734203,-0.604028432855));
#653 = CARTESIAN_POINT('',(-3.819768384855,-0.650466791605));
#654 = CARTESIAN_POINT('',(-3.889877537766,-0.699208743713));
#655 = CARTESIAN_POINT('',(-3.961472433661,-0.748911178223));
#656 = CARTESIAN_POINT('',(-4.034957160007,-0.798003765078));
#657 = CARTESIAN_POINT('',(-4.138934830999,-0.861888433765));
#658 = CARTESIAN_POINT('',(-4.167410945258,-0.878841234966));
#659 = CARTESIAN_POINT('',(-4.196228919733,-0.895349204331));
#660 = CARTESIAN_POINT('',(-4.225402452161,-0.911303939962));
#661 = CARTESIAN_POINT('',(-4.254946616451,-0.926592801834));
#662 = CARTESIAN_POINT('',(-4.351821429262,-0.973542958085));
#663 = CARTESIAN_POINT('',(-4.4212372826,-1.002331876015));
#664 = CARTESIAN_POINT('',(-4.492435465996,-1.025590840822));
#665 = CARTESIAN_POINT('',(-4.564942071779,-1.041783240339));
#666 = CARTESIAN_POINT('',(-4.638377425511,-1.05));
#667 = CARTESIAN_POINT('',(-4.712388980385,-1.05));
#668 = ( GEOMETRIC_REPRESENTATION_CONTEXT(2) 
PARAMETRIC_REPRESENTATION_CONTEXT() REPRESENTATION_CONTEXT('2D SPACE',''
  ) );
#669 = ORIENTED_EDGE('',*,*,#184,.F.);
#670 = FACE_BOUND('',#671,.T.);
#671 = EDGE_LOOP('',(#672));
#672 = ORIENTED_EDGE('',*,*,#673,.T.);
#673 = EDGE_CURVE('',#674,#674,#676,.T.);
#674 = VERTEX_POINT('',#675);
#675 = CARTESIAN_POINT('',(-3.367491648097,-2.25,135.));
#676 = SURFACE_CURVE('',#677,(#815,#956),.PCURVE_S1.);
#677 = B_SPLINE_CURVE_WITH_KNOTS('',6,(#678,#679,#680,#681,#682,#683,
    #684,#685,#686,#687,#688,#689,#690,#691,#692,#693,#694,#695,#696,
    #697,#698,#699,#700,#701,#702,#703,#704,#705,#706,#707,#708,#709,
    #710,#711,#712,#713,#714,#715,#716,#717,#718,#719,#720,#721,#722,
    #723,#724,#725,#726,#727,#728,#729,#730,#731,#732,#733,#734,#735,
    #736,#737,#738,#739,#740,#741,#742,#743,#744,#745,#746,#747,#748,
    #749,#750,#751,#752,#753,#754,#755,#756,#757,#758,#759,#760,#761,
    #762,#763,#764,#765,#766,#767,#768,#769,#770,#771,#772,#773,#774,
    #775,#776,#777,#778,#779,#780,#781,#782,#783,#784,#785,#786,#787,
    #788,#789,#790,#791,#792,#793,#794,#795,#796,#797,#798,#799,#800,
    #801,#802,#803,#804,#805,#806,#807,#808,#809,#810,#811,#812,#813,
    #814),.UNSPECIFIED.,.T.,.F.,(7,5,5,5,5,5,5,5,5,5,5,5,5,5,5,5,5,5,5,5
    ,5,5,5,5,5,5,5,7),(0.,4.883608160781E-02,9.449869157509E-02,
    0.131198711775,0.165067129149,0.191257999668,0.212717123142,
    0.24999276907,0.28728717889,0.309350295019,0.335759920668,
    0.354498343044,0.404986190341,0.451021327358,0.499923679062,
    0.548801419582,0.594458124999,0.66503334204,0.691229069177,
    0.712692171707,0.749974729186,0.787276054017,0.809343266122,
    0.835757800257,0.854499705385,0.904996936432,0.95104062961,1.),
  .UNSPECIFIED.);
#678 = CARTESIAN_POINT('',(-3.367491648097,-2.25,135.));
#679 = CARTESIAN_POINT('',(-3.367491648097,-2.25,135.10437532817));
#680 = CARTESIAN_POINT('',(-3.371373263684,-2.244189668999,
    135.20869640891));
#681 = CARTESIAN_POINT('',(-3.37913144479,-2.23258071295,135.31261998061
    ));
#682 = CARTESIAN_POINT('',(-3.390634890055,-2.215198713183,
    135.41578626297));
#683 = CARTESIAN_POINT('',(-3.40563714833,-2.192097216219,
    135.51781845083));
#684 = CARTESIAN_POINT('',(-3.440758829562,-2.136513067621,
    135.71229501882));
#685 = CARTESIAN_POINT('',(-3.460482897697,-2.104737573677,
    135.80493231651));
#686 = CARTESIAN_POINT('',(-3.482702759198,-2.068080235964,
    135.89606250283));
#687 = CARTESIAN_POINT('',(-3.507115838485,-2.02655795124,
    135.98548836727));
#688 = CARTESIAN_POINT('',(-3.533382187368,-1.980178036091,
    136.07298581085));
#689 = CARTESIAN_POINT('',(-3.583436063028,-1.887770874371,
    136.22687348157));
#690 = CARTESIAN_POINT('',(-3.606703705204,-1.843451103691,
    136.29405265757));
#691 = CARTESIAN_POINT('',(-3.630759749177,-1.795959141461,
    136.35975386796));
#692 = CARTESIAN_POINT('',(-3.655417965705,-1.745256778514,
    136.42386678624));
#693 = CARTESIAN_POINT('',(-3.680480282326,-1.691296300427,
    136.48625647441));
#694 = CARTESIAN_POINT('',(-3.729042083717,-1.581164796737,
    136.60260086929));
#695 = CARTESIAN_POINT('',(-3.752515186022,-1.525480434012,
    136.65684038384));
#696 = CARTESIAN_POINT('',(-3.77599180495,-1.466914982194,
    136.70936139516));
#697 = CARTESIAN_POINT('',(-3.799294872068,-1.405415989807,
    136.76001437954));
#698 = CARTESIAN_POINT('',(-3.822232117324,-1.340932570747,
    136.80862005348));
#699 = CARTESIAN_POINT('',(-3.861888433765,-1.221205462133,
    136.89081143486));
#700 = CARTESIAN_POINT('',(-3.878841234966,-1.167172867715,
    136.92530968145));
#701 = CARTESIAN_POINT('',(-3.895349204332,-1.111316203591,
    136.95835171464));
#702 = CARTESIAN_POINT('',(-3.911303939962,-1.053638929651,
    136.98981752135));
#703 = CARTESIAN_POINT('',(-3.926592801834,-0.994150469585,
    137.01957922196));
#704 = CARTESIAN_POINT('',(-3.952984290129,-0.882653810595,
    137.0703784461));
#705 = CARTESIAN_POINT('',(-3.964345502627,-0.831231603828,
    137.09202252124));
#706 = CARTESIAN_POINT('',(-3.975109334811,-0.778643715955,
    137.11234196045));
#707 = CARTESIAN_POINT('',(-3.985205396731,-0.724938510332,
    137.13124892893));
#708 = CARTESIAN_POINT('',(-3.994566122979,-0.670168588303,
    137.1486590923));
#709 = CARTESIAN_POINT('',(-4.017997079363,-0.517501767023,
    137.19199355851));
#710 = CARTESIAN_POINT('',(-4.030476200158,-0.417427253218,
    137.21477553084));
#711 = CARTESIAN_POINT('',(-4.040146525794,-0.314880073259,
    137.23226533983));
#712 = CARTESIAN_POINT('',(-4.0467095478,-0.210608476386,137.24407623789
    ));
#713 = CARTESIAN_POINT('',(-4.05,-0.105385777658,137.25));
#714 = CARTESIAN_POINT('',(-4.05,0.105438826967,137.25));
#715 = CARTESIAN_POINT('',(-4.046706227805,0.210717608716,
    137.24407028116));
#716 = CARTESIAN_POINT('',(-4.040136235956,0.315045158812,137.2322468308
    ));
#717 = CARTESIAN_POINT('',(-4.030455646371,0.417645045338,137.214738337)
  );
#718 = CARTESIAN_POINT('',(-4.017963987262,0.517765947509,137.1919331247
    ));
#719 = CARTESIAN_POINT('',(-3.994275579207,0.672032805017,
    137.14812128854));
#720 = CARTESIAN_POINT('',(-3.984625366427,0.728306811839,
    137.13016958593));
#721 = CARTESIAN_POINT('',(-3.974200253123,0.783453036482,
    137.11063877406));
#722 = CARTESIAN_POINT('',(-3.963073637221,0.837415227909,
    137.08962038118));
#723 = CARTESIAN_POINT('',(-3.951321953152,0.890141880325,
    137.06720967364));
#724 = CARTESIAN_POINT('',(-3.924304783988,1.0031652999,137.01513186529)
  );
#725 = CARTESIAN_POINT('',(-3.90880082298,1.062914884138,136.98490159887
    ));
#726 = CARTESIAN_POINT('',(-3.892632187538,1.120820981777,136.9529531551
    ));
#727 = CARTESIAN_POINT('',(-3.875913750403,1.176875591128,
    136.91941646194));
#728 = CARTESIAN_POINT('',(-3.858755858347,1.23107671292,136.88441307687
    ));
#729 = CARTESIAN_POINT('',(-3.828853569154,1.32057340894,136.82225988166
    ));
#730 = CARTESIAN_POINT('',(-3.81627272238,1.356793394156,136.79577794362
    ));
#731 = CARTESIAN_POINT('',(-3.803557417285,1.392094906269,
    136.76864656056));
#732 = CARTESIAN_POINT('',(-3.790741543861,1.426485559068,
    136.74089856148));
#733 = CARTESIAN_POINT('',(-3.777857256665,1.459973979812,136.7125634165
    ));
#734 = CARTESIAN_POINT('',(-3.73011783921,1.580394345642,136.60581084776
    ));
#735 = CARTESIAN_POINT('',(-3.695017915936,1.661756390046,
    136.52386578595));
#736 = CARTESIAN_POINT('',(-3.660238008422,1.736816742749,
    136.43835547575));
#737 = CARTESIAN_POINT('',(-3.626314438699,1.805730648365,
    136.34967516439));
#738 = CARTESIAN_POINT('',(-3.593735269886,1.868624365972,
    136.25811855018));
#739 = CARTESIAN_POINT('',(-3.534896102263,1.977496712729,
    136.07799936497));
#740 = CARTESIAN_POINT('',(-3.508326615746,2.024488296445,135.9898679755
    ));
#741 = CARTESIAN_POINT('',(-3.483629168262,2.066541250503,
    135.89976903072));
#742 = CARTESIAN_POINT('',(-3.461152788062,2.103648886559,
    135.80793205286));
#743 = CARTESIAN_POINT('',(-3.441208138541,2.135794379147,
    135.71455864247));
#744 = CARTESIAN_POINT('',(-3.405842221154,2.191780619806,
    135.51918861768));
#745 = CARTESIAN_POINT('',(-3.39077920385,2.214979807529,135.41701493661
    ));
#746 = CARTESIAN_POINT('',(-3.379223346717,2.232442703129,
    135.31369980761));
#747 = CARTESIAN_POINT('',(-3.371423076334,2.2441151058,135.20962275434)
  );
#748 = CARTESIAN_POINT('',(-3.367510811692,2.249971318555,
    135.10514614648));
#749 = CARTESIAN_POINT('',(-3.367472606635,2.250028498652,
    134.89613756064));
#750 = CARTESIAN_POINT('',(-3.371342771206,2.244235299592,
    134.79171238617));
#751 = CARTESIAN_POINT('',(-3.379097518592,2.232631977415,
    134.68768434583));
#752 = CARTESIAN_POINT('',(-3.390605394305,2.215244129026,
    134.58441432619));
#753 = CARTESIAN_POINT('',(-3.405619315924,2.192125438077,
    134.48228029117));
#754 = CARTESIAN_POINT('',(-3.440758829562,2.136513067621,
    134.28770498117));
#755 = CARTESIAN_POINT('',(-3.460482897697,2.104737573677,
    134.19506768348));
#756 = CARTESIAN_POINT('',(-3.482702759198,2.068080235964,
    134.10393749716));
#757 = CARTESIAN_POINT('',(-3.507115838485,2.02655795124,134.01451163272
    ));
#758 = CARTESIAN_POINT('',(-3.533382187368,1.980178036091,
    133.92701418914));
#759 = CARTESIAN_POINT('',(-3.604028432839,1.849754188905,133.7098164993
    ));
#760 = CARTESIAN_POINT('',(-3.650466791633,1.75897593689,133.583157559)
  );
#761 = CARTESIAN_POINT('',(-3.699208743715,1.656402001396,
    133.46225898064));
#762 = CARTESIAN_POINT('',(-3.748911178192,1.541605466178,
    133.34797188978));
#763 = CARTESIAN_POINT('',(-3.798003765095,1.414080831077,
    133.24159544601));
#764 = CARTESIAN_POINT('',(-3.861888433765,1.221205462133,
    133.10918856513));
#765 = CARTESIAN_POINT('',(-3.878841234966,1.167172867715,
    133.07469031854));
#766 = CARTESIAN_POINT('',(-3.895349204331,1.111316203591,
    133.04164828536));
#767 = CARTESIAN_POINT('',(-3.911303939962,1.053638929651,
    133.01018247864));
#768 = CARTESIAN_POINT('',(-3.926592801834,0.994150469585,
    132.98042077803));
#769 = CARTESIAN_POINT('',(-3.952984290047,0.882653810937,
    132.92962155404));
#770 = CARTESIAN_POINT('',(-3.96434550264,0.831231603698,132.90797747873
    ));
#771 = CARTESIAN_POINT('',(-3.975109334884,0.778643715577,132.8876580394
    ));
#772 = CARTESIAN_POINT('',(-3.985205396758,0.724938510262,
    132.86875107101));
#773 = CARTESIAN_POINT('',(-3.994566122915,0.67016858872,132.85134090781
    ));
#774 = CARTESIAN_POINT('',(-4.017997079361,0.517501767034,
    132.80800644149));
#775 = CARTESIAN_POINT('',(-4.030476200159,0.417427253214,
    132.78522446914));
#776 = CARTESIAN_POINT('',(-4.040146525795,0.314880073244,
    132.76773466016));
#777 = CARTESIAN_POINT('',(-4.046709547799,0.210608476382,132.7559237621
    ));
#778 = CARTESIAN_POINT('',(-4.05,0.105385777674,132.75));
#779 = CARTESIAN_POINT('',(-4.05,-0.105438826931,132.75));
#780 = CARTESIAN_POINT('',(-4.046706227807,-0.210717608725,
    132.75592971883));
#781 = CARTESIAN_POINT('',(-4.040136235953,-0.315045158846,
    132.7677531692));
#782 = CARTESIAN_POINT('',(-4.030455646368,-0.417645045348,132.785261663
    ));
#783 = CARTESIAN_POINT('',(-4.017963987266,-0.51776594748,
    132.80806687528));
#784 = CARTESIAN_POINT('',(-3.994275577169,-0.672032818291,
    132.85187871522));
#785 = CARTESIAN_POINT('',(-3.984625367276,-0.728306809667,
    132.86983041238));
#786 = CARTESIAN_POINT('',(-3.974200255457,-0.783453024516,
    132.88936122151));
#787 = CARTESIAN_POINT('',(-3.963073637636,-0.837415223752,
    132.91037961809));
#788 = CARTESIAN_POINT('',(-3.951321950572,-0.890141891116,
    132.93279033133));
#789 = CARTESIAN_POINT('',(-3.92430478396,-1.003165300017,
    132.98486813475));
#790 = CARTESIAN_POINT('',(-3.908800822989,-1.06291488412,133.0150984011
    ));
#791 = CARTESIAN_POINT('',(-3.892632187568,-1.120820981673,
    133.04704684483));
#792 = CARTESIAN_POINT('',(-3.87591375041,-1.176875591091,
    133.08058353803));
#793 = CARTESIAN_POINT('',(-3.858755858316,-1.231076713013,
    133.11558692319));
#794 = CARTESIAN_POINT('',(-3.828853569154,-1.32057340894,
    133.17774011833));
#795 = CARTESIAN_POINT('',(-3.81627272238,-1.356793394156,
    133.20422205637));
#796 = CARTESIAN_POINT('',(-3.803557417285,-1.392094906269,
    133.23135343943));
#797 = CARTESIAN_POINT('',(-3.790741543861,-1.426485559068,
    133.25910143851));
#798 = CARTESIAN_POINT('',(-3.777857256665,-1.459973979812,
    133.28743658349));
#799 = CARTESIAN_POINT('',(-3.73011783921,-1.580394345642,
    133.39418915223));
#800 = CARTESIAN_POINT('',(-3.695017915936,-1.661756390047,
    133.47613421404));
#801 = CARTESIAN_POINT('',(-3.660238008422,-1.736816742749,
    133.56164452424));
#802 = CARTESIAN_POINT('',(-3.626314438699,-1.805730648365,
    133.6503248356));
#803 = CARTESIAN_POINT('',(-3.593735269886,-1.868624365972,
    133.74188144981));
#804 = CARTESIAN_POINT('',(-3.534896102263,-1.977496712729,
    133.92200063502));
#805 = CARTESIAN_POINT('',(-3.508326615746,-2.024488296444,
    134.01013202449));
#806 = CARTESIAN_POINT('',(-3.483629168262,-2.066541250503,
    134.10023096928));
#807 = CARTESIAN_POINT('',(-3.461152788062,-2.103648886559,
    134.19206794713));
#808 = CARTESIAN_POINT('',(-3.441208138541,-2.135794379147,
    134.28544135752));
#809 = CARTESIAN_POINT('',(-3.405824369829,-2.19180887946,
    134.48090999742));
#810 = CARTESIAN_POINT('',(-3.39074963883,-2.215025338682,
    134.58318555526));
#811 = CARTESIAN_POINT('',(-3.37918930737,-2.232494144117,
    134.68660453113));
#812 = CARTESIAN_POINT('',(-3.371392453341,-2.244160933457,
    134.79078616094));
#813 = CARTESIAN_POINT('',(-3.367491648097,-2.25,134.89536688548));
#814 = CARTESIAN_POINT('',(-3.367491648097,-2.25,135.));
#815 = PCURVE('',#133,#816);
#816 = DEFINITIONAL_REPRESENTATION('',(#817),#955);
#817 = B_SPLINE_CURVE_WITH_KNOTS('',6,(#818,#819,#820,#821,#822,#823,
    #824,#825,#826,#827,#828,#829,#830,#831,#832,#833,#834,#835,#836,
    #837,#838,#839,#840,#841,#842,#843,#844,#845,#846,#847,#848,#849,
    #850,#851,#852,#853,#854,#855,#856,#857,#858,#859,#860,#861,#862,
    #863,#864,#865,#866,#867,#868,#869,#870,#871,#872,#873,#874,#875,
    #876,#877,#878,#879,#880,#881,#882,#883,#884,#885,#886,#887,#888,
    #889,#890,#891,#892,#893,#894,#895,#896,#897,#898,#899,#900,#901,
    #902,#903,#904,#905,#906,#907,#908,#909,#910,#911,#912,#913,#914,
    #915,#916,#917,#918,#919,#920,#921,#922,#923,#924,#925,#926,#927,
    #928,#929,#930,#931,#932,#933,#934,#935,#936,#937,#938,#939,#940,
    #941,#942,#943,#944,#945,#946,#947,#948,#949,#950,#951,#952,#953,
    #954),.UNSPECIFIED.,.T.,.F.,(7,5,5,5,5,5,5,5,5,5,5,5,5,5,5,5,5,5,5,5
    ,5,5,5,5,5,5,5,7),(0.,4.883608160781E-02,9.449869157509E-02,
    0.131198711775,0.165067129149,0.191257999668,0.212717123142,
    0.24999276907,0.28728717889,0.309350295019,0.335759920668,
    0.354498343044,0.404986190341,0.451021327358,0.499923679062,
    0.548801419582,0.594458124999,0.66503334204,0.691229069177,
    0.712692171707,0.749974729186,0.787276054017,0.809343266122,
    0.835757800257,0.854499705385,0.904996936432,0.95104062961,1.),
  .UNSPECIFIED.);
#818 = CARTESIAN_POINT('',(-3.730623623806,-9.));
#819 = CARTESIAN_POINT('',(-3.730623623806,-9.104375328179));
#820 = CARTESIAN_POINT('',(-3.728898318111,-9.208696408918));
#821 = CARTESIAN_POINT('',(-3.72545063731,-9.312619980615));
#822 = CARTESIAN_POINT('',(-3.720304189363,-9.415786262976));
#823 = CARTESIAN_POINT('',(-3.713503360261,-9.51781845083));
#824 = CARTESIAN_POINT('',(-3.69726866549,-9.712295018826));
#825 = CARTESIAN_POINT('',(-3.688034525861,-9.804932316512));
#826 = CARTESIAN_POINT('',(-3.677451308384,-9.896062502838));
#827 = CARTESIAN_POINT('',(-3.665560088333,-9.985488367278));
#828 = CARTESIAN_POINT('',(-3.652401640637,-10.07298581085));
#829 = CARTESIAN_POINT('',(-3.626452827687,-10.22687348157));
#830 = CARTESIAN_POINT('',(-3.614094312148,-10.29405265757));
#831 = CARTESIAN_POINT('',(-3.600951570443,-10.35975386796));
#832 = CARTESIAN_POINT('',(-3.58703354605,-10.42386678624));
#833 = CARTESIAN_POINT('',(-3.572345804523,-10.48625647441));
#834 = CARTESIAN_POINT('',(-3.54262660179,-10.60260086929));
#835 = CARTESIAN_POINT('',(-3.527707718283,-10.65684038384));
#836 = CARTESIAN_POINT('',(-3.512132335351,-10.70936139516));
#837 = CARTESIAN_POINT('',(-3.49589865489,-10.76001437954));
#838 = CARTESIAN_POINT('',(-3.479003586724,-10.80862005348));
#839 = CARTESIAN_POINT('',(-3.447861916478,-10.89081143486));
#840 = CARTESIAN_POINT('',(-3.433880995507,-10.92530968145));
#841 = CARTESIAN_POINT('',(-3.419502634969,-10.95835171464));
#842 = CARTESIAN_POINT('',(-3.404730142343,-10.98981752135));
#843 = CARTESIAN_POINT('',(-3.389567022876,-11.01957922196));
#844 = CARTESIAN_POINT('',(-3.361276269082,-11.0703784461));
#845 = CARTESIAN_POINT('',(-3.34827469261,-11.09202252124));
#846 = CARTESIAN_POINT('',(-3.335023270385,-11.11234196045));
#847 = CARTESIAN_POINT('',(-3.321533150643,-11.13124892893));
#848 = CARTESIAN_POINT('',(-3.307815609635,-11.1486590923));
#849 = CARTESIAN_POINT('',(-3.269678715664,-11.19199355851));
#850 = CARTESIAN_POINT('',(-3.244787472042,-11.21477553084));
#851 = CARTESIAN_POINT('',(-3.219372600983,-11.23226533983));
#852 = CARTESIAN_POINT('',(-3.193594701822,-11.24407623789));
#853 = CARTESIAN_POINT('',(-3.167613833258,-11.25));
#854 = CARTESIAN_POINT('',(-3.115558375326,-11.25));
#855 = CARTESIAN_POINT('',(-3.089563657894,-11.24407028116));
#856 = CARTESIAN_POINT('',(-3.063771896112,-11.2322468308));
#857 = CARTESIAN_POINT('',(-3.0383438605,-11.214738337));
#858 = CARTESIAN_POINT('',(-3.013440877244,-11.1919331247));
#859 = CARTESIAN_POINT('',(-2.974903841491,-11.14812128854));
#860 = CARTESIAN_POINT('',(-2.960808358258,-11.13016958593));
#861 = CARTESIAN_POINT('',(-2.946953766195,-11.11063877406));
#862 = CARTESIAN_POINT('',(-2.933352122713,-11.08962038118));
#863 = CARTESIAN_POINT('',(-2.920015334914,-11.06720967364));
#864 = CARTESIAN_POINT('',(-2.891322084937,-11.01513186529));
#865 = CARTESIAN_POINT('',(-2.87608330159,-10.98490159887));
#866 = CARTESIAN_POINT('',(-2.861242283941,-10.9529531551));
#867 = CARTESIAN_POINT('',(-2.846802318647,-10.91941646194));
#868 = CARTESIAN_POINT('',(-2.83276650462,-10.88441307687));
#869 = CARTESIAN_POINT('',(-2.809467744555,-10.82225988166));
#870 = CARTESIAN_POINT('',(-2.800001059613,-10.79577794362));
#871 = CARTESIAN_POINT('',(-2.790737339369,-10.76864656056));
#872 = CARTESIAN_POINT('',(-2.781676148872,-10.74089856148));
#873 = CARTESIAN_POINT('',(-2.772816977048,-10.7125634165));
#874 = CARTESIAN_POINT('',(-2.74083226373,-10.60581084776));
#875 = CARTESIAN_POINT('',(-2.718962883778,-10.52386578595));
#876 = CARTESIAN_POINT('',(-2.698546371893,-10.43835547575));
#877 = CARTESIAN_POINT('',(-2.679586967576,-10.34967516439));
#878 = CARTESIAN_POINT('',(-2.662100563276,-10.25811855018));
#879 = CARTESIAN_POINT('',(-2.631543837487,-10.07799936497));
#880 = CARTESIAN_POINT('',(-2.618217177144,-9.989867975505));
#881 = CARTESIAN_POINT('',(-2.60617749026,-9.89976903072));
#882 = CARTESIAN_POINT('',(-2.595466392314,-9.807932052863));
#883 = CARTESIAN_POINT('',(-2.586125918336,-9.714558642474));
#884 = CARTESIAN_POINT('',(-2.569775079465,-9.519188617682));
#885 = CARTESIAN_POINT('',(-2.562945855512,-9.417014936616));
#886 = CARTESIAN_POINT('',(-2.55777561084,-9.313699807614));
#887 = CARTESIAN_POINT('',(-2.55430913002,-9.209622754344));
#888 = CARTESIAN_POINT('',(-2.552570200527,-9.10514614648));
#889 = CARTESIAN_POINT('',(-2.552553220501,-8.896137560643));
#890 = CARTESIAN_POINT('',(-2.554273437947,-8.791712386178));
#891 = CARTESIAN_POINT('',(-2.55771949171,-8.687684345832));
#892 = CARTESIAN_POINT('',(-2.562867747426,-8.584414326193));
#893 = CARTESIAN_POINT('',(-2.569673704043,-8.482280291172));
#894 = CARTESIAN_POINT('',(-2.58591664169,-8.287704981174));
#895 = CARTESIAN_POINT('',(-2.595150781319,-8.195067683488));
#896 = CARTESIAN_POINT('',(-2.605733998796,-8.103937497162));
#897 = CARTESIAN_POINT('',(-2.617625218847,-8.014511632722));
#898 = CARTESIAN_POINT('',(-2.630783666543,-7.927014189142));
#899 = CARTESIAN_POINT('',(-2.667407927605,-7.709816499306));
#900 = CARTESIAN_POINT('',(-2.692577909509,-7.583157559001));
#901 = CARTESIAN_POINT('',(-2.720599492743,-7.462258980642));
#902 = CARTESIAN_POINT('',(-2.751453521412,-7.347971889783));
#903 = CARTESIAN_POINT('',(-2.785155461252,-7.241595446013));
#904 = CARTESIAN_POINT('',(-2.835323390702,-7.109188565138));
#905 = CARTESIAN_POINT('',(-2.849304311672,-7.074690318544));
#906 = CARTESIAN_POINT('',(-2.86368267221,-7.04164828536));
#907 = CARTESIAN_POINT('',(-2.878455164836,-7.010182478641));
#908 = CARTESIAN_POINT('',(-2.893618284304,-6.980420778034));
#909 = CARTESIAN_POINT('',(-2.92190903801,-6.929621554047));
#910 = CARTESIAN_POINT('',(-2.934910614602,-6.907977478732));
#911 = CARTESIAN_POINT('',(-2.94816203689,-6.887658039409));
#912 = CARTESIAN_POINT('',(-2.961652156555,-6.86875107101));
#913 = CARTESIAN_POINT('',(-2.975369697441,-6.851340907812));
#914 = CARTESIAN_POINT('',(-3.013506591513,-6.808006441491));
#915 = CARTESIAN_POINT('',(-3.038397835138,-6.785224469149));
#916 = CARTESIAN_POINT('',(-3.063812706201,-6.767734660165));
#917 = CARTESIAN_POINT('',(-3.089590605358,-6.755923762105));
#918 = CARTESIAN_POINT('',(-3.115571473917,-6.75));
#919 = CARTESIAN_POINT('',(-3.167626931844,-6.75));
#920 = CARTESIAN_POINT('',(-3.193621649288,-6.755929718832));
#921 = CARTESIAN_POINT('',(-3.219413411076,-6.767753169202));
#922 = CARTESIAN_POINT('',(-3.244841446682,-6.785261663003));
#923 = CARTESIAN_POINT('',(-3.269744429928,-6.808066875287));
#924 = CARTESIAN_POINT('',(-3.308281469004,-6.851878715223));
#925 = CARTESIAN_POINT('',(-3.322376948354,-6.869830412388));
#926 = CARTESIAN_POINT('',(-3.336231537972,-6.889361221515));
#927 = CARTESIAN_POINT('',(-3.349833183439,-6.910379618095));
#928 = CARTESIAN_POINT('',(-3.363169975005,-6.932790331332));
#929 = CARTESIAN_POINT('',(-3.391863222272,-6.984868134759));
#930 = CARTESIAN_POINT('',(-3.407102005585,-7.015098401101));
#931 = CARTESIAN_POINT('',(-3.421943023212,-7.047046844837));
#932 = CARTESIAN_POINT('',(-3.436382988523,-7.080583538039));
#933 = CARTESIAN_POINT('',(-3.450418802584,-7.11558692319));
#934 = CARTESIAN_POINT('',(-3.473717562624,-7.177740118331));
#935 = CARTESIAN_POINT('',(-3.483184247566,-7.204222056371));
#936 = CARTESIAN_POINT('',(-3.49244796781,-7.231353439431));
#937 = CARTESIAN_POINT('',(-3.501509158308,-7.259101438513));
#938 = CARTESIAN_POINT('',(-3.510368330132,-7.287436583491));
#939 = CARTESIAN_POINT('',(-3.54235304345,-7.394189152239));
#940 = CARTESIAN_POINT('',(-3.564222423402,-7.476134214041));
#941 = CARTESIAN_POINT('',(-3.584638935287,-7.561644524243));
#942 = CARTESIAN_POINT('',(-3.603598339603,-7.650324835603));
#943 = CARTESIAN_POINT('',(-3.621084743903,-7.741881449815));
#944 = CARTESIAN_POINT('',(-3.651641469692,-7.922000635029));
#945 = CARTESIAN_POINT('',(-3.664968130036,-8.010132024494));
#946 = CARTESIAN_POINT('',(-3.677007816919,-8.10023096928));
#947 = CARTESIAN_POINT('',(-3.687718914866,-8.192067947137));
#948 = CARTESIAN_POINT('',(-3.697059388844,-8.285441357526));
#949 = CARTESIAN_POINT('',(-3.713418480975,-8.480909997427));
#950 = CARTESIAN_POINT('',(-3.720252855251,-8.583185555263));
#951 = CARTESIAN_POINT('',(-3.725424926259,-8.686604531132));
#952 = CARTESIAN_POINT('',(-3.728889786634,-8.79078616094));
#953 = CARTESIAN_POINT('',(-3.730623623806,-8.895366885482));
#954 = CARTESIAN_POINT('',(-3.730623623806,-9.));
#955 = ( GEOMETRIC_REPRESENTATION_CONTEXT(2) 
PARAMETRIC_REPRESENTATION_CONTEXT() REPRESENTATION_CONTEXT('2D SPACE',''
  ) );
#956 = PCURVE('',#957,#962);
#957 = CYLINDRICAL_SURFACE('',#958,2.25);
#958 = AXIS2_PLACEMENT_3D('',#959,#960,#961);
#959 = CARTESIAN_POINT('',(-3.,3.673940397442E-16,135.));
#960 = DIRECTION('',(1.,-1.224646799147E-16,-0.));
#961 = DIRECTION('',(-1.224646799147E-16,-1.,0.));
#962 = DEFINITIONAL_REPRESENTATION('',(#963),#1101);
#963 = B_SPLINE_CURVE_WITH_KNOTS('',6,(#964,#965,#966,#967,#968,#969,
    #970,#971,#972,#973,#974,#975,#976,#977,#978,#979,#980,#981,#982,
    #983,#984,#985,#986,#987,#988,#989,#990,#991,#992,#993,#994,#995,
    #996,#997,#998,#999,#1000,#1001,#1002,#1003,#1004,#1005,#1006,#1007,
    #1008,#1009,#1010,#1011,#1012,#1013,#1014,#1015,#1016,#1017,#1018,
    #1019,#1020,#1021,#1022,#1023,#1024,#1025,#1026,#1027,#1028,#1029,
    #1030,#1031,#1032,#1033,#1034,#1035,#1036,#1037,#1038,#1039,#1040,
    #1041,#1042,#1043,#1044,#1045,#1046,#1047,#1048,#1049,#1050,#1051,
    #1052,#1053,#1054,#1055,#1056,#1057,#1058,#1059,#1060,#1061,#1062,
    #1063,#1064,#1065,#1066,#1067,#1068,#1069,#1070,#1071,#1072,#1073,
    #1074,#1075,#1076,#1077,#1078,#1079,#1080,#1081,#1082,#1083,#1084,
    #1085,#1086,#1087,#1088,#1089,#1090,#1091,#1092,#1093,#1094,#1095,
    #1096,#1097,#1098,#1099,#1100),.UNSPECIFIED.,.F.,.F.,(7,5,5,5,5,5,5,
    5,5,5,5,5,5,5,5,5,5,5,5,5,5,5,5,5,5,5,5,7),(0.,4.883608160781E-02,
    9.449869157509E-02,0.131198711775,0.165067129149,0.191257999668,
    0.212717123142,0.24999276907,0.28728717889,0.309350295019,
    0.335759920668,0.354498343044,0.404986190341,0.451021327358,
    0.499923679062,0.548801419582,0.594458124999,0.66503334204,
    0.691229069177,0.712692171707,0.749974729186,0.787276054017,
    0.809343266122,0.835757800257,0.854499705385,0.904996936432,
    0.95104062961,1.),.UNSPECIFIED.);
#964 = CARTESIAN_POINT('',(0.,-0.367491648097));
#965 = CARTESIAN_POINT('',(-4.638903474606E-02,-0.367491648097));
#966 = CARTESIAN_POINT('',(-9.275403986454E-02,-0.371373263684));
#967 = CARTESIAN_POINT('',(-0.139121761649,-0.37913144479));
#968 = CARTESIAN_POINT('',(-0.185511775524,-0.390634890055));
#969 = CARTESIAN_POINT('',(-0.231934957164,-0.40563714833));
#970 = CARTESIAN_POINT('',(-0.321830076382,-0.440758829562));
#971 = CARTESIAN_POINT('',(-0.36529803418,-0.460482897697));
#972 = CARTESIAN_POINT('',(-0.408865642506,-0.482702759198));
#973 = CARTESIAN_POINT('',(-0.452595396208,-0.507115838485));
#974 = CARTESIAN_POINT('',(-0.496545963091,-0.533382187368));
#975 = CARTESIAN_POINT('',(-0.576324048806,-0.583436063028));
#976 = CARTESIAN_POINT('',(-0.612061466224,-0.606703705204));
#977 = CARTESIAN_POINT('',(-0.648042449539,-0.630759749177));
#978 = CARTESIAN_POINT('',(-0.684318764517,-0.655417965705));
#979 = CARTESIAN_POINT('',(-0.720942999121,-0.680480282326));
#980 = CARTESIAN_POINT('',(-0.792144284066,-0.729042083717));
#981 = CARTESIAN_POINT('',(-0.826664561317,-0.752515186022));
#982 = CARTESIAN_POINT('',(-0.861582323234,-0.77599180495));
#983 = CARTESIAN_POINT('',(-0.896944342109,-0.799294872068));
#984 = CARTESIAN_POINT('',(-0.932798187303,-0.822232117324));
#985 = CARTESIAN_POINT('',(-0.997342177409,-0.861888433765));
#986 = CARTESIAN_POINT('',(-1.025818291668,-0.878841234966));
#987 = CARTESIAN_POINT('',(-1.054636266143,-0.895349204332));
#988 = CARTESIAN_POINT('',(-1.083809798571,-0.911303939962));
#989 = CARTESIAN_POINT('',(-1.113353962861,-0.926592801834));
#990 = CARTESIAN_POINT('',(-1.167808957104,-0.952984290129));
#991 = CARTESIAN_POINT('',(-1.19259471627,-0.964345502627));
#992 = CARTESIAN_POINT('',(-1.217634447592,-0.975109334811));
#993 = CARTESIAN_POINT('',(-1.242921717568,-0.985205396731));
#994 = CARTESIAN_POINT('',(-1.268451698191,-0.994566122979));
#995 = CARTESIAN_POINT('',(-1.338984113338,-1.017997079363));
#996 = CARTESIAN_POINT('',(-1.384536201397,-1.030476200158));
#997 = CARTESIAN_POINT('',(-1.430664718114,-1.040146525794));
#998 = CARTESIAN_POINT('',(-1.477192516531,-1.0467095478));
#999 = CARTESIAN_POINT('',(-1.523958203391,-1.05));
#1000 = CARTESIAN_POINT('',(-1.617658027669,-1.05));
#1001 = CARTESIAN_POINT('',(-1.664448638862,-1.046706227805));
#1002 = CARTESIAN_POINT('',(-1.71100158608,-1.040136235956));
#1003 = CARTESIAN_POINT('',(-1.757154418397,-1.030455646371));
#1004 = CARTESIAN_POINT('',(-1.802728825532,-1.017963987262));
#1005 = CARTESIAN_POINT('',(-1.874003277261,-0.994275579207));
#1006 = CARTESIAN_POINT('',(-1.900242172567,-0.984625366427));
#1007 = CARTESIAN_POINT('',(-1.926224164428,-0.974200253123));
#1008 = CARTESIAN_POINT('',(-1.951944309899,-0.963073637221));
#1009 = CARTESIAN_POINT('',(-1.977395899718,-0.951321953152));
#1010 = CARTESIAN_POINT('',(-2.032704491232,-0.924304783988));
#1011 = CARTESIAN_POINT('',(-2.062445535508,-0.90880082298));
#1012 = CARTESIAN_POINT('',(-2.091810855411,-0.892632187538));
#1013 = CARTESIAN_POINT('',(-2.120816336659,-0.875913750403));
#1014 = CARTESIAN_POINT('',(-2.149476486402,-0.858755858347));
#1015 = CARTESIAN_POINT('',(-2.19790396207,-0.828853569154));
#1016 = CARTESIAN_POINT('',(-2.217839656389,-0.81627272238));
#1017 = CARTESIAN_POINT('',(-2.237619240276,-0.803557417285));
#1018 = CARTESIAN_POINT('',(-2.257250679994,-0.790741543861));
#1019 = CARTESIAN_POINT('',(-2.276742183974,-0.777857256665));
#1020 = CARTESIAN_POINT('',(-2.34826484783,-0.73011783921));
#1021 = CARTESIAN_POINT('',(-2.399483810216,-0.695017915936));
#1022 = CARTESIAN_POINT('',(-2.449913080201,-0.660238008422));
#1023 = CARTESIAN_POINT('',(-2.49969838515,-0.626314438699));
#1024 = CARTESIAN_POINT('',(-2.548982464106,-0.593735269886));
#1025 = CARTESIAN_POINT('',(-2.642523089751,-0.534896102263));
#1026 = CARTESIAN_POINT('',(-2.686848401529,-0.508326615746));
#1027 = CARTESIAN_POINT('',(-2.730946585665,-0.483629168262));
#1028 = CARTESIAN_POINT('',(-2.774878144489,-0.461152788062));
#1029 = CARTESIAN_POINT('',(-2.818707467209,-0.441208138541));
#1030 = CARTESIAN_POINT('',(-2.909033522108,-0.405842221154));
#1031 = CARTESIAN_POINT('',(-2.95552730685,-0.39077920385));
#1032 = CARTESIAN_POINT('',(-3.001988037905,-0.379223346717));
#1033 = CARTESIAN_POINT('',(-3.048426191788,-0.371423076334));
#1034 = CARTESIAN_POINT('',(-3.09486103119,-0.367510811692));
#1035 = CARTESIAN_POINT('',(-3.187753739483,-0.367472606635));
#1036 = CARTESIAN_POINT('',(-3.23416430277,-0.371342771206));
#1037 = CARTESIAN_POINT('',(-3.280577572091,-0.379097518592));
#1038 = CARTESIAN_POINT('',(-3.327013164187,-0.390605394305));
#1039 = CARTESIAN_POINT('',(-3.373481968114,-0.405619315924));
#1040 = CARTESIAN_POINT('',(-3.463422729972,-0.440758829562));
#1041 = CARTESIAN_POINT('',(-3.50689068777,-0.460482897697));
#1042 = CARTESIAN_POINT('',(-3.550458296096,-0.482702759198));
#1043 = CARTESIAN_POINT('',(-3.594188049798,-0.507115838485));
#1044 = CARTESIAN_POINT('',(-3.638138616681,-0.533382187368));
#1045 = CARTESIAN_POINT('',(-3.750737734178,-0.604028432839));
#1046 = CARTESIAN_POINT('',(-3.819768384899,-0.650466791633));
#1047 = CARTESIAN_POINT('',(-3.88987753777,-0.699208743715));
#1048 = CARTESIAN_POINT('',(-3.961472433611,-0.748911178192));
#1049 = CARTESIAN_POINT('',(-4.034957160035,-0.798003765095));
#1050 = CARTESIAN_POINT('',(-4.138934830999,-0.861888433765));
#1051 = CARTESIAN_POINT('',(-4.167410945258,-0.878841234966));
#1052 = CARTESIAN_POINT('',(-4.196228919733,-0.895349204331));
#1053 = CARTESIAN_POINT('',(-4.225402452161,-0.911303939962));
#1054 = CARTESIAN_POINT('',(-4.254946616451,-0.926592801834));
#1055 = CARTESIAN_POINT('',(-4.309401610526,-0.952984290047));
#1056 = CARTESIAN_POINT('',(-4.334187369917,-0.96434550264));
#1057 = CARTESIAN_POINT('',(-4.359227101362,-0.975109334884));
#1058 = CARTESIAN_POINT('',(-4.384514371195,-0.985205396758));
#1059 = CARTESIAN_POINT('',(-4.410044351589,-0.994566122915));
#1060 = CARTESIAN_POINT('',(-4.480576766922,-1.017997079361));
#1061 = CARTESIAN_POINT('',(-4.526128854989,-1.030476200159));
#1062 = CARTESIAN_POINT('',(-4.572257371711,-1.040146525795));
#1063 = CARTESIAN_POINT('',(-4.618785170122,-1.046709547799));
#1064 = CARTESIAN_POINT('',(-4.665550856974,-1.05));
#1065 = CARTESIAN_POINT('',(-4.759250681243,-1.05));
#1066 = CARTESIAN_POINT('',(-4.806041292456,-1.046706227807));
#1067 = CARTESIAN_POINT('',(-4.852594239685,-1.040136235953));
#1068 = CARTESIAN_POINT('',(-4.898747071991,-1.030455646368));
#1069 = CARTESIAN_POINT('',(-4.944321479108,-1.017963987266));
#1070 = CARTESIAN_POINT('',(-5.015595936983,-0.994275577169));
#1071 = CARTESIAN_POINT('',(-5.041834824991,-0.984625367276));
#1072 = CARTESIAN_POINT('',(-5.067816812334,-0.974200255457));
#1073 = CARTESIAN_POINT('',(-5.093536961642,-0.963073637636));
#1074 = CARTESIAN_POINT('',(-5.118988558589,-0.951321950572));
#1075 = CARTESIAN_POINT('',(-5.174297144879,-0.92430478396));
#1076 = CARTESIAN_POINT('',(-5.204038189086,-0.908800822989));
#1077 = CARTESIAN_POINT('',(-5.233403508947,-0.892632187568));
#1078 = CARTESIAN_POINT('',(-5.262408990232,-0.87591375041));
#1079 = CARTESIAN_POINT('',(-5.291069140042,-0.858755858316));
#1080 = CARTESIAN_POINT('',(-5.33949661566,-0.828853569154));
#1081 = CARTESIAN_POINT('',(-5.359432309979,-0.81627272238));
#1082 = CARTESIAN_POINT('',(-5.379211893866,-0.803557417285));
#1083 = CARTESIAN_POINT('',(-5.398843333584,-0.790741543861));
#1084 = CARTESIAN_POINT('',(-5.418334837564,-0.777857256665));
#1085 = CARTESIAN_POINT('',(-5.48985750142,-0.73011783921));
#1086 = CARTESIAN_POINT('',(-5.541076463805,-0.695017915936));
#1087 = CARTESIAN_POINT('',(-5.591505733791,-0.660238008422));
#1088 = CARTESIAN_POINT('',(-5.64129103874,-0.626314438699));
#1089 = CARTESIAN_POINT('',(-5.690575117696,-0.593735269886));
#1090 = CARTESIAN_POINT('',(-5.784115743341,-0.534896102263));
#1091 = CARTESIAN_POINT('',(-5.828441055119,-0.508326615746));
#1092 = CARTESIAN_POINT('',(-5.872539239255,-0.483629168262));
#1093 = CARTESIAN_POINT('',(-5.916470798078,-0.461152788062));
#1094 = CARTESIAN_POINT('',(-5.960300120798,-0.441208138541));
#1095 = CARTESIAN_POINT('',(-6.05067176874,-0.405824369829));
#1096 = CARTESIAN_POINT('',(-6.097211194334,-0.39074963883));
#1097 = CARTESIAN_POINT('',(-6.143717551935,-0.37918930737));
#1098 = CARTESIAN_POINT('',(-6.190201297151,-0.371392453341));
#1099 = CARTESIAN_POINT('',(-6.236681700727,-0.367491648097));
#1100 = CARTESIAN_POINT('',(-6.28318530718,-0.367491648097));
#1101 = ( GEOMETRIC_REPRESENTATION_CONTEXT(2) 
PARAMETRIC_REPRESENTATION_CONTEXT() REPRESENTATION_CONTEXT('2D SPACE',''
  ) );
#1102 = ADVANCED_FACE('',(#1103,#1388),#165,.T.);
#1103 = FACE_BOUND('',#1104,.F.);
#1104 = EDGE_LOOP('',(#1105,#1128,#1129,#1130,#1191,#1247,#1270,#1297,
    #1298));
#1105 = ORIENTED_EDGE('',*,*,#1106,.F.);
#1106 = EDGE_CURVE('',#149,#1107,#1109,.T.);
#1107 = VERTEX_POINT('',#1108);
#1108 = CARTESIAN_POINT('',(13.,0.,132.2));
#1109 = SEAM_CURVE('',#1110,(#1114,#1121),.PCURVE_S1.);
#1110 = LINE('',#1111,#1112);
#1111 = CARTESIAN_POINT('',(13.,0.,131.));
#1112 = VECTOR('',#1113,1.);
#1113 = DIRECTION('',(0.,0.,1.));
#1114 = PCURVE('',#165,#1115);
#1115 = DEFINITIONAL_REPRESENTATION('',(#1116),#1120);
#1116 = LINE('',#1117,#1118);
#1117 = CARTESIAN_POINT('',(-6.28318530718,0.));
#1118 = VECTOR('',#1119,1.);
#1119 = DIRECTION('',(-0.,-1.));
#1120 = ( GEOMETRIC_REPRESENTATION_CONTEXT(2) 
PARAMETRIC_REPRESENTATION_CONTEXT() REPRESENTATION_CONTEXT('2D SPACE',''
  ) );
#1121 = PCURVE('',#165,#1122);
#1122 = DEFINITIONAL_REPRESENTATION('',(#1123),#1127);
#1123 = LINE('',#1124,#1125);
#1124 = CARTESIAN_POINT('',(-0.,0.));
#1125 = VECTOR('',#1126,1.);
#1126 = DIRECTION('',(-0.,-1.));
#1127 = ( GEOMETRIC_REPRESENTATION_CONTEXT(2) 
PARAMETRIC_REPRESENTATION_CONTEXT() REPRESENTATION_CONTEXT('2D SPACE',''
  ) );
#1128 = ORIENTED_EDGE('',*,*,#148,.F.);
#1129 = ORIENTED_EDGE('',*,*,#1106,.T.);
#1130 = ORIENTED_EDGE('',*,*,#1131,.T.);
#1131 = EDGE_CURVE('',#1107,#1132,#1134,.T.);
#1132 = VERTEX_POINT('',#1133);
#1133 = CARTESIAN_POINT('',(12.694880858047,2.8,135.));
#1134 = SURFACE_CURVE('',#1135,(#1150,#1168),.PCURVE_S1.);
#1135 = B_SPLINE_CURVE_WITH_KNOTS('',7,(#1136,#1137,#1138,#1139,#1140,
    #1141,#1142,#1143,#1144,#1145,#1146,#1147,#1148,#1149),
  .UNSPECIFIED.,.F.,.F.,(8,6,8),(0.,0.447867602996,1.),.UNSPECIFIED.);
#1136 = CARTESIAN_POINT('',(13.,-2.571758278209E-16,132.2));
#1137 = CARTESIAN_POINT('',(13.,0.344015678159,132.2));
#1138 = CARTESIAN_POINT('',(12.989378834265,0.679080309571,
    132.24931063081));
#1139 = CARTESIAN_POINT('',(12.969133570915,0.996847369428,
    132.34331673271));
#1140 = CARTESIAN_POINT('',(12.941703634856,1.290268649604,
    132.47585937436));
#1141 = CARTESIAN_POINT('',(12.910435739384,1.553830329238,
    132.63924400221));
#1142 = CARTESIAN_POINT('',(12.878529012392,1.78403078252,
    132.82423280787));
#1143 = CARTESIAN_POINT('',(12.811136740411,2.221365842016,
    133.26156786737));
#1144 = CARTESIAN_POINT('',(12.775385516441,2.418195109323,
    133.52711152164));
#1145 = CARTESIAN_POINT('',(12.744306470541,2.572521005089,
    133.80833641917));
#1146 = CARTESIAN_POINT('',(12.71989116723,2.686608812117,134.0998022864
    ));
#1147 = CARTESIAN_POINT('',(12.703233484296,2.762129450647,
    134.39752848388));
#1148 = CARTESIAN_POINT('',(12.694880858047,2.8,134.69852220601));
#1149 = CARTESIAN_POINT('',(12.694880858047,2.8,135.));
#1150 = PCURVE('',#165,#1151);
#1151 = DEFINITIONAL_REPRESENTATION('',(#1152),#1167);
#1152 = B_SPLINE_CURVE_WITH_KNOTS('',7,(#1153,#1154,#1155,#1156,#1157,
    #1158,#1159,#1160,#1161,#1162,#1163,#1164,#1165,#1166),
  .UNSPECIFIED.,.F.,.F.,(8,6,8),(0.,0.447867602996,1.),.UNSPECIFIED.);
#1153 = CARTESIAN_POINT('',(0.,-1.2));
#1154 = CARTESIAN_POINT('',(-2.646274447377E-02,-1.2));
#1155 = CARTESIAN_POINT('',(-5.223697103976E-02,-1.249310630815));
#1156 = CARTESIAN_POINT('',(-7.671072589282E-02,-1.343316732716));
#1157 = CARTESIAN_POINT('',(-9.936569392616E-02,-1.475859374365));
#1158 = CARTESIAN_POINT('',(-0.119775369383,-1.63924400221));
#1159 = CARTESIAN_POINT('',(-0.137650302878,-1.824232807875));
#1160 = CARTESIAN_POINT('',(-0.17168854039,-2.261567867371));
#1161 = CARTESIAN_POINT('',(-0.187071467441,-2.52711152164));
#1162 = CARTESIAN_POINT('',(-0.199179141748,-2.808336419178));
#1163 = CARTESIAN_POINT('',(-0.208153609014,-3.099802286407));
#1164 = CARTESIAN_POINT('',(-0.214102541942,-3.397528483886));
#1165 = CARTESIAN_POINT('',(-0.217085672291,-3.698522206016));
#1166 = CARTESIAN_POINT('',(-0.217085672291,-4.));
#1167 = ( GEOMETRIC_REPRESENTATION_CONTEXT(2) 
PARAMETRIC_REPRESENTATION_CONTEXT() REPRESENTATION_CONTEXT('2D SPACE',''
  ) );
#1168 = PCURVE('',#1169,#1174);
#1169 = CYLINDRICAL_SURFACE('',#1170,2.8);
#1170 = AXIS2_PLACEMENT_3D('',#1171,#1172,#1173);
#1171 = CARTESIAN_POINT('',(6.,0.,135.));
#1172 = DIRECTION('',(-1.,-0.,-0.));
#1173 = DIRECTION('',(0.,1.,0.));
#1174 = DEFINITIONAL_REPRESENTATION('',(#1175),#1190);
#1175 = B_SPLINE_CURVE_WITH_KNOTS('',7,(#1176,#1177,#1178,#1179,#1180,
    #1181,#1182,#1183,#1184,#1185,#1186,#1187,#1188,#1189),
  .UNSPECIFIED.,.F.,.F.,(8,6,8),(0.,0.447867602996,1.),.UNSPECIFIED.);
#1176 = CARTESIAN_POINT('',(-4.712388980385,-7.));
#1177 = CARTESIAN_POINT('',(-4.835251722584,-7.));
#1178 = CARTESIAN_POINT('',(-4.954917543476,-6.989378834265));
#1179 = CARTESIAN_POINT('',(-5.071435534924,-6.969133570915));
#1180 = CARTESIAN_POINT('',(-5.184606554439,-6.941703634856));
#1181 = CARTESIAN_POINT('',(-5.294007556142,-6.910435739384));
#1182 = CARTESIAN_POINT('',(-5.398858761043,-6.878529012392));
#1183 = CARTESIAN_POINT('',(-5.619746322629,-6.811136740411));
#1184 = CARTESIAN_POINT('',(-5.736513514179,-6.775385516441));
#1185 = CARTESIAN_POINT('',(-5.849467252017,-6.744306470541));
#1186 = CARTESIAN_POINT('',(-5.959646453372,-6.71989116723));
#1187 = CARTESIAN_POINT('',(-6.068017145591,-6.703233484296));
#1188 = CARTESIAN_POINT('',(-6.175514666471,-6.694880858047));
#1189 = CARTESIAN_POINT('',(-6.28318530718,-6.694880858047));
#1190 = ( GEOMETRIC_REPRESENTATION_CONTEXT(2) 
PARAMETRIC_REPRESENTATION_CONTEXT() REPRESENTATION_CONTEXT('2D SPACE',''
  ) );
#1191 = ORIENTED_EDGE('',*,*,#1192,.T.);
#1192 = EDGE_CURVE('',#1132,#1193,#1195,.T.);
#1193 = VERTEX_POINT('',#1194);
#1194 = CARTESIAN_POINT('',(13.,0.,137.79999999999));
#1195 = SURFACE_CURVE('',#1196,(#1211,#1229),.PCURVE_S1.);
#1196 = B_SPLINE_CURVE_WITH_KNOTS('',7,(#1197,#1198,#1199,#1200,#1201,
    #1202,#1203,#1204,#1205,#1206,#1207,#1208,#1209,#1210),
  .UNSPECIFIED.,.F.,.F.,(8,6,8),(0.,0.534278493832,1.),.UNSPECIFIED.);
#1197 = CARTESIAN_POINT('',(12.694880858047,2.8,135.));
#1198 = CARTESIAN_POINT('',(12.694880858047,2.8,135.29151023167));
#1199 = CARTESIAN_POINT('',(12.702690110125,2.764593486715,
    135.58260316893));
#1200 = CARTESIAN_POINT('',(12.718270487734,2.693955165291,
    135.87075445784));
#1201 = CARTESIAN_POINT('',(12.741138399451,2.587313383946,
    136.15318889789));
#1202 = CARTESIAN_POINT('',(12.770335843743,2.443190699188,
    136.4264198518));
#1203 = CARTESIAN_POINT('',(12.804138571733,2.259628822511,
    136.68562237802));
#1204 = CARTESIAN_POINT('',(12.870866498056,1.838537718503,
    137.13102494919));
#1205 = CARTESIAN_POINT('',(12.904186672153,1.605659772797,
    137.3279264566));
#1206 = CARTESIAN_POINT('',(12.937272640835,1.33663951136,
    137.50265090664));
#1207 = CARTESIAN_POINT('',(12.966626642148,1.034950121695,
    137.64504171677));
#1208 = CARTESIAN_POINT('',(12.988477639797,0.706336885931,
    137.74650575352));
#1209 = CARTESIAN_POINT('',(13.,0.358312552998,137.8));
#1210 = CARTESIAN_POINT('',(13.,4.286263797016E-16,137.8));
#1211 = PCURVE('',#165,#1212);
#1212 = DEFINITIONAL_REPRESENTATION('',(#1213),#1228);
#1213 = B_SPLINE_CURVE_WITH_KNOTS('',7,(#1214,#1215,#1216,#1217,#1218,
    #1219,#1220,#1221,#1222,#1223,#1224,#1225,#1226,#1227),
  .UNSPECIFIED.,.F.,.F.,(8,6,8),(0.,0.534278493832,1.),.UNSPECIFIED.);
#1214 = CARTESIAN_POINT('',(-0.217085672291,-4.));
#1215 = CARTESIAN_POINT('',(-0.217085672291,-4.29151023167));
#1216 = CARTESIAN_POINT('',(-0.214296637059,-4.582603168935));
#1217 = CARTESIAN_POINT('',(-0.208732302328,-4.870754457848));
#1218 = CARTESIAN_POINT('',(-0.200342793372,-5.153188897892));
#1219 = CARTESIAN_POINT('',(-0.189032763345,-5.426419851804));
#1220 = CARTESIAN_POINT('',(-0.174679669217,-5.685622378022));
#1221 = CARTESIAN_POINT('',(-0.141883875178,-6.131024949196));
#1222 = CARTESIAN_POINT('',(-0.123789822654,-6.327926456602));
#1223 = CARTESIAN_POINT('',(-0.102946711411,-6.502650906649));
#1224 = CARTESIAN_POINT('',(-7.964562171602E-02,-6.645041716774));
#1225 = CARTESIAN_POINT('',(-5.433363460123E-02,-6.746505753526));
#1226 = CARTESIAN_POINT('',(-2.756250407678E-02,-6.8));
#1227 = CARTESIAN_POINT('',(0.,-6.8));
#1228 = ( GEOMETRIC_REPRESENTATION_CONTEXT(2) 
PARAMETRIC_REPRESENTATION_CONTEXT() REPRESENTATION_CONTEXT('2D SPACE',''
  ) );
#1229 = PCURVE('',#1169,#1230);
#1230 = DEFINITIONAL_REPRESENTATION('',(#1231),#1246);
#1231 = B_SPLINE_CURVE_WITH_KNOTS('',7,(#1232,#1233,#1234,#1235,#1236,
    #1237,#1238,#1239,#1240,#1241,#1242,#1243,#1244,#1245),
  .UNSPECIFIED.,.F.,.F.,(8,6,8),(0.,0.534278493832,1.),.UNSPECIFIED.);
#1232 = CARTESIAN_POINT('',(0.,-6.694880858047));
#1233 = CARTESIAN_POINT('',(-0.104110797025,-6.694880858047));
#1234 = CARTESIAN_POINT('',(-0.208072276454,-6.702690110125));
#1235 = CARTESIAN_POINT('',(-0.312827906446,-6.718270487734));
#1236 = CARTESIAN_POINT('',(-0.419200588185,-6.741138399451));
#1237 = CARTESIAN_POINT('',(-0.528083108532,-6.770335843743));
#1238 = CARTESIAN_POINT('',(-0.640389959346,-6.804138571733));
#1239 = CARTESIAN_POINT('',(-0.859298770003,-6.870866498056));
#1240 = CARTESIAN_POINT('',(-0.967537013731,-6.904186672153));
#1241 = CARTESIAN_POINT('',(-1.080617833547,-6.937272640835));
#1242 = CARTESIAN_POINT('',(-1.197748221398,-6.966626642148));
#1243 = CARTESIAN_POINT('',(-1.318533247297,-6.988477639797));
#1244 = CARTESIAN_POINT('',(-1.442827557867,-7.));
#1245 = CARTESIAN_POINT('',(-1.570796326795,-7.));
#1246 = ( GEOMETRIC_REPRESENTATION_CONTEXT(2) 
PARAMETRIC_REPRESENTATION_CONTEXT() REPRESENTATION_CONTEXT('2D SPACE',''
  ) );
#1247 = ORIENTED_EDGE('',*,*,#1248,.T.);
#1248 = EDGE_CURVE('',#1193,#1249,#1251,.T.);
#1249 = VERTEX_POINT('',#1250);
#1250 = CARTESIAN_POINT('',(13.,0.,139.));
#1251 = SEAM_CURVE('',#1252,(#1256,#1263),.PCURVE_S1.);
#1252 = LINE('',#1253,#1254);
#1253 = CARTESIAN_POINT('',(13.,0.,131.));
#1254 = VECTOR('',#1255,1.);
#1255 = DIRECTION('',(0.,0.,1.));
#1256 = PCURVE('',#165,#1257);
#1257 = DEFINITIONAL_REPRESENTATION('',(#1258),#1262);
#1258 = LINE('',#1259,#1260);
#1259 = CARTESIAN_POINT('',(-6.28318530718,0.));
#1260 = VECTOR('',#1261,1.);
#1261 = DIRECTION('',(-0.,-1.));
#1262 = ( GEOMETRIC_REPRESENTATION_CONTEXT(2) 
PARAMETRIC_REPRESENTATION_CONTEXT() REPRESENTATION_CONTEXT('2D SPACE',''
  ) );
#1263 = PCURVE('',#165,#1264);
#1264 = DEFINITIONAL_REPRESENTATION('',(#1265),#1269);
#1265 = LINE('',#1266,#1267);
#1266 = CARTESIAN_POINT('',(-0.,0.));
#1267 = VECTOR('',#1268,1.);
#1268 = DIRECTION('',(-0.,-1.));
#1269 = ( GEOMETRIC_REPRESENTATION_CONTEXT(2) 
PARAMETRIC_REPRESENTATION_CONTEXT() REPRESENTATION_CONTEXT('2D SPACE',''
  ) );
#1270 = ORIENTED_EDGE('',*,*,#1271,.T.);
#1271 = EDGE_CURVE('',#1249,#1249,#1272,.T.);
#1272 = SURFACE_CURVE('',#1273,(#1278,#1285),.PCURVE_S1.);
#1273 = CIRCLE('',#1274,13.);
#1274 = AXIS2_PLACEMENT_3D('',#1275,#1276,#1277);
#1275 = CARTESIAN_POINT('',(0.,0.,139.));
#1276 = DIRECTION('',(0.,0.,1.));
#1277 = DIRECTION('',(1.,0.,0.));
#1278 = PCURVE('',#165,#1279);
#1279 = DEFINITIONAL_REPRESENTATION('',(#1280),#1284);
#1280 = LINE('',#1281,#1282);
#1281 = CARTESIAN_POINT('',(-0.,-8.));
#1282 = VECTOR('',#1283,1.);
#1283 = DIRECTION('',(-1.,0.));
#1284 = ( GEOMETRIC_REPRESENTATION_CONTEXT(2) 
PARAMETRIC_REPRESENTATION_CONTEXT() REPRESENTATION_CONTEXT('2D SPACE',''
  ) );
#1285 = PCURVE('',#1286,#1291);
#1286 = PLANE('',#1287);
#1287 = AXIS2_PLACEMENT_3D('',#1288,#1289,#1290);
#1288 = CARTESIAN_POINT('',(-1.458602808042E-15,2.339560088947E-16,139.)
  );
#1289 = DIRECTION('',(0.,0.,1.));
#1290 = DIRECTION('',(1.,0.,-0.));
#1291 = DEFINITIONAL_REPRESENTATION('',(#1292),#1296);
#1292 = CIRCLE('',#1293,13.);
#1293 = AXIS2_PLACEMENT_2D('',#1294,#1295);
#1294 = CARTESIAN_POINT('',(1.458602808042E-15,-2.339560088947E-16));
#1295 = DIRECTION('',(1.,0.));
#1296 = ( GEOMETRIC_REPRESENTATION_CONTEXT(2) 
PARAMETRIC_REPRESENTATION_CONTEXT() REPRESENTATION_CONTEXT('2D SPACE',''
  ) );
#1297 = ORIENTED_EDGE('',*,*,#1248,.F.);
#1298 = ORIENTED_EDGE('',*,*,#1299,.T.);
#1299 = EDGE_CURVE('',#1193,#1107,#1300,.T.);
#1300 = SURFACE_CURVE('',#1301,(#1328,#1358),.PCURVE_S1.);
#1301 = B_SPLINE_CURVE_WITH_KNOTS('',7,(#1302,#1303,#1304,#1305,#1306,
    #1307,#1308,#1309,#1310,#1311,#1312,#1313,#1314,#1315,#1316,#1317,
    #1318,#1319,#1320,#1321,#1322,#1323,#1324,#1325,#1326,#1327),
  .UNSPECIFIED.,.F.,.F.,(8,6,6,6,8),(0.,0.232860753091,0.5,
    0.767139246909,1.),.UNSPECIFIED.);
#1302 = CARTESIAN_POINT('',(13.,-1.33226762955E-15,137.8));
#1303 = CARTESIAN_POINT('',(13.,-0.358312553015,137.8));
#1304 = CARTESIAN_POINT('',(12.988477639796,-0.706336885914,
    137.74650575352));
#1305 = CARTESIAN_POINT('',(12.966626642151,-1.034950121684,
    137.64504171678));
#1306 = CARTESIAN_POINT('',(12.937272640834,-1.336639511372,
    137.50265090665));
#1307 = CARTESIAN_POINT('',(12.90418667215,-1.605659772809,
    137.32792645658));
#1308 = CARTESIAN_POINT('',(12.870866498058,-1.838537718491,
    137.1310249492));
#1309 = CARTESIAN_POINT('',(12.804138571733,-2.259628822511,
    136.68562237802));
#1310 = CARTESIAN_POINT('',(12.770335843743,-2.443190699188,
    136.4264198518));
#1311 = CARTESIAN_POINT('',(12.741138399451,-2.587313383945,
    136.15318889789));
#1312 = CARTESIAN_POINT('',(12.718270487734,-2.693955165292,
    135.87075445784));
#1313 = CARTESIAN_POINT('',(12.702690110125,-2.764593486715,
    135.58260316893));
#1314 = CARTESIAN_POINT('',(12.694880858047,-2.8,135.29151023167));
#1315 = CARTESIAN_POINT('',(12.694880858047,-2.8,134.70848976833));
#1316 = CARTESIAN_POINT('',(12.702690110125,-2.764593486715,
    134.41739683106));
#1317 = CARTESIAN_POINT('',(12.718270487734,-2.693955165292,
    134.12924554215));
#1318 = CARTESIAN_POINT('',(12.741138399451,-2.587313383945,
    133.8468111021));
#1319 = CARTESIAN_POINT('',(12.770335843743,-2.443190699188,
    133.57358014819));
#1320 = CARTESIAN_POINT('',(12.804138571733,-2.259628822511,
    133.31437762197));
#1321 = CARTESIAN_POINT('',(12.870866498058,-1.838537718491,
    132.86897505079));
#1322 = CARTESIAN_POINT('',(12.904186672151,-1.605659772809,
    132.67207354341));
#1323 = CARTESIAN_POINT('',(12.937272640834,-1.336639511372,
    132.49734909335));
#1324 = CARTESIAN_POINT('',(12.966626642151,-1.034950121684,
    132.35495828321));
#1325 = CARTESIAN_POINT('',(12.988477639796,-0.706336885913,
    132.25349424647));
#1326 = CARTESIAN_POINT('',(13.,-0.358312553016,132.2));
#1327 = CARTESIAN_POINT('',(13.,-1.7763568394E-15,132.2));
#1328 = PCURVE('',#165,#1329);
#1329 = DEFINITIONAL_REPRESENTATION('',(#1330),#1357);
#1330 = B_SPLINE_CURVE_WITH_KNOTS('',7,(#1331,#1332,#1333,#1334,#1335,
    #1336,#1337,#1338,#1339,#1340,#1341,#1342,#1343,#1344,#1345,#1346,
    #1347,#1348,#1349,#1350,#1351,#1352,#1353,#1354,#1355,#1356),
  .UNSPECIFIED.,.F.,.F.,(8,6,6,6,8),(0.,0.232860753091,0.5,
    0.767139246909,1.),.UNSPECIFIED.);
#1331 = CARTESIAN_POINT('',(-6.28318530718,-6.8));
#1332 = CARTESIAN_POINT('',(-6.255622803101,-6.8));
#1333 = CARTESIAN_POINT('',(-6.22885167258,-6.746505753521));
#1334 = CARTESIAN_POINT('',(-6.203539685464,-6.645041716784));
#1335 = CARTESIAN_POINT('',(-6.180238595768,-6.50265090665));
#1336 = CARTESIAN_POINT('',(-6.159395484525,-6.327926456584));
#1337 = CARTESIAN_POINT('',(-6.141301432003,-6.131024949208));
#1338 = CARTESIAN_POINT('',(-6.108505637962,-5.685622378022));
#1339 = CARTESIAN_POINT('',(-6.094152543834,-5.426419851804));
#1340 = CARTESIAN_POINT('',(-6.082842513807,-5.153188897893));
#1341 = CARTESIAN_POINT('',(-6.074453004851,-4.870754457847));
#1342 = CARTESIAN_POINT('',(-6.068888670121,-4.582603168935));
#1343 = CARTESIAN_POINT('',(-6.066099634888,-4.29151023167));
#1344 = CARTESIAN_POINT('',(-6.066099634888,-3.708489768331));
#1345 = CARTESIAN_POINT('',(-6.068888670121,-3.417396831064));
#1346 = CARTESIAN_POINT('',(-6.074453004851,-3.129245542153));
#1347 = CARTESIAN_POINT('',(-6.082842513807,-2.846811102107));
#1348 = CARTESIAN_POINT('',(-6.094152543834,-2.573580148197));
#1349 = CARTESIAN_POINT('',(-6.108505637962,-2.314377621978));
#1350 = CARTESIAN_POINT('',(-6.141301432003,-1.868975050792));
#1351 = CARTESIAN_POINT('',(-6.159395484525,-1.672073543416));
#1352 = CARTESIAN_POINT('',(-6.180238595768,-1.49734909335));
#1353 = CARTESIAN_POINT('',(-6.203539685464,-1.354958283216));
#1354 = CARTESIAN_POINT('',(-6.22885167258,-1.253494246479));
#1355 = CARTESIAN_POINT('',(-6.255622803101,-1.2));
#1356 = CARTESIAN_POINT('',(-6.28318530718,-1.2));
#1357 = ( GEOMETRIC_REPRESENTATION_CONTEXT(2) 
PARAMETRIC_REPRESENTATION_CONTEXT() REPRESENTATION_CONTEXT('2D SPACE',''
  ) );
#1358 = PCURVE('',#1169,#1359);
#1359 = DEFINITIONAL_REPRESENTATION('',(#1360),#1387);
#1360 = B_SPLINE_CURVE_WITH_KNOTS('',7,(#1361,#1362,#1363,#1364,#1365,
    #1366,#1367,#1368,#1369,#1370,#1371,#1372,#1373,#1374,#1375,#1376,
    #1377,#1378,#1379,#1380,#1381,#1382,#1383,#1384,#1385,#1386),
  .UNSPECIFIED.,.F.,.F.,(8,6,6,6,8),(0.,0.232860753091,0.5,
    0.767139246909,1.),.UNSPECIFIED.);
#1361 = CARTESIAN_POINT('',(-1.570796326795,-7.));
#1362 = CARTESIAN_POINT('',(-1.698765095729,-7.));
#1363 = CARTESIAN_POINT('',(-1.823059406287,-6.988477639796));
#1364 = CARTESIAN_POINT('',(-1.943844432188,-6.966626642151));
#1365 = CARTESIAN_POINT('',(-2.060974820045,-6.937272640834));
#1366 = CARTESIAN_POINT('',(-2.174055639866,-6.90418667215));
#1367 = CARTESIAN_POINT('',(-2.282293883581,-6.870866498058));
#1368 = CARTESIAN_POINT('',(-2.501202694244,-6.804138571733));
#1369 = CARTESIAN_POINT('',(-2.613509545058,-6.770335843743));
#1370 = CARTESIAN_POINT('',(-2.722392065405,-6.741138399451));
#1371 = CARTESIAN_POINT('',(-2.828764747144,-6.718270487734));
#1372 = CARTESIAN_POINT('',(-2.933520377136,-6.702690110125));
#1373 = CARTESIAN_POINT('',(-3.037481856565,-6.694880858047));
#1374 = CARTESIAN_POINT('',(-3.245703450615,-6.694880858047));
#1375 = CARTESIAN_POINT('',(-3.349664930044,-6.702690110125));
#1376 = CARTESIAN_POINT('',(-3.454420560035,-6.718270487734));
#1377 = CARTESIAN_POINT('',(-3.560793241775,-6.741138399451));
#1378 = CARTESIAN_POINT('',(-3.669675762122,-6.770335843743));
#1379 = CARTESIAN_POINT('',(-3.781982612936,-6.804138571733));
#1380 = CARTESIAN_POINT('',(-4.000891423599,-6.870866498058));
#1381 = CARTESIAN_POINT('',(-4.109129667314,-6.904186672151));
#1382 = CARTESIAN_POINT('',(-4.222210487135,-6.937272640834));
#1383 = CARTESIAN_POINT('',(-4.339340874991,-6.966626642151));
#1384 = CARTESIAN_POINT('',(-4.460125900893,-6.988477639796));
#1385 = CARTESIAN_POINT('',(-4.584420211451,-7.));
#1386 = CARTESIAN_POINT('',(-4.712388980385,-7.));
#1387 = ( GEOMETRIC_REPRESENTATION_CONTEXT(2) 
PARAMETRIC_REPRESENTATION_CONTEXT() REPRESENTATION_CONTEXT('2D SPACE',''
  ) );
#1388 = FACE_BOUND('',#1389,.F.);
#1389 = EDGE_LOOP('',(#1390));
#1390 = ORIENTED_EDGE('',*,*,#1391,.T.);
#1391 = EDGE_CURVE('',#1392,#1392,#1394,.T.);
#1392 = VERTEX_POINT('',#1393);
#1393 = CARTESIAN_POINT('',(-12.69488085804,-2.8,135.));
#1394 = SURFACE_CURVE('',#1395,(#1446,#1500),.PCURVE_S1.);
#1395 = B_SPLINE_CURVE_WITH_KNOTS('',7,(#1396,#1397,#1398,#1399,#1400,
    #1401,#1402,#1403,#1404,#1405,#1406,#1407,#1408,#1409,#1410,#1411,
    #1412,#1413,#1414,#1415,#1416,#1417,#1418,#1419,#1420,#1421,#1422,
    #1423,#1424,#1425,#1426,#1427,#1428,#1429,#1430,#1431,#1432,#1433,
    #1434,#1435,#1436,#1437,#1438,#1439,#1440,#1441,#1442,#1443,#1444,
    #1445),.UNSPECIFIED.,.T.,.F.,(8,6,6,6,6,6,6,6,8),(0.,0.133623972728,
    0.250101724614,0.366579476501,0.500203449229,0.633827421957,
    0.750305173843,0.862135397108,1.),.UNSPECIFIED.);
#1396 = CARTESIAN_POINT('',(-12.69488085804,-2.8,135.));
#1397 = CARTESIAN_POINT('',(-12.69488085804,-2.8,135.29151023166));
#1398 = CARTESIAN_POINT('',(-12.70269011012,-2.764593486715,
    135.58260316893));
#1399 = CARTESIAN_POINT('',(-12.71827048773,-2.693955165292,
    135.87075445784));
#1400 = CARTESIAN_POINT('',(-12.74113839945,-2.587313383945,
    136.15318889789));
#1401 = CARTESIAN_POINT('',(-12.77033584374,-2.443190699189,
    136.4264198518));
#1402 = CARTESIAN_POINT('',(-12.80413857173,-2.259628822511,
    136.68562237802));
#1403 = CARTESIAN_POINT('',(-12.87086649805,-1.838537718491,
    137.1310249492));
#1404 = CARTESIAN_POINT('',(-12.90418667215,-1.605659772809,
    137.32792645658));
#1405 = CARTESIAN_POINT('',(-12.93727264083,-1.336639511373,
    137.50265090665));
#1406 = CARTESIAN_POINT('',(-12.96662664215,-1.034950121684,
    137.64504171678));
#1407 = CARTESIAN_POINT('',(-12.98847763979,-0.706336885914,
    137.74650575352));
#1408 = CARTESIAN_POINT('',(-13.,-0.358312553015,137.8));
#1409 = CARTESIAN_POINT('',(-13.,0.358312553015,137.8));
#1410 = CARTESIAN_POINT('',(-12.98847763979,0.706336885914,
    137.74650575352));
#1411 = CARTESIAN_POINT('',(-12.96662664215,1.034950121682,
    137.64504171678));
#1412 = CARTESIAN_POINT('',(-12.93727264083,1.336639511374,
    137.50265090664));
#1413 = CARTESIAN_POINT('',(-12.90418667215,1.605659772808,
    137.32792645658));
#1414 = CARTESIAN_POINT('',(-12.87086649805,1.838537718491,
    137.1310249492));
#1415 = CARTESIAN_POINT('',(-12.80413857173,2.259628822511,
    136.68562237802));
#1416 = CARTESIAN_POINT('',(-12.77033584374,2.443190699188,
    136.4264198518));
#1417 = CARTESIAN_POINT('',(-12.74113839945,2.587313383947,
    136.15318889789));
#1418 = CARTESIAN_POINT('',(-12.71827048773,2.69395516529,
    135.87075445784));
#1419 = CARTESIAN_POINT('',(-12.70269011012,2.764593486715,
    135.58260316893));
#1420 = CARTESIAN_POINT('',(-12.69488085804,2.8,135.29151023167));
#1421 = CARTESIAN_POINT('',(-12.69488085804,2.8,134.70848976833));
#1422 = CARTESIAN_POINT('',(-12.70269011012,2.764593486715,
    134.41739683106));
#1423 = CARTESIAN_POINT('',(-12.71827048773,2.693955165292,
    134.12924554215));
#1424 = CARTESIAN_POINT('',(-12.74113839945,2.587313383945,
    133.8468111021));
#1425 = CARTESIAN_POINT('',(-12.77033584374,2.443190699189,
    133.57358014819));
#1426 = CARTESIAN_POINT('',(-12.80413857173,2.259628822511,
    133.31437762197));
#1427 = CARTESIAN_POINT('',(-12.87086649805,1.838537718491,
    132.86897505079));
#1428 = CARTESIAN_POINT('',(-12.90418667215,1.605659772808,
    132.67207354341));
#1429 = CARTESIAN_POINT('',(-12.93727264083,1.336639511375,
    132.49734909335));
#1430 = CARTESIAN_POINT('',(-12.96662664215,1.034950121682,
    132.35495828321));
#1431 = CARTESIAN_POINT('',(-12.98847763979,0.706336885915,
    132.25349424647));
#1432 = CARTESIAN_POINT('',(-13.,0.358312553015,132.2));
#1433 = CARTESIAN_POINT('',(-13.,-0.344015678129,132.2));
#1434 = CARTESIAN_POINT('',(-12.98937883426,-0.679080309601,
    132.2493106308));
#1435 = CARTESIAN_POINT('',(-12.96913357091,-0.99684736945,
    132.34331673273));
#1436 = CARTESIAN_POINT('',(-12.94170363485,-1.29026864958,
    132.47585937436));
#1437 = CARTESIAN_POINT('',(-12.91043573938,-1.553830329217,
    132.63924400218));
#1438 = CARTESIAN_POINT('',(-12.87852901238,-1.784030782541,
    132.82423280789));
#1439 = CARTESIAN_POINT('',(-12.81113674041,-2.221365842016,
    133.26156786737));
#1440 = CARTESIAN_POINT('',(-12.77538551644,-2.418195109323,
    133.52711152164));
#1441 = CARTESIAN_POINT('',(-12.74430647054,-2.57252100509,
    133.80833641917));
#1442 = CARTESIAN_POINT('',(-12.71989116723,-2.686608812117,
    134.0998022864));
#1443 = CARTESIAN_POINT('',(-12.70323348429,-2.762129450647,
    134.39752848388));
#1444 = CARTESIAN_POINT('',(-12.69488085804,-2.8,134.69852220601));
#1445 = CARTESIAN_POINT('',(-12.69488085804,-2.8,135.));
#1446 = PCURVE('',#165,#1447);
#1447 = DEFINITIONAL_REPRESENTATION('',(#1448),#1499);
#1448 = B_SPLINE_CURVE_WITH_KNOTS('',7,(#1449,#1450,#1451,#1452,#1453,
    #1454,#1455,#1456,#1457,#1458,#1459,#1460,#1461,#1462,#1463,#1464,
    #1465,#1466,#1467,#1468,#1469,#1470,#1471,#1472,#1473,#1474,#1475,
    #1476,#1477,#1478,#1479,#1480,#1481,#1482,#1483,#1484,#1485,#1486,
    #1487,#1488,#1489,#1490,#1491,#1492,#1493,#1494,#1495,#1496,#1497,
    #1498),.UNSPECIFIED.,.F.,.F.,(8,6,6,6,6,6,6,6,8),(0.,0.133623972728,
    0.250101724614,0.366579476501,0.500203449229,0.633827421957,
    0.750305173843,0.862135397108,1.),.UNSPECIFIED.);
#1449 = CARTESIAN_POINT('',(-3.358678325881,-4.));
#1450 = CARTESIAN_POINT('',(-3.358678325881,-4.291510231669));
#1451 = CARTESIAN_POINT('',(-3.355889290648,-4.582603168936));
#1452 = CARTESIAN_POINT('',(-3.350324955918,-4.870754457846));
#1453 = CARTESIAN_POINT('',(-3.341935446962,-5.153188897894));
#1454 = CARTESIAN_POINT('',(-3.330625416935,-5.426419851803));
#1455 = CARTESIAN_POINT('',(-3.316272322807,-5.685622378022));
#1456 = CARTESIAN_POINT('',(-3.283476528767,-6.131024949208));
#1457 = CARTESIAN_POINT('',(-3.265382476244,-6.327926456584));
#1458 = CARTESIAN_POINT('',(-3.244539365001,-6.50265090665));
#1459 = CARTESIAN_POINT('',(-3.221238275305,-6.645041716785));
#1460 = CARTESIAN_POINT('',(-3.19592628819,-6.746505753521));
#1461 = CARTESIAN_POINT('',(-3.169155157668,-6.8));
#1462 = CARTESIAN_POINT('',(-3.114030149512,-6.8));
#1463 = CARTESIAN_POINT('',(-3.08725901899,-6.746505753521));
#1464 = CARTESIAN_POINT('',(-3.061947031875,-6.645041716785));
#1465 = CARTESIAN_POINT('',(-3.038645942178,-6.502650906649));
#1466 = CARTESIAN_POINT('',(-3.017802830935,-6.327926456585));
#1467 = CARTESIAN_POINT('',(-2.999708778413,-6.131024949208));
#1468 = CARTESIAN_POINT('',(-2.966912984373,-5.685622378022));
#1469 = CARTESIAN_POINT('',(-2.952559890245,-5.426419851804));
#1470 = CARTESIAN_POINT('',(-2.941249860218,-5.153188897892));
#1471 = CARTESIAN_POINT('',(-2.932860351262,-4.870754457848));
#1472 = CARTESIAN_POINT('',(-2.927296016531,-4.582603168935));
#1473 = CARTESIAN_POINT('',(-2.924506981298,-4.29151023167));
#1474 = CARTESIAN_POINT('',(-2.924506981298,-3.708489768331));
#1475 = CARTESIAN_POINT('',(-2.927296016531,-3.417396831064));
#1476 = CARTESIAN_POINT('',(-2.932860351261,-3.129245542154));
#1477 = CARTESIAN_POINT('',(-2.941249860218,-2.846811102106));
#1478 = CARTESIAN_POINT('',(-2.952559890244,-2.573580148197));
#1479 = CARTESIAN_POINT('',(-2.966912984373,-2.314377621978));
#1480 = CARTESIAN_POINT('',(-2.999708778413,-1.868975050792));
#1481 = CARTESIAN_POINT('',(-3.017802830935,-1.672073543415));
#1482 = CARTESIAN_POINT('',(-3.038645942178,-1.497349093351));
#1483 = CARTESIAN_POINT('',(-3.061947031875,-1.354958283215));
#1484 = CARTESIAN_POINT('',(-3.08725901899,-1.253494246479));
#1485 = CARTESIAN_POINT('',(-3.114030149512,-1.2));
#1486 = CARTESIAN_POINT('',(-3.168055398061,-1.2));
#1487 = CARTESIAN_POINT('',(-3.193829624632,-1.249310630808));
#1488 = CARTESIAN_POINT('',(-3.218303379484,-1.343316732735));
#1489 = CARTESIAN_POINT('',(-3.240958347514,-1.475859374367));
#1490 = CARTESIAN_POINT('',(-3.261368022972,-1.63924400218));
#1491 = CARTESIAN_POINT('',(-3.27924295647,-1.824232807897));
#1492 = CARTESIAN_POINT('',(-3.31328119398,-2.261567867372));
#1493 = CARTESIAN_POINT('',(-3.328664121031,-2.52711152164));
#1494 = CARTESIAN_POINT('',(-3.340771795338,-2.808336419177));
#1495 = CARTESIAN_POINT('',(-3.349746262604,-3.099802286408));
#1496 = CARTESIAN_POINT('',(-3.355695195532,-3.397528483885));
#1497 = CARTESIAN_POINT('',(-3.358678325881,-3.698522206017));
#1498 = CARTESIAN_POINT('',(-3.358678325881,-4.));
#1499 = ( GEOMETRIC_REPRESENTATION_CONTEXT(2) 
PARAMETRIC_REPRESENTATION_CONTEXT() REPRESENTATION_CONTEXT('2D SPACE',''
  ) );
#1500 = PCURVE('',#1501,#1506);
#1501 = CYLINDRICAL_SURFACE('',#1502,2.8);
#1502 = AXIS2_PLACEMENT_3D('',#1503,#1504,#1505);
#1503 = CARTESIAN_POINT('',(-6.,7.347880794884E-16,135.));
#1504 = DIRECTION('',(1.,-1.224646799147E-16,-0.));
#1505 = DIRECTION('',(-1.224646799147E-16,-1.,0.));
#1506 = DEFINITIONAL_REPRESENTATION('',(#1507),#1558);
#1507 = B_SPLINE_CURVE_WITH_KNOTS('',7,(#1508,#1509,#1510,#1511,#1512,
    #1513,#1514,#1515,#1516,#1517,#1518,#1519,#1520,#1521,#1522,#1523,
    #1524,#1525,#1526,#1527,#1528,#1529,#1530,#1531,#1532,#1533,#1534,
    #1535,#1536,#1537,#1538,#1539,#1540,#1541,#1542,#1543,#1544,#1545,
    #1546,#1547,#1548,#1549,#1550,#1551,#1552,#1553,#1554,#1555,#1556,
    #1557),.UNSPECIFIED.,.F.,.F.,(8,6,6,6,6,6,6,6,8),(0.,0.133623972728,
    0.250101724614,0.366579476501,0.500203449229,0.633827421957,
    0.750305173843,0.862135397108,1.),.UNSPECIFIED.);
#1508 = CARTESIAN_POINT('',(0.,-6.694880858047));
#1509 = CARTESIAN_POINT('',(-0.104110797025,-6.694880858047));
#1510 = CARTESIAN_POINT('',(-0.208072276454,-6.702690110125));
#1511 = CARTESIAN_POINT('',(-0.312827906445,-6.718270487734));
#1512 = CARTESIAN_POINT('',(-0.419200588186,-6.741138399451));
#1513 = CARTESIAN_POINT('',(-0.528083108532,-6.770335843743));
#1514 = CARTESIAN_POINT('',(-0.640389959346,-6.804138571733));
#1515 = CARTESIAN_POINT('',(-0.859298770009,-6.870866498058));
#1516 = CARTESIAN_POINT('',(-0.967537013724,-6.90418667215));
#1517 = CARTESIAN_POINT('',(-1.080617833545,-6.937272640834));
#1518 = CARTESIAN_POINT('',(-1.197748221402,-6.966626642151));
#1519 = CARTESIAN_POINT('',(-1.318533247303,-6.988477639796));
#1520 = CARTESIAN_POINT('',(-1.442827557861,-7.));
#1521 = CARTESIAN_POINT('',(-1.698765095729,-7.));
#1522 = CARTESIAN_POINT('',(-1.823059406287,-6.988477639796));
#1523 = CARTESIAN_POINT('',(-1.943844432188,-6.966626642151));
#1524 = CARTESIAN_POINT('',(-2.060974820045,-6.937272640834));
#1525 = CARTESIAN_POINT('',(-2.174055639866,-6.904186672151));
#1526 = CARTESIAN_POINT('',(-2.282293883581,-6.870866498057));
#1527 = CARTESIAN_POINT('',(-2.501202694244,-6.804138571733));
#1528 = CARTESIAN_POINT('',(-2.613509545057,-6.770335843743));
#1529 = CARTESIAN_POINT('',(-2.722392065405,-6.741138399451));
#1530 = CARTESIAN_POINT('',(-2.828764747144,-6.718270487734));
#1531 = CARTESIAN_POINT('',(-2.933520377136,-6.702690110125));
#1532 = CARTESIAN_POINT('',(-3.037481856565,-6.694880858047));
#1533 = CARTESIAN_POINT('',(-3.245703450615,-6.694880858047));
#1534 = CARTESIAN_POINT('',(-3.349664930044,-6.702690110125));
#1535 = CARTESIAN_POINT('',(-3.454420560035,-6.718270487734));
#1536 = CARTESIAN_POINT('',(-3.560793241775,-6.741138399451));
#1537 = CARTESIAN_POINT('',(-3.669675762122,-6.770335843743));
#1538 = CARTESIAN_POINT('',(-3.781982612936,-6.804138571733));
#1539 = CARTESIAN_POINT('',(-4.000891423599,-6.870866498058));
#1540 = CARTESIAN_POINT('',(-4.109129667314,-6.904186672151));
#1541 = CARTESIAN_POINT('',(-4.222210487135,-6.937272640834));
#1542 = CARTESIAN_POINT('',(-4.339340874991,-6.966626642151));
#1543 = CARTESIAN_POINT('',(-4.460125900893,-6.988477639796));
#1544 = CARTESIAN_POINT('',(-4.584420211451,-7.));
#1545 = CARTESIAN_POINT('',(-4.835251722574,-7.));
#1546 = CARTESIAN_POINT('',(-4.954917543486,-6.989378834267));
#1547 = CARTESIAN_POINT('',(-5.071435534931,-6.96913357091));
#1548 = CARTESIAN_POINT('',(-5.184606554434,-6.941703634858));
#1549 = CARTESIAN_POINT('',(-5.294007556129,-6.910435739389));
#1550 = CARTESIAN_POINT('',(-5.398858761054,-6.878529012388));
#1551 = CARTESIAN_POINT('',(-5.619746322629,-6.811136740411));
#1552 = CARTESIAN_POINT('',(-5.736513514179,-6.775385516442));
#1553 = CARTESIAN_POINT('',(-5.849467252017,-6.744306470541));
#1554 = CARTESIAN_POINT('',(-5.959646453372,-6.71989116723));
#1555 = CARTESIAN_POINT('',(-6.068017145591,-6.703233484296));
#1556 = CARTESIAN_POINT('',(-6.175514666471,-6.694880858047));
#1557 = CARTESIAN_POINT('',(-6.28318530718,-6.694880858047));
#1558 = ( GEOMETRIC_REPRESENTATION_CONTEXT(2) 
PARAMETRIC_REPRESENTATION_CONTEXT() REPRESENTATION_CONTEXT('2D SPACE',''
  ) );
#1559 = ADVANCED_FACE('',(#1560),#281,.F.);
#1560 = FACE_BOUND('',#1561,.T.);
#1561 = EDGE_LOOP('',(#1562,#1563,#1586,#1617,#1618,#1619));
#1562 = ORIENTED_EDGE('',*,*,#322,.F.);
#1563 = ORIENTED_EDGE('',*,*,#1564,.T.);
#1564 = EDGE_CURVE('',#208,#1565,#1567,.T.);
#1565 = VERTEX_POINT('',#1566);
#1566 = CARTESIAN_POINT('',(6.,2.25,135.));
#1567 = SEAM_CURVE('',#1568,(#1572,#1579),.PCURVE_S1.);
#1568 = LINE('',#1569,#1570);
#1569 = CARTESIAN_POINT('',(3.,2.25,135.));
#1570 = VECTOR('',#1571,1.);
#1571 = DIRECTION('',(1.,0.,0.));
#1572 = PCURVE('',#281,#1573);
#1573 = DEFINITIONAL_REPRESENTATION('',(#1574),#1578);
#1574 = LINE('',#1575,#1576);
#1575 = CARTESIAN_POINT('',(-6.28318530718,0.));
#1576 = VECTOR('',#1577,1.);
#1577 = DIRECTION('',(-0.,-1.));
#1578 = ( GEOMETRIC_REPRESENTATION_CONTEXT(2) 
PARAMETRIC_REPRESENTATION_CONTEXT() REPRESENTATION_CONTEXT('2D SPACE',''
  ) );
#1579 = PCURVE('',#281,#1580);
#1580 = DEFINITIONAL_REPRESENTATION('',(#1581),#1585);
#1581 = LINE('',#1582,#1583);
#1582 = CARTESIAN_POINT('',(-0.,0.));
#1583 = VECTOR('',#1584,1.);
#1584 = DIRECTION('',(-0.,-1.));
#1585 = ( GEOMETRIC_REPRESENTATION_CONTEXT(2) 
PARAMETRIC_REPRESENTATION_CONTEXT() REPRESENTATION_CONTEXT('2D SPACE',''
  ) );
#1586 = ORIENTED_EDGE('',*,*,#1587,.F.);
#1587 = EDGE_CURVE('',#1565,#1565,#1588,.T.);
#1588 = SURFACE_CURVE('',#1589,(#1594,#1601),.PCURVE_S1.);
#1589 = CIRCLE('',#1590,2.25);
#1590 = AXIS2_PLACEMENT_3D('',#1591,#1592,#1593);
#1591 = CARTESIAN_POINT('',(6.,0.,135.));
#1592 = DIRECTION('',(-1.,0.,0.));
#1593 = DIRECTION('',(0.,1.,0.));
#1594 = PCURVE('',#281,#1595);
#1595 = DEFINITIONAL_REPRESENTATION('',(#1596),#1600);
#1596 = LINE('',#1597,#1598);
#1597 = CARTESIAN_POINT('',(-6.28318530718,-3.));
#1598 = VECTOR('',#1599,1.);
#1599 = DIRECTION('',(1.,-0.));
#1600 = ( GEOMETRIC_REPRESENTATION_CONTEXT(2) 
PARAMETRIC_REPRESENTATION_CONTEXT() REPRESENTATION_CONTEXT('2D SPACE',''
  ) );
#1601 = PCURVE('',#1602,#1607);
#1602 = PLANE('',#1603);
#1603 = AXIS2_PLACEMENT_3D('',#1604,#1605,#1606);
#1604 = CARTESIAN_POINT('',(6.,1.709300165674E-15,135.));
#1605 = DIRECTION('',(1.,0.,0.));
#1606 = DIRECTION('',(0.,0.,1.));
#1607 = DEFINITIONAL_REPRESENTATION('',(#1608),#1616);
#1608 = ( BOUNDED_CURVE() B_SPLINE_CURVE(2,(#1609,#1610,#1611,#1612,
#1613,#1614,#1615),.UNSPECIFIED.,.T.,.F.) B_SPLINE_CURVE_WITH_KNOTS((1,2
    ,2,2,2,1),(-2.094395102393,0.,2.094395102393,4.188790204786,
6.28318530718,8.377580409573),.UNSPECIFIED.) CURVE() 
GEOMETRIC_REPRESENTATION_ITEM() RATIONAL_B_SPLINE_CURVE((1.,0.5,1.,0.5,
1.,0.5,1.)) REPRESENTATION_ITEM('') );
#1609 = CARTESIAN_POINT('',(0.,-2.25));
#1610 = CARTESIAN_POINT('',(-3.89711431703,-2.25));
#1611 = CARTESIAN_POINT('',(-1.948557158515,1.125));
#1612 = CARTESIAN_POINT('',(-5.510910596163E-16,4.5));
#1613 = CARTESIAN_POINT('',(1.948557158515,1.125));
#1614 = CARTESIAN_POINT('',(3.89711431703,-2.25));
#1615 = CARTESIAN_POINT('',(0.,-2.25));
#1616 = ( GEOMETRIC_REPRESENTATION_CONTEXT(2) 
PARAMETRIC_REPRESENTATION_CONTEXT() REPRESENTATION_CONTEXT('2D SPACE',''
  ) );
#1617 = ORIENTED_EDGE('',*,*,#1564,.F.);
#1618 = ORIENTED_EDGE('',*,*,#207,.F.);
#1619 = ORIENTED_EDGE('',*,*,#487,.F.);
#1620 = ADVANCED_FACE('',(#1621,#1652,#1687,#1722,#1757,#1760),#470,.T.
  );
#1621 = FACE_BOUND('',#1622,.T.);
#1622 = EDGE_LOOP('',(#1623));
#1623 = ORIENTED_EDGE('',*,*,#1624,.T.);
#1624 = EDGE_CURVE('',#1625,#1625,#1627,.T.);
#1625 = VERTEX_POINT('',#1626);
#1626 = CARTESIAN_POINT('',(30.,0.,143.));
#1627 = SURFACE_CURVE('',#1628,(#1633,#1640),.PCURVE_S1.);
#1628 = CIRCLE('',#1629,30.);
#1629 = AXIS2_PLACEMENT_3D('',#1630,#1631,#1632);
#1630 = CARTESIAN_POINT('',(0.,0.,143.));
#1631 = DIRECTION('',(0.,0.,1.));
#1632 = DIRECTION('',(1.,0.,0.));
#1633 = PCURVE('',#470,#1634);
#1634 = DEFINITIONAL_REPRESENTATION('',(#1635),#1639);
#1635 = CIRCLE('',#1636,30.);
#1636 = AXIS2_PLACEMENT_2D('',#1637,#1638);
#1637 = CARTESIAN_POINT('',(1.458602808042E-15,-2.339560088947E-16));
#1638 = DIRECTION('',(1.,0.));
#1639 = ( GEOMETRIC_REPRESENTATION_CONTEXT(2) 
PARAMETRIC_REPRESENTATION_CONTEXT() REPRESENTATION_CONTEXT('2D SPACE',''
  ) );
#1640 = PCURVE('',#1641,#1646);
#1641 = CYLINDRICAL_SURFACE('',#1642,30.);
#1642 = AXIS2_PLACEMENT_3D('',#1643,#1644,#1645);
#1643 = CARTESIAN_POINT('',(0.,0.,139.));
#1644 = DIRECTION('',(-0.,-0.,-1.));
#1645 = DIRECTION('',(1.,0.,0.));
#1646 = DEFINITIONAL_REPRESENTATION('',(#1647),#1651);
#1647 = LINE('',#1648,#1649);
#1648 = CARTESIAN_POINT('',(-0.,-4.));
#1649 = VECTOR('',#1650,1.);
#1650 = DIRECTION('',(-1.,0.));
#1651 = ( GEOMETRIC_REPRESENTATION_CONTEXT(2) 
PARAMETRIC_REPRESENTATION_CONTEXT() REPRESENTATION_CONTEXT('2D SPACE',''
  ) );
#1652 = FACE_BOUND('',#1653,.T.);
#1653 = EDGE_LOOP('',(#1654));
#1654 = ORIENTED_EDGE('',*,*,#1655,.T.);
#1655 = EDGE_CURVE('',#1656,#1656,#1658,.T.);
#1656 = VERTEX_POINT('',#1657);
#1657 = CARTESIAN_POINT('',(-14.01345596729,-16.26345596729,143.));
#1658 = SURFACE_CURVE('',#1659,(#1664,#1675),.PCURVE_S1.);
#1659 = CIRCLE('',#1660,2.25);
#1660 = AXIS2_PLACEMENT_3D('',#1661,#1662,#1663);
#1661 = CARTESIAN_POINT('',(-16.26345596729,-16.26345596729,143.));
#1662 = DIRECTION('',(0.,0.,-1.));
#1663 = DIRECTION('',(1.,0.,0.));
#1664 = PCURVE('',#470,#1665);
#1665 = DEFINITIONAL_REPRESENTATION('',(#1666),#1674);
#1666 = ( BOUNDED_CURVE() B_SPLINE_CURVE(2,(#1667,#1668,#1669,#1670,
#1671,#1672,#1673),.UNSPECIFIED.,.T.,.F.) B_SPLINE_CURVE_WITH_KNOTS((1,2
    ,2,2,2,1),(-2.094395102393,0.,2.094395102393,4.188790204786,
6.28318530718,8.377580409573),.UNSPECIFIED.) CURVE() 
GEOMETRIC_REPRESENTATION_ITEM() RATIONAL_B_SPLINE_CURVE((1.,0.5,1.,0.5,
1.,0.5,1.)) REPRESENTATION_ITEM('') );
#1667 = CARTESIAN_POINT('',(-14.01345596729,-16.26345596729));
#1668 = CARTESIAN_POINT('',(-14.01345596729,-20.16057028432));
#1669 = CARTESIAN_POINT('',(-17.38845596729,-18.2120131258));
#1670 = CARTESIAN_POINT('',(-20.76345596729,-16.26345596729));
#1671 = CARTESIAN_POINT('',(-17.38845596729,-14.31489880877));
#1672 = CARTESIAN_POINT('',(-14.01345596729,-12.36634165026));
#1673 = CARTESIAN_POINT('',(-14.01345596729,-16.26345596729));
#1674 = ( GEOMETRIC_REPRESENTATION_CONTEXT(2) 
PARAMETRIC_REPRESENTATION_CONTEXT() REPRESENTATION_CONTEXT('2D SPACE',''
  ) );
#1675 = PCURVE('',#1676,#1681);
#1676 = CYLINDRICAL_SURFACE('',#1677,2.25);
#1677 = AXIS2_PLACEMENT_3D('',#1678,#1679,#1680);
#1678 = CARTESIAN_POINT('',(-16.26345596729,-16.26345596729,138.));
#1679 = DIRECTION('',(-0.,-0.,-1.));
#1680 = DIRECTION('',(1.,0.,0.));
#1681 = DEFINITIONAL_REPRESENTATION('',(#1682),#1686);
#1682 = LINE('',#1683,#1684);
#1683 = CARTESIAN_POINT('',(-6.28318530718,-5.));
#1684 = VECTOR('',#1685,1.);
#1685 = DIRECTION('',(1.,-0.));
#1686 = ( GEOMETRIC_REPRESENTATION_CONTEXT(2) 
PARAMETRIC_REPRESENTATION_CONTEXT() REPRESENTATION_CONTEXT('2D SPACE',''
  ) );
#1687 = FACE_BOUND('',#1688,.T.);
#1688 = EDGE_LOOP('',(#1689));
#1689 = ORIENTED_EDGE('',*,*,#1690,.T.);
#1690 = EDGE_CURVE('',#1691,#1691,#1693,.T.);
#1691 = VERTEX_POINT('',#1692);
#1692 = CARTESIAN_POINT('',(18.513455967291,-16.26345596729,143.));
#1693 = SURFACE_CURVE('',#1694,(#1699,#1710),.PCURVE_S1.);
#1694 = CIRCLE('',#1695,2.25);
#1695 = AXIS2_PLACEMENT_3D('',#1696,#1697,#1698);
#1696 = CARTESIAN_POINT('',(16.263455967291,-16.26345596729,143.));
#1697 = DIRECTION('',(0.,0.,-1.));
#1698 = DIRECTION('',(1.,0.,0.));
#1699 = PCURVE('',#470,#1700);
#1700 = DEFINITIONAL_REPRESENTATION('',(#1701),#1709);
#1701 = ( BOUNDED_CURVE() B_SPLINE_CURVE(2,(#1702,#1703,#1704,#1705,
#1706,#1707,#1708),.UNSPECIFIED.,.T.,.F.) B_SPLINE_CURVE_WITH_KNOTS((1,2
    ,2,2,2,1),(-2.094395102393,0.,2.094395102393,4.188790204786,
6.28318530718,8.377580409573),.UNSPECIFIED.) CURVE() 
GEOMETRIC_REPRESENTATION_ITEM() RATIONAL_B_SPLINE_CURVE((1.,0.5,1.,0.5,
1.,0.5,1.)) REPRESENTATION_ITEM('') );
#1702 = CARTESIAN_POINT('',(18.513455967291,-16.26345596729));
#1703 = CARTESIAN_POINT('',(18.513455967291,-20.16057028432));
#1704 = CARTESIAN_POINT('',(15.138455967291,-18.2120131258));
#1705 = CARTESIAN_POINT('',(11.763455967291,-16.26345596729));
#1706 = CARTESIAN_POINT('',(15.138455967291,-14.31489880877));
#1707 = CARTESIAN_POINT('',(18.513455967291,-12.36634165026));
#1708 = CARTESIAN_POINT('',(18.513455967291,-16.26345596729));
#1709 = ( GEOMETRIC_REPRESENTATION_CONTEXT(2) 
PARAMETRIC_REPRESENTATION_CONTEXT() REPRESENTATION_CONTEXT('2D SPACE',''
  ) );
#1710 = PCURVE('',#1711,#1716);
#1711 = CYLINDRICAL_SURFACE('',#1712,2.25);
#1712 = AXIS2_PLACEMENT_3D('',#1713,#1714,#1715);
#1713 = CARTESIAN_POINT('',(16.263455967291,-16.26345596729,138.));
#1714 = DIRECTION('',(-0.,-0.,-1.));
#1715 = DIRECTION('',(1.,0.,0.));
#1716 = DEFINITIONAL_REPRESENTATION('',(#1717),#1721);
#1717 = LINE('',#1718,#1719);
#1718 = CARTESIAN_POINT('',(-6.28318530718,-5.));
#1719 = VECTOR('',#1720,1.);
#1720 = DIRECTION('',(1.,-0.));
#1721 = ( GEOMETRIC_REPRESENTATION_CONTEXT(2) 
PARAMETRIC_REPRESENTATION_CONTEXT() REPRESENTATION_CONTEXT('2D SPACE',''
  ) );
#1722 = FACE_BOUND('',#1723,.T.);
#1723 = EDGE_LOOP('',(#1724));
#1724 = ORIENTED_EDGE('',*,*,#1725,.T.);
#1725 = EDGE_CURVE('',#1726,#1726,#1728,.T.);
#1726 = VERTEX_POINT('',#1727);
#1727 = CARTESIAN_POINT('',(-14.01345596729,16.263455967291,143.));
#1728 = SURFACE_CURVE('',#1729,(#1734,#1745),.PCURVE_S1.);
#1729 = CIRCLE('',#1730,2.25);
#1730 = AXIS2_PLACEMENT_3D('',#1731,#1732,#1733);
#1731 = CARTESIAN_POINT('',(-16.26345596729,16.263455967291,143.));
#1732 = DIRECTION('',(0.,0.,-1.));
#1733 = DIRECTION('',(1.,0.,0.));
#1734 = PCURVE('',#470,#1735);
#1735 = DEFINITIONAL_REPRESENTATION('',(#1736),#1744);
#1736 = ( BOUNDED_CURVE() B_SPLINE_CURVE(2,(#1737,#1738,#1739,#1740,
#1741,#1742,#1743),.UNSPECIFIED.,.T.,.F.) B_SPLINE_CURVE_WITH_KNOTS((1,2
    ,2,2,2,1),(-2.094395102393,0.,2.094395102393,4.188790204786,
6.28318530718,8.377580409573),.UNSPECIFIED.) CURVE() 
GEOMETRIC_REPRESENTATION_ITEM() RATIONAL_B_SPLINE_CURVE((1.,0.5,1.,0.5,
1.,0.5,1.)) REPRESENTATION_ITEM('') );
#1737 = CARTESIAN_POINT('',(-14.01345596729,16.263455967291));
#1738 = CARTESIAN_POINT('',(-14.01345596729,12.366341650261));
#1739 = CARTESIAN_POINT('',(-17.38845596729,14.314898808776));
#1740 = CARTESIAN_POINT('',(-20.76345596729,16.263455967291));
#1741 = CARTESIAN_POINT('',(-17.38845596729,18.212013125806));
#1742 = CARTESIAN_POINT('',(-14.01345596729,20.160570284321));
#1743 = CARTESIAN_POINT('',(-14.01345596729,16.263455967291));
#1744 = ( GEOMETRIC_REPRESENTATION_CONTEXT(2) 
PARAMETRIC_REPRESENTATION_CONTEXT() REPRESENTATION_CONTEXT('2D SPACE',''
  ) );
#1745 = PCURVE('',#1746,#1751);
#1746 = CYLINDRICAL_SURFACE('',#1747,2.25);
#1747 = AXIS2_PLACEMENT_3D('',#1748,#1749,#1750);
#1748 = CARTESIAN_POINT('',(-16.26345596729,16.263455967291,138.));
#1749 = DIRECTION('',(-0.,-0.,-1.));
#1750 = DIRECTION('',(1.,0.,0.));
#1751 = DEFINITIONAL_REPRESENTATION('',(#1752),#1756);
#1752 = LINE('',#1753,#1754);
#1753 = CARTESIAN_POINT('',(-6.28318530718,-5.));
#1754 = VECTOR('',#1755,1.);
#1755 = DIRECTION('',(1.,-0.));
#1756 = ( GEOMETRIC_REPRESENTATION_CONTEXT(2) 
PARAMETRIC_REPRESENTATION_CONTEXT() REPRESENTATION_CONTEXT('2D SPACE',''
  ) );
#1757 = FACE_BOUND('',#1758,.T.);
#1758 = EDGE_LOOP('',(#1759));
#1759 = ORIENTED_EDGE('',*,*,#455,.T.);
#1760 = FACE_BOUND('',#1761,.T.);
#1761 = EDGE_LOOP('',(#1762));
#1762 = ORIENTED_EDGE('',*,*,#1763,.T.);
#1763 = EDGE_CURVE('',#1764,#1764,#1766,.T.);
#1764 = VERTEX_POINT('',#1765);
#1765 = CARTESIAN_POINT('',(18.513455967291,16.263455967291,143.));
#1766 = SURFACE_CURVE('',#1767,(#1772,#1783),.PCURVE_S1.);
#1767 = CIRCLE('',#1768,2.25);
#1768 = AXIS2_PLACEMENT_3D('',#1769,#1770,#1771);
#1769 = CARTESIAN_POINT('',(16.263455967291,16.263455967291,143.));
#1770 = DIRECTION('',(0.,0.,-1.));
#1771 = DIRECTION('',(1.,0.,0.));
#1772 = PCURVE('',#470,#1773);
#1773 = DEFINITIONAL_REPRESENTATION('',(#1774),#1782);
#1774 = ( BOUNDED_CURVE() B_SPLINE_CURVE(2,(#1775,#1776,#1777,#1778,
#1779,#1780,#1781),.UNSPECIFIED.,.T.,.F.) B_SPLINE_CURVE_WITH_KNOTS((1,2
    ,2,2,2,1),(-2.094395102393,0.,2.094395102393,4.188790204786,
6.28318530718,8.377580409573),.UNSPECIFIED.) CURVE() 
GEOMETRIC_REPRESENTATION_ITEM() RATIONAL_B_SPLINE_CURVE((1.,0.5,1.,0.5,
1.,0.5,1.)) REPRESENTATION_ITEM('') );
#1775 = CARTESIAN_POINT('',(18.513455967291,16.263455967291));
#1776 = CARTESIAN_POINT('',(18.513455967291,12.366341650261));
#1777 = CARTESIAN_POINT('',(15.138455967291,14.314898808776));
#1778 = CARTESIAN_POINT('',(11.763455967291,16.263455967291));
#1779 = CARTESIAN_POINT('',(15.138455967291,18.212013125806));
#1780 = CARTESIAN_POINT('',(18.513455967291,20.160570284321));
#1781 = CARTESIAN_POINT('',(18.513455967291,16.263455967291));
#1782 = ( GEOMETRIC_REPRESENTATION_CONTEXT(2) 
PARAMETRIC_REPRESENTATION_CONTEXT() REPRESENTATION_CONTEXT('2D SPACE',''
  ) );
#1783 = PCURVE('',#1784,#1789);
#1784 = CYLINDRICAL_SURFACE('',#1785,2.25);
#1785 = AXIS2_PLACEMENT_3D('',#1786,#1787,#1788);
#1786 = CARTESIAN_POINT('',(16.263455967291,16.263455967291,138.));
#1787 = DIRECTION('',(-0.,-0.,-1.));
#1788 = DIRECTION('',(1.,0.,0.));
#1789 = DEFINITIONAL_REPRESENTATION('',(#1790),#1794);
#1790 = LINE('',#1791,#1792);
#1791 = CARTESIAN_POINT('',(-6.28318530718,-5.));
#1792 = VECTOR('',#1793,1.);
#1793 = DIRECTION('',(1.,-0.));
#1794 = ( GEOMETRIC_REPRESENTATION_CONTEXT(2) 
PARAMETRIC_REPRESENTATION_CONTEXT() REPRESENTATION_CONTEXT('2D SPACE',''
  ) );
#1795 = ADVANCED_FACE('',(#1796),#957,.F.);
#1796 = FACE_BOUND('',#1797,.T.);
#1797 = EDGE_LOOP('',(#1798,#1799,#1822,#1853));
#1798 = ORIENTED_EDGE('',*,*,#673,.F.);
#1799 = ORIENTED_EDGE('',*,*,#1800,.T.);
#1800 = EDGE_CURVE('',#674,#1801,#1803,.T.);
#1801 = VERTEX_POINT('',#1802);
#1802 = CARTESIAN_POINT('',(-6.,-2.25,135.));
#1803 = SEAM_CURVE('',#1804,(#1808,#1815),.PCURVE_S1.);
#1804 = LINE('',#1805,#1806);
#1805 = CARTESIAN_POINT('',(-3.,-2.25,135.));
#1806 = VECTOR('',#1807,1.);
#1807 = DIRECTION('',(-1.,1.224646799147E-16,0.));
#1808 = PCURVE('',#957,#1809);
#1809 = DEFINITIONAL_REPRESENTATION('',(#1810),#1814);
#1810 = LINE('',#1811,#1812);
#1811 = CARTESIAN_POINT('',(-6.28318530718,0.));
#1812 = VECTOR('',#1813,1.);
#1813 = DIRECTION('',(-0.,-1.));
#1814 = ( GEOMETRIC_REPRESENTATION_CONTEXT(2) 
PARAMETRIC_REPRESENTATION_CONTEXT() REPRESENTATION_CONTEXT('2D SPACE',''
  ) );
#1815 = PCURVE('',#957,#1816);
#1816 = DEFINITIONAL_REPRESENTATION('',(#1817),#1821);
#1817 = LINE('',#1818,#1819);
#1818 = CARTESIAN_POINT('',(-0.,0.));
#1819 = VECTOR('',#1820,1.);
#1820 = DIRECTION('',(-0.,-1.));
#1821 = ( GEOMETRIC_REPRESENTATION_CONTEXT(2) 
PARAMETRIC_REPRESENTATION_CONTEXT() REPRESENTATION_CONTEXT('2D SPACE',''
  ) );
#1822 = ORIENTED_EDGE('',*,*,#1823,.F.);
#1823 = EDGE_CURVE('',#1801,#1801,#1824,.T.);
#1824 = SURFACE_CURVE('',#1825,(#1830,#1837),.PCURVE_S1.);
#1825 = CIRCLE('',#1826,2.25);
#1826 = AXIS2_PLACEMENT_3D('',#1827,#1828,#1829);
#1827 = CARTESIAN_POINT('',(-6.,7.347880794884E-16,135.));
#1828 = DIRECTION('',(1.,-1.224646799147E-16,-0.));
#1829 = DIRECTION('',(-1.224646799147E-16,-1.,0.));
#1830 = PCURVE('',#957,#1831);
#1831 = DEFINITIONAL_REPRESENTATION('',(#1832),#1836);
#1832 = LINE('',#1833,#1834);
#1833 = CARTESIAN_POINT('',(-6.28318530718,-3.));
#1834 = VECTOR('',#1835,1.);
#1835 = DIRECTION('',(1.,-0.));
#1836 = ( GEOMETRIC_REPRESENTATION_CONTEXT(2) 
PARAMETRIC_REPRESENTATION_CONTEXT() REPRESENTATION_CONTEXT('2D SPACE',''
  ) );
#1837 = PCURVE('',#1838,#1843);
#1838 = PLANE('',#1839);
#1839 = AXIS2_PLACEMENT_3D('',#1840,#1841,#1842);
#1840 = CARTESIAN_POINT('',(-6.,-9.745120861859E-16,135.));
#1841 = DIRECTION('',(-1.,1.224646799147E-16,0.));
#1842 = DIRECTION('',(0.,0.,1.));
#1843 = DEFINITIONAL_REPRESENTATION('',(#1844),#1852);
#1844 = ( BOUNDED_CURVE() B_SPLINE_CURVE(2,(#1845,#1846,#1847,#1848,
#1849,#1850,#1851),.UNSPECIFIED.,.T.,.F.) B_SPLINE_CURVE_WITH_KNOTS((1,2
    ,2,2,2,1),(-2.094395102393,0.,2.094395102393,4.188790204786,
6.28318530718,8.377580409573),.UNSPECIFIED.) CURVE() 
GEOMETRIC_REPRESENTATION_ITEM() RATIONAL_B_SPLINE_CURVE((1.,0.5,1.,0.5,
1.,0.5,1.)) REPRESENTATION_ITEM('') );
#1845 = CARTESIAN_POINT('',(0.,-2.25));
#1846 = CARTESIAN_POINT('',(-3.89711431703,-2.25));
#1847 = CARTESIAN_POINT('',(-1.948557158515,1.125));
#1848 = CARTESIAN_POINT('',(-5.510910596163E-16,4.5));
#1849 = CARTESIAN_POINT('',(1.948557158515,1.125));
#1850 = CARTESIAN_POINT('',(3.89711431703,-2.25));
#1851 = CARTESIAN_POINT('',(0.,-2.25));
#1852 = ( GEOMETRIC_REPRESENTATION_CONTEXT(2) 
PARAMETRIC_REPRESENTATION_CONTEXT() REPRESENTATION_CONTEXT('2D SPACE',''
  ) );
#1853 = ORIENTED_EDGE('',*,*,#1800,.F.);
#1854 = ADVANCED_FACE('',(#1855),#1169,.F.);
#1855 = FACE_BOUND('',#1856,.T.);
#1856 = EDGE_LOOP('',(#1857,#1881,#1902,#1903,#1904,#1905));
#1857 = ORIENTED_EDGE('',*,*,#1858,.F.);
#1858 = EDGE_CURVE('',#1859,#1859,#1861,.T.);
#1859 = VERTEX_POINT('',#1860);
#1860 = CARTESIAN_POINT('',(6.,2.8,135.));
#1861 = SURFACE_CURVE('',#1862,(#1867,#1874),.PCURVE_S1.);
#1862 = CIRCLE('',#1863,2.8);
#1863 = AXIS2_PLACEMENT_3D('',#1864,#1865,#1866);
#1864 = CARTESIAN_POINT('',(6.,0.,135.));
#1865 = DIRECTION('',(1.,0.,0.));
#1866 = DIRECTION('',(0.,1.,0.));
#1867 = PCURVE('',#1169,#1868);
#1868 = DEFINITIONAL_REPRESENTATION('',(#1869),#1873);
#1869 = LINE('',#1870,#1871);
#1870 = CARTESIAN_POINT('',(-0.,0.));
#1871 = VECTOR('',#1872,1.);
#1872 = DIRECTION('',(-1.,0.));
#1873 = ( GEOMETRIC_REPRESENTATION_CONTEXT(2) 
PARAMETRIC_REPRESENTATION_CONTEXT() REPRESENTATION_CONTEXT('2D SPACE',''
  ) );
#1874 = PCURVE('',#1602,#1875);
#1875 = DEFINITIONAL_REPRESENTATION('',(#1876),#1880);
#1876 = CIRCLE('',#1877,2.8);
#1877 = AXIS2_PLACEMENT_2D('',#1878,#1879);
#1878 = CARTESIAN_POINT('',(0.,1.709300165674E-15));
#1879 = DIRECTION('',(0.,-1.));
#1880 = ( GEOMETRIC_REPRESENTATION_CONTEXT(2) 
PARAMETRIC_REPRESENTATION_CONTEXT() REPRESENTATION_CONTEXT('2D SPACE',''
  ) );
#1881 = ORIENTED_EDGE('',*,*,#1882,.T.);
#1882 = EDGE_CURVE('',#1859,#1132,#1883,.T.);
#1883 = SEAM_CURVE('',#1884,(#1888,#1895),.PCURVE_S1.);
#1884 = LINE('',#1885,#1886);
#1885 = CARTESIAN_POINT('',(6.,2.8,135.));
#1886 = VECTOR('',#1887,1.);
#1887 = DIRECTION('',(1.,0.,0.));
#1888 = PCURVE('',#1169,#1889);
#1889 = DEFINITIONAL_REPRESENTATION('',(#1890),#1894);
#1890 = LINE('',#1891,#1892);
#1891 = CARTESIAN_POINT('',(-6.28318530718,0.));
#1892 = VECTOR('',#1893,1.);
#1893 = DIRECTION('',(-0.,-1.));
#1894 = ( GEOMETRIC_REPRESENTATION_CONTEXT(2) 
PARAMETRIC_REPRESENTATION_CONTEXT() REPRESENTATION_CONTEXT('2D SPACE',''
  ) );
#1895 = PCURVE('',#1169,#1896);
#1896 = DEFINITIONAL_REPRESENTATION('',(#1897),#1901);
#1897 = LINE('',#1898,#1899);
#1898 = CARTESIAN_POINT('',(-0.,0.));
#1899 = VECTOR('',#1900,1.);
#1900 = DIRECTION('',(-0.,-1.));
#1901 = ( GEOMETRIC_REPRESENTATION_CONTEXT(2) 
PARAMETRIC_REPRESENTATION_CONTEXT() REPRESENTATION_CONTEXT('2D SPACE',''
  ) );
#1902 = ORIENTED_EDGE('',*,*,#1192,.T.);
#1903 = ORIENTED_EDGE('',*,*,#1299,.T.);
#1904 = ORIENTED_EDGE('',*,*,#1131,.T.);
#1905 = ORIENTED_EDGE('',*,*,#1882,.F.);
#1906 = ADVANCED_FACE('',(#1907,#1933,#1963,#1993,#2023,#2026),#1286,.F.
  );
#1907 = FACE_BOUND('',#1908,.F.);
#1908 = EDGE_LOOP('',(#1909));
#1909 = ORIENTED_EDGE('',*,*,#1910,.T.);
#1910 = EDGE_CURVE('',#1911,#1911,#1913,.T.);
#1911 = VERTEX_POINT('',#1912);
#1912 = CARTESIAN_POINT('',(30.,0.,139.));
#1913 = SURFACE_CURVE('',#1914,(#1919,#1926),.PCURVE_S1.);
#1914 = CIRCLE('',#1915,30.);
#1915 = AXIS2_PLACEMENT_3D('',#1916,#1917,#1918);
#1916 = CARTESIAN_POINT('',(0.,0.,139.));
#1917 = DIRECTION('',(0.,0.,1.));
#1918 = DIRECTION('',(1.,0.,0.));
#1919 = PCURVE('',#1286,#1920);
#1920 = DEFINITIONAL_REPRESENTATION('',(#1921),#1925);
#1921 = CIRCLE('',#1922,30.);
#1922 = AXIS2_PLACEMENT_2D('',#1923,#1924);
#1923 = CARTESIAN_POINT('',(1.458602808042E-15,-2.339560088947E-16));
#1924 = DIRECTION('',(1.,0.));
#1925 = ( GEOMETRIC_REPRESENTATION_CONTEXT(2) 
PARAMETRIC_REPRESENTATION_CONTEXT() REPRESENTATION_CONTEXT('2D SPACE',''
  ) );
#1926 = PCURVE('',#1641,#1927);
#1927 = DEFINITIONAL_REPRESENTATION('',(#1928),#1932);
#1928 = LINE('',#1929,#1930);
#1929 = CARTESIAN_POINT('',(-0.,0.));
#1930 = VECTOR('',#1931,1.);
#1931 = DIRECTION('',(-1.,0.));
#1932 = ( GEOMETRIC_REPRESENTATION_CONTEXT(2) 
PARAMETRIC_REPRESENTATION_CONTEXT() REPRESENTATION_CONTEXT('2D SPACE',''
  ) );
#1933 = FACE_BOUND('',#1934,.F.);
#1934 = EDGE_LOOP('',(#1935));
#1935 = ORIENTED_EDGE('',*,*,#1936,.T.);
#1936 = EDGE_CURVE('',#1937,#1937,#1939,.T.);
#1937 = VERTEX_POINT('',#1938);
#1938 = CARTESIAN_POINT('',(-14.01345596729,-16.26345596729,139.));
#1939 = SURFACE_CURVE('',#1940,(#1945,#1956),.PCURVE_S1.);
#1940 = CIRCLE('',#1941,2.25);
#1941 = AXIS2_PLACEMENT_3D('',#1942,#1943,#1944);
#1942 = CARTESIAN_POINT('',(-16.26345596729,-16.26345596729,139.));
#1943 = DIRECTION('',(0.,0.,-1.));
#1944 = DIRECTION('',(1.,0.,0.));
#1945 = PCURVE('',#1286,#1946);
#1946 = DEFINITIONAL_REPRESENTATION('',(#1947),#1955);
#1947 = ( BOUNDED_CURVE() B_SPLINE_CURVE(2,(#1948,#1949,#1950,#1951,
#1952,#1953,#1954),.UNSPECIFIED.,.T.,.F.) B_SPLINE_CURVE_WITH_KNOTS((1,2
    ,2,2,2,1),(-2.094395102393,0.,2.094395102393,4.188790204786,
6.28318530718,8.377580409573),.UNSPECIFIED.) CURVE() 
GEOMETRIC_REPRESENTATION_ITEM() RATIONAL_B_SPLINE_CURVE((1.,0.5,1.,0.5,
1.,0.5,1.)) REPRESENTATION_ITEM('') );
#1948 = CARTESIAN_POINT('',(-14.01345596729,-16.26345596729));
#1949 = CARTESIAN_POINT('',(-14.01345596729,-20.16057028432));
#1950 = CARTESIAN_POINT('',(-17.38845596729,-18.2120131258));
#1951 = CARTESIAN_POINT('',(-20.76345596729,-16.26345596729));
#1952 = CARTESIAN_POINT('',(-17.38845596729,-14.31489880877));
#1953 = CARTESIAN_POINT('',(-14.01345596729,-12.36634165026));
#1954 = CARTESIAN_POINT('',(-14.01345596729,-16.26345596729));
#1955 = ( GEOMETRIC_REPRESENTATION_CONTEXT(2) 
PARAMETRIC_REPRESENTATION_CONTEXT() REPRESENTATION_CONTEXT('2D SPACE',''
  ) );
#1956 = PCURVE('',#1676,#1957);
#1957 = DEFINITIONAL_REPRESENTATION('',(#1958),#1962);
#1958 = LINE('',#1959,#1960);
#1959 = CARTESIAN_POINT('',(-6.28318530718,-1.));
#1960 = VECTOR('',#1961,1.);
#1961 = DIRECTION('',(1.,-0.));
#1962 = ( GEOMETRIC_REPRESENTATION_CONTEXT(2) 
PARAMETRIC_REPRESENTATION_CONTEXT() REPRESENTATION_CONTEXT('2D SPACE',''
  ) );
#1963 = FACE_BOUND('',#1964,.F.);
#1964 = EDGE_LOOP('',(#1965));
#1965 = ORIENTED_EDGE('',*,*,#1966,.T.);
#1966 = EDGE_CURVE('',#1967,#1967,#1969,.T.);
#1967 = VERTEX_POINT('',#1968);
#1968 = CARTESIAN_POINT('',(18.513455967291,-16.26345596729,139.));
#1969 = SURFACE_CURVE('',#1970,(#1975,#1986),.PCURVE_S1.);
#1970 = CIRCLE('',#1971,2.25);
#1971 = AXIS2_PLACEMENT_3D('',#1972,#1973,#1974);
#1972 = CARTESIAN_POINT('',(16.263455967291,-16.26345596729,139.));
#1973 = DIRECTION('',(0.,0.,-1.));
#1974 = DIRECTION('',(1.,0.,0.));
#1975 = PCURVE('',#1286,#1976);
#1976 = DEFINITIONAL_REPRESENTATION('',(#1977),#1985);
#1977 = ( BOUNDED_CURVE() B_SPLINE_CURVE(2,(#1978,#1979,#1980,#1981,
#1982,#1983,#1984),.UNSPECIFIED.,.T.,.F.) B_SPLINE_CURVE_WITH_KNOTS((1,2
    ,2,2,2,1),(-2.094395102393,0.,2.094395102393,4.188790204786,
6.28318530718,8.377580409573),.UNSPECIFIED.) CURVE() 
GEOMETRIC_REPRESENTATION_ITEM() RATIONAL_B_SPLINE_CURVE((1.,0.5,1.,0.5,
1.,0.5,1.)) REPRESENTATION_ITEM('') );
#1978 = CARTESIAN_POINT('',(18.513455967291,-16.26345596729));
#1979 = CARTESIAN_POINT('',(18.513455967291,-20.16057028432));
#1980 = CARTESIAN_POINT('',(15.138455967291,-18.2120131258));
#1981 = CARTESIAN_POINT('',(11.763455967291,-16.26345596729));
#1982 = CARTESIAN_POINT('',(15.138455967291,-14.31489880877));
#1983 = CARTESIAN_POINT('',(18.513455967291,-12.36634165026));
#1984 = CARTESIAN_POINT('',(18.513455967291,-16.26345596729));
#1985 = ( GEOMETRIC_REPRESENTATION_CONTEXT(2) 
PARAMETRIC_REPRESENTATION_CONTEXT() REPRESENTATION_CONTEXT('2D SPACE',''
  ) );
#1986 = PCURVE('',#1711,#1987);
#1987 = DEFINITIONAL_REPRESENTATION('',(#1988),#1992);
#1988 = LINE('',#1989,#1990);
#1989 = CARTESIAN_POINT('',(-6.28318530718,-1.));
#1990 = VECTOR('',#1991,1.);
#1991 = DIRECTION('',(1.,-0.));
#1992 = ( GEOMETRIC_REPRESENTATION_CONTEXT(2) 
PARAMETRIC_REPRESENTATION_CONTEXT() REPRESENTATION_CONTEXT('2D SPACE',''
  ) );
#1993 = FACE_BOUND('',#1994,.F.);
#1994 = EDGE_LOOP('',(#1995));
#1995 = ORIENTED_EDGE('',*,*,#1996,.T.);
#1996 = EDGE_CURVE('',#1997,#1997,#1999,.T.);
#1997 = VERTEX_POINT('',#1998);
#1998 = CARTESIAN_POINT('',(-14.01345596729,16.263455967291,139.));
#1999 = SURFACE_CURVE('',#2000,(#2005,#2016),.PCURVE_S1.);
#2000 = CIRCLE('',#2001,2.25);
#2001 = AXIS2_PLACEMENT_3D('',#2002,#2003,#2004);
#2002 = CARTESIAN_POINT('',(-16.26345596729,16.263455967291,139.));
#2003 = DIRECTION('',(0.,0.,-1.));
#2004 = DIRECTION('',(1.,0.,0.));
#2005 = PCURVE('',#1286,#2006);
#2006 = DEFINITIONAL_REPRESENTATION('',(#2007),#2015);
#2007 = ( BOUNDED_CURVE() B_SPLINE_CURVE(2,(#2008,#2009,#2010,#2011,
#2012,#2013,#2014),.UNSPECIFIED.,.T.,.F.) B_SPLINE_CURVE_WITH_KNOTS((1,2
    ,2,2,2,1),(-2.094395102393,0.,2.094395102393,4.188790204786,
6.28318530718,8.377580409573),.UNSPECIFIED.) CURVE() 
GEOMETRIC_REPRESENTATION_ITEM() RATIONAL_B_SPLINE_CURVE((1.,0.5,1.,0.5,
1.,0.5,1.)) REPRESENTATION_ITEM('') );
#2008 = CARTESIAN_POINT('',(-14.01345596729,16.263455967291));
#2009 = CARTESIAN_POINT('',(-14.01345596729,12.366341650261));
#2010 = CARTESIAN_POINT('',(-17.38845596729,14.314898808776));
#2011 = CARTESIAN_POINT('',(-20.76345596729,16.263455967291));
#2012 = CARTESIAN_POINT('',(-17.38845596729,18.212013125806));
#2013 = CARTESIAN_POINT('',(-14.01345596729,20.160570284321));
#2014 = CARTESIAN_POINT('',(-14.01345596729,16.263455967291));
#2015 = ( GEOMETRIC_REPRESENTATION_CONTEXT(2) 
PARAMETRIC_REPRESENTATION_CONTEXT() REPRESENTATION_CONTEXT('2D SPACE',''
  ) );
#2016 = PCURVE('',#1746,#2017);
#2017 = DEFINITIONAL_REPRESENTATION('',(#2018),#2022);
#2018 = LINE('',#2019,#2020);
#2019 = CARTESIAN_POINT('',(-6.28318530718,-1.));
#2020 = VECTOR('',#2021,1.);
#2021 = DIRECTION('',(1.,-0.));
#2022 = ( GEOMETRIC_REPRESENTATION_CONTEXT(2) 
PARAMETRIC_REPRESENTATION_CONTEXT() REPRESENTATION_CONTEXT('2D SPACE',''
  ) );
#2023 = FACE_BOUND('',#2024,.F.);
#2024 = EDGE_LOOP('',(#2025));
#2025 = ORIENTED_EDGE('',*,*,#1271,.F.);
#2026 = FACE_BOUND('',#2027,.F.);
#2027 = EDGE_LOOP('',(#2028));
#2028 = ORIENTED_EDGE('',*,*,#2029,.T.);
#2029 = EDGE_CURVE('',#2030,#2030,#2032,.T.);
#2030 = VERTEX_POINT('',#2031);
#2031 = CARTESIAN_POINT('',(18.513455967291,16.263455967291,139.));
#2032 = SURFACE_CURVE('',#2033,(#2038,#2049),.PCURVE_S1.);
#2033 = CIRCLE('',#2034,2.25);
#2034 = AXIS2_PLACEMENT_3D('',#2035,#2036,#2037);
#2035 = CARTESIAN_POINT('',(16.263455967291,16.263455967291,139.));
#2036 = DIRECTION('',(0.,0.,-1.));
#2037 = DIRECTION('',(1.,0.,0.));
#2038 = PCURVE('',#1286,#2039);
#2039 = DEFINITIONAL_REPRESENTATION('',(#2040),#2048);
#2040 = ( BOUNDED_CURVE() B_SPLINE_CURVE(2,(#2041,#2042,#2043,#2044,
#2045,#2046,#2047),.UNSPECIFIED.,.T.,.F.) B_SPLINE_CURVE_WITH_KNOTS((1,2
    ,2,2,2,1),(-2.094395102393,0.,2.094395102393,4.188790204786,
6.28318530718,8.377580409573),.UNSPECIFIED.) CURVE() 
GEOMETRIC_REPRESENTATION_ITEM() RATIONAL_B_SPLINE_CURVE((1.,0.5,1.,0.5,
1.,0.5,1.)) REPRESENTATION_ITEM('') );
#2041 = CARTESIAN_POINT('',(18.513455967291,16.263455967291));
#2042 = CARTESIAN_POINT('',(18.513455967291,12.366341650261));
#2043 = CARTESIAN_POINT('',(15.138455967291,14.314898808776));
#2044 = CARTESIAN_POINT('',(11.763455967291,16.263455967291));
#2045 = CARTESIAN_POINT('',(15.138455967291,18.212013125806));
#2046 = CARTESIAN_POINT('',(18.513455967291,20.160570284321));
#2047 = CARTESIAN_POINT('',(18.513455967291,16.263455967291));
#2048 = ( GEOMETRIC_REPRESENTATION_CONTEXT(2) 
PARAMETRIC_REPRESENTATION_CONTEXT() REPRESENTATION_CONTEXT('2D SPACE',''
  ) );
#2049 = PCURVE('',#1784,#2050);
#2050 = DEFINITIONAL_REPRESENTATION('',(#2051),#2055);
#2051 = LINE('',#2052,#2053);
#2052 = CARTESIAN_POINT('',(-6.28318530718,-1.));
#2053 = VECTOR('',#2054,1.);
#2054 = DIRECTION('',(1.,-0.));
#2055 = ( GEOMETRIC_REPRESENTATION_CONTEXT(2) 
PARAMETRIC_REPRESENTATION_CONTEXT() REPRESENTATION_CONTEXT('2D SPACE',''
  ) );
#2056 = ADVANCED_FACE('',(#2057),#1501,.F.);
#2057 = FACE_BOUND('',#2058,.T.);
#2058 = EDGE_LOOP('',(#2059,#2083,#2104,#2105));
#2059 = ORIENTED_EDGE('',*,*,#2060,.F.);
#2060 = EDGE_CURVE('',#2061,#2061,#2063,.T.);
#2061 = VERTEX_POINT('',#2062);
#2062 = CARTESIAN_POINT('',(-6.,-2.8,135.));
#2063 = SURFACE_CURVE('',#2064,(#2069,#2076),.PCURVE_S1.);
#2064 = CIRCLE('',#2065,2.8);
#2065 = AXIS2_PLACEMENT_3D('',#2066,#2067,#2068);
#2066 = CARTESIAN_POINT('',(-6.,7.347880794884E-16,135.));
#2067 = DIRECTION('',(-1.,1.224646799147E-16,0.));
#2068 = DIRECTION('',(-1.224646799147E-16,-1.,0.));
#2069 = PCURVE('',#1501,#2070);
#2070 = DEFINITIONAL_REPRESENTATION('',(#2071),#2075);
#2071 = LINE('',#2072,#2073);
#2072 = CARTESIAN_POINT('',(-0.,0.));
#2073 = VECTOR('',#2074,1.);
#2074 = DIRECTION('',(-1.,0.));
#2075 = ( GEOMETRIC_REPRESENTATION_CONTEXT(2) 
PARAMETRIC_REPRESENTATION_CONTEXT() REPRESENTATION_CONTEXT('2D SPACE',''
  ) );
#2076 = PCURVE('',#1838,#2077);
#2077 = DEFINITIONAL_REPRESENTATION('',(#2078),#2082);
#2078 = CIRCLE('',#2079,2.8);
#2079 = AXIS2_PLACEMENT_2D('',#2080,#2081);
#2080 = CARTESIAN_POINT('',(0.,1.709300165674E-15));
#2081 = DIRECTION('',(0.,-1.));
#2082 = ( GEOMETRIC_REPRESENTATION_CONTEXT(2) 
PARAMETRIC_REPRESENTATION_CONTEXT() REPRESENTATION_CONTEXT('2D SPACE',''
  ) );
#2083 = ORIENTED_EDGE('',*,*,#2084,.T.);
#2084 = EDGE_CURVE('',#2061,#1392,#2085,.T.);
#2085 = SEAM_CURVE('',#2086,(#2090,#2097),.PCURVE_S1.);
#2086 = LINE('',#2087,#2088);
#2087 = CARTESIAN_POINT('',(-6.,-2.8,135.));
#2088 = VECTOR('',#2089,1.);
#2089 = DIRECTION('',(-1.,1.224646799147E-16,0.));
#2090 = PCURVE('',#1501,#2091);
#2091 = DEFINITIONAL_REPRESENTATION('',(#2092),#2096);
#2092 = LINE('',#2093,#2094);
#2093 = CARTESIAN_POINT('',(-6.28318530718,0.));
#2094 = VECTOR('',#2095,1.);
#2095 = DIRECTION('',(-0.,-1.));
#2096 = ( GEOMETRIC_REPRESENTATION_CONTEXT(2) 
PARAMETRIC_REPRESENTATION_CONTEXT() REPRESENTATION_CONTEXT('2D SPACE',''
  ) );
#2097 = PCURVE('',#1501,#2098);
#2098 = DEFINITIONAL_REPRESENTATION('',(#2099),#2103);
#2099 = LINE('',#2100,#2101);
#2100 = CARTESIAN_POINT('',(-0.,0.));
#2101 = VECTOR('',#2102,1.);
#2102 = DIRECTION('',(-0.,-1.));
#2103 = ( GEOMETRIC_REPRESENTATION_CONTEXT(2) 
PARAMETRIC_REPRESENTATION_CONTEXT() REPRESENTATION_CONTEXT('2D SPACE',''
  ) );
#2104 = ORIENTED_EDGE('',*,*,#1391,.T.);
#2105 = ORIENTED_EDGE('',*,*,#2084,.F.);
#2106 = ADVANCED_FACE('',(#2107,#2110),#1602,.T.);
#2107 = FACE_BOUND('',#2108,.T.);
#2108 = EDGE_LOOP('',(#2109));
#2109 = ORIENTED_EDGE('',*,*,#1858,.T.);
#2110 = FACE_BOUND('',#2111,.T.);
#2111 = EDGE_LOOP('',(#2112));
#2112 = ORIENTED_EDGE('',*,*,#1587,.T.);
#2113 = ADVANCED_FACE('',(#2114),#1641,.T.);
#2114 = FACE_BOUND('',#2115,.F.);
#2115 = EDGE_LOOP('',(#2116,#2137,#2138,#2139));
#2116 = ORIENTED_EDGE('',*,*,#2117,.T.);
#2117 = EDGE_CURVE('',#1911,#1625,#2118,.T.);
#2118 = SEAM_CURVE('',#2119,(#2123,#2130),.PCURVE_S1.);
#2119 = LINE('',#2120,#2121);
#2120 = CARTESIAN_POINT('',(30.,0.,139.));
#2121 = VECTOR('',#2122,1.);
#2122 = DIRECTION('',(0.,0.,1.));
#2123 = PCURVE('',#1641,#2124);
#2124 = DEFINITIONAL_REPRESENTATION('',(#2125),#2129);
#2125 = LINE('',#2126,#2127);
#2126 = CARTESIAN_POINT('',(-0.,0.));
#2127 = VECTOR('',#2128,1.);
#2128 = DIRECTION('',(-0.,-1.));
#2129 = ( GEOMETRIC_REPRESENTATION_CONTEXT(2) 
PARAMETRIC_REPRESENTATION_CONTEXT() REPRESENTATION_CONTEXT('2D SPACE',''
  ) );
#2130 = PCURVE('',#1641,#2131);
#2131 = DEFINITIONAL_REPRESENTATION('',(#2132),#2136);
#2132 = LINE('',#2133,#2134);
#2133 = CARTESIAN_POINT('',(-6.28318530718,0.));
#2134 = VECTOR('',#2135,1.);
#2135 = DIRECTION('',(-0.,-1.));
#2136 = ( GEOMETRIC_REPRESENTATION_CONTEXT(2) 
PARAMETRIC_REPRESENTATION_CONTEXT() REPRESENTATION_CONTEXT('2D SPACE',''
  ) );
#2137 = ORIENTED_EDGE('',*,*,#1624,.T.);
#2138 = ORIENTED_EDGE('',*,*,#2117,.F.);
#2139 = ORIENTED_EDGE('',*,*,#1910,.F.);
#2140 = ADVANCED_FACE('',(#2141),#1676,.F.);
#2141 = FACE_BOUND('',#2142,.T.);
#2142 = EDGE_LOOP('',(#2143,#2144,#2165,#2166));
#2143 = ORIENTED_EDGE('',*,*,#1936,.T.);
#2144 = ORIENTED_EDGE('',*,*,#2145,.T.);
#2145 = EDGE_CURVE('',#1937,#1656,#2146,.T.);
#2146 = SEAM_CURVE('',#2147,(#2151,#2158),.PCURVE_S1.);
#2147 = LINE('',#2148,#2149);
#2148 = CARTESIAN_POINT('',(-14.01345596729,-16.26345596729,138.));
#2149 = VECTOR('',#2150,1.);
#2150 = DIRECTION('',(0.,0.,1.));
#2151 = PCURVE('',#1676,#2152);
#2152 = DEFINITIONAL_REPRESENTATION('',(#2153),#2157);
#2153 = LINE('',#2154,#2155);
#2154 = CARTESIAN_POINT('',(-6.28318530718,0.));
#2155 = VECTOR('',#2156,1.);
#2156 = DIRECTION('',(-0.,-1.));
#2157 = ( GEOMETRIC_REPRESENTATION_CONTEXT(2) 
PARAMETRIC_REPRESENTATION_CONTEXT() REPRESENTATION_CONTEXT('2D SPACE',''
  ) );
#2158 = PCURVE('',#1676,#2159);
#2159 = DEFINITIONAL_REPRESENTATION('',(#2160),#2164);
#2160 = LINE('',#2161,#2162);
#2161 = CARTESIAN_POINT('',(-0.,0.));
#2162 = VECTOR('',#2163,1.);
#2163 = DIRECTION('',(-0.,-1.));
#2164 = ( GEOMETRIC_REPRESENTATION_CONTEXT(2) 
PARAMETRIC_REPRESENTATION_CONTEXT() REPRESENTATION_CONTEXT('2D SPACE',''
  ) );
#2165 = ORIENTED_EDGE('',*,*,#1655,.F.);
#2166 = ORIENTED_EDGE('',*,*,#2145,.F.);
#2167 = ADVANCED_FACE('',(#2168),#1711,.F.);
#2168 = FACE_BOUND('',#2169,.T.);
#2169 = EDGE_LOOP('',(#2170,#2171,#2192,#2193));
#2170 = ORIENTED_EDGE('',*,*,#1966,.T.);
#2171 = ORIENTED_EDGE('',*,*,#2172,.T.);
#2172 = EDGE_CURVE('',#1967,#1691,#2173,.T.);
#2173 = SEAM_CURVE('',#2174,(#2178,#2185),.PCURVE_S1.);
#2174 = LINE('',#2175,#2176);
#2175 = CARTESIAN_POINT('',(18.513455967291,-16.26345596729,138.));
#2176 = VECTOR('',#2177,1.);
#2177 = DIRECTION('',(0.,0.,1.));
#2178 = PCURVE('',#1711,#2179);
#2179 = DEFINITIONAL_REPRESENTATION('',(#2180),#2184);
#2180 = LINE('',#2181,#2182);
#2181 = CARTESIAN_POINT('',(-6.28318530718,0.));
#2182 = VECTOR('',#2183,1.);
#2183 = DIRECTION('',(-0.,-1.));
#2184 = ( GEOMETRIC_REPRESENTATION_CONTEXT(2) 
PARAMETRIC_REPRESENTATION_CONTEXT() REPRESENTATION_CONTEXT('2D SPACE',''
  ) );
#2185 = PCURVE('',#1711,#2186);
#2186 = DEFINITIONAL_REPRESENTATION('',(#2187),#2191);
#2187 = LINE('',#2188,#2189);
#2188 = CARTESIAN_POINT('',(-0.,0.));
#2189 = VECTOR('',#2190,1.);
#2190 = DIRECTION('',(-0.,-1.));
#2191 = ( GEOMETRIC_REPRESENTATION_CONTEXT(2) 
PARAMETRIC_REPRESENTATION_CONTEXT() REPRESENTATION_CONTEXT('2D SPACE',''
  ) );
#2192 = ORIENTED_EDGE('',*,*,#1690,.F.);
#2193 = ORIENTED_EDGE('',*,*,#2172,.F.);
#2194 = ADVANCED_FACE('',(#2195),#1746,.F.);
#2195 = FACE_BOUND('',#2196,.T.);
#2196 = EDGE_LOOP('',(#2197,#2198,#2219,#2220));
#2197 = ORIENTED_EDGE('',*,*,#1996,.T.);
#2198 = ORIENTED_EDGE('',*,*,#2199,.T.);
#2199 = EDGE_CURVE('',#1997,#1726,#2200,.T.);
#2200 = SEAM_CURVE('',#2201,(#2205,#2212),.PCURVE_S1.);
#2201 = LINE('',#2202,#2203);
#2202 = CARTESIAN_POINT('',(-14.01345596729,16.263455967291,138.));
#2203 = VECTOR('',#2204,1.);
#2204 = DIRECTION('',(0.,0.,1.));
#2205 = PCURVE('',#1746,#2206);
#2206 = DEFINITIONAL_REPRESENTATION('',(#2207),#2211);
#2207 = LINE('',#2208,#2209);
#2208 = CARTESIAN_POINT('',(-6.28318530718,0.));
#2209 = VECTOR('',#2210,1.);
#2210 = DIRECTION('',(-0.,-1.));
#2211 = ( GEOMETRIC_REPRESENTATION_CONTEXT(2) 
PARAMETRIC_REPRESENTATION_CONTEXT() REPRESENTATION_CONTEXT('2D SPACE',''
  ) );
#2212 = PCURVE('',#1746,#2213);
#2213 = DEFINITIONAL_REPRESENTATION('',(#2214),#2218);
#2214 = LINE('',#2215,#2216);
#2215 = CARTESIAN_POINT('',(-0.,0.));
#2216 = VECTOR('',#2217,1.);
#2217 = DIRECTION('',(-0.,-1.));
#2218 = ( GEOMETRIC_REPRESENTATION_CONTEXT(2) 
PARAMETRIC_REPRESENTATION_CONTEXT() REPRESENTATION_CONTEXT('2D SPACE',''
  ) );
#2219 = ORIENTED_EDGE('',*,*,#1725,.F.);
#2220 = ORIENTED_EDGE('',*,*,#2199,.F.);
#2221 = ADVANCED_FACE('',(#2222),#1784,.F.);
#2222 = FACE_BOUND('',#2223,.T.);
#2223 = EDGE_LOOP('',(#2224,#2225,#2246,#2247));
#2224 = ORIENTED_EDGE('',*,*,#2029,.T.);
#2225 = ORIENTED_EDGE('',*,*,#2226,.T.);
#2226 = EDGE_CURVE('',#2030,#1764,#2227,.T.);
#2227 = SEAM_CURVE('',#2228,(#2232,#2239),.PCURVE_S1.);
#2228 = LINE('',#2229,#2230);
#2229 = CARTESIAN_POINT('',(18.513455967291,16.263455967291,138.));
#2230 = VECTOR('',#2231,1.);
#2231 = DIRECTION('',(0.,0.,1.));
#2232 = PCURVE('',#1784,#2233);
#2233 = DEFINITIONAL_REPRESENTATION('',(#2234),#2238);
#2234 = LINE('',#2235,#2236);
#2235 = CARTESIAN_POINT('',(-6.28318530718,0.));
#2236 = VECTOR('',#2237,1.);
#2237 = DIRECTION('',(-0.,-1.));
#2238 = ( GEOMETRIC_REPRESENTATION_CONTEXT(2) 
PARAMETRIC_REPRESENTATION_CONTEXT() REPRESENTATION_CONTEXT('2D SPACE',''
  ) );
#2239 = PCURVE('',#1784,#2240);
#2240 = DEFINITIONAL_REPRESENTATION('',(#2241),#2245);
#2241 = LINE('',#2242,#2243);
#2242 = CARTESIAN_POINT('',(-0.,0.));
#2243 = VECTOR('',#2244,1.);
#2244 = DIRECTION('',(-0.,-1.));
#2245 = ( GEOMETRIC_REPRESENTATION_CONTEXT(2) 
PARAMETRIC_REPRESENTATION_CONTEXT() REPRESENTATION_CONTEXT('2D SPACE',''
  ) );
#2246 = ORIENTED_EDGE('',*,*,#1763,.F.);
#2247 = ORIENTED_EDGE('',*,*,#2226,.F.);
#2248 = ADVANCED_FACE('',(#2249,#2252),#1838,.T.);
#2249 = FACE_BOUND('',#2250,.T.);
#2250 = EDGE_LOOP('',(#2251));
#2251 = ORIENTED_EDGE('',*,*,#2060,.T.);
#2252 = FACE_BOUND('',#2253,.T.);
#2253 = EDGE_LOOP('',(#2254));
#2254 = ORIENTED_EDGE('',*,*,#1823,.T.);
#2255 = ( GEOMETRIC_REPRESENTATION_CONTEXT(3) 
GLOBAL_UNCERTAINTY_ASSIGNED_CONTEXT((#2259)) 
GLOBAL_UNIT_ASSIGNED_CONTEXT((#2256,#2257,#2258)) REPRESENTATION_CONTEXT
('Context #1','3D Context with UNIT and UNCERTAINTY') );
#2256 = ( LENGTH_UNIT() NAMED_UNIT(*) SI_UNIT(.MILLI.,.METRE.) );
#2257 = ( NAMED_UNIT(*) PLANE_ANGLE_UNIT() SI_UNIT($,.RADIAN.) );
#2258 = ( NAMED_UNIT(*) SI_UNIT($,.STERADIAN.) SOLID_ANGLE_UNIT() );
#2259 = UNCERTAINTY_MEASURE_WITH_UNIT(LENGTH_MEASURE(1.E-07),#2256,
  'distance_accuracy_value','confusion accuracy');
#2260 = PRODUCT_RELATED_PRODUCT_CATEGORY('part',$,(#7));
ENDSEC;
END-ISO-10303-21;
