ISO-10303-21;
HEADER;
FILE_DESCRIPTION(('Open CASCADE Model'),'2;1');
FILE_NAME('Open CASCADE Shape Model','2026-09-25T17:39:30',('Author'),(
    'Open CASCADE'),'Open CASCADE STEP processor 7.8','Open CASCADE 7.8'
  ,'Unknown');
FILE_SCHEMA(('AUTOMOTIVE_DESIGN { 1 0 10303 214 1 1 1 1 }'));
ENDSEC;
DATA;
#1 = APPLICATION_PROTOCOL_DEFINITION('international standard',
  'automotive_design',2000,#2);
#2 = APPLICATION_CONTEXT(
  'core data for automotive mechanical design processes');
#3 = SHAPE_DEFINITION_REPRESENTATION(#4,#10);
#4 = PRODUCT_DEFINITION_SHAPE('','',#5);
#5 = PRODUCT_DEFINITION('design','',#6,#9);
#6 = PRODUCT_DEFINITION_FORMATION('','',#7);
#7 = PRODUCT('bc77e420-b942-11f1-9712-1fffd1a69782',
  'bc77e420-b942-11f1-9712-1fffd1a69782','',(#8));
#8 = PRODUCT_CONTEXT('',#2,'mechanical');
#9 = PRODUCT_DEFINITION_CONTEXT('part definition',#2,'design');
#10 = SHAPE_REPRESENTATION('',(#11,#15,#19,#23,#27,#31,#35,#39,#43,#47,
    #51,#55,#59,#63,#67),#71);
#11 = AXIS2_PLACEMENT_3D('',#12,#13,#14);
#12 = CARTESIAN_POINT('',(0.,0.,0.));
#13 = DIRECTION('',(0.,0.,1.));
#14 = DIRECTION('',(1.,0.,-0.));
#15 = AXIS2_PLACEMENT_3D('',#16,#17,#18);
#16 = CARTESIAN_POINT('',(0.,0.,0.));
#17 = DIRECTION('',(0.,0.,1.));
#18 = DIRECTION('',(1.,0.,-0.));
#19 = AXIS2_PLACEMENT_3D('',#20,#21,#22);
#20 = CARTESIAN_POINT('',(0.,0.,0.));
#21 = DIRECTION('',(0.,0.,1.));
#22 = DIRECTION('',(1.,0.,-0.));
#23 = AXIS2_PLACEMENT_3D('',#24,#25,#26);
#24 = CARTESIAN_POINT('',(0.,0.,0.));
#25 = DIRECTION('',(0.,0.,1.));
#26 = DIRECTION('',(1.,0.,-0.));
#27 = AXIS2_PLACEMENT_3D('',#28,#29,#30);
#28 = CARTESIAN_POINT('',(0.,0.,0.));
#29 = DIRECTION('',(0.,0.,1.));
#30 = DIRECTION('',(1.,0.,-0.));
#31 = AXIS2_PLACEMENT_3D('',#32,#33,#34);
#32 = CARTESIAN_POINT('',(0.,0.,0.));
#33 = DIRECTION('',(0.,0.,1.));
#34 = DIRECTION('',(1.,0.,-0.));
#35 = AXIS2_PLACEMENT_3D('',#36,#37,#38);
#36 = CARTESIAN_POINT('',(0.,0.,0.));
#37 = DIRECTION('',(0.,0.,1.));
#38 = DIRECTION('',(1.,0.,-0.));
#39 = AXIS2_PLACEMENT_3D('',#40,#41,#42);
#40 = CARTESIAN_POINT('',(0.,0.,0.));
#41 = DIRECTION('',(0.,0.,1.));
#42 = DIRECTION('',(1.,0.,-0.));
#43 = AXIS2_PLACEMENT_3D('',#44,#45,#46);
#44 = CARTESIAN_POINT('',(0.,0.,0.));
#45 = DIRECTION('',(0.,0.,1.));
#46 = DIRECTION('',(1.,0.,-0.));
#47 = AXIS2_PLACEMENT_3D('',#48,#49,#50);
#48 = CARTESIAN_POINT('',(0.,0.,0.));
#49 = DIRECTION('',(0.,0.,1.));
#50 = DIRECTION('',(1.,0.,-0.));
#51 = AXIS2_PLACEMENT_3D('',#52,#53,#54);
#52 = CARTESIAN_POINT('',(0.,0.,0.));
#53 = DIRECTION('',(0.,0.,1.));
#54 = DIRECTION('',(1.,0.,-0.));
#55 = AXIS2_PLACEMENT_3D('',#56,#57,#58);
#56 = CARTESIAN_POINT('',(0.,0.,0.));
#57 = DIRECTION('',(0.,0.,1.));
#58 = DIRECTION('',(1.,0.,-0.));
#59 = AXIS2_PLACEMENT_3D('',#60,#61,#62);
#60 = CARTESIAN_POINT('',(0.,0.,0.));
#61 = DIRECTION('',(0.,0.,1.));
#62 = DIRECTION('',(1.,0.,-0.));
#63 = AXIS2_PLACEMENT_3D('',#64,#65,#66);
#64 = CARTESIAN_POINT('',(0.,0.,0.));
#65 = DIRECTION('',(0.,0.,1.));
#66 = DIRECTION('',(1.,0.,-0.));
#67 = AXIS2_PLACEMENT_3D('',#68,#69,#70);
#68 = CARTESIAN_POINT('',(0.,0.,0.));
#69 = DIRECTION('',(0.,0.,1.));
#70 = DIRECTION('',(1.,0.,-0.));
#71 = ( GEOMETRIC_REPRESENTATION_CONTEXT(3) 
GLOBAL_UNCERTAINTY_ASSIGNED_CONTEXT((#75)) GLOBAL_UNIT_ASSIGNED_CONTEXT(
(#72,#73,#74)) REPRESENTATION_CONTEXT('Context #1',
  '3D Context with UNIT and UNCERTAINTY') );
#72 = ( LENGTH_UNIT() NAMED_UNIT(*) SI_UNIT(.MILLI.,.METRE.) );
#73 = ( NAMED_UNIT(*) PLANE_ANGLE_UNIT() SI_UNIT($,.RADIAN.) );
#74 = ( NAMED_UNIT(*) SI_UNIT($,.STERADIAN.) SOLID_ANGLE_UNIT() );
#75 = UNCERTAINTY_MEASURE_WITH_UNIT(LENGTH_MEASURE(1.E-07),#72,
  'distance_accuracy_value','confusion accuracy');
#76 = PRODUCT_RELATED_PRODUCT_CATEGORY('part',$,(#7));
#77 = SHAPE_DEFINITION_REPRESENTATION(#78,#84);
#78 = PRODUCT_DEFINITION_SHAPE('','',#79);
#79 = PRODUCT_DEFINITION('design','',#80,#83);
#80 = PRODUCT_DEFINITION_FORMATION('','',#81);
#81 = PRODUCT('P01_base','P01_base','',(#82));
#82 = PRODUCT_CONTEXT('',#2,'mechanical');
#83 = PRODUCT_DEFINITION_CONTEXT('part definition',#2,'design');
#84 = ADVANCED_BREP_SHAPE_REPRESENTATION('',(#11,#85),#1887);
#85 = MANIFOLD_SOLID_BREP('',#86);
#86 = CLOSED_SHELL('',(#87,#175,#531,#951,#978,#1005,#1032,#1079,#1106,
    #1133,#1140,#1187,#1214,#1241,#1248,#1275,#1330,#1385,#1440,#1495,
    #1534,#1573,#1612,#1651,#1706,#1761,#1816,#1871,#1875,#1879,#1883));
#87 = ADVANCED_FACE('',(#88),#102,.T.);
#88 = FACE_BOUND('',#89,.F.);
#89 = EDGE_LOOP('',(#90,#120,#147,#148));
#90 = ORIENTED_EDGE('',*,*,#91,.T.);
#91 = EDGE_CURVE('',#92,#94,#96,.T.);
#92 = VERTEX_POINT('',#93);
#93 = CARTESIAN_POINT('',(42.,0.,0.));
#94 = VERTEX_POINT('',#95);
#95 = CARTESIAN_POINT('',(42.,0.,4.));
#96 = SEAM_CURVE('',#97,(#101,#113),.PCURVE_S1.);
#97 = LINE('',#98,#99);
#98 = CARTESIAN_POINT('',(42.,0.,0.));
#99 = VECTOR('',#100,1.);
#100 = DIRECTION('',(0.,0.,1.));
#101 = PCURVE('',#102,#107);
#102 = CYLINDRICAL_SURFACE('',#103,42.);
#103 = AXIS2_PLACEMENT_3D('',#104,#105,#106);
#104 = CARTESIAN_POINT('',(0.,0.,0.));
#105 = DIRECTION('',(-0.,-0.,-1.));
#106 = DIRECTION('',(1.,0.,0.));
#107 = DEFINITIONAL_REPRESENTATION('',(#108),#112);
#108 = LINE('',#109,#110);
#109 = CARTESIAN_POINT('',(-0.,0.));
#110 = VECTOR('',#111,1.);
#111 = DIRECTION('',(-0.,-1.));
#112 = ( GEOMETRIC_REPRESENTATION_CONTEXT(2) 
PARAMETRIC_REPRESENTATION_CONTEXT() REPRESENTATION_CONTEXT('2D SPACE',''
  ) );
#113 = PCURVE('',#102,#114);
#114 = DEFINITIONAL_REPRESENTATION('',(#115),#119);
#115 = LINE('',#116,#117);
#116 = CARTESIAN_POINT('',(-6.28318530718,0.));
#117 = VECTOR('',#118,1.);
#118 = DIRECTION('',(-0.,-1.));
#119 = ( GEOMETRIC_REPRESENTATION_CONTEXT(2) 
PARAMETRIC_REPRESENTATION_CONTEXT() REPRESENTATION_CONTEXT('2D SPACE',''
  ) );
#120 = ORIENTED_EDGE('',*,*,#121,.T.);
#121 = EDGE_CURVE('',#94,#94,#122,.T.);
#122 = SURFACE_CURVE('',#123,(#128,#135),.PCURVE_S1.);
#123 = CIRCLE('',#124,42.);
#124 = AXIS2_PLACEMENT_3D('',#125,#126,#127);
#125 = CARTESIAN_POINT('',(0.,0.,4.));
#126 = DIRECTION('',(0.,0.,1.));
#127 = DIRECTION('',(1.,0.,0.));
#128 = PCURVE('',#102,#129);
#129 = DEFINITIONAL_REPRESENTATION('',(#130),#134);
#130 = LINE('',#131,#132);
#131 = CARTESIAN_POINT('',(-0.,-4.));
#132 = VECTOR('',#133,1.);
#133 = DIRECTION('',(-1.,0.));
#134 = ( GEOMETRIC_REPRESENTATION_CONTEXT(2) 
PARAMETRIC_REPRESENTATION_CONTEXT() REPRESENTATION_CONTEXT('2D SPACE',''
  ) );
#135 = PCURVE('',#136,#141);
#136 = PLANE('',#137);
#137 = AXIS2_PLACEMENT_3D('',#138,#139,#140);
#138 = CARTESIAN_POINT('',(-2.083718297203E-15,3.692127783966E-16,4.));
#139 = DIRECTION('',(0.,0.,1.));
#140 = DIRECTION('',(1.,0.,-0.));
#141 = DEFINITIONAL_REPRESENTATION('',(#142),#146);
#142 = CIRCLE('',#143,42.);
#143 = AXIS2_PLACEMENT_2D('',#144,#145);
#144 = CARTESIAN_POINT('',(2.083718297203E-15,-3.692127783966E-16));
#145 = DIRECTION('',(1.,0.));
#146 = ( GEOMETRIC_REPRESENTATION_CONTEXT(2) 
PARAMETRIC_REPRESENTATION_CONTEXT() REPRESENTATION_CONTEXT('2D SPACE',''
  ) );
#147 = ORIENTED_EDGE('',*,*,#91,.F.);
#148 = ORIENTED_EDGE('',*,*,#149,.F.);
#149 = EDGE_CURVE('',#92,#92,#150,.T.);
#150 = SURFACE_CURVE('',#151,(#156,#163),.PCURVE_S1.);
#151 = CIRCLE('',#152,42.);
#152 = AXIS2_PLACEMENT_3D('',#153,#154,#155);
#153 = CARTESIAN_POINT('',(0.,0.,0.));
#154 = DIRECTION('',(0.,0.,1.));
#155 = DIRECTION('',(1.,0.,0.));
#156 = PCURVE('',#102,#157);
#157 = DEFINITIONAL_REPRESENTATION('',(#158),#162);
#158 = LINE('',#159,#160);
#159 = CARTESIAN_POINT('',(-0.,0.));
#160 = VECTOR('',#161,1.);
#161 = DIRECTION('',(-1.,0.));
#162 = ( GEOMETRIC_REPRESENTATION_CONTEXT(2) 
PARAMETRIC_REPRESENTATION_CONTEXT() REPRESENTATION_CONTEXT('2D SPACE',''
  ) );
#163 = PCURVE('',#164,#169);
#164 = PLANE('',#165);
#165 = AXIS2_PLACEMENT_3D('',#166,#167,#168);
#166 = CARTESIAN_POINT('',(-2.083718297203E-15,3.692127783966E-16,0.));
#167 = DIRECTION('',(0.,0.,1.));
#168 = DIRECTION('',(1.,0.,-0.));
#169 = DEFINITIONAL_REPRESENTATION('',(#170),#174);
#170 = CIRCLE('',#171,42.);
#171 = AXIS2_PLACEMENT_2D('',#172,#173);
#172 = CARTESIAN_POINT('',(2.083718297203E-15,-3.692127783966E-16));
#173 = DIRECTION('',(1.,0.));
#174 = ( GEOMETRIC_REPRESENTATION_CONTEXT(2) 
PARAMETRIC_REPRESENTATION_CONTEXT() REPRESENTATION_CONTEXT('2D SPACE',''
  ) );
#175 = ADVANCED_FACE('',(#176,#179,#214,#249,#284,#390,#496),#164,.F.);
#176 = FACE_BOUND('',#177,.F.);
#177 = EDGE_LOOP('',(#178));
#178 = ORIENTED_EDGE('',*,*,#149,.T.);
#179 = FACE_BOUND('',#180,.F.);
#180 = EDGE_LOOP('',(#181));
#181 = ORIENTED_EDGE('',*,*,#182,.T.);
#182 = EDGE_CURVE('',#183,#183,#185,.T.);
#183 = VERTEX_POINT('',#184);
#184 = CARTESIAN_POINT('',(-23.20584412271,-25.45584412271,0.));
#185 = SURFACE_CURVE('',#186,(#191,#202),.PCURVE_S1.);
#186 = CIRCLE('',#187,2.25);
#187 = AXIS2_PLACEMENT_3D('',#188,#189,#190);
#188 = CARTESIAN_POINT('',(-25.45584412271,-25.45584412271,0.));
#189 = DIRECTION('',(0.,0.,-1.));
#190 = DIRECTION('',(1.,0.,0.));
#191 = PCURVE('',#164,#192);
#192 = DEFINITIONAL_REPRESENTATION('',(#193),#201);
#193 = ( BOUNDED_CURVE() B_SPLINE_CURVE(2,(#194,#195,#196,#197,#198,#199
,#200),.UNSPECIFIED.,.T.,.F.) B_SPLINE_CURVE_WITH_KNOTS((1,2,2,2,2,1),(
    -2.094395102393,0.,2.094395102393,4.188790204786,6.28318530718,
8.377580409573),.UNSPECIFIED.) CURVE() GEOMETRIC_REPRESENTATION_ITEM() 
RATIONAL_B_SPLINE_CURVE((1.,0.5,1.,0.5,1.,0.5,1.)) REPRESENTATION_ITEM(
  '') );
#194 = CARTESIAN_POINT('',(-23.20584412271,-25.45584412271));
#195 = CARTESIAN_POINT('',(-23.20584412271,-29.35295843974));
#196 = CARTESIAN_POINT('',(-26.58084412271,-27.40440128123));
#197 = CARTESIAN_POINT('',(-29.95584412271,-25.45584412271));
#198 = CARTESIAN_POINT('',(-26.58084412271,-23.5072869642));
#199 = CARTESIAN_POINT('',(-23.20584412271,-21.55872980568));
#200 = CARTESIAN_POINT('',(-23.20584412271,-25.45584412271));
#201 = ( GEOMETRIC_REPRESENTATION_CONTEXT(2) 
PARAMETRIC_REPRESENTATION_CONTEXT() REPRESENTATION_CONTEXT('2D SPACE',''
  ) );
#202 = PCURVE('',#203,#208);
#203 = CYLINDRICAL_SURFACE('',#204,2.25);
#204 = AXIS2_PLACEMENT_3D('',#205,#206,#207);
#205 = CARTESIAN_POINT('',(-25.45584412271,-25.45584412271,-1.));
#206 = DIRECTION('',(-0.,-0.,-1.));
#207 = DIRECTION('',(1.,0.,0.));
#208 = DEFINITIONAL_REPRESENTATION('',(#209),#213);
#209 = LINE('',#210,#211);
#210 = CARTESIAN_POINT('',(-6.28318530718,-1.));
#211 = VECTOR('',#212,1.);
#212 = DIRECTION('',(1.,-0.));
#213 = ( GEOMETRIC_REPRESENTATION_CONTEXT(2) 
PARAMETRIC_REPRESENTATION_CONTEXT() REPRESENTATION_CONTEXT('2D SPACE',''
  ) );
#214 = FACE_BOUND('',#215,.F.);
#215 = EDGE_LOOP('',(#216));
#216 = ORIENTED_EDGE('',*,*,#217,.T.);
#217 = EDGE_CURVE('',#218,#218,#220,.T.);
#218 = VERTEX_POINT('',#219);
#219 = CARTESIAN_POINT('',(27.705844122716,-25.45584412271,0.));
#220 = SURFACE_CURVE('',#221,(#226,#237),.PCURVE_S1.);
#221 = CIRCLE('',#222,2.25);
#222 = AXIS2_PLACEMENT_3D('',#223,#224,#225);
#223 = CARTESIAN_POINT('',(25.455844122716,-25.45584412271,0.));
#224 = DIRECTION('',(0.,0.,-1.));
#225 = DIRECTION('',(1.,0.,0.));
#226 = PCURVE('',#164,#227);
#227 = DEFINITIONAL_REPRESENTATION('',(#228),#236);
#228 = ( BOUNDED_CURVE() B_SPLINE_CURVE(2,(#229,#230,#231,#232,#233,#234
,#235),.UNSPECIFIED.,.T.,.F.) B_SPLINE_CURVE_WITH_KNOTS((1,2,2,2,2,1),(
    -2.094395102393,0.,2.094395102393,4.188790204786,6.28318530718,
8.377580409573),.UNSPECIFIED.) CURVE() GEOMETRIC_REPRESENTATION_ITEM() 
RATIONAL_B_SPLINE_CURVE((1.,0.5,1.,0.5,1.,0.5,1.)) REPRESENTATION_ITEM(
  '') );
#229 = CARTESIAN_POINT('',(27.705844122716,-25.45584412271));
#230 = CARTESIAN_POINT('',(27.705844122716,-29.35295843974));
#231 = CARTESIAN_POINT('',(24.330844122716,-27.40440128123));
#232 = CARTESIAN_POINT('',(20.955844122716,-25.45584412271));
#233 = CARTESIAN_POINT('',(24.330844122716,-23.5072869642));
#234 = CARTESIAN_POINT('',(27.705844122716,-21.55872980568));
#235 = CARTESIAN_POINT('',(27.705844122716,-25.45584412271));
#236 = ( GEOMETRIC_REPRESENTATION_CONTEXT(2) 
PARAMETRIC_REPRESENTATION_CONTEXT() REPRESENTATION_CONTEXT('2D SPACE',''
  ) );
#237 = PCURVE('',#238,#243);
#238 = CYLINDRICAL_SURFACE('',#239,2.25);
#239 = AXIS2_PLACEMENT_3D('',#240,#241,#242);
#240 = CARTESIAN_POINT('',(25.455844122716,-25.45584412271,-1.));
#241 = DIRECTION('',(-0.,-0.,-1.));
#242 = DIRECTION('',(1.,0.,0.));
#243 = DEFINITIONAL_REPRESENTATION('',(#244),#248);
#244 = LINE('',#245,#246);
#245 = CARTESIAN_POINT('',(-6.28318530718,-1.));
#246 = VECTOR('',#247,1.);
#247 = DIRECTION('',(1.,-0.));
#248 = ( GEOMETRIC_REPRESENTATION_CONTEXT(2) 
PARAMETRIC_REPRESENTATION_CONTEXT() REPRESENTATION_CONTEXT('2D SPACE',''
  ) );
#249 = FACE_BOUND('',#250,.F.);
#250 = EDGE_LOOP('',(#251));
#251 = ORIENTED_EDGE('',*,*,#252,.T.);
#252 = EDGE_CURVE('',#253,#253,#255,.T.);
#253 = VERTEX_POINT('',#254);
#254 = CARTESIAN_POINT('',(-23.20584412271,25.455844122716,0.));
#255 = SURFACE_CURVE('',#256,(#261,#272),.PCURVE_S1.);
#256 = CIRCLE('',#257,2.25);
#257 = AXIS2_PLACEMENT_3D('',#258,#259,#260);
#258 = CARTESIAN_POINT('',(-25.45584412271,25.455844122716,0.));
#259 = DIRECTION('',(0.,0.,-1.));
#260 = DIRECTION('',(1.,0.,0.));
#261 = PCURVE('',#164,#262);
#262 = DEFINITIONAL_REPRESENTATION('',(#263),#271);
#263 = ( BOUNDED_CURVE() B_SPLINE_CURVE(2,(#264,#265,#266,#267,#268,#269
,#270),.UNSPECIFIED.,.T.,.F.) B_SPLINE_CURVE_WITH_KNOTS((1,2,2,2,2,1),(
    -2.094395102393,0.,2.094395102393,4.188790204786,6.28318530718,
8.377580409573),.UNSPECIFIED.) CURVE() GEOMETRIC_REPRESENTATION_ITEM() 
RATIONAL_B_SPLINE_CURVE((1.,0.5,1.,0.5,1.,0.5,1.)) REPRESENTATION_ITEM(
  '') );
#264 = CARTESIAN_POINT('',(-23.20584412271,25.455844122716));
#265 = CARTESIAN_POINT('',(-23.20584412271,21.558729805686));
#266 = CARTESIAN_POINT('',(-26.58084412271,23.507286964201));
#267 = CARTESIAN_POINT('',(-29.95584412271,25.455844122716));
#268 = CARTESIAN_POINT('',(-26.58084412271,27.404401281231));
#269 = CARTESIAN_POINT('',(-23.20584412271,29.352958439746));
#270 = CARTESIAN_POINT('',(-23.20584412271,25.455844122716));
#271 = ( GEOMETRIC_REPRESENTATION_CONTEXT(2) 
PARAMETRIC_REPRESENTATION_CONTEXT() REPRESENTATION_CONTEXT('2D SPACE',''
  ) );
#272 = PCURVE('',#273,#278);
#273 = CYLINDRICAL_SURFACE('',#274,2.25);
#274 = AXIS2_PLACEMENT_3D('',#275,#276,#277);
#275 = CARTESIAN_POINT('',(-25.45584412271,25.455844122716,-1.));
#276 = DIRECTION('',(-0.,-0.,-1.));
#277 = DIRECTION('',(1.,0.,0.));
#278 = DEFINITIONAL_REPRESENTATION('',(#279),#283);
#279 = LINE('',#280,#281);
#280 = CARTESIAN_POINT('',(-6.28318530718,-1.));
#281 = VECTOR('',#282,1.);
#282 = DIRECTION('',(1.,-0.));
#283 = ( GEOMETRIC_REPRESENTATION_CONTEXT(2) 
PARAMETRIC_REPRESENTATION_CONTEXT() REPRESENTATION_CONTEXT('2D SPACE',''
  ) );
#284 = FACE_BOUND('',#285,.F.);
#285 = EDGE_LOOP('',(#286,#314,#340,#366));
#286 = ORIENTED_EDGE('',*,*,#287,.T.);
#287 = EDGE_CURVE('',#288,#290,#292,.T.);
#288 = VERTEX_POINT('',#289);
#289 = CARTESIAN_POINT('',(-6.5,26.5,0.));
#290 = VERTEX_POINT('',#291);
#291 = CARTESIAN_POINT('',(-9.5,26.5,0.));
#292 = SURFACE_CURVE('',#293,(#297,#303),.PCURVE_S1.);
#293 = LINE('',#294,#295);
#294 = CARTESIAN_POINT('',(-4.75,26.5,0.));
#295 = VECTOR('',#296,1.);
#296 = DIRECTION('',(-1.,0.,0.));
#297 = PCURVE('',#164,#298);
#298 = DEFINITIONAL_REPRESENTATION('',(#299),#302);
#299 = B_SPLINE_CURVE_WITH_KNOTS('',1,(#300,#301),.UNSPECIFIED.,.F.,.F.,
  (2,2),(1.75,4.75),.PIECEWISE_BEZIER_KNOTS.);
#300 = CARTESIAN_POINT('',(-6.5,26.5));
#301 = CARTESIAN_POINT('',(-9.5,26.5));
#302 = ( GEOMETRIC_REPRESENTATION_CONTEXT(2) 
PARAMETRIC_REPRESENTATION_CONTEXT() REPRESENTATION_CONTEXT('2D SPACE',''
  ) );
#303 = PCURVE('',#304,#309);
#304 = PLANE('',#305);
#305 = AXIS2_PLACEMENT_3D('',#306,#307,#308);
#306 = CARTESIAN_POINT('',(-9.5,26.5,-1.));
#307 = DIRECTION('',(0.,1.,0.));
#308 = DIRECTION('',(0.,0.,1.));
#309 = DEFINITIONAL_REPRESENTATION('',(#310),#313);
#310 = B_SPLINE_CURVE_WITH_KNOTS('',1,(#311,#312),.UNSPECIFIED.,.F.,.F.,
  (2,2),(1.75,4.75),.PIECEWISE_BEZIER_KNOTS.);
#311 = CARTESIAN_POINT('',(1.,3.));
#312 = CARTESIAN_POINT('',(1.,0.));
#313 = ( GEOMETRIC_REPRESENTATION_CONTEXT(2) 
PARAMETRIC_REPRESENTATION_CONTEXT() REPRESENTATION_CONTEXT('2D SPACE',''
  ) );
#314 = ORIENTED_EDGE('',*,*,#315,.T.);
#315 = EDGE_CURVE('',#290,#316,#318,.T.);
#316 = VERTEX_POINT('',#317);
#317 = CARTESIAN_POINT('',(-9.5,33.5,0.));
#318 = SURFACE_CURVE('',#319,(#323,#329),.PCURVE_S1.);
#319 = LINE('',#320,#321);
#320 = CARTESIAN_POINT('',(-9.5,13.25,0.));
#321 = VECTOR('',#322,1.);
#322 = DIRECTION('',(0.,1.,0.));
#323 = PCURVE('',#164,#324);
#324 = DEFINITIONAL_REPRESENTATION('',(#325),#328);
#325 = B_SPLINE_CURVE_WITH_KNOTS('',1,(#326,#327),.UNSPECIFIED.,.F.,.F.,
  (2,2),(13.25,20.25),.PIECEWISE_BEZIER_KNOTS.);
#326 = CARTESIAN_POINT('',(-9.5,26.5));
#327 = CARTESIAN_POINT('',(-9.5,33.5));
#328 = ( GEOMETRIC_REPRESENTATION_CONTEXT(2) 
PARAMETRIC_REPRESENTATION_CONTEXT() REPRESENTATION_CONTEXT('2D SPACE',''
  ) );
#329 = PCURVE('',#330,#335);
#330 = PLANE('',#331);
#331 = AXIS2_PLACEMENT_3D('',#332,#333,#334);
#332 = CARTESIAN_POINT('',(-9.5,26.5,-1.));
#333 = DIRECTION('',(1.,0.,0.));
#334 = DIRECTION('',(0.,0.,1.));
#335 = DEFINITIONAL_REPRESENTATION('',(#336),#339);
#336 = B_SPLINE_CURVE_WITH_KNOTS('',1,(#337,#338),.UNSPECIFIED.,.F.,.F.,
  (2,2),(13.25,20.25),.PIECEWISE_BEZIER_KNOTS.);
#337 = CARTESIAN_POINT('',(1.,0.));
#338 = CARTESIAN_POINT('',(1.,-7.));
#339 = ( GEOMETRIC_REPRESENTATION_CONTEXT(2) 
PARAMETRIC_REPRESENTATION_CONTEXT() REPRESENTATION_CONTEXT('2D SPACE',''
  ) );
#340 = ORIENTED_EDGE('',*,*,#341,.F.);
#341 = EDGE_CURVE('',#342,#316,#344,.T.);
#342 = VERTEX_POINT('',#343);
#343 = CARTESIAN_POINT('',(-6.5,33.5,0.));
#344 = SURFACE_CURVE('',#345,(#349,#355),.PCURVE_S1.);
#345 = LINE('',#346,#347);
#346 = CARTESIAN_POINT('',(-4.75,33.5,0.));
#347 = VECTOR('',#348,1.);
#348 = DIRECTION('',(-1.,0.,0.));
#349 = PCURVE('',#164,#350);
#350 = DEFINITIONAL_REPRESENTATION('',(#351),#354);
#351 = B_SPLINE_CURVE_WITH_KNOTS('',1,(#352,#353),.UNSPECIFIED.,.F.,.F.,
  (2,2),(1.75,4.75),.PIECEWISE_BEZIER_KNOTS.);
#352 = CARTESIAN_POINT('',(-6.5,33.5));
#353 = CARTESIAN_POINT('',(-9.5,33.5));
#354 = ( GEOMETRIC_REPRESENTATION_CONTEXT(2) 
PARAMETRIC_REPRESENTATION_CONTEXT() REPRESENTATION_CONTEXT('2D SPACE',''
  ) );
#355 = PCURVE('',#356,#361);
#356 = PLANE('',#357);
#357 = AXIS2_PLACEMENT_3D('',#358,#359,#360);
#358 = CARTESIAN_POINT('',(-9.5,33.5,-1.));
#359 = DIRECTION('',(0.,1.,0.));
#360 = DIRECTION('',(0.,0.,1.));
#361 = DEFINITIONAL_REPRESENTATION('',(#362),#365);
#362 = B_SPLINE_CURVE_WITH_KNOTS('',1,(#363,#364),.UNSPECIFIED.,.F.,.F.,
  (2,2),(1.75,4.75),.PIECEWISE_BEZIER_KNOTS.);
#363 = CARTESIAN_POINT('',(1.,3.));
#364 = CARTESIAN_POINT('',(1.,0.));
#365 = ( GEOMETRIC_REPRESENTATION_CONTEXT(2) 
PARAMETRIC_REPRESENTATION_CONTEXT() REPRESENTATION_CONTEXT('2D SPACE',''
  ) );
#366 = ORIENTED_EDGE('',*,*,#367,.F.);
#367 = EDGE_CURVE('',#288,#342,#368,.T.);
#368 = SURFACE_CURVE('',#369,(#373,#379),.PCURVE_S1.);
#369 = LINE('',#370,#371);
#370 = CARTESIAN_POINT('',(-6.5,13.25,0.));
#371 = VECTOR('',#372,1.);
#372 = DIRECTION('',(0.,1.,0.));
#373 = PCURVE('',#164,#374);
#374 = DEFINITIONAL_REPRESENTATION('',(#375),#378);
#375 = B_SPLINE_CURVE_WITH_KNOTS('',1,(#376,#377),.UNSPECIFIED.,.F.,.F.,
  (2,2),(13.25,20.25),.PIECEWISE_BEZIER_KNOTS.);
#376 = CARTESIAN_POINT('',(-6.5,26.5));
#377 = CARTESIAN_POINT('',(-6.5,33.5));
#378 = ( GEOMETRIC_REPRESENTATION_CONTEXT(2) 
PARAMETRIC_REPRESENTATION_CONTEXT() REPRESENTATION_CONTEXT('2D SPACE',''
  ) );
#379 = PCURVE('',#380,#385);
#380 = PLANE('',#381);
#381 = AXIS2_PLACEMENT_3D('',#382,#383,#384);
#382 = CARTESIAN_POINT('',(-6.5,26.5,-1.));
#383 = DIRECTION('',(1.,0.,0.));
#384 = DIRECTION('',(0.,0.,1.));
#385 = DEFINITIONAL_REPRESENTATION('',(#386),#389);
#386 = B_SPLINE_CURVE_WITH_KNOTS('',1,(#387,#388),.UNSPECIFIED.,.F.,.F.,
  (2,2),(13.25,20.25),.PIECEWISE_BEZIER_KNOTS.);
#387 = CARTESIAN_POINT('',(1.,0.));
#388 = CARTESIAN_POINT('',(1.,-7.));
#389 = ( GEOMETRIC_REPRESENTATION_CONTEXT(2) 
PARAMETRIC_REPRESENTATION_CONTEXT() REPRESENTATION_CONTEXT('2D SPACE',''
  ) );
#390 = FACE_BOUND('',#391,.F.);
#391 = EDGE_LOOP('',(#392,#420,#446,#472));
#392 = ORIENTED_EDGE('',*,*,#393,.T.);
#393 = EDGE_CURVE('',#394,#396,#398,.T.);
#394 = VERTEX_POINT('',#395);
#395 = CARTESIAN_POINT('',(9.5,26.5,0.));
#396 = VERTEX_POINT('',#397);
#397 = CARTESIAN_POINT('',(6.5,26.5,0.));
#398 = SURFACE_CURVE('',#399,(#403,#409),.PCURVE_S1.);
#399 = LINE('',#400,#401);
#400 = CARTESIAN_POINT('',(3.25,26.5,0.));
#401 = VECTOR('',#402,1.);
#402 = DIRECTION('',(-1.,0.,0.));
#403 = PCURVE('',#164,#404);
#404 = DEFINITIONAL_REPRESENTATION('',(#405),#408);
#405 = B_SPLINE_CURVE_WITH_KNOTS('',1,(#406,#407),.UNSPECIFIED.,.F.,.F.,
  (2,2),(-6.25,-3.25),.PIECEWISE_BEZIER_KNOTS.);
#406 = CARTESIAN_POINT('',(9.5,26.5));
#407 = CARTESIAN_POINT('',(6.5,26.5));
#408 = ( GEOMETRIC_REPRESENTATION_CONTEXT(2) 
PARAMETRIC_REPRESENTATION_CONTEXT() REPRESENTATION_CONTEXT('2D SPACE',''
  ) );
#409 = PCURVE('',#410,#415);
#410 = PLANE('',#411);
#411 = AXIS2_PLACEMENT_3D('',#412,#413,#414);
#412 = CARTESIAN_POINT('',(6.5,26.5,-1.));
#413 = DIRECTION('',(0.,1.,0.));
#414 = DIRECTION('',(0.,0.,1.));
#415 = DEFINITIONAL_REPRESENTATION('',(#416),#419);
#416 = B_SPLINE_CURVE_WITH_KNOTS('',1,(#417,#418),.UNSPECIFIED.,.F.,.F.,
  (2,2),(-6.25,-3.25),.PIECEWISE_BEZIER_KNOTS.);
#417 = CARTESIAN_POINT('',(1.,3.));
#418 = CARTESIAN_POINT('',(1.,0.));
#419 = ( GEOMETRIC_REPRESENTATION_CONTEXT(2) 
PARAMETRIC_REPRESENTATION_CONTEXT() REPRESENTATION_CONTEXT('2D SPACE',''
  ) );
#420 = ORIENTED_EDGE('',*,*,#421,.T.);
#421 = EDGE_CURVE('',#396,#422,#424,.T.);
#422 = VERTEX_POINT('',#423);
#423 = CARTESIAN_POINT('',(6.5,33.5,0.));
#424 = SURFACE_CURVE('',#425,(#429,#435),.PCURVE_S1.);
#425 = LINE('',#426,#427);
#426 = CARTESIAN_POINT('',(6.5,13.25,0.));
#427 = VECTOR('',#428,1.);
#428 = DIRECTION('',(0.,1.,0.));
#429 = PCURVE('',#164,#430);
#430 = DEFINITIONAL_REPRESENTATION('',(#431),#434);
#431 = B_SPLINE_CURVE_WITH_KNOTS('',1,(#432,#433),.UNSPECIFIED.,.F.,.F.,
  (2,2),(13.25,20.25),.PIECEWISE_BEZIER_KNOTS.);
#432 = CARTESIAN_POINT('',(6.5,26.5));
#433 = CARTESIAN_POINT('',(6.5,33.5));
#434 = ( GEOMETRIC_REPRESENTATION_CONTEXT(2) 
PARAMETRIC_REPRESENTATION_CONTEXT() REPRESENTATION_CONTEXT('2D SPACE',''
  ) );
#435 = PCURVE('',#436,#441);
#436 = PLANE('',#437);
#437 = AXIS2_PLACEMENT_3D('',#438,#439,#440);
#438 = CARTESIAN_POINT('',(6.5,26.5,-1.));
#439 = DIRECTION('',(1.,0.,0.));
#440 = DIRECTION('',(0.,0.,1.));
#441 = DEFINITIONAL_REPRESENTATION('',(#442),#445);
#442 = B_SPLINE_CURVE_WITH_KNOTS('',1,(#443,#444),.UNSPECIFIED.,.F.,.F.,
  (2,2),(13.25,20.25),.PIECEWISE_BEZIER_KNOTS.);
#443 = CARTESIAN_POINT('',(1.,0.));
#444 = CARTESIAN_POINT('',(1.,-7.));
#445 = ( GEOMETRIC_REPRESENTATION_CONTEXT(2) 
PARAMETRIC_REPRESENTATION_CONTEXT() REPRESENTATION_CONTEXT('2D SPACE',''
  ) );
#446 = ORIENTED_EDGE('',*,*,#447,.F.);
#447 = EDGE_CURVE('',#448,#422,#450,.T.);
#448 = VERTEX_POINT('',#449);
#449 = CARTESIAN_POINT('',(9.5,33.5,0.));
#450 = SURFACE_CURVE('',#451,(#455,#461),.PCURVE_S1.);
#451 = LINE('',#452,#453);
#452 = CARTESIAN_POINT('',(3.25,33.5,0.));
#453 = VECTOR('',#454,1.);
#454 = DIRECTION('',(-1.,0.,0.));
#455 = PCURVE('',#164,#456);
#456 = DEFINITIONAL_REPRESENTATION('',(#457),#460);
#457 = B_SPLINE_CURVE_WITH_KNOTS('',1,(#458,#459),.UNSPECIFIED.,.F.,.F.,
  (2,2),(-6.25,-3.25),.PIECEWISE_BEZIER_KNOTS.);
#458 = CARTESIAN_POINT('',(9.5,33.5));
#459 = CARTESIAN_POINT('',(6.5,33.5));
#460 = ( GEOMETRIC_REPRESENTATION_CONTEXT(2) 
PARAMETRIC_REPRESENTATION_CONTEXT() REPRESENTATION_CONTEXT('2D SPACE',''
  ) );
#461 = PCURVE('',#462,#467);
#462 = PLANE('',#463);
#463 = AXIS2_PLACEMENT_3D('',#464,#465,#466);
#464 = CARTESIAN_POINT('',(6.5,33.5,-1.));
#465 = DIRECTION('',(0.,1.,0.));
#466 = DIRECTION('',(0.,0.,1.));
#467 = DEFINITIONAL_REPRESENTATION('',(#468),#471);
#468 = B_SPLINE_CURVE_WITH_KNOTS('',1,(#469,#470),.UNSPECIFIED.,.F.,.F.,
  (2,2),(-6.25,-3.25),.PIECEWISE_BEZIER_KNOTS.);
#469 = CARTESIAN_POINT('',(1.,3.));
#470 = CARTESIAN_POINT('',(1.,0.));
#471 = ( GEOMETRIC_REPRESENTATION_CONTEXT(2) 
PARAMETRIC_REPRESENTATION_CONTEXT() REPRESENTATION_CONTEXT('2D SPACE',''
  ) );
#472 = ORIENTED_EDGE('',*,*,#473,.F.);
#473 = EDGE_CURVE('',#394,#448,#474,.T.);
#474 = SURFACE_CURVE('',#475,(#479,#485),.PCURVE_S1.);
#475 = LINE('',#476,#477);
#476 = CARTESIAN_POINT('',(9.5,13.25,0.));
#477 = VECTOR('',#478,1.);
#478 = DIRECTION('',(0.,1.,0.));
#479 = PCURVE('',#164,#480);
#480 = DEFINITIONAL_REPRESENTATION('',(#481),#484);
#481 = B_SPLINE_CURVE_WITH_KNOTS('',1,(#482,#483),.UNSPECIFIED.,.F.,.F.,
  (2,2),(13.25,20.25),.PIECEWISE_BEZIER_KNOTS.);
#482 = CARTESIAN_POINT('',(9.5,26.5));
#483 = CARTESIAN_POINT('',(9.5,33.5));
#484 = ( GEOMETRIC_REPRESENTATION_CONTEXT(2) 
PARAMETRIC_REPRESENTATION_CONTEXT() REPRESENTATION_CONTEXT('2D SPACE',''
  ) );
#485 = PCURVE('',#486,#491);
#486 = PLANE('',#487);
#487 = AXIS2_PLACEMENT_3D('',#488,#489,#490);
#488 = CARTESIAN_POINT('',(9.5,26.5,-1.));
#489 = DIRECTION('',(1.,0.,0.));
#490 = DIRECTION('',(0.,0.,1.));
#491 = DEFINITIONAL_REPRESENTATION('',(#492),#495);
#492 = B_SPLINE_CURVE_WITH_KNOTS('',1,(#493,#494),.UNSPECIFIED.,.F.,.F.,
  (2,2),(13.25,20.25),.PIECEWISE_BEZIER_KNOTS.);
#493 = CARTESIAN_POINT('',(1.,0.));
#494 = CARTESIAN_POINT('',(1.,-7.));
#495 = ( GEOMETRIC_REPRESENTATION_CONTEXT(2) 
PARAMETRIC_REPRESENTATION_CONTEXT() REPRESENTATION_CONTEXT('2D SPACE',''
  ) );
#496 = FACE_BOUND('',#497,.F.);
#497 = EDGE_LOOP('',(#498));
#498 = ORIENTED_EDGE('',*,*,#499,.T.);
#499 = EDGE_CURVE('',#500,#500,#502,.T.);
#500 = VERTEX_POINT('',#501);
#501 = CARTESIAN_POINT('',(27.705844122716,25.455844122716,0.));
#502 = SURFACE_CURVE('',#503,(#508,#519),.PCURVE_S1.);
#503 = CIRCLE('',#504,2.25);
#504 = AXIS2_PLACEMENT_3D('',#505,#506,#507);
#505 = CARTESIAN_POINT('',(25.455844122716,25.455844122716,0.));
#506 = DIRECTION('',(0.,0.,-1.));
#507 = DIRECTION('',(1.,0.,0.));
#508 = PCURVE('',#164,#509);
#509 = DEFINITIONAL_REPRESENTATION('',(#510),#518);
#510 = ( BOUNDED_CURVE() B_SPLINE_CURVE(2,(#511,#512,#513,#514,#515,#516
,#517),.UNSPECIFIED.,.T.,.F.) B_SPLINE_CURVE_WITH_KNOTS((1,2,2,2,2,1),(
    -2.094395102393,0.,2.094395102393,4.188790204786,6.28318530718,
8.377580409573),.UNSPECIFIED.) CURVE() GEOMETRIC_REPRESENTATION_ITEM() 
RATIONAL_B_SPLINE_CURVE((1.,0.5,1.,0.5,1.,0.5,1.)) REPRESENTATION_ITEM(
  '') );
#511 = CARTESIAN_POINT('',(27.705844122716,25.455844122716));
#512 = CARTESIAN_POINT('',(27.705844122716,21.558729805686));
#513 = CARTESIAN_POINT('',(24.330844122716,23.507286964201));
#514 = CARTESIAN_POINT('',(20.955844122716,25.455844122716));
#515 = CARTESIAN_POINT('',(24.330844122716,27.404401281231));
#516 = CARTESIAN_POINT('',(27.705844122716,29.352958439746));
#517 = CARTESIAN_POINT('',(27.705844122716,25.455844122716));
#518 = ( GEOMETRIC_REPRESENTATION_CONTEXT(2) 
PARAMETRIC_REPRESENTATION_CONTEXT() REPRESENTATION_CONTEXT('2D SPACE',''
  ) );
#519 = PCURVE('',#520,#525);
#520 = CYLINDRICAL_SURFACE('',#521,2.25);
#521 = AXIS2_PLACEMENT_3D('',#522,#523,#524);
#522 = CARTESIAN_POINT('',(25.455844122716,25.455844122716,-1.));
#523 = DIRECTION('',(-0.,-0.,-1.));
#524 = DIRECTION('',(1.,0.,0.));
#525 = DEFINITIONAL_REPRESENTATION('',(#526),#530);
#526 = LINE('',#527,#528);
#527 = CARTESIAN_POINT('',(-6.28318530718,-1.));
#528 = VECTOR('',#529,1.);
#529 = DIRECTION('',(1.,-0.));
#530 = ( GEOMETRIC_REPRESENTATION_CONTEXT(2) 
PARAMETRIC_REPRESENTATION_CONTEXT() REPRESENTATION_CONTEXT('2D SPACE',''
  ) );
#531 = ADVANCED_FACE('',(#532,#535,#565,#596,#626,#657,#687,#773,#804,
    #890,#921),#136,.T.);
#532 = FACE_BOUND('',#533,.T.);
#533 = EDGE_LOOP('',(#534));
#534 = ORIENTED_EDGE('',*,*,#121,.T.);
#535 = FACE_BOUND('',#536,.T.);
#536 = EDGE_LOOP('',(#537));
#537 = ORIENTED_EDGE('',*,*,#538,.T.);
#538 = EDGE_CURVE('',#539,#539,#541,.T.);
#539 = VERTEX_POINT('',#540);
#540 = CARTESIAN_POINT('',(-23.20584412271,-25.45584412271,4.));
#541 = SURFACE_CURVE('',#542,(#547,#558),.PCURVE_S1.);
#542 = CIRCLE('',#543,2.25);
#543 = AXIS2_PLACEMENT_3D('',#544,#545,#546);
#544 = CARTESIAN_POINT('',(-25.45584412271,-25.45584412271,4.));
#545 = DIRECTION('',(0.,0.,-1.));
#546 = DIRECTION('',(1.,0.,0.));
#547 = PCURVE('',#136,#548);
#548 = DEFINITIONAL_REPRESENTATION('',(#549),#557);
#549 = ( BOUNDED_CURVE() B_SPLINE_CURVE(2,(#550,#551,#552,#553,#554,#555
,#556),.UNSPECIFIED.,.T.,.F.) B_SPLINE_CURVE_WITH_KNOTS((1,2,2,2,2,1),(
    -2.094395102393,0.,2.094395102393,4.188790204786,6.28318530718,
8.377580409573),.UNSPECIFIED.) CURVE() GEOMETRIC_REPRESENTATION_ITEM() 
RATIONAL_B_SPLINE_CURVE((1.,0.5,1.,0.5,1.,0.5,1.)) REPRESENTATION_ITEM(
  '') );
#550 = CARTESIAN_POINT('',(-23.20584412271,-25.45584412271));
#551 = CARTESIAN_POINT('',(-23.20584412271,-29.35295843974));
#552 = CARTESIAN_POINT('',(-26.58084412271,-27.40440128123));
#553 = CARTESIAN_POINT('',(-29.95584412271,-25.45584412271));
#554 = CARTESIAN_POINT('',(-26.58084412271,-23.5072869642));
#555 = CARTESIAN_POINT('',(-23.20584412271,-21.55872980568));
#556 = CARTESIAN_POINT('',(-23.20584412271,-25.45584412271));
#557 = ( GEOMETRIC_REPRESENTATION_CONTEXT(2) 
PARAMETRIC_REPRESENTATION_CONTEXT() REPRESENTATION_CONTEXT('2D SPACE',''
  ) );
#558 = PCURVE('',#203,#559);
#559 = DEFINITIONAL_REPRESENTATION('',(#560),#564);
#560 = LINE('',#561,#562);
#561 = CARTESIAN_POINT('',(-6.28318530718,-5.));
#562 = VECTOR('',#563,1.);
#563 = DIRECTION('',(1.,-0.));
#564 = ( GEOMETRIC_REPRESENTATION_CONTEXT(2) 
PARAMETRIC_REPRESENTATION_CONTEXT() REPRESENTATION_CONTEXT('2D SPACE',''
  ) );
#565 = FACE_BOUND('',#566,.T.);
#566 = EDGE_LOOP('',(#567));
#567 = ORIENTED_EDGE('',*,*,#568,.F.);
#568 = EDGE_CURVE('',#569,#569,#571,.T.);
#569 = VERTEX_POINT('',#570);
#570 = CARTESIAN_POINT('',(4.5,-36.,4.));
#571 = SURFACE_CURVE('',#572,(#577,#584),.PCURVE_S1.);
#572 = CIRCLE('',#573,4.5);
#573 = AXIS2_PLACEMENT_3D('',#574,#575,#576);
#574 = CARTESIAN_POINT('',(-6.613092715396E-15,-36.,4.));
#575 = DIRECTION('',(0.,0.,1.));
#576 = DIRECTION('',(1.,0.,0.));
#577 = PCURVE('',#136,#578);
#578 = DEFINITIONAL_REPRESENTATION('',(#579),#583);
#579 = CIRCLE('',#580,4.5);
#580 = AXIS2_PLACEMENT_2D('',#581,#582);
#581 = CARTESIAN_POINT('',(-4.529374418193E-15,-36.));
#582 = DIRECTION('',(1.,0.));
#583 = ( GEOMETRIC_REPRESENTATION_CONTEXT(2) 
PARAMETRIC_REPRESENTATION_CONTEXT() REPRESENTATION_CONTEXT('2D SPACE',''
  ) );
#584 = PCURVE('',#585,#590);
#585 = CYLINDRICAL_SURFACE('',#586,4.5);
#586 = AXIS2_PLACEMENT_3D('',#587,#588,#589);
#587 = CARTESIAN_POINT('',(-6.613092715396E-15,-36.,4.));
#588 = DIRECTION('',(-0.,-0.,-1.));
#589 = DIRECTION('',(1.,0.,0.));
#590 = DEFINITIONAL_REPRESENTATION('',(#591),#595);
#591 = LINE('',#592,#593);
#592 = CARTESIAN_POINT('',(-0.,0.));
#593 = VECTOR('',#594,1.);
#594 = DIRECTION('',(-1.,0.));
#595 = ( GEOMETRIC_REPRESENTATION_CONTEXT(2) 
PARAMETRIC_REPRESENTATION_CONTEXT() REPRESENTATION_CONTEXT('2D SPACE',''
  ) );
#596 = FACE_BOUND('',#597,.T.);
#597 = EDGE_LOOP('',(#598));
#598 = ORIENTED_EDGE('',*,*,#599,.T.);
#599 = EDGE_CURVE('',#600,#600,#602,.T.);
#600 = VERTEX_POINT('',#601);
#601 = CARTESIAN_POINT('',(27.705844122716,-25.45584412271,4.));
#602 = SURFACE_CURVE('',#603,(#608,#619),.PCURVE_S1.);
#603 = CIRCLE('',#604,2.25);
#604 = AXIS2_PLACEMENT_3D('',#605,#606,#607);
#605 = CARTESIAN_POINT('',(25.455844122716,-25.45584412271,4.));
#606 = DIRECTION('',(0.,0.,-1.));
#607 = DIRECTION('',(1.,0.,0.));
#608 = PCURVE('',#136,#609);
#609 = DEFINITIONAL_REPRESENTATION('',(#610),#618);
#610 = ( BOUNDED_CURVE() B_SPLINE_CURVE(2,(#611,#612,#613,#614,#615,#616
,#617),.UNSPECIFIED.,.T.,.F.) B_SPLINE_CURVE_WITH_KNOTS((1,2,2,2,2,1),(
    -2.094395102393,0.,2.094395102393,4.188790204786,6.28318530718,
8.377580409573),.UNSPECIFIED.) CURVE() GEOMETRIC_REPRESENTATION_ITEM() 
RATIONAL_B_SPLINE_CURVE((1.,0.5,1.,0.5,1.,0.5,1.)) REPRESENTATION_ITEM(
  '') );
#611 = CARTESIAN_POINT('',(27.705844122716,-25.45584412271));
#612 = CARTESIAN_POINT('',(27.705844122716,-29.35295843974));
#613 = CARTESIAN_POINT('',(24.330844122716,-27.40440128123));
#614 = CARTESIAN_POINT('',(20.955844122716,-25.45584412271));
#615 = CARTESIAN_POINT('',(24.330844122716,-23.5072869642));
#616 = CARTESIAN_POINT('',(27.705844122716,-21.55872980568));
#617 = CARTESIAN_POINT('',(27.705844122716,-25.45584412271));
#618 = ( GEOMETRIC_REPRESENTATION_CONTEXT(2) 
PARAMETRIC_REPRESENTATION_CONTEXT() REPRESENTATION_CONTEXT('2D SPACE',''
  ) );
#619 = PCURVE('',#238,#620);
#620 = DEFINITIONAL_REPRESENTATION('',(#621),#625);
#621 = LINE('',#622,#623);
#622 = CARTESIAN_POINT('',(-6.28318530718,-5.));
#623 = VECTOR('',#624,1.);
#624 = DIRECTION('',(1.,-0.));
#625 = ( GEOMETRIC_REPRESENTATION_CONTEXT(2) 
PARAMETRIC_REPRESENTATION_CONTEXT() REPRESENTATION_CONTEXT('2D SPACE',''
  ) );
#626 = FACE_BOUND('',#627,.T.);
#627 = EDGE_LOOP('',(#628));
#628 = ORIENTED_EDGE('',*,*,#629,.F.);
#629 = EDGE_CURVE('',#630,#630,#632,.T.);
#630 = VERTEX_POINT('',#631);
#631 = CARTESIAN_POINT('',(-31.5,4.40872847693E-15,4.));
#632 = SURFACE_CURVE('',#633,(#638,#645),.PCURVE_S1.);
#633 = CIRCLE('',#634,4.5);
#634 = AXIS2_PLACEMENT_3D('',#635,#636,#637);
#635 = CARTESIAN_POINT('',(-36.,4.40872847693E-15,4.));
#636 = DIRECTION('',(0.,0.,1.));
#637 = DIRECTION('',(1.,0.,0.));
#638 = PCURVE('',#136,#639);
#639 = DEFINITIONAL_REPRESENTATION('',(#640),#644);
#640 = CIRCLE('',#641,4.5);
#641 = AXIS2_PLACEMENT_2D('',#642,#643);
#642 = CARTESIAN_POINT('',(-36.,4.039515698534E-15));
#643 = DIRECTION('',(1.,0.));
#644 = ( GEOMETRIC_REPRESENTATION_CONTEXT(2) 
PARAMETRIC_REPRESENTATION_CONTEXT() REPRESENTATION_CONTEXT('2D SPACE',''
  ) );
#645 = PCURVE('',#646,#651);
#646 = CYLINDRICAL_SURFACE('',#647,4.5);
#647 = AXIS2_PLACEMENT_3D('',#648,#649,#650);
#648 = CARTESIAN_POINT('',(-36.,4.40872847693E-15,4.));
#649 = DIRECTION('',(-0.,-0.,-1.));
#650 = DIRECTION('',(1.,0.,0.));
#651 = DEFINITIONAL_REPRESENTATION('',(#652),#656);
#652 = LINE('',#653,#654);
#653 = CARTESIAN_POINT('',(-0.,0.));
#654 = VECTOR('',#655,1.);
#655 = DIRECTION('',(-1.,0.));
#656 = ( GEOMETRIC_REPRESENTATION_CONTEXT(2) 
PARAMETRIC_REPRESENTATION_CONTEXT() REPRESENTATION_CONTEXT('2D SPACE',''
  ) );
#657 = FACE_BOUND('',#658,.T.);
#658 = EDGE_LOOP('',(#659));
#659 = ORIENTED_EDGE('',*,*,#660,.T.);
#660 = EDGE_CURVE('',#661,#661,#663,.T.);
#661 = VERTEX_POINT('',#662);
#662 = CARTESIAN_POINT('',(-23.20584412271,25.455844122716,4.));
#663 = SURFACE_CURVE('',#664,(#669,#680),.PCURVE_S1.);
#664 = CIRCLE('',#665,2.25);
#665 = AXIS2_PLACEMENT_3D('',#666,#667,#668);
#666 = CARTESIAN_POINT('',(-25.45584412271,25.455844122716,4.));
#667 = DIRECTION('',(0.,0.,-1.));
#668 = DIRECTION('',(1.,0.,0.));
#669 = PCURVE('',#136,#670);
#670 = DEFINITIONAL_REPRESENTATION('',(#671),#679);
#671 = ( BOUNDED_CURVE() B_SPLINE_CURVE(2,(#672,#673,#674,#675,#676,#677
,#678),.UNSPECIFIED.,.T.,.F.) B_SPLINE_CURVE_WITH_KNOTS((1,2,2,2,2,1),(
    -2.094395102393,0.,2.094395102393,4.188790204786,6.28318530718,
8.377580409573),.UNSPECIFIED.) CURVE() GEOMETRIC_REPRESENTATION_ITEM() 
RATIONAL_B_SPLINE_CURVE((1.,0.5,1.,0.5,1.,0.5,1.)) REPRESENTATION_ITEM(
  '') );
#672 = CARTESIAN_POINT('',(-23.20584412271,25.455844122716));
#673 = CARTESIAN_POINT('',(-23.20584412271,21.558729805686));
#674 = CARTESIAN_POINT('',(-26.58084412271,23.507286964201));
#675 = CARTESIAN_POINT('',(-29.95584412271,25.455844122716));
#676 = CARTESIAN_POINT('',(-26.58084412271,27.404401281231));
#677 = CARTESIAN_POINT('',(-23.20584412271,29.352958439746));
#678 = CARTESIAN_POINT('',(-23.20584412271,25.455844122716));
#679 = ( GEOMETRIC_REPRESENTATION_CONTEXT(2) 
PARAMETRIC_REPRESENTATION_CONTEXT() REPRESENTATION_CONTEXT('2D SPACE',''
  ) );
#680 = PCURVE('',#273,#681);
#681 = DEFINITIONAL_REPRESENTATION('',(#682),#686);
#682 = LINE('',#683,#684);
#683 = CARTESIAN_POINT('',(-6.28318530718,-5.));
#684 = VECTOR('',#685,1.);
#685 = DIRECTION('',(1.,-0.));
#686 = ( GEOMETRIC_REPRESENTATION_CONTEXT(2) 
PARAMETRIC_REPRESENTATION_CONTEXT() REPRESENTATION_CONTEXT('2D SPACE',''
  ) );
#687 = FACE_BOUND('',#688,.T.);
#688 = EDGE_LOOP('',(#689,#712,#733,#754));
#689 = ORIENTED_EDGE('',*,*,#690,.T.);
#690 = EDGE_CURVE('',#691,#693,#695,.T.);
#691 = VERTEX_POINT('',#692);
#692 = CARTESIAN_POINT('',(-6.5,26.5,4.));
#693 = VERTEX_POINT('',#694);
#694 = CARTESIAN_POINT('',(-9.5,26.5,4.));
#695 = SURFACE_CURVE('',#696,(#700,#706),.PCURVE_S1.);
#696 = LINE('',#697,#698);
#697 = CARTESIAN_POINT('',(-4.75,26.5,4.));
#698 = VECTOR('',#699,1.);
#699 = DIRECTION('',(-1.,0.,0.));
#700 = PCURVE('',#136,#701);
#701 = DEFINITIONAL_REPRESENTATION('',(#702),#705);
#702 = B_SPLINE_CURVE_WITH_KNOTS('',1,(#703,#704),.UNSPECIFIED.,.F.,.F.,
  (2,2),(1.75,4.75),.PIECEWISE_BEZIER_KNOTS.);
#703 = CARTESIAN_POINT('',(-6.5,26.5));
#704 = CARTESIAN_POINT('',(-9.5,26.5));
#705 = ( GEOMETRIC_REPRESENTATION_CONTEXT(2) 
PARAMETRIC_REPRESENTATION_CONTEXT() REPRESENTATION_CONTEXT('2D SPACE',''
  ) );
#706 = PCURVE('',#304,#707);
#707 = DEFINITIONAL_REPRESENTATION('',(#708),#711);
#708 = B_SPLINE_CURVE_WITH_KNOTS('',1,(#709,#710),.UNSPECIFIED.,.F.,.F.,
  (2,2),(1.75,4.75),.PIECEWISE_BEZIER_KNOTS.);
#709 = CARTESIAN_POINT('',(5.,3.));
#710 = CARTESIAN_POINT('',(5.,0.));
#711 = ( GEOMETRIC_REPRESENTATION_CONTEXT(2) 
PARAMETRIC_REPRESENTATION_CONTEXT() REPRESENTATION_CONTEXT('2D SPACE',''
  ) );
#712 = ORIENTED_EDGE('',*,*,#713,.T.);
#713 = EDGE_CURVE('',#693,#714,#716,.T.);
#714 = VERTEX_POINT('',#715);
#715 = CARTESIAN_POINT('',(-9.5,33.5,4.));
#716 = SURFACE_CURVE('',#717,(#721,#727),.PCURVE_S1.);
#717 = LINE('',#718,#719);
#718 = CARTESIAN_POINT('',(-9.5,13.25,4.));
#719 = VECTOR('',#720,1.);
#720 = DIRECTION('',(0.,1.,0.));
#721 = PCURVE('',#136,#722);
#722 = DEFINITIONAL_REPRESENTATION('',(#723),#726);
#723 = B_SPLINE_CURVE_WITH_KNOTS('',1,(#724,#725),.UNSPECIFIED.,.F.,.F.,
  (2,2),(13.25,20.25),.PIECEWISE_BEZIER_KNOTS.);
#724 = CARTESIAN_POINT('',(-9.5,26.5));
#725 = CARTESIAN_POINT('',(-9.5,33.5));
#726 = ( GEOMETRIC_REPRESENTATION_CONTEXT(2) 
PARAMETRIC_REPRESENTATION_CONTEXT() REPRESENTATION_CONTEXT('2D SPACE',''
  ) );
#727 = PCURVE('',#330,#728);
#728 = DEFINITIONAL_REPRESENTATION('',(#729),#732);
#729 = B_SPLINE_CURVE_WITH_KNOTS('',1,(#730,#731),.UNSPECIFIED.,.F.,.F.,
  (2,2),(13.25,20.25),.PIECEWISE_BEZIER_KNOTS.);
#730 = CARTESIAN_POINT('',(5.,0.));
#731 = CARTESIAN_POINT('',(5.,-7.));
#732 = ( GEOMETRIC_REPRESENTATION_CONTEXT(2) 
PARAMETRIC_REPRESENTATION_CONTEXT() REPRESENTATION_CONTEXT('2D SPACE',''
  ) );
#733 = ORIENTED_EDGE('',*,*,#734,.F.);
#734 = EDGE_CURVE('',#735,#714,#737,.T.);
#735 = VERTEX_POINT('',#736);
#736 = CARTESIAN_POINT('',(-6.5,33.5,4.));
#737 = SURFACE_CURVE('',#738,(#742,#748),.PCURVE_S1.);
#738 = LINE('',#739,#740);
#739 = CARTESIAN_POINT('',(-4.75,33.5,4.));
#740 = VECTOR('',#741,1.);
#741 = DIRECTION('',(-1.,0.,0.));
#742 = PCURVE('',#136,#743);
#743 = DEFINITIONAL_REPRESENTATION('',(#744),#747);
#744 = B_SPLINE_CURVE_WITH_KNOTS('',1,(#745,#746),.UNSPECIFIED.,.F.,.F.,
  (2,2),(1.75,4.75),.PIECEWISE_BEZIER_KNOTS.);
#745 = CARTESIAN_POINT('',(-6.5,33.5));
#746 = CARTESIAN_POINT('',(-9.5,33.5));
#747 = ( GEOMETRIC_REPRESENTATION_CONTEXT(2) 
PARAMETRIC_REPRESENTATION_CONTEXT() REPRESENTATION_CONTEXT('2D SPACE',''
  ) );
#748 = PCURVE('',#356,#749);
#749 = DEFINITIONAL_REPRESENTATION('',(#750),#753);
#750 = B_SPLINE_CURVE_WITH_KNOTS('',1,(#751,#752),.UNSPECIFIED.,.F.,.F.,
  (2,2),(1.75,4.75),.PIECEWISE_BEZIER_KNOTS.);
#751 = CARTESIAN_POINT('',(5.,3.));
#752 = CARTESIAN_POINT('',(5.,0.));
#753 = ( GEOMETRIC_REPRESENTATION_CONTEXT(2) 
PARAMETRIC_REPRESENTATION_CONTEXT() REPRESENTATION_CONTEXT('2D SPACE',''
  ) );
#754 = ORIENTED_EDGE('',*,*,#755,.F.);
#755 = EDGE_CURVE('',#691,#735,#756,.T.);
#756 = SURFACE_CURVE('',#757,(#761,#767),.PCURVE_S1.);
#757 = LINE('',#758,#759);
#758 = CARTESIAN_POINT('',(-6.5,13.25,4.));
#759 = VECTOR('',#760,1.);
#760 = DIRECTION('',(0.,1.,0.));
#761 = PCURVE('',#136,#762);
#762 = DEFINITIONAL_REPRESENTATION('',(#763),#766);
#763 = B_SPLINE_CURVE_WITH_KNOTS('',1,(#764,#765),.UNSPECIFIED.,.F.,.F.,
  (2,2),(13.25,20.25),.PIECEWISE_BEZIER_KNOTS.);
#764 = CARTESIAN_POINT('',(-6.5,26.5));
#765 = CARTESIAN_POINT('',(-6.5,33.5));
#766 = ( GEOMETRIC_REPRESENTATION_CONTEXT(2) 
PARAMETRIC_REPRESENTATION_CONTEXT() REPRESENTATION_CONTEXT('2D SPACE',''
  ) );
#767 = PCURVE('',#380,#768);
#768 = DEFINITIONAL_REPRESENTATION('',(#769),#772);
#769 = B_SPLINE_CURVE_WITH_KNOTS('',1,(#770,#771),.UNSPECIFIED.,.F.,.F.,
  (2,2),(13.25,20.25),.PIECEWISE_BEZIER_KNOTS.);
#770 = CARTESIAN_POINT('',(5.,0.));
#771 = CARTESIAN_POINT('',(5.,-7.));
#772 = ( GEOMETRIC_REPRESENTATION_CONTEXT(2) 
PARAMETRIC_REPRESENTATION_CONTEXT() REPRESENTATION_CONTEXT('2D SPACE',''
  ) );
#773 = FACE_BOUND('',#774,.T.);
#774 = EDGE_LOOP('',(#775));
#775 = ORIENTED_EDGE('',*,*,#776,.F.);
#776 = EDGE_CURVE('',#777,#777,#779,.T.);
#777 = VERTEX_POINT('',#778);
#778 = CARTESIAN_POINT('',(40.5,0.,4.));
#779 = SURFACE_CURVE('',#780,(#785,#792),.PCURVE_S1.);
#780 = CIRCLE('',#781,4.5);
#781 = AXIS2_PLACEMENT_3D('',#782,#783,#784);
#782 = CARTESIAN_POINT('',(36.,0.,4.));
#783 = DIRECTION('',(0.,0.,1.));
#784 = DIRECTION('',(1.,0.,0.));
#785 = PCURVE('',#136,#786);
#786 = DEFINITIONAL_REPRESENTATION('',(#787),#791);
#787 = CIRCLE('',#788,4.5);
#788 = AXIS2_PLACEMENT_2D('',#789,#790);
#789 = CARTESIAN_POINT('',(36.,-3.692127783966E-16));
#790 = DIRECTION('',(1.,0.));
#791 = ( GEOMETRIC_REPRESENTATION_CONTEXT(2) 
PARAMETRIC_REPRESENTATION_CONTEXT() REPRESENTATION_CONTEXT('2D SPACE',''
  ) );
#792 = PCURVE('',#793,#798);
#793 = CYLINDRICAL_SURFACE('',#794,4.5);
#794 = AXIS2_PLACEMENT_3D('',#795,#796,#797);
#795 = CARTESIAN_POINT('',(36.,0.,4.));
#796 = DIRECTION('',(-0.,-0.,-1.));
#797 = DIRECTION('',(1.,0.,0.));
#798 = DEFINITIONAL_REPRESENTATION('',(#799),#803);
#799 = LINE('',#800,#801);
#800 = CARTESIAN_POINT('',(-0.,0.));
#801 = VECTOR('',#802,1.);
#802 = DIRECTION('',(-1.,0.));
#803 = ( GEOMETRIC_REPRESENTATION_CONTEXT(2) 
PARAMETRIC_REPRESENTATION_CONTEXT() REPRESENTATION_CONTEXT('2D SPACE',''
  ) );
#804 = FACE_BOUND('',#805,.T.);
#805 = EDGE_LOOP('',(#806,#829,#850,#871));
#806 = ORIENTED_EDGE('',*,*,#807,.T.);
#807 = EDGE_CURVE('',#808,#810,#812,.T.);
#808 = VERTEX_POINT('',#809);
#809 = CARTESIAN_POINT('',(9.5,26.5,4.));
#810 = VERTEX_POINT('',#811);
#811 = CARTESIAN_POINT('',(6.5,26.5,4.));
#812 = SURFACE_CURVE('',#813,(#817,#823),.PCURVE_S1.);
#813 = LINE('',#814,#815);
#814 = CARTESIAN_POINT('',(3.25,26.5,4.));
#815 = VECTOR('',#816,1.);
#816 = DIRECTION('',(-1.,0.,0.));
#817 = PCURVE('',#136,#818);
#818 = DEFINITIONAL_REPRESENTATION('',(#819),#822);
#819 = B_SPLINE_CURVE_WITH_KNOTS('',1,(#820,#821),.UNSPECIFIED.,.F.,.F.,
  (2,2),(-6.25,-3.25),.PIECEWISE_BEZIER_KNOTS.);
#820 = CARTESIAN_POINT('',(9.5,26.5));
#821 = CARTESIAN_POINT('',(6.5,26.5));
#822 = ( GEOMETRIC_REPRESENTATION_CONTEXT(2) 
PARAMETRIC_REPRESENTATION_CONTEXT() REPRESENTATION_CONTEXT('2D SPACE',''
  ) );
#823 = PCURVE('',#410,#824);
#824 = DEFINITIONAL_REPRESENTATION('',(#825),#828);
#825 = B_SPLINE_CURVE_WITH_KNOTS('',1,(#826,#827),.UNSPECIFIED.,.F.,.F.,
  (2,2),(-6.25,-3.25),.PIECEWISE_BEZIER_KNOTS.);
#826 = CARTESIAN_POINT('',(5.,3.));
#827 = CARTESIAN_POINT('',(5.,0.));
#828 = ( GEOMETRIC_REPRESENTATION_CONTEXT(2) 
PARAMETRIC_REPRESENTATION_CONTEXT() REPRESENTATION_CONTEXT('2D SPACE',''
  ) );
#829 = ORIENTED_EDGE('',*,*,#830,.T.);
#830 = EDGE_CURVE('',#810,#831,#833,.T.);
#831 = VERTEX_POINT('',#832);
#832 = CARTESIAN_POINT('',(6.5,33.5,4.));
#833 = SURFACE_CURVE('',#834,(#838,#844),.PCURVE_S1.);
#834 = LINE('',#835,#836);
#835 = CARTESIAN_POINT('',(6.5,13.25,4.));
#836 = VECTOR('',#837,1.);
#837 = DIRECTION('',(0.,1.,0.));
#838 = PCURVE('',#136,#839);
#839 = DEFINITIONAL_REPRESENTATION('',(#840),#843);
#840 = B_SPLINE_CURVE_WITH_KNOTS('',1,(#841,#842),.UNSPECIFIED.,.F.,.F.,
  (2,2),(13.25,20.25),.PIECEWISE_BEZIER_KNOTS.);
#841 = CARTESIAN_POINT('',(6.5,26.5));
#842 = CARTESIAN_POINT('',(6.5,33.5));
#843 = ( GEOMETRIC_REPRESENTATION_CONTEXT(2) 
PARAMETRIC_REPRESENTATION_CONTEXT() REPRESENTATION_CONTEXT('2D SPACE',''
  ) );
#844 = PCURVE('',#436,#845);
#845 = DEFINITIONAL_REPRESENTATION('',(#846),#849);
#846 = B_SPLINE_CURVE_WITH_KNOTS('',1,(#847,#848),.UNSPECIFIED.,.F.,.F.,
  (2,2),(13.25,20.25),.PIECEWISE_BEZIER_KNOTS.);
#847 = CARTESIAN_POINT('',(5.,0.));
#848 = CARTESIAN_POINT('',(5.,-7.));
#849 = ( GEOMETRIC_REPRESENTATION_CONTEXT(2) 
PARAMETRIC_REPRESENTATION_CONTEXT() REPRESENTATION_CONTEXT('2D SPACE',''
  ) );
#850 = ORIENTED_EDGE('',*,*,#851,.F.);
#851 = EDGE_CURVE('',#852,#831,#854,.T.);
#852 = VERTEX_POINT('',#853);
#853 = CARTESIAN_POINT('',(9.5,33.5,4.));
#854 = SURFACE_CURVE('',#855,(#859,#865),.PCURVE_S1.);
#855 = LINE('',#856,#857);
#856 = CARTESIAN_POINT('',(3.25,33.5,4.));
#857 = VECTOR('',#858,1.);
#858 = DIRECTION('',(-1.,0.,0.));
#859 = PCURVE('',#136,#860);
#860 = DEFINITIONAL_REPRESENTATION('',(#861),#864);
#861 = B_SPLINE_CURVE_WITH_KNOTS('',1,(#862,#863),.UNSPECIFIED.,.F.,.F.,
  (2,2),(-6.25,-3.25),.PIECEWISE_BEZIER_KNOTS.);
#862 = CARTESIAN_POINT('',(9.5,33.5));
#863 = CARTESIAN_POINT('',(6.5,33.5));
#864 = ( GEOMETRIC_REPRESENTATION_CONTEXT(2) 
PARAMETRIC_REPRESENTATION_CONTEXT() REPRESENTATION_CONTEXT('2D SPACE',''
  ) );
#865 = PCURVE('',#462,#866);
#866 = DEFINITIONAL_REPRESENTATION('',(#867),#870);
#867 = B_SPLINE_CURVE_WITH_KNOTS('',1,(#868,#869),.UNSPECIFIED.,.F.,.F.,
  (2,2),(-6.25,-3.25),.PIECEWISE_BEZIER_KNOTS.);
#868 = CARTESIAN_POINT('',(5.,3.));
#869 = CARTESIAN_POINT('',(5.,0.));
#870 = ( GEOMETRIC_REPRESENTATION_CONTEXT(2) 
PARAMETRIC_REPRESENTATION_CONTEXT() REPRESENTATION_CONTEXT('2D SPACE',''
  ) );
#871 = ORIENTED_EDGE('',*,*,#872,.F.);
#872 = EDGE_CURVE('',#808,#852,#873,.T.);
#873 = SURFACE_CURVE('',#874,(#878,#884),.PCURVE_S1.);
#874 = LINE('',#875,#876);
#875 = CARTESIAN_POINT('',(9.5,13.25,4.));
#876 = VECTOR('',#877,1.);
#877 = DIRECTION('',(0.,1.,0.));
#878 = PCURVE('',#136,#879);
#879 = DEFINITIONAL_REPRESENTATION('',(#880),#883);
#880 = B_SPLINE_CURVE_WITH_KNOTS('',1,(#881,#882),.UNSPECIFIED.,.F.,.F.,
  (2,2),(13.25,20.25),.PIECEWISE_BEZIER_KNOTS.);
#881 = CARTESIAN_POINT('',(9.5,26.5));
#882 = CARTESIAN_POINT('',(9.5,33.5));
#883 = ( GEOMETRIC_REPRESENTATION_CONTEXT(2) 
PARAMETRIC_REPRESENTATION_CONTEXT() REPRESENTATION_CONTEXT('2D SPACE',''
  ) );
#884 = PCURVE('',#486,#885);
#885 = DEFINITIONAL_REPRESENTATION('',(#886),#889);
#886 = B_SPLINE_CURVE_WITH_KNOTS('',1,(#887,#888),.UNSPECIFIED.,.F.,.F.,
  (2,2),(13.25,20.25),.PIECEWISE_BEZIER_KNOTS.);
#887 = CARTESIAN_POINT('',(5.,0.));
#888 = CARTESIAN_POINT('',(5.,-7.));
#889 = ( GEOMETRIC_REPRESENTATION_CONTEXT(2) 
PARAMETRIC_REPRESENTATION_CONTEXT() REPRESENTATION_CONTEXT('2D SPACE',''
  ) );
#890 = FACE_BOUND('',#891,.T.);
#891 = EDGE_LOOP('',(#892));
#892 = ORIENTED_EDGE('',*,*,#893,.F.);
#893 = EDGE_CURVE('',#894,#894,#896,.T.);
#894 = VERTEX_POINT('',#895);
#895 = CARTESIAN_POINT('',(4.5,36.,4.));
#896 = SURFACE_CURVE('',#897,(#902,#909),.PCURVE_S1.);
#897 = CIRCLE('',#898,4.5);
#898 = AXIS2_PLACEMENT_3D('',#899,#900,#901);
#899 = CARTESIAN_POINT('',(2.204364238465E-15,36.,4.));
#900 = DIRECTION('',(0.,0.,1.));
#901 = DIRECTION('',(1.,0.,0.));
#902 = PCURVE('',#136,#903);
#903 = DEFINITIONAL_REPRESENTATION('',(#904),#908);
#904 = CIRCLE('',#905,4.5);
#905 = AXIS2_PLACEMENT_2D('',#906,#907);
#906 = CARTESIAN_POINT('',(4.288082535668E-15,36.));
#907 = DIRECTION('',(1.,0.));
#908 = ( GEOMETRIC_REPRESENTATION_CONTEXT(2) 
PARAMETRIC_REPRESENTATION_CONTEXT() REPRESENTATION_CONTEXT('2D SPACE',''
  ) );
#909 = PCURVE('',#910,#915);
#910 = CYLINDRICAL_SURFACE('',#911,4.5);
#911 = AXIS2_PLACEMENT_3D('',#912,#913,#914);
#912 = CARTESIAN_POINT('',(2.204364238465E-15,36.,4.));
#913 = DIRECTION('',(-0.,-0.,-1.));
#914 = DIRECTION('',(1.,0.,0.));
#915 = DEFINITIONAL_REPRESENTATION('',(#916),#920);
#916 = LINE('',#917,#918);
#917 = CARTESIAN_POINT('',(-0.,0.));
#918 = VECTOR('',#919,1.);
#919 = DIRECTION('',(-1.,0.));
#920 = ( GEOMETRIC_REPRESENTATION_CONTEXT(2) 
PARAMETRIC_REPRESENTATION_CONTEXT() REPRESENTATION_CONTEXT('2D SPACE',''
  ) );
#921 = FACE_BOUND('',#922,.T.);
#922 = EDGE_LOOP('',(#923));
#923 = ORIENTED_EDGE('',*,*,#924,.T.);
#924 = EDGE_CURVE('',#925,#925,#927,.T.);
#925 = VERTEX_POINT('',#926);
#926 = CARTESIAN_POINT('',(27.705844122716,25.455844122716,4.));
#927 = SURFACE_CURVE('',#928,(#933,#944),.PCURVE_S1.);
#928 = CIRCLE('',#929,2.25);
#929 = AXIS2_PLACEMENT_3D('',#930,#931,#932);
#930 = CARTESIAN_POINT('',(25.455844122716,25.455844122716,4.));
#931 = DIRECTION('',(0.,0.,-1.));
#932 = DIRECTION('',(1.,0.,0.));
#933 = PCURVE('',#136,#934);
#934 = DEFINITIONAL_REPRESENTATION('',(#935),#943);
#935 = ( BOUNDED_CURVE() B_SPLINE_CURVE(2,(#936,#937,#938,#939,#940,#941
,#942),.UNSPECIFIED.,.T.,.F.) B_SPLINE_CURVE_WITH_KNOTS((1,2,2,2,2,1),(
    -2.094395102393,0.,2.094395102393,4.188790204786,6.28318530718,
8.377580409573),.UNSPECIFIED.) CURVE() GEOMETRIC_REPRESENTATION_ITEM() 
RATIONAL_B_SPLINE_CURVE((1.,0.5,1.,0.5,1.,0.5,1.)) REPRESENTATION_ITEM(
  '') );
#936 = CARTESIAN_POINT('',(27.705844122716,25.455844122716));
#937 = CARTESIAN_POINT('',(27.705844122716,21.558729805686));
#938 = CARTESIAN_POINT('',(24.330844122716,23.507286964201));
#939 = CARTESIAN_POINT('',(20.955844122716,25.455844122716));
#940 = CARTESIAN_POINT('',(24.330844122716,27.404401281231));
#941 = CARTESIAN_POINT('',(27.705844122716,29.352958439746));
#942 = CARTESIAN_POINT('',(27.705844122716,25.455844122716));
#943 = ( GEOMETRIC_REPRESENTATION_CONTEXT(2) 
PARAMETRIC_REPRESENTATION_CONTEXT() REPRESENTATION_CONTEXT('2D SPACE',''
  ) );
#944 = PCURVE('',#520,#945);
#945 = DEFINITIONAL_REPRESENTATION('',(#946),#950);
#946 = LINE('',#947,#948);
#947 = CARTESIAN_POINT('',(-6.28318530718,-5.));
#948 = VECTOR('',#949,1.);
#949 = DIRECTION('',(1.,-0.));
#950 = ( GEOMETRIC_REPRESENTATION_CONTEXT(2) 
PARAMETRIC_REPRESENTATION_CONTEXT() REPRESENTATION_CONTEXT('2D SPACE',''
  ) );
#951 = ADVANCED_FACE('',(#952),#203,.F.);
#952 = FACE_BOUND('',#953,.T.);
#953 = EDGE_LOOP('',(#954,#955,#976,#977));
#954 = ORIENTED_EDGE('',*,*,#182,.T.);
#955 = ORIENTED_EDGE('',*,*,#956,.T.);
#956 = EDGE_CURVE('',#183,#539,#957,.T.);
#957 = SEAM_CURVE('',#958,(#962,#969),.PCURVE_S1.);
#958 = LINE('',#959,#960);
#959 = CARTESIAN_POINT('',(-23.20584412271,-25.45584412271,-1.));
#960 = VECTOR('',#961,1.);
#961 = DIRECTION('',(0.,0.,1.));
#962 = PCURVE('',#203,#963);
#963 = DEFINITIONAL_REPRESENTATION('',(#964),#968);
#964 = LINE('',#965,#966);
#965 = CARTESIAN_POINT('',(-6.28318530718,0.));
#966 = VECTOR('',#967,1.);
#967 = DIRECTION('',(-0.,-1.));
#968 = ( GEOMETRIC_REPRESENTATION_CONTEXT(2) 
PARAMETRIC_REPRESENTATION_CONTEXT() REPRESENTATION_CONTEXT('2D SPACE',''
  ) );
#969 = PCURVE('',#203,#970);
#970 = DEFINITIONAL_REPRESENTATION('',(#971),#975);
#971 = LINE('',#972,#973);
#972 = CARTESIAN_POINT('',(-0.,0.));
#973 = VECTOR('',#974,1.);
#974 = DIRECTION('',(-0.,-1.));
#975 = ( GEOMETRIC_REPRESENTATION_CONTEXT(2) 
PARAMETRIC_REPRESENTATION_CONTEXT() REPRESENTATION_CONTEXT('2D SPACE',''
  ) );
#976 = ORIENTED_EDGE('',*,*,#538,.F.);
#977 = ORIENTED_EDGE('',*,*,#956,.F.);
#978 = ADVANCED_FACE('',(#979),#238,.F.);
#979 = FACE_BOUND('',#980,.T.);
#980 = EDGE_LOOP('',(#981,#982,#1003,#1004));
#981 = ORIENTED_EDGE('',*,*,#217,.T.);
#982 = ORIENTED_EDGE('',*,*,#983,.T.);
#983 = EDGE_CURVE('',#218,#600,#984,.T.);
#984 = SEAM_CURVE('',#985,(#989,#996),.PCURVE_S1.);
#985 = LINE('',#986,#987);
#986 = CARTESIAN_POINT('',(27.705844122716,-25.45584412271,-1.));
#987 = VECTOR('',#988,1.);
#988 = DIRECTION('',(0.,0.,1.));
#989 = PCURVE('',#238,#990);
#990 = DEFINITIONAL_REPRESENTATION('',(#991),#995);
#991 = LINE('',#992,#993);
#992 = CARTESIAN_POINT('',(-6.28318530718,0.));
#993 = VECTOR('',#994,1.);
#994 = DIRECTION('',(-0.,-1.));
#995 = ( GEOMETRIC_REPRESENTATION_CONTEXT(2) 
PARAMETRIC_REPRESENTATION_CONTEXT() REPRESENTATION_CONTEXT('2D SPACE',''
  ) );
#996 = PCURVE('',#238,#997);
#997 = DEFINITIONAL_REPRESENTATION('',(#998),#1002);
#998 = LINE('',#999,#1000);
#999 = CARTESIAN_POINT('',(-0.,0.));
#1000 = VECTOR('',#1001,1.);
#1001 = DIRECTION('',(-0.,-1.));
#1002 = ( GEOMETRIC_REPRESENTATION_CONTEXT(2) 
PARAMETRIC_REPRESENTATION_CONTEXT() REPRESENTATION_CONTEXT('2D SPACE',''
  ) );
#1003 = ORIENTED_EDGE('',*,*,#599,.F.);
#1004 = ORIENTED_EDGE('',*,*,#983,.F.);
#1005 = ADVANCED_FACE('',(#1006),#273,.F.);
#1006 = FACE_BOUND('',#1007,.T.);
#1007 = EDGE_LOOP('',(#1008,#1009,#1030,#1031));
#1008 = ORIENTED_EDGE('',*,*,#252,.T.);
#1009 = ORIENTED_EDGE('',*,*,#1010,.T.);
#1010 = EDGE_CURVE('',#253,#661,#1011,.T.);
#1011 = SEAM_CURVE('',#1012,(#1016,#1023),.PCURVE_S1.);
#1012 = LINE('',#1013,#1014);
#1013 = CARTESIAN_POINT('',(-23.20584412271,25.455844122716,-1.));
#1014 = VECTOR('',#1015,1.);
#1015 = DIRECTION('',(0.,0.,1.));
#1016 = PCURVE('',#273,#1017);
#1017 = DEFINITIONAL_REPRESENTATION('',(#1018),#1022);
#1018 = LINE('',#1019,#1020);
#1019 = CARTESIAN_POINT('',(-6.28318530718,0.));
#1020 = VECTOR('',#1021,1.);
#1021 = DIRECTION('',(-0.,-1.));
#1022 = ( GEOMETRIC_REPRESENTATION_CONTEXT(2) 
PARAMETRIC_REPRESENTATION_CONTEXT() REPRESENTATION_CONTEXT('2D SPACE',''
  ) );
#1023 = PCURVE('',#273,#1024);
#1024 = DEFINITIONAL_REPRESENTATION('',(#1025),#1029);
#1025 = LINE('',#1026,#1027);
#1026 = CARTESIAN_POINT('',(-0.,0.));
#1027 = VECTOR('',#1028,1.);
#1028 = DIRECTION('',(-0.,-1.));
#1029 = ( GEOMETRIC_REPRESENTATION_CONTEXT(2) 
PARAMETRIC_REPRESENTATION_CONTEXT() REPRESENTATION_CONTEXT('2D SPACE',''
  ) );
#1030 = ORIENTED_EDGE('',*,*,#660,.F.);
#1031 = ORIENTED_EDGE('',*,*,#1010,.F.);
#1032 = ADVANCED_FACE('',(#1033),#304,.T.);
#1033 = FACE_BOUND('',#1034,.T.);
#1034 = EDGE_LOOP('',(#1035,#1056,#1057,#1078));
#1035 = ORIENTED_EDGE('',*,*,#1036,.F.);
#1036 = EDGE_CURVE('',#288,#691,#1037,.T.);
#1037 = SURFACE_CURVE('',#1038,(#1042,#1049),.PCURVE_S1.);
#1038 = LINE('',#1039,#1040);
#1039 = CARTESIAN_POINT('',(-6.5,26.5,-1.));
#1040 = VECTOR('',#1041,1.);
#1041 = DIRECTION('',(0.,0.,1.));
#1042 = PCURVE('',#304,#1043);
#1043 = DEFINITIONAL_REPRESENTATION('',(#1044),#1048);
#1044 = LINE('',#1045,#1046);
#1045 = CARTESIAN_POINT('',(0.,3.));
#1046 = VECTOR('',#1047,1.);
#1047 = DIRECTION('',(1.,0.));
#1048 = ( GEOMETRIC_REPRESENTATION_CONTEXT(2) 
PARAMETRIC_REPRESENTATION_CONTEXT() REPRESENTATION_CONTEXT('2D SPACE',''
  ) );
#1049 = PCURVE('',#380,#1050);
#1050 = DEFINITIONAL_REPRESENTATION('',(#1051),#1055);
#1051 = LINE('',#1052,#1053);
#1052 = CARTESIAN_POINT('',(0.,0.));
#1053 = VECTOR('',#1054,1.);
#1054 = DIRECTION('',(1.,0.));
#1055 = ( GEOMETRIC_REPRESENTATION_CONTEXT(2) 
PARAMETRIC_REPRESENTATION_CONTEXT() REPRESENTATION_CONTEXT('2D SPACE',''
  ) );
#1056 = ORIENTED_EDGE('',*,*,#287,.T.);
#1057 = ORIENTED_EDGE('',*,*,#1058,.T.);
#1058 = EDGE_CURVE('',#290,#693,#1059,.T.);
#1059 = SURFACE_CURVE('',#1060,(#1064,#1071),.PCURVE_S1.);
#1060 = LINE('',#1061,#1062);
#1061 = CARTESIAN_POINT('',(-9.5,26.5,-1.));
#1062 = VECTOR('',#1063,1.);
#1063 = DIRECTION('',(0.,0.,1.));
#1064 = PCURVE('',#304,#1065);
#1065 = DEFINITIONAL_REPRESENTATION('',(#1066),#1070);
#1066 = LINE('',#1067,#1068);
#1067 = CARTESIAN_POINT('',(0.,0.));
#1068 = VECTOR('',#1069,1.);
#1069 = DIRECTION('',(1.,0.));
#1070 = ( GEOMETRIC_REPRESENTATION_CONTEXT(2) 
PARAMETRIC_REPRESENTATION_CONTEXT() REPRESENTATION_CONTEXT('2D SPACE',''
  ) );
#1071 = PCURVE('',#330,#1072);
#1072 = DEFINITIONAL_REPRESENTATION('',(#1073),#1077);
#1073 = LINE('',#1074,#1075);
#1074 = CARTESIAN_POINT('',(0.,0.));
#1075 = VECTOR('',#1076,1.);
#1076 = DIRECTION('',(1.,0.));
#1077 = ( GEOMETRIC_REPRESENTATION_CONTEXT(2) 
PARAMETRIC_REPRESENTATION_CONTEXT() REPRESENTATION_CONTEXT('2D SPACE',''
  ) );
#1078 = ORIENTED_EDGE('',*,*,#690,.F.);
#1079 = ADVANCED_FACE('',(#1080),#380,.F.);
#1080 = FACE_BOUND('',#1081,.F.);
#1081 = EDGE_LOOP('',(#1082,#1083,#1084,#1105));
#1082 = ORIENTED_EDGE('',*,*,#1036,.F.);
#1083 = ORIENTED_EDGE('',*,*,#367,.T.);
#1084 = ORIENTED_EDGE('',*,*,#1085,.T.);
#1085 = EDGE_CURVE('',#342,#735,#1086,.T.);
#1086 = SURFACE_CURVE('',#1087,(#1091,#1098),.PCURVE_S1.);
#1087 = LINE('',#1088,#1089);
#1088 = CARTESIAN_POINT('',(-6.5,33.5,-1.));
#1089 = VECTOR('',#1090,1.);
#1090 = DIRECTION('',(0.,0.,1.));
#1091 = PCURVE('',#380,#1092);
#1092 = DEFINITIONAL_REPRESENTATION('',(#1093),#1097);
#1093 = LINE('',#1094,#1095);
#1094 = CARTESIAN_POINT('',(0.,-7.));
#1095 = VECTOR('',#1096,1.);
#1096 = DIRECTION('',(1.,0.));
#1097 = ( GEOMETRIC_REPRESENTATION_CONTEXT(2) 
PARAMETRIC_REPRESENTATION_CONTEXT() REPRESENTATION_CONTEXT('2D SPACE',''
  ) );
#1098 = PCURVE('',#356,#1099);
#1099 = DEFINITIONAL_REPRESENTATION('',(#1100),#1104);
#1100 = LINE('',#1101,#1102);
#1101 = CARTESIAN_POINT('',(0.,3.));
#1102 = VECTOR('',#1103,1.);
#1103 = DIRECTION('',(1.,0.));
#1104 = ( GEOMETRIC_REPRESENTATION_CONTEXT(2) 
PARAMETRIC_REPRESENTATION_CONTEXT() REPRESENTATION_CONTEXT('2D SPACE',''
  ) );
#1105 = ORIENTED_EDGE('',*,*,#755,.F.);
#1106 = ADVANCED_FACE('',(#1107),#330,.T.);
#1107 = FACE_BOUND('',#1108,.T.);
#1108 = EDGE_LOOP('',(#1109,#1110,#1111,#1132));
#1109 = ORIENTED_EDGE('',*,*,#1058,.F.);
#1110 = ORIENTED_EDGE('',*,*,#315,.T.);
#1111 = ORIENTED_EDGE('',*,*,#1112,.T.);
#1112 = EDGE_CURVE('',#316,#714,#1113,.T.);
#1113 = SURFACE_CURVE('',#1114,(#1118,#1125),.PCURVE_S1.);
#1114 = LINE('',#1115,#1116);
#1115 = CARTESIAN_POINT('',(-9.5,33.5,-1.));
#1116 = VECTOR('',#1117,1.);
#1117 = DIRECTION('',(0.,0.,1.));
#1118 = PCURVE('',#330,#1119);
#1119 = DEFINITIONAL_REPRESENTATION('',(#1120),#1124);
#1120 = LINE('',#1121,#1122);
#1121 = CARTESIAN_POINT('',(0.,-7.));
#1122 = VECTOR('',#1123,1.);
#1123 = DIRECTION('',(1.,0.));
#1124 = ( GEOMETRIC_REPRESENTATION_CONTEXT(2) 
PARAMETRIC_REPRESENTATION_CONTEXT() REPRESENTATION_CONTEXT('2D SPACE',''
  ) );
#1125 = PCURVE('',#356,#1126);
#1126 = DEFINITIONAL_REPRESENTATION('',(#1127),#1131);
#1127 = LINE('',#1128,#1129);
#1128 = CARTESIAN_POINT('',(0.,0.));
#1129 = VECTOR('',#1130,1.);
#1130 = DIRECTION('',(1.,0.));
#1131 = ( GEOMETRIC_REPRESENTATION_CONTEXT(2) 
PARAMETRIC_REPRESENTATION_CONTEXT() REPRESENTATION_CONTEXT('2D SPACE',''
  ) );
#1132 = ORIENTED_EDGE('',*,*,#713,.F.);
#1133 = ADVANCED_FACE('',(#1134),#356,.F.);
#1134 = FACE_BOUND('',#1135,.F.);
#1135 = EDGE_LOOP('',(#1136,#1137,#1138,#1139));
#1136 = ORIENTED_EDGE('',*,*,#1085,.F.);
#1137 = ORIENTED_EDGE('',*,*,#341,.T.);
#1138 = ORIENTED_EDGE('',*,*,#1112,.T.);
#1139 = ORIENTED_EDGE('',*,*,#734,.F.);
#1140 = ADVANCED_FACE('',(#1141),#410,.T.);
#1141 = FACE_BOUND('',#1142,.T.);
#1142 = EDGE_LOOP('',(#1143,#1164,#1165,#1186));
#1143 = ORIENTED_EDGE('',*,*,#1144,.F.);
#1144 = EDGE_CURVE('',#394,#808,#1145,.T.);
#1145 = SURFACE_CURVE('',#1146,(#1150,#1157),.PCURVE_S1.);
#1146 = LINE('',#1147,#1148);
#1147 = CARTESIAN_POINT('',(9.5,26.5,-1.));
#1148 = VECTOR('',#1149,1.);
#1149 = DIRECTION('',(0.,0.,1.));
#1150 = PCURVE('',#410,#1151);
#1151 = DEFINITIONAL_REPRESENTATION('',(#1152),#1156);
#1152 = LINE('',#1153,#1154);
#1153 = CARTESIAN_POINT('',(0.,3.));
#1154 = VECTOR('',#1155,1.);
#1155 = DIRECTION('',(1.,0.));
#1156 = ( GEOMETRIC_REPRESENTATION_CONTEXT(2) 
PARAMETRIC_REPRESENTATION_CONTEXT() REPRESENTATION_CONTEXT('2D SPACE',''
  ) );
#1157 = PCURVE('',#486,#1158);
#1158 = DEFINITIONAL_REPRESENTATION('',(#1159),#1163);
#1159 = LINE('',#1160,#1161);
#1160 = CARTESIAN_POINT('',(0.,0.));
#1161 = VECTOR('',#1162,1.);
#1162 = DIRECTION('',(1.,0.));
#1163 = ( GEOMETRIC_REPRESENTATION_CONTEXT(2) 
PARAMETRIC_REPRESENTATION_CONTEXT() REPRESENTATION_CONTEXT('2D SPACE',''
  ) );
#1164 = ORIENTED_EDGE('',*,*,#393,.T.);
#1165 = ORIENTED_EDGE('',*,*,#1166,.T.);
#1166 = EDGE_CURVE('',#396,#810,#1167,.T.);
#1167 = SURFACE_CURVE('',#1168,(#1172,#1179),.PCURVE_S1.);
#1168 = LINE('',#1169,#1170);
#1169 = CARTESIAN_POINT('',(6.5,26.5,-1.));
#1170 = VECTOR('',#1171,1.);
#1171 = DIRECTION('',(0.,0.,1.));
#1172 = PCURVE('',#410,#1173);
#1173 = DEFINITIONAL_REPRESENTATION('',(#1174),#1178);
#1174 = LINE('',#1175,#1176);
#1175 = CARTESIAN_POINT('',(0.,0.));
#1176 = VECTOR('',#1177,1.);
#1177 = DIRECTION('',(1.,0.));
#1178 = ( GEOMETRIC_REPRESENTATION_CONTEXT(2) 
PARAMETRIC_REPRESENTATION_CONTEXT() REPRESENTATION_CONTEXT('2D SPACE',''
  ) );
#1179 = PCURVE('',#436,#1180);
#1180 = DEFINITIONAL_REPRESENTATION('',(#1181),#1185);
#1181 = LINE('',#1182,#1183);
#1182 = CARTESIAN_POINT('',(0.,0.));
#1183 = VECTOR('',#1184,1.);
#1184 = DIRECTION('',(1.,0.));
#1185 = ( GEOMETRIC_REPRESENTATION_CONTEXT(2) 
PARAMETRIC_REPRESENTATION_CONTEXT() REPRESENTATION_CONTEXT('2D SPACE',''
  ) );
#1186 = ORIENTED_EDGE('',*,*,#807,.F.);
#1187 = ADVANCED_FACE('',(#1188),#486,.F.);
#1188 = FACE_BOUND('',#1189,.F.);
#1189 = EDGE_LOOP('',(#1190,#1191,#1192,#1213));
#1190 = ORIENTED_EDGE('',*,*,#1144,.F.);
#1191 = ORIENTED_EDGE('',*,*,#473,.T.);
#1192 = ORIENTED_EDGE('',*,*,#1193,.T.);
#1193 = EDGE_CURVE('',#448,#852,#1194,.T.);
#1194 = SURFACE_CURVE('',#1195,(#1199,#1206),.PCURVE_S1.);
#1195 = LINE('',#1196,#1197);
#1196 = CARTESIAN_POINT('',(9.5,33.5,-1.));
#1197 = VECTOR('',#1198,1.);
#1198 = DIRECTION('',(0.,0.,1.));
#1199 = PCURVE('',#486,#1200);
#1200 = DEFINITIONAL_REPRESENTATION('',(#1201),#1205);
#1201 = LINE('',#1202,#1203);
#1202 = CARTESIAN_POINT('',(0.,-7.));
#1203 = VECTOR('',#1204,1.);
#1204 = DIRECTION('',(1.,0.));
#1205 = ( GEOMETRIC_REPRESENTATION_CONTEXT(2) 
PARAMETRIC_REPRESENTATION_CONTEXT() REPRESENTATION_CONTEXT('2D SPACE',''
  ) );
#1206 = PCURVE('',#462,#1207);
#1207 = DEFINITIONAL_REPRESENTATION('',(#1208),#1212);
#1208 = LINE('',#1209,#1210);
#1209 = CARTESIAN_POINT('',(0.,3.));
#1210 = VECTOR('',#1211,1.);
#1211 = DIRECTION('',(1.,0.));
#1212 = ( GEOMETRIC_REPRESENTATION_CONTEXT(2) 
PARAMETRIC_REPRESENTATION_CONTEXT() REPRESENTATION_CONTEXT('2D SPACE',''
  ) );
#1213 = ORIENTED_EDGE('',*,*,#872,.F.);
#1214 = ADVANCED_FACE('',(#1215),#462,.F.);
#1215 = FACE_BOUND('',#1216,.F.);
#1216 = EDGE_LOOP('',(#1217,#1218,#1219,#1240));
#1217 = ORIENTED_EDGE('',*,*,#1193,.F.);
#1218 = ORIENTED_EDGE('',*,*,#447,.T.);
#1219 = ORIENTED_EDGE('',*,*,#1220,.T.);
#1220 = EDGE_CURVE('',#422,#831,#1221,.T.);
#1221 = SURFACE_CURVE('',#1222,(#1226,#1233),.PCURVE_S1.);
#1222 = LINE('',#1223,#1224);
#1223 = CARTESIAN_POINT('',(6.5,33.5,-1.));
#1224 = VECTOR('',#1225,1.);
#1225 = DIRECTION('',(0.,0.,1.));
#1226 = PCURVE('',#462,#1227);
#1227 = DEFINITIONAL_REPRESENTATION('',(#1228),#1232);
#1228 = LINE('',#1229,#1230);
#1229 = CARTESIAN_POINT('',(0.,0.));
#1230 = VECTOR('',#1231,1.);
#1231 = DIRECTION('',(1.,0.));
#1232 = ( GEOMETRIC_REPRESENTATION_CONTEXT(2) 
PARAMETRIC_REPRESENTATION_CONTEXT() REPRESENTATION_CONTEXT('2D SPACE',''
  ) );
#1233 = PCURVE('',#436,#1234);
#1234 = DEFINITIONAL_REPRESENTATION('',(#1235),#1239);
#1235 = LINE('',#1236,#1237);
#1236 = CARTESIAN_POINT('',(0.,-7.));
#1237 = VECTOR('',#1238,1.);
#1238 = DIRECTION('',(1.,0.));
#1239 = ( GEOMETRIC_REPRESENTATION_CONTEXT(2) 
PARAMETRIC_REPRESENTATION_CONTEXT() REPRESENTATION_CONTEXT('2D SPACE',''
  ) );
#1240 = ORIENTED_EDGE('',*,*,#851,.F.);
#1241 = ADVANCED_FACE('',(#1242),#436,.T.);
#1242 = FACE_BOUND('',#1243,.T.);
#1243 = EDGE_LOOP('',(#1244,#1245,#1246,#1247));
#1244 = ORIENTED_EDGE('',*,*,#1166,.F.);
#1245 = ORIENTED_EDGE('',*,*,#421,.T.);
#1246 = ORIENTED_EDGE('',*,*,#1220,.T.);
#1247 = ORIENTED_EDGE('',*,*,#830,.F.);
#1248 = ADVANCED_FACE('',(#1249),#520,.F.);
#1249 = FACE_BOUND('',#1250,.T.);
#1250 = EDGE_LOOP('',(#1251,#1252,#1273,#1274));
#1251 = ORIENTED_EDGE('',*,*,#499,.T.);
#1252 = ORIENTED_EDGE('',*,*,#1253,.T.);
#1253 = EDGE_CURVE('',#500,#925,#1254,.T.);
#1254 = SEAM_CURVE('',#1255,(#1259,#1266),.PCURVE_S1.);
#1255 = LINE('',#1256,#1257);
#1256 = CARTESIAN_POINT('',(27.705844122716,25.455844122716,-1.));
#1257 = VECTOR('',#1258,1.);
#1258 = DIRECTION('',(0.,0.,1.));
#1259 = PCURVE('',#520,#1260);
#1260 = DEFINITIONAL_REPRESENTATION('',(#1261),#1265);
#1261 = LINE('',#1262,#1263);
#1262 = CARTESIAN_POINT('',(-6.28318530718,0.));
#1263 = VECTOR('',#1264,1.);
#1264 = DIRECTION('',(-0.,-1.));
#1265 = ( GEOMETRIC_REPRESENTATION_CONTEXT(2) 
PARAMETRIC_REPRESENTATION_CONTEXT() REPRESENTATION_CONTEXT('2D SPACE',''
  ) );
#1266 = PCURVE('',#520,#1267);
#1267 = DEFINITIONAL_REPRESENTATION('',(#1268),#1272);
#1268 = LINE('',#1269,#1270);
#1269 = CARTESIAN_POINT('',(-0.,0.));
#1270 = VECTOR('',#1271,1.);
#1271 = DIRECTION('',(-0.,-1.));
#1272 = ( GEOMETRIC_REPRESENTATION_CONTEXT(2) 
PARAMETRIC_REPRESENTATION_CONTEXT() REPRESENTATION_CONTEXT('2D SPACE',''
  ) );
#1273 = ORIENTED_EDGE('',*,*,#924,.F.);
#1274 = ORIENTED_EDGE('',*,*,#1253,.F.);
#1275 = ADVANCED_FACE('',(#1276),#585,.T.);
#1276 = FACE_BOUND('',#1277,.F.);
#1277 = EDGE_LOOP('',(#1278,#1301,#1328,#1329));
#1278 = ORIENTED_EDGE('',*,*,#1279,.T.);
#1279 = EDGE_CURVE('',#569,#1280,#1282,.T.);
#1280 = VERTEX_POINT('',#1281);
#1281 = CARTESIAN_POINT('',(4.5,-36.,46.));
#1282 = SEAM_CURVE('',#1283,(#1287,#1294),.PCURVE_S1.);
#1283 = LINE('',#1284,#1285);
#1284 = CARTESIAN_POINT('',(4.5,-36.,4.));
#1285 = VECTOR('',#1286,1.);
#1286 = DIRECTION('',(0.,0.,1.));
#1287 = PCURVE('',#585,#1288);
#1288 = DEFINITIONAL_REPRESENTATION('',(#1289),#1293);
#1289 = LINE('',#1290,#1291);
#1290 = CARTESIAN_POINT('',(-0.,0.));
#1291 = VECTOR('',#1292,1.);
#1292 = DIRECTION('',(-0.,-1.));
#1293 = ( GEOMETRIC_REPRESENTATION_CONTEXT(2) 
PARAMETRIC_REPRESENTATION_CONTEXT() REPRESENTATION_CONTEXT('2D SPACE',''
  ) );
#1294 = PCURVE('',#585,#1295);
#1295 = DEFINITIONAL_REPRESENTATION('',(#1296),#1300);
#1296 = LINE('',#1297,#1298);
#1297 = CARTESIAN_POINT('',(-6.28318530718,0.));
#1298 = VECTOR('',#1299,1.);
#1299 = DIRECTION('',(-0.,-1.));
#1300 = ( GEOMETRIC_REPRESENTATION_CONTEXT(2) 
PARAMETRIC_REPRESENTATION_CONTEXT() REPRESENTATION_CONTEXT('2D SPACE',''
  ) );
#1301 = ORIENTED_EDGE('',*,*,#1302,.T.);
#1302 = EDGE_CURVE('',#1280,#1280,#1303,.T.);
#1303 = SURFACE_CURVE('',#1304,(#1309,#1316),.PCURVE_S1.);
#1304 = CIRCLE('',#1305,4.5);
#1305 = AXIS2_PLACEMENT_3D('',#1306,#1307,#1308);
#1306 = CARTESIAN_POINT('',(-6.613092715396E-15,-36.,46.));
#1307 = DIRECTION('',(0.,0.,1.));
#1308 = DIRECTION('',(1.,0.,0.));
#1309 = PCURVE('',#585,#1310);
#1310 = DEFINITIONAL_REPRESENTATION('',(#1311),#1315);
#1311 = LINE('',#1312,#1313);
#1312 = CARTESIAN_POINT('',(-0.,-42.));
#1313 = VECTOR('',#1314,1.);
#1314 = DIRECTION('',(-1.,0.));
#1315 = ( GEOMETRIC_REPRESENTATION_CONTEXT(2) 
PARAMETRIC_REPRESENTATION_CONTEXT() REPRESENTATION_CONTEXT('2D SPACE',''
  ) );
#1316 = PCURVE('',#1317,#1322);
#1317 = PLANE('',#1318);
#1318 = AXIS2_PLACEMENT_3D('',#1319,#1320,#1321);
#1319 = CARTESIAN_POINT('',(-6.837200662697E-15,-36.,46.));
#1320 = DIRECTION('',(0.,0.,1.));
#1321 = DIRECTION('',(1.,0.,-0.));
#1322 = DEFINITIONAL_REPRESENTATION('',(#1323),#1327);
#1323 = CIRCLE('',#1324,4.5);
#1324 = AXIS2_PLACEMENT_2D('',#1325,#1326);
#1325 = CARTESIAN_POINT('',(2.241079473014E-16,0.));
#1326 = DIRECTION('',(1.,0.));
#1327 = ( GEOMETRIC_REPRESENTATION_CONTEXT(2) 
PARAMETRIC_REPRESENTATION_CONTEXT() REPRESENTATION_CONTEXT('2D SPACE',''
  ) );
#1328 = ORIENTED_EDGE('',*,*,#1279,.F.);
#1329 = ORIENTED_EDGE('',*,*,#568,.F.);
#1330 = ADVANCED_FACE('',(#1331),#646,.T.);
#1331 = FACE_BOUND('',#1332,.F.);
#1332 = EDGE_LOOP('',(#1333,#1356,#1383,#1384));
#1333 = ORIENTED_EDGE('',*,*,#1334,.T.);
#1334 = EDGE_CURVE('',#630,#1335,#1337,.T.);
#1335 = VERTEX_POINT('',#1336);
#1336 = CARTESIAN_POINT('',(-31.5,4.40872847693E-15,46.));
#1337 = SEAM_CURVE('',#1338,(#1342,#1349),.PCURVE_S1.);
#1338 = LINE('',#1339,#1340);
#1339 = CARTESIAN_POINT('',(-31.5,4.40872847693E-15,4.));
#1340 = VECTOR('',#1341,1.);
#1341 = DIRECTION('',(0.,0.,1.));
#1342 = PCURVE('',#646,#1343);
#1343 = DEFINITIONAL_REPRESENTATION('',(#1344),#1348);
#1344 = LINE('',#1345,#1346);
#1345 = CARTESIAN_POINT('',(-0.,0.));
#1346 = VECTOR('',#1347,1.);
#1347 = DIRECTION('',(-0.,-1.));
#1348 = ( GEOMETRIC_REPRESENTATION_CONTEXT(2) 
PARAMETRIC_REPRESENTATION_CONTEXT() REPRESENTATION_CONTEXT('2D SPACE',''
  ) );
#1349 = PCURVE('',#646,#1350);
#1350 = DEFINITIONAL_REPRESENTATION('',(#1351),#1355);
#1351 = LINE('',#1352,#1353);
#1352 = CARTESIAN_POINT('',(-6.28318530718,0.));
#1353 = VECTOR('',#1354,1.);
#1354 = DIRECTION('',(-0.,-1.));
#1355 = ( GEOMETRIC_REPRESENTATION_CONTEXT(2) 
PARAMETRIC_REPRESENTATION_CONTEXT() REPRESENTATION_CONTEXT('2D SPACE',''
  ) );
#1356 = ORIENTED_EDGE('',*,*,#1357,.T.);
#1357 = EDGE_CURVE('',#1335,#1335,#1358,.T.);
#1358 = SURFACE_CURVE('',#1359,(#1364,#1371),.PCURVE_S1.);
#1359 = CIRCLE('',#1360,4.5);
#1360 = AXIS2_PLACEMENT_3D('',#1361,#1362,#1363);
#1361 = CARTESIAN_POINT('',(-36.,4.40872847693E-15,46.));
#1362 = DIRECTION('',(0.,0.,1.));
#1363 = DIRECTION('',(1.,0.,0.));
#1364 = PCURVE('',#646,#1365);
#1365 = DEFINITIONAL_REPRESENTATION('',(#1366),#1370);
#1366 = LINE('',#1367,#1368);
#1367 = CARTESIAN_POINT('',(-0.,-42.));
#1368 = VECTOR('',#1369,1.);
#1369 = DIRECTION('',(-1.,0.));
#1370 = ( GEOMETRIC_REPRESENTATION_CONTEXT(2) 
PARAMETRIC_REPRESENTATION_CONTEXT() REPRESENTATION_CONTEXT('2D SPACE',''
  ) );
#1371 = PCURVE('',#1372,#1377);
#1372 = PLANE('',#1373);
#1373 = AXIS2_PLACEMENT_3D('',#1374,#1375,#1376);
#1374 = CARTESIAN_POINT('',(-36.,4.805349249739E-15,46.));
#1375 = DIRECTION('',(0.,0.,1.));
#1376 = DIRECTION('',(1.,0.,-0.));
#1377 = DEFINITIONAL_REPRESENTATION('',(#1378),#1382);
#1378 = CIRCLE('',#1379,4.5);
#1379 = AXIS2_PLACEMENT_2D('',#1380,#1381);
#1380 = CARTESIAN_POINT('',(-7.105427357601E-15,-3.966207728085E-16));
#1381 = DIRECTION('',(1.,0.));
#1382 = ( GEOMETRIC_REPRESENTATION_CONTEXT(2) 
PARAMETRIC_REPRESENTATION_CONTEXT() REPRESENTATION_CONTEXT('2D SPACE',''
  ) );
#1383 = ORIENTED_EDGE('',*,*,#1334,.F.);
#1384 = ORIENTED_EDGE('',*,*,#629,.F.);
#1385 = ADVANCED_FACE('',(#1386),#793,.T.);
#1386 = FACE_BOUND('',#1387,.F.);
#1387 = EDGE_LOOP('',(#1388,#1411,#1438,#1439));
#1388 = ORIENTED_EDGE('',*,*,#1389,.T.);
#1389 = EDGE_CURVE('',#777,#1390,#1392,.T.);
#1390 = VERTEX_POINT('',#1391);
#1391 = CARTESIAN_POINT('',(40.5,0.,46.));
#1392 = SEAM_CURVE('',#1393,(#1397,#1404),.PCURVE_S1.);
#1393 = LINE('',#1394,#1395);
#1394 = CARTESIAN_POINT('',(40.5,0.,4.));
#1395 = VECTOR('',#1396,1.);
#1396 = DIRECTION('',(0.,0.,1.));
#1397 = PCURVE('',#793,#1398);
#1398 = DEFINITIONAL_REPRESENTATION('',(#1399),#1403);
#1399 = LINE('',#1400,#1401);
#1400 = CARTESIAN_POINT('',(-0.,0.));
#1401 = VECTOR('',#1402,1.);
#1402 = DIRECTION('',(-0.,-1.));
#1403 = ( GEOMETRIC_REPRESENTATION_CONTEXT(2) 
PARAMETRIC_REPRESENTATION_CONTEXT() REPRESENTATION_CONTEXT('2D SPACE',''
  ) );
#1404 = PCURVE('',#793,#1405);
#1405 = DEFINITIONAL_REPRESENTATION('',(#1406),#1410);
#1406 = LINE('',#1407,#1408);
#1407 = CARTESIAN_POINT('',(-6.28318530718,0.));
#1408 = VECTOR('',#1409,1.);
#1409 = DIRECTION('',(-0.,-1.));
#1410 = ( GEOMETRIC_REPRESENTATION_CONTEXT(2) 
PARAMETRIC_REPRESENTATION_CONTEXT() REPRESENTATION_CONTEXT('2D SPACE',''
  ) );
#1411 = ORIENTED_EDGE('',*,*,#1412,.T.);
#1412 = EDGE_CURVE('',#1390,#1390,#1413,.T.);
#1413 = SURFACE_CURVE('',#1414,(#1419,#1426),.PCURVE_S1.);
#1414 = CIRCLE('',#1415,4.5);
#1415 = AXIS2_PLACEMENT_3D('',#1416,#1417,#1418);
#1416 = CARTESIAN_POINT('',(36.,0.,46.));
#1417 = DIRECTION('',(0.,0.,1.));
#1418 = DIRECTION('',(1.,0.,0.));
#1419 = PCURVE('',#793,#1420);
#1420 = DEFINITIONAL_REPRESENTATION('',(#1421),#1425);
#1421 = LINE('',#1422,#1423);
#1422 = CARTESIAN_POINT('',(-0.,-42.));
#1423 = VECTOR('',#1424,1.);
#1424 = DIRECTION('',(-1.,0.));
#1425 = ( GEOMETRIC_REPRESENTATION_CONTEXT(2) 
PARAMETRIC_REPRESENTATION_CONTEXT() REPRESENTATION_CONTEXT('2D SPACE',''
  ) );
#1426 = PCURVE('',#1427,#1432);
#1427 = PLANE('',#1428);
#1428 = AXIS2_PLACEMENT_3D('',#1429,#1430,#1431);
#1429 = CARTESIAN_POINT('',(36.,2.72116357641E-16,46.));
#1430 = DIRECTION('',(0.,0.,1.));
#1431 = DIRECTION('',(1.,0.,-0.));
#1432 = DEFINITIONAL_REPRESENTATION('',(#1433),#1437);
#1433 = CIRCLE('',#1434,4.5);
#1434 = AXIS2_PLACEMENT_2D('',#1435,#1436);
#1435 = CARTESIAN_POINT('',(7.105427357601E-15,-2.72116357641E-16));
#1436 = DIRECTION('',(1.,0.));
#1437 = ( GEOMETRIC_REPRESENTATION_CONTEXT(2) 
PARAMETRIC_REPRESENTATION_CONTEXT() REPRESENTATION_CONTEXT('2D SPACE',''
  ) );
#1438 = ORIENTED_EDGE('',*,*,#1389,.F.);
#1439 = ORIENTED_EDGE('',*,*,#776,.F.);
#1440 = ADVANCED_FACE('',(#1441),#910,.T.);
#1441 = FACE_BOUND('',#1442,.F.);
#1442 = EDGE_LOOP('',(#1443,#1466,#1493,#1494));
#1443 = ORIENTED_EDGE('',*,*,#1444,.T.);
#1444 = EDGE_CURVE('',#894,#1445,#1447,.T.);
#1445 = VERTEX_POINT('',#1446);
#1446 = CARTESIAN_POINT('',(4.5,36.,46.));
#1447 = SEAM_CURVE('',#1448,(#1452,#1459),.PCURVE_S1.);
#1448 = LINE('',#1449,#1450);
#1449 = CARTESIAN_POINT('',(4.5,36.,4.));
#1450 = VECTOR('',#1451,1.);
#1451 = DIRECTION('',(0.,0.,1.));
#1452 = PCURVE('',#910,#1453);
#1453 = DEFINITIONAL_REPRESENTATION('',(#1454),#1458);
#1454 = LINE('',#1455,#1456);
#1455 = CARTESIAN_POINT('',(-0.,0.));
#1456 = VECTOR('',#1457,1.);
#1457 = DIRECTION('',(-0.,-1.));
#1458 = ( GEOMETRIC_REPRESENTATION_CONTEXT(2) 
PARAMETRIC_REPRESENTATION_CONTEXT() REPRESENTATION_CONTEXT('2D SPACE',''
  ) );
#1459 = PCURVE('',#910,#1460);
#1460 = DEFINITIONAL_REPRESENTATION('',(#1461),#1465);
#1461 = LINE('',#1462,#1463);
#1462 = CARTESIAN_POINT('',(-6.28318530718,0.));
#1463 = VECTOR('',#1464,1.);
#1464 = DIRECTION('',(-0.,-1.));
#1465 = ( GEOMETRIC_REPRESENTATION_CONTEXT(2) 
PARAMETRIC_REPRESENTATION_CONTEXT() REPRESENTATION_CONTEXT('2D SPACE',''
  ) );
#1466 = ORIENTED_EDGE('',*,*,#1467,.T.);
#1467 = EDGE_CURVE('',#1445,#1445,#1468,.T.);
#1468 = SURFACE_CURVE('',#1469,(#1474,#1481),.PCURVE_S1.);
#1469 = CIRCLE('',#1470,4.5);
#1470 = AXIS2_PLACEMENT_3D('',#1471,#1472,#1473);
#1471 = CARTESIAN_POINT('',(2.204364238465E-15,36.,46.));
#1472 = DIRECTION('',(0.,0.,1.));
#1473 = DIRECTION('',(1.,0.,0.));
#1474 = PCURVE('',#910,#1475);
#1475 = DEFINITIONAL_REPRESENTATION('',(#1476),#1480);
#1476 = LINE('',#1477,#1478);
#1477 = CARTESIAN_POINT('',(-0.,-42.));
#1478 = VECTOR('',#1479,1.);
#1479 = DIRECTION('',(-1.,0.));
#1480 = ( GEOMETRIC_REPRESENTATION_CONTEXT(2) 
PARAMETRIC_REPRESENTATION_CONTEXT() REPRESENTATION_CONTEXT('2D SPACE',''
  ) );
#1481 = PCURVE('',#1482,#1487);
#1482 = PLANE('',#1483);
#1483 = AXIS2_PLACEMENT_3D('',#1484,#1485,#1486);
#1484 = CARTESIAN_POINT('',(1.823253510053E-15,36.,46.));
#1485 = DIRECTION('',(0.,0.,1.));
#1486 = DIRECTION('',(1.,0.,-0.));
#1487 = DEFINITIONAL_REPRESENTATION('',(#1488),#1492);
#1488 = CIRCLE('',#1489,4.5);
#1489 = AXIS2_PLACEMENT_2D('',#1490,#1491);
#1490 = CARTESIAN_POINT('',(3.811107284127E-16,7.105427357601E-15));
#1491 = DIRECTION('',(1.,0.));
#1492 = ( GEOMETRIC_REPRESENTATION_CONTEXT(2) 
PARAMETRIC_REPRESENTATION_CONTEXT() REPRESENTATION_CONTEXT('2D SPACE',''
  ) );
#1493 = ORIENTED_EDGE('',*,*,#1444,.F.);
#1494 = ORIENTED_EDGE('',*,*,#893,.F.);
#1495 = ADVANCED_FACE('',(#1496,#1499),#1317,.T.);
#1496 = FACE_BOUND('',#1497,.T.);
#1497 = EDGE_LOOP('',(#1498));
#1498 = ORIENTED_EDGE('',*,*,#1302,.T.);
#1499 = FACE_BOUND('',#1500,.T.);
#1500 = EDGE_LOOP('',(#1501));
#1501 = ORIENTED_EDGE('',*,*,#1502,.T.);
#1502 = EDGE_CURVE('',#1503,#1503,#1505,.T.);
#1503 = VERTEX_POINT('',#1504);
#1504 = CARTESIAN_POINT('',(2.8,-36.,46.));
#1505 = SURFACE_CURVE('',#1506,(#1511,#1522),.PCURVE_S1.);
#1506 = CIRCLE('',#1507,2.8);
#1507 = AXIS2_PLACEMENT_3D('',#1508,#1509,#1510);
#1508 = CARTESIAN_POINT('',(-6.613092715396E-15,-36.,46.));
#1509 = DIRECTION('',(0.,0.,-1.));
#1510 = DIRECTION('',(1.,0.,0.));
#1511 = PCURVE('',#1317,#1512);
#1512 = DEFINITIONAL_REPRESENTATION('',(#1513),#1521);
#1513 = ( BOUNDED_CURVE() B_SPLINE_CURVE(2,(#1514,#1515,#1516,#1517,
#1518,#1519,#1520),.UNSPECIFIED.,.T.,.F.) B_SPLINE_CURVE_WITH_KNOTS((1,2
    ,2,2,2,1),(-2.094395102393,0.,2.094395102393,4.188790204786,
6.28318530718,8.377580409573),.UNSPECIFIED.) CURVE() 
GEOMETRIC_REPRESENTATION_ITEM() RATIONAL_B_SPLINE_CURVE((1.,0.5,1.,0.5,
1.,0.5,1.)) REPRESENTATION_ITEM('') );
#1514 = CARTESIAN_POINT('',(2.8,0.));
#1515 = CARTESIAN_POINT('',(2.8,-4.849742261193));
#1516 = CARTESIAN_POINT('',(-1.4,-2.424871130596));
#1517 = CARTESIAN_POINT('',(-5.6,-6.858022075225E-16));
#1518 = CARTESIAN_POINT('',(-1.4,2.424871130596));
#1519 = CARTESIAN_POINT('',(2.8,4.849742261193));
#1520 = CARTESIAN_POINT('',(2.8,0.));
#1521 = ( GEOMETRIC_REPRESENTATION_CONTEXT(2) 
PARAMETRIC_REPRESENTATION_CONTEXT() REPRESENTATION_CONTEXT('2D SPACE',''
  ) );
#1522 = PCURVE('',#1523,#1528);
#1523 = CYLINDRICAL_SURFACE('',#1524,2.8);
#1524 = AXIS2_PLACEMENT_3D('',#1525,#1526,#1527);
#1525 = CARTESIAN_POINT('',(-6.613092715396E-15,-36.,39.5));
#1526 = DIRECTION('',(-0.,-0.,-1.));
#1527 = DIRECTION('',(1.,0.,0.));
#1528 = DEFINITIONAL_REPRESENTATION('',(#1529),#1533);
#1529 = LINE('',#1530,#1531);
#1530 = CARTESIAN_POINT('',(-6.28318530718,-6.5));
#1531 = VECTOR('',#1532,1.);
#1532 = DIRECTION('',(1.,-0.));
#1533 = ( GEOMETRIC_REPRESENTATION_CONTEXT(2) 
PARAMETRIC_REPRESENTATION_CONTEXT() REPRESENTATION_CONTEXT('2D SPACE',''
  ) );
#1534 = ADVANCED_FACE('',(#1535,#1538),#1372,.T.);
#1535 = FACE_BOUND('',#1536,.T.);
#1536 = EDGE_LOOP('',(#1537));
#1537 = ORIENTED_EDGE('',*,*,#1357,.T.);
#1538 = FACE_BOUND('',#1539,.T.);
#1539 = EDGE_LOOP('',(#1540));
#1540 = ORIENTED_EDGE('',*,*,#1541,.T.);
#1541 = EDGE_CURVE('',#1542,#1542,#1544,.T.);
#1542 = VERTEX_POINT('',#1543);
#1543 = CARTESIAN_POINT('',(-33.2,4.40872847693E-15,46.));
#1544 = SURFACE_CURVE('',#1545,(#1550,#1561),.PCURVE_S1.);
#1545 = CIRCLE('',#1546,2.8);
#1546 = AXIS2_PLACEMENT_3D('',#1547,#1548,#1549);
#1547 = CARTESIAN_POINT('',(-36.,4.40872847693E-15,46.));
#1548 = DIRECTION('',(0.,0.,-1.));
#1549 = DIRECTION('',(1.,0.,0.));
#1550 = PCURVE('',#1372,#1551);
#1551 = DEFINITIONAL_REPRESENTATION('',(#1552),#1560);
#1552 = ( BOUNDED_CURVE() B_SPLINE_CURVE(2,(#1553,#1554,#1555,#1556,
#1557,#1558,#1559),.UNSPECIFIED.,.T.,.F.) B_SPLINE_CURVE_WITH_KNOTS((1,2
    ,2,2,2,1),(-2.094395102393,0.,2.094395102393,4.188790204786,
6.28318530718,8.377580409573),.UNSPECIFIED.) CURVE() 
GEOMETRIC_REPRESENTATION_ITEM() RATIONAL_B_SPLINE_CURVE((1.,0.5,1.,0.5,
1.,0.5,1.)) REPRESENTATION_ITEM('') );
#1553 = CARTESIAN_POINT('',(2.8,-3.966207728085E-16));
#1554 = CARTESIAN_POINT('',(2.8,-4.849742261193));
#1555 = CARTESIAN_POINT('',(-1.4,-2.424871130596));
#1556 = CARTESIAN_POINT('',(-5.6,-1.082422980331E-15));
#1557 = CARTESIAN_POINT('',(-1.4,2.424871130596));
#1558 = CARTESIAN_POINT('',(2.8,4.849742261193));
#1559 = CARTESIAN_POINT('',(2.8,-3.966207728085E-16));
#1560 = ( GEOMETRIC_REPRESENTATION_CONTEXT(2) 
PARAMETRIC_REPRESENTATION_CONTEXT() REPRESENTATION_CONTEXT('2D SPACE',''
  ) );
#1561 = PCURVE('',#1562,#1567);
#1562 = CYLINDRICAL_SURFACE('',#1563,2.8);
#1563 = AXIS2_PLACEMENT_3D('',#1564,#1565,#1566);
#1564 = CARTESIAN_POINT('',(-36.,4.40872847693E-15,39.5));
#1565 = DIRECTION('',(-0.,-0.,-1.));
#1566 = DIRECTION('',(1.,0.,0.));
#1567 = DEFINITIONAL_REPRESENTATION('',(#1568),#1572);
#1568 = LINE('',#1569,#1570);
#1569 = CARTESIAN_POINT('',(-6.28318530718,-6.5));
#1570 = VECTOR('',#1571,1.);
#1571 = DIRECTION('',(1.,-0.));
#1572 = ( GEOMETRIC_REPRESENTATION_CONTEXT(2) 
PARAMETRIC_REPRESENTATION_CONTEXT() REPRESENTATION_CONTEXT('2D SPACE',''
  ) );
#1573 = ADVANCED_FACE('',(#1574,#1577),#1427,.T.);
#1574 = FACE_BOUND('',#1575,.T.);
#1575 = EDGE_LOOP('',(#1576));
#1576 = ORIENTED_EDGE('',*,*,#1412,.T.);
#1577 = FACE_BOUND('',#1578,.T.);
#1578 = EDGE_LOOP('',(#1579));
#1579 = ORIENTED_EDGE('',*,*,#1580,.T.);
#1580 = EDGE_CURVE('',#1581,#1581,#1583,.T.);
#1581 = VERTEX_POINT('',#1582);
#1582 = CARTESIAN_POINT('',(38.8,0.,46.));
#1583 = SURFACE_CURVE('',#1584,(#1589,#1600),.PCURVE_S1.);
#1584 = CIRCLE('',#1585,2.8);
#1585 = AXIS2_PLACEMENT_3D('',#1586,#1587,#1588);
#1586 = CARTESIAN_POINT('',(36.,0.,46.));
#1587 = DIRECTION('',(0.,0.,-1.));
#1588 = DIRECTION('',(1.,0.,0.));
#1589 = PCURVE('',#1427,#1590);
#1590 = DEFINITIONAL_REPRESENTATION('',(#1591),#1599);
#1591 = ( BOUNDED_CURVE() B_SPLINE_CURVE(2,(#1592,#1593,#1594,#1595,
#1596,#1597,#1598),.UNSPECIFIED.,.T.,.F.) B_SPLINE_CURVE_WITH_KNOTS((1,2
    ,2,2,2,1),(-2.094395102393,0.,2.094395102393,4.188790204786,
6.28318530718,8.377580409573),.UNSPECIFIED.) CURVE() 
GEOMETRIC_REPRESENTATION_ITEM() RATIONAL_B_SPLINE_CURVE((1.,0.5,1.,0.5,
1.,0.5,1.)) REPRESENTATION_ITEM('') );
#1592 = CARTESIAN_POINT('',(2.8,-2.72116357641E-16));
#1593 = CARTESIAN_POINT('',(2.8,-4.849742261193));
#1594 = CARTESIAN_POINT('',(-1.4,-2.424871130596));
#1595 = CARTESIAN_POINT('',(-5.6,-9.579185651636E-16));
#1596 = CARTESIAN_POINT('',(-1.4,2.424871130596));
#1597 = CARTESIAN_POINT('',(2.8,4.849742261193));
#1598 = CARTESIAN_POINT('',(2.8,-2.72116357641E-16));
#1599 = ( GEOMETRIC_REPRESENTATION_CONTEXT(2) 
PARAMETRIC_REPRESENTATION_CONTEXT() REPRESENTATION_CONTEXT('2D SPACE',''
  ) );
#1600 = PCURVE('',#1601,#1606);
#1601 = CYLINDRICAL_SURFACE('',#1602,2.8);
#1602 = AXIS2_PLACEMENT_3D('',#1603,#1604,#1605);
#1603 = CARTESIAN_POINT('',(36.,0.,39.5));
#1604 = DIRECTION('',(-0.,-0.,-1.));
#1605 = DIRECTION('',(1.,0.,0.));
#1606 = DEFINITIONAL_REPRESENTATION('',(#1607),#1611);
#1607 = LINE('',#1608,#1609);
#1608 = CARTESIAN_POINT('',(-6.28318530718,-6.5));
#1609 = VECTOR('',#1610,1.);
#1610 = DIRECTION('',(1.,-0.));
#1611 = ( GEOMETRIC_REPRESENTATION_CONTEXT(2) 
PARAMETRIC_REPRESENTATION_CONTEXT() REPRESENTATION_CONTEXT('2D SPACE',''
  ) );
#1612 = ADVANCED_FACE('',(#1613,#1616),#1482,.T.);
#1613 = FACE_BOUND('',#1614,.T.);
#1614 = EDGE_LOOP('',(#1615));
#1615 = ORIENTED_EDGE('',*,*,#1467,.T.);
#1616 = FACE_BOUND('',#1617,.T.);
#1617 = EDGE_LOOP('',(#1618));
#1618 = ORIENTED_EDGE('',*,*,#1619,.T.);
#1619 = EDGE_CURVE('',#1620,#1620,#1622,.T.);
#1620 = VERTEX_POINT('',#1621);
#1621 = CARTESIAN_POINT('',(2.8,36.,46.));
#1622 = SURFACE_CURVE('',#1623,(#1628,#1639),.PCURVE_S1.);
#1623 = CIRCLE('',#1624,2.8);
#1624 = AXIS2_PLACEMENT_3D('',#1625,#1626,#1627);
#1625 = CARTESIAN_POINT('',(2.204364238465E-15,36.,46.));
#1626 = DIRECTION('',(0.,0.,-1.));
#1627 = DIRECTION('',(1.,0.,0.));
#1628 = PCURVE('',#1482,#1629);
#1629 = DEFINITIONAL_REPRESENTATION('',(#1630),#1638);
#1630 = ( BOUNDED_CURVE() B_SPLINE_CURVE(2,(#1631,#1632,#1633,#1634,
#1635,#1636,#1637),.UNSPECIFIED.,.T.,.F.) B_SPLINE_CURVE_WITH_KNOTS((1,2
    ,2,2,2,1),(-2.094395102393,0.,2.094395102393,4.188790204786,
6.28318530718,8.377580409573),.UNSPECIFIED.) CURVE() 
GEOMETRIC_REPRESENTATION_ITEM() RATIONAL_B_SPLINE_CURVE((1.,0.5,1.,0.5,
1.,0.5,1.)) REPRESENTATION_ITEM('') );
#1631 = CARTESIAN_POINT('',(2.8,7.105427357601E-15));
#1632 = CARTESIAN_POINT('',(2.8,-4.849742261193));
#1633 = CARTESIAN_POINT('',(-1.4,-2.424871130596));
#1634 = CARTESIAN_POINT('',(-5.6,6.419625150078E-15));
#1635 = CARTESIAN_POINT('',(-1.4,2.424871130596));
#1636 = CARTESIAN_POINT('',(2.8,4.849742261193));
#1637 = CARTESIAN_POINT('',(2.8,7.105427357601E-15));
#1638 = ( GEOMETRIC_REPRESENTATION_CONTEXT(2) 
PARAMETRIC_REPRESENTATION_CONTEXT() REPRESENTATION_CONTEXT('2D SPACE',''
  ) );
#1639 = PCURVE('',#1640,#1645);
#1640 = CYLINDRICAL_SURFACE('',#1641,2.8);
#1641 = AXIS2_PLACEMENT_3D('',#1642,#1643,#1644);
#1642 = CARTESIAN_POINT('',(2.204364238465E-15,36.,39.5));
#1643 = DIRECTION('',(-0.,-0.,-1.));
#1644 = DIRECTION('',(1.,0.,0.));
#1645 = DEFINITIONAL_REPRESENTATION('',(#1646),#1650);
#1646 = LINE('',#1647,#1648);
#1647 = CARTESIAN_POINT('',(-6.28318530718,-6.5));
#1648 = VECTOR('',#1649,1.);
#1649 = DIRECTION('',(1.,-0.));
#1650 = ( GEOMETRIC_REPRESENTATION_CONTEXT(2) 
PARAMETRIC_REPRESENTATION_CONTEXT() REPRESENTATION_CONTEXT('2D SPACE',''
  ) );
#1651 = ADVANCED_FACE('',(#1652),#1523,.F.);
#1652 = FACE_BOUND('',#1653,.T.);
#1653 = EDGE_LOOP('',(#1654,#1683,#1704,#1705));
#1654 = ORIENTED_EDGE('',*,*,#1655,.F.);
#1655 = EDGE_CURVE('',#1656,#1656,#1658,.T.);
#1656 = VERTEX_POINT('',#1657);
#1657 = CARTESIAN_POINT('',(2.8,-36.,39.5));
#1658 = SURFACE_CURVE('',#1659,(#1664,#1671),.PCURVE_S1.);
#1659 = CIRCLE('',#1660,2.8);
#1660 = AXIS2_PLACEMENT_3D('',#1661,#1662,#1663);
#1661 = CARTESIAN_POINT('',(-6.613092715396E-15,-36.,39.5));
#1662 = DIRECTION('',(0.,0.,1.));
#1663 = DIRECTION('',(1.,0.,0.));
#1664 = PCURVE('',#1523,#1665);
#1665 = DEFINITIONAL_REPRESENTATION('',(#1666),#1670);
#1666 = LINE('',#1667,#1668);
#1667 = CARTESIAN_POINT('',(-0.,0.));
#1668 = VECTOR('',#1669,1.);
#1669 = DIRECTION('',(-1.,0.));
#1670 = ( GEOMETRIC_REPRESENTATION_CONTEXT(2) 
PARAMETRIC_REPRESENTATION_CONTEXT() REPRESENTATION_CONTEXT('2D SPACE',''
  ) );
#1671 = PCURVE('',#1672,#1677);
#1672 = PLANE('',#1673);
#1673 = AXIS2_PLACEMENT_3D('',#1674,#1675,#1676);
#1674 = CARTESIAN_POINT('',(-7.081386400651E-15,-36.,39.5));
#1675 = DIRECTION('',(0.,0.,1.));
#1676 = DIRECTION('',(1.,0.,-0.));
#1677 = DEFINITIONAL_REPRESENTATION('',(#1678),#1682);
#1678 = CIRCLE('',#1679,2.8);
#1679 = AXIS2_PLACEMENT_2D('',#1680,#1681);
#1680 = CARTESIAN_POINT('',(4.682936852549E-16,0.));
#1681 = DIRECTION('',(1.,0.));
#1682 = ( GEOMETRIC_REPRESENTATION_CONTEXT(2) 
PARAMETRIC_REPRESENTATION_CONTEXT() REPRESENTATION_CONTEXT('2D SPACE',''
  ) );
#1683 = ORIENTED_EDGE('',*,*,#1684,.T.);
#1684 = EDGE_CURVE('',#1656,#1503,#1685,.T.);
#1685 = SEAM_CURVE('',#1686,(#1690,#1697),.PCURVE_S1.);
#1686 = LINE('',#1687,#1688);
#1687 = CARTESIAN_POINT('',(2.8,-36.,39.5));
#1688 = VECTOR('',#1689,1.);
#1689 = DIRECTION('',(0.,0.,1.));
#1690 = PCURVE('',#1523,#1691);
#1691 = DEFINITIONAL_REPRESENTATION('',(#1692),#1696);
#1692 = LINE('',#1693,#1694);
#1693 = CARTESIAN_POINT('',(-6.28318530718,0.));
#1694 = VECTOR('',#1695,1.);
#1695 = DIRECTION('',(-0.,-1.));
#1696 = ( GEOMETRIC_REPRESENTATION_CONTEXT(2) 
PARAMETRIC_REPRESENTATION_CONTEXT() REPRESENTATION_CONTEXT('2D SPACE',''
  ) );
#1697 = PCURVE('',#1523,#1698);
#1698 = DEFINITIONAL_REPRESENTATION('',(#1699),#1703);
#1699 = LINE('',#1700,#1701);
#1700 = CARTESIAN_POINT('',(-0.,0.));
#1701 = VECTOR('',#1702,1.);
#1702 = DIRECTION('',(-0.,-1.));
#1703 = ( GEOMETRIC_REPRESENTATION_CONTEXT(2) 
PARAMETRIC_REPRESENTATION_CONTEXT() REPRESENTATION_CONTEXT('2D SPACE',''
  ) );
#1704 = ORIENTED_EDGE('',*,*,#1502,.F.);
#1705 = ORIENTED_EDGE('',*,*,#1684,.F.);
#1706 = ADVANCED_FACE('',(#1707),#1562,.F.);
#1707 = FACE_BOUND('',#1708,.T.);
#1708 = EDGE_LOOP('',(#1709,#1738,#1759,#1760));
#1709 = ORIENTED_EDGE('',*,*,#1710,.F.);
#1710 = EDGE_CURVE('',#1711,#1711,#1713,.T.);
#1711 = VERTEX_POINT('',#1712);
#1712 = CARTESIAN_POINT('',(-33.2,4.40872847693E-15,39.5));
#1713 = SURFACE_CURVE('',#1714,(#1719,#1726),.PCURVE_S1.);
#1714 = CIRCLE('',#1715,2.8);
#1715 = AXIS2_PLACEMENT_3D('',#1716,#1717,#1718);
#1716 = CARTESIAN_POINT('',(-36.,4.40872847693E-15,39.5));
#1717 = DIRECTION('',(0.,0.,1.));
#1718 = DIRECTION('',(1.,0.,0.));
#1719 = PCURVE('',#1562,#1720);
#1720 = DEFINITIONAL_REPRESENTATION('',(#1721),#1725);
#1721 = LINE('',#1722,#1723);
#1722 = CARTESIAN_POINT('',(-0.,0.));
#1723 = VECTOR('',#1724,1.);
#1724 = DIRECTION('',(-1.,0.));
#1725 = ( GEOMETRIC_REPRESENTATION_CONTEXT(2) 
PARAMETRIC_REPRESENTATION_CONTEXT() REPRESENTATION_CONTEXT('2D SPACE',''
  ) );
#1726 = PCURVE('',#1727,#1732);
#1727 = PLANE('',#1728);
#1728 = AXIS2_PLACEMENT_3D('',#1729,#1730,#1731);
#1729 = CARTESIAN_POINT('',(-36.,4.771645256777E-15,39.5));
#1730 = DIRECTION('',(0.,0.,1.));
#1731 = DIRECTION('',(1.,0.,-0.));
#1732 = DEFINITIONAL_REPRESENTATION('',(#1733),#1737);
#1733 = CIRCLE('',#1734,2.8);
#1734 = AXIS2_PLACEMENT_2D('',#1735,#1736);
#1735 = CARTESIAN_POINT('',(7.105427357601E-15,-3.629167798465E-16));
#1736 = DIRECTION('',(1.,0.));
#1737 = ( GEOMETRIC_REPRESENTATION_CONTEXT(2) 
PARAMETRIC_REPRESENTATION_CONTEXT() REPRESENTATION_CONTEXT('2D SPACE',''
  ) );
#1738 = ORIENTED_EDGE('',*,*,#1739,.T.);
#1739 = EDGE_CURVE('',#1711,#1542,#1740,.T.);
#1740 = SEAM_CURVE('',#1741,(#1745,#1752),.PCURVE_S1.);
#1741 = LINE('',#1742,#1743);
#1742 = CARTESIAN_POINT('',(-33.2,4.40872847693E-15,39.5));
#1743 = VECTOR('',#1744,1.);
#1744 = DIRECTION('',(0.,0.,1.));
#1745 = PCURVE('',#1562,#1746);
#1746 = DEFINITIONAL_REPRESENTATION('',(#1747),#1751);
#1747 = LINE('',#1748,#1749);
#1748 = CARTESIAN_POINT('',(-6.28318530718,0.));
#1749 = VECTOR('',#1750,1.);
#1750 = DIRECTION('',(-0.,-1.));
#1751 = ( GEOMETRIC_REPRESENTATION_CONTEXT(2) 
PARAMETRIC_REPRESENTATION_CONTEXT() REPRESENTATION_CONTEXT('2D SPACE',''
  ) );
#1752 = PCURVE('',#1562,#1753);
#1753 = DEFINITIONAL_REPRESENTATION('',(#1754),#1758);
#1754 = LINE('',#1755,#1756);
#1755 = CARTESIAN_POINT('',(-0.,0.));
#1756 = VECTOR('',#1757,1.);
#1757 = DIRECTION('',(-0.,-1.));
#1758 = ( GEOMETRIC_REPRESENTATION_CONTEXT(2) 
PARAMETRIC_REPRESENTATION_CONTEXT() REPRESENTATION_CONTEXT('2D SPACE',''
  ) );
#1759 = ORIENTED_EDGE('',*,*,#1541,.F.);
#1760 = ORIENTED_EDGE('',*,*,#1739,.F.);
#1761 = ADVANCED_FACE('',(#1762),#1601,.F.);
#1762 = FACE_BOUND('',#1763,.T.);
#1763 = EDGE_LOOP('',(#1764,#1793,#1814,#1815));
#1764 = ORIENTED_EDGE('',*,*,#1765,.F.);
#1765 = EDGE_CURVE('',#1766,#1766,#1768,.T.);
#1766 = VERTEX_POINT('',#1767);
#1767 = CARTESIAN_POINT('',(38.8,0.,39.5));
#1768 = SURFACE_CURVE('',#1769,(#1774,#1781),.PCURVE_S1.);
#1769 = CIRCLE('',#1770,2.8);
#1770 = AXIS2_PLACEMENT_3D('',#1771,#1772,#1773);
#1771 = CARTESIAN_POINT('',(36.,0.,39.5));
#1772 = DIRECTION('',(0.,0.,1.));
#1773 = DIRECTION('',(1.,0.,0.));
#1774 = PCURVE('',#1601,#1775);
#1775 = DEFINITIONAL_REPRESENTATION('',(#1776),#1780);
#1776 = LINE('',#1777,#1778);
#1777 = CARTESIAN_POINT('',(-0.,0.));
#1778 = VECTOR('',#1779,1.);
#1779 = DIRECTION('',(-1.,0.));
#1780 = ( GEOMETRIC_REPRESENTATION_CONTEXT(2) 
PARAMETRIC_REPRESENTATION_CONTEXT() REPRESENTATION_CONTEXT('2D SPACE',''
  ) );
#1781 = PCURVE('',#1782,#1787);
#1782 = PLANE('',#1783);
#1783 = AXIS2_PLACEMENT_3D('',#1784,#1785,#1786);
#1784 = CARTESIAN_POINT('',(36.,2.519782390098E-16,39.5));
#1785 = DIRECTION('',(0.,0.,1.));
#1786 = DIRECTION('',(1.,0.,-0.));
#1787 = DEFINITIONAL_REPRESENTATION('',(#1788),#1792);
#1788 = CIRCLE('',#1789,2.8);
#1789 = AXIS2_PLACEMENT_2D('',#1790,#1791);
#1790 = CARTESIAN_POINT('',(7.105427357601E-15,-2.519782390098E-16));
#1791 = DIRECTION('',(1.,0.));
#1792 = ( GEOMETRIC_REPRESENTATION_CONTEXT(2) 
PARAMETRIC_REPRESENTATION_CONTEXT() REPRESENTATION_CONTEXT('2D SPACE',''
  ) );
#1793 = ORIENTED_EDGE('',*,*,#1794,.T.);
#1794 = EDGE_CURVE('',#1766,#1581,#1795,.T.);
#1795 = SEAM_CURVE('',#1796,(#1800,#1807),.PCURVE_S1.);
#1796 = LINE('',#1797,#1798);
#1797 = CARTESIAN_POINT('',(38.8,0.,39.5));
#1798 = VECTOR('',#1799,1.);
#1799 = DIRECTION('',(0.,0.,1.));
#1800 = PCURVE('',#1601,#1801);
#1801 = DEFINITIONAL_REPRESENTATION('',(#1802),#1806);
#1802 = LINE('',#1803,#1804);
#1803 = CARTESIAN_POINT('',(-6.28318530718,0.));
#1804 = VECTOR('',#1805,1.);
#1805 = DIRECTION('',(-0.,-1.));
#1806 = ( GEOMETRIC_REPRESENTATION_CONTEXT(2) 
PARAMETRIC_REPRESENTATION_CONTEXT() REPRESENTATION_CONTEXT('2D SPACE',''
  ) );
#1807 = PCURVE('',#1601,#1808);
#1808 = DEFINITIONAL_REPRESENTATION('',(#1809),#1813);
#1809 = LINE('',#1810,#1811);
#1810 = CARTESIAN_POINT('',(-0.,0.));
#1811 = VECTOR('',#1812,1.);
#1812 = DIRECTION('',(-0.,-1.));
#1813 = ( GEOMETRIC_REPRESENTATION_CONTEXT(2) 
PARAMETRIC_REPRESENTATION_CONTEXT() REPRESENTATION_CONTEXT('2D SPACE',''
  ) );
#1814 = ORIENTED_EDGE('',*,*,#1580,.F.);
#1815 = ORIENTED_EDGE('',*,*,#1794,.F.);
#1816 = ADVANCED_FACE('',(#1817),#1640,.F.);
#1817 = FACE_BOUND('',#1818,.T.);
#1818 = EDGE_LOOP('',(#1819,#1848,#1869,#1870));
#1819 = ORIENTED_EDGE('',*,*,#1820,.F.);
#1820 = EDGE_CURVE('',#1821,#1821,#1823,.T.);
#1821 = VERTEX_POINT('',#1822);
#1822 = CARTESIAN_POINT('',(2.8,36.,39.5));
#1823 = SURFACE_CURVE('',#1824,(#1829,#1836),.PCURVE_S1.);
#1824 = CIRCLE('',#1825,2.8);
#1825 = AXIS2_PLACEMENT_3D('',#1826,#1827,#1828);
#1826 = CARTESIAN_POINT('',(2.204364238465E-15,36.,39.5));
#1827 = DIRECTION('',(0.,0.,1.));
#1828 = DIRECTION('',(1.,0.,0.));
#1829 = PCURVE('',#1640,#1830);
#1830 = DEFINITIONAL_REPRESENTATION('',(#1831),#1835);
#1831 = LINE('',#1832,#1833);
#1832 = CARTESIAN_POINT('',(-0.,0.));
#1833 = VECTOR('',#1834,1.);
#1834 = DIRECTION('',(-1.,0.));
#1835 = ( GEOMETRIC_REPRESENTATION_CONTEXT(2) 
PARAMETRIC_REPRESENTATION_CONTEXT() REPRESENTATION_CONTEXT('2D SPACE',''
  ) );
#1836 = PCURVE('',#1837,#1842);
#1837 = PLANE('',#1838);
#1838 = AXIS2_PLACEMENT_3D('',#1839,#1840,#1841);
#1839 = CARTESIAN_POINT('',(1.831393034651E-15,36.,39.5));
#1840 = DIRECTION('',(0.,0.,1.));
#1841 = DIRECTION('',(1.,0.,-0.));
#1842 = DEFINITIONAL_REPRESENTATION('',(#1843),#1847);
#1843 = CIRCLE('',#1844,2.8);
#1844 = AXIS2_PLACEMENT_2D('',#1845,#1846);
#1845 = CARTESIAN_POINT('',(3.729712038142E-16,0.));
#1846 = DIRECTION('',(1.,0.));
#1847 = ( GEOMETRIC_REPRESENTATION_CONTEXT(2) 
PARAMETRIC_REPRESENTATION_CONTEXT() REPRESENTATION_CONTEXT('2D SPACE',''
  ) );
#1848 = ORIENTED_EDGE('',*,*,#1849,.T.);
#1849 = EDGE_CURVE('',#1821,#1620,#1850,.T.);
#1850 = SEAM_CURVE('',#1851,(#1855,#1862),.PCURVE_S1.);
#1851 = LINE('',#1852,#1853);
#1852 = CARTESIAN_POINT('',(2.8,36.,39.5));
#1853 = VECTOR('',#1854,1.);
#1854 = DIRECTION('',(0.,0.,1.));
#1855 = PCURVE('',#1640,#1856);
#1856 = DEFINITIONAL_REPRESENTATION('',(#1857),#1861);
#1857 = LINE('',#1858,#1859);
#1858 = CARTESIAN_POINT('',(-6.28318530718,0.));
#1859 = VECTOR('',#1860,1.);
#1860 = DIRECTION('',(-0.,-1.));
#1861 = ( GEOMETRIC_REPRESENTATION_CONTEXT(2) 
PARAMETRIC_REPRESENTATION_CONTEXT() REPRESENTATION_CONTEXT('2D SPACE',''
  ) );
#1862 = PCURVE('',#1640,#1863);
#1863 = DEFINITIONAL_REPRESENTATION('',(#1864),#1868);
#1864 = LINE('',#1865,#1866);
#1865 = CARTESIAN_POINT('',(-0.,0.));
#1866 = VECTOR('',#1867,1.);
#1867 = DIRECTION('',(-0.,-1.));
#1868 = ( GEOMETRIC_REPRESENTATION_CONTEXT(2) 
PARAMETRIC_REPRESENTATION_CONTEXT() REPRESENTATION_CONTEXT('2D SPACE',''
  ) );
#1869 = ORIENTED_EDGE('',*,*,#1619,.F.);
#1870 = ORIENTED_EDGE('',*,*,#1849,.F.);
#1871 = ADVANCED_FACE('',(#1872),#1672,.T.);
#1872 = FACE_BOUND('',#1873,.T.);
#1873 = EDGE_LOOP('',(#1874));
#1874 = ORIENTED_EDGE('',*,*,#1655,.T.);
#1875 = ADVANCED_FACE('',(#1876),#1727,.T.);
#1876 = FACE_BOUND('',#1877,.T.);
#1877 = EDGE_LOOP('',(#1878));
#1878 = ORIENTED_EDGE('',*,*,#1710,.T.);
#1879 = ADVANCED_FACE('',(#1880),#1782,.T.);
#1880 = FACE_BOUND('',#1881,.T.);
#1881 = EDGE_LOOP('',(#1882));
#1882 = ORIENTED_EDGE('',*,*,#1765,.T.);
#1883 = ADVANCED_FACE('',(#1884),#1837,.T.);
#1884 = FACE_BOUND('',#1885,.T.);
#1885 = EDGE_LOOP('',(#1886));
#1886 = ORIENTED_EDGE('',*,*,#1820,.T.);
#1887 = ( GEOMETRIC_REPRESENTATION_CONTEXT(3) 
GLOBAL_UNCERTAINTY_ASSIGNED_CONTEXT((#1891)) 
GLOBAL_UNIT_ASSIGNED_CONTEXT((#1888,#1889,#1890)) REPRESENTATION_CONTEXT
('Context #1','3D Context with UNIT and UNCERTAINTY') );
#1888 = ( LENGTH_UNIT() NAMED_UNIT(*) SI_UNIT(.MILLI.,.METRE.) );
#1889 = ( NAMED_UNIT(*) PLANE_ANGLE_UNIT() SI_UNIT($,.RADIAN.) );
#1890 = ( NAMED_UNIT(*) SI_UNIT($,.STERADIAN.) SOLID_ANGLE_UNIT() );
#1891 = UNCERTAINTY_MEASURE_WITH_UNIT(LENGTH_MEASURE(1.E-07),#1888,
  'distance_accuracy_value','confusion accuracy');
#1892 = CONTEXT_DEPENDENT_SHAPE_REPRESENTATION(#1893,#1895);
#1893 = ( REPRESENTATION_RELATIONSHIP('','',#84,#10) 
REPRESENTATION_RELATIONSHIP_WITH_TRANSFORMATION(#1894) 
SHAPE_REPRESENTATION_RELATIONSHIP() );
#1894 = ITEM_DEFINED_TRANSFORMATION('','',#11,#15);
#1895 = PRODUCT_DEFINITION_SHAPE('Placement','Placement of an item',
  #1896);
#1896 = NEXT_ASSEMBLY_USAGE_OCCURRENCE('1','P01_base','',#5,#79,$);
#1897 = PRODUCT_RELATED_PRODUCT_CATEGORY('part',$,(#81));
#1898 = SHAPE_DEFINITION_REPRESENTATION(#1899,#1905);
#1899 = PRODUCT_DEFINITION_SHAPE('','',#1900);
#1900 = PRODUCT_DEFINITION('design','',#1901,#1904);
#1901 = PRODUCT_DEFINITION_FORMATION('','',#1902);
#1902 = PRODUCT('P02_motor_deck','P02_motor_deck','',(#1903));
#1903 = PRODUCT_CONTEXT('',#2,'mechanical');
#1904 = PRODUCT_DEFINITION_CONTEXT('part definition',#2,'design');
#1905 = ADVANCED_BREP_SHAPE_REPRESENTATION('',(#11,#1906),#4288);
#1906 = MANIFOLD_SOLID_BREP('',#1907);
#1907 = CLOSED_SHELL('',(#1908,#2030,#2556,#2679,#3322,#3399,#3494,#3501
    ,#3526,#3603,#3610,#3637,#3664,#3691,#3718,#3745,#3800,#3827,#3854,
    #3881,#3885,#3940,#3995,#4050,#4105,#4160,#4164,#4168,#4172,#4211,
    #4215,#4219,#4223,#4257,#4261));
#1908 = ADVANCED_FACE('',(#1909),#1924,.T.);
#1909 = FACE_BOUND('',#1910,.F.);
#1910 = EDGE_LOOP('',(#1911,#1947,#1973,#2006));
#1911 = ORIENTED_EDGE('',*,*,#1912,.F.);
#1912 = EDGE_CURVE('',#1913,#1915,#1917,.T.);
#1913 = VERTEX_POINT('',#1914);
#1914 = CARTESIAN_POINT('',(26.248266446588,32.787627369923,46.));
#1915 = VERTEX_POINT('',#1916);
#1916 = CARTESIAN_POINT('',(-26.24826644658,32.787627369923,46.));
#1917 = SURFACE_CURVE('',#1918,(#1923,#1935),.PCURVE_S1.);
#1918 = CIRCLE('',#1919,42.);
#1919 = AXIS2_PLACEMENT_3D('',#1920,#1921,#1922);
#1920 = CARTESIAN_POINT('',(0.,0.,46.));
#1921 = DIRECTION('',(0.,-0.,1.));
#1922 = DIRECTION('',(0.624958724919,0.780657794522,0.));
#1923 = PCURVE('',#1924,#1929);
#1924 = CYLINDRICAL_SURFACE('',#1925,42.);
#1925 = AXIS2_PLACEMENT_3D('',#1926,#1927,#1928);
#1926 = CARTESIAN_POINT('',(0.,0.,46.));
#1927 = DIRECTION('',(-0.,-0.,-1.));
#1928 = DIRECTION('',(1.,0.,0.));
#1929 = DEFINITIONAL_REPRESENTATION('',(#1930),#1934);
#1930 = LINE('',#1931,#1932);
#1931 = CARTESIAN_POINT('',(-0.895717667159,0.));
#1932 = VECTOR('',#1933,1.);
#1933 = DIRECTION('',(-1.,0.));
#1934 = ( GEOMETRIC_REPRESENTATION_CONTEXT(2) 
PARAMETRIC_REPRESENTATION_CONTEXT() REPRESENTATION_CONTEXT('2D SPACE',''
  ) );
#1935 = PCURVE('',#1936,#1941);
#1936 = PLANE('',#1937);
#1937 = AXIS2_PLACEMENT_3D('',#1938,#1939,#1940);
#1938 = CARTESIAN_POINT('',(-2.083718297203E-15,3.692127783966E-16,46.)
  );
#1939 = DIRECTION('',(0.,0.,1.));
#1940 = DIRECTION('',(1.,0.,-0.));
#1941 = DEFINITIONAL_REPRESENTATION('',(#1942),#1946);
#1942 = CIRCLE('',#1943,42.);
#1943 = AXIS2_PLACEMENT_2D('',#1944,#1945);
#1944 = CARTESIAN_POINT('',(2.083718297203E-15,-3.692127783966E-16));
#1945 = DIRECTION('',(0.624958724919,0.780657794522));
#1946 = ( GEOMETRIC_REPRESENTATION_CONTEXT(2) 
PARAMETRIC_REPRESENTATION_CONTEXT() REPRESENTATION_CONTEXT('2D SPACE',''
  ) );
#1947 = ORIENTED_EDGE('',*,*,#1948,.F.);
#1948 = EDGE_CURVE('',#1949,#1913,#1951,.T.);
#1949 = VERTEX_POINT('',#1950);
#1950 = CARTESIAN_POINT('',(26.248266446588,32.787627369923,50.));
#1951 = SURFACE_CURVE('',#1952,(#1956,#1962),.PCURVE_S1.);
#1952 = LINE('',#1953,#1954);
#1953 = CARTESIAN_POINT('',(26.248266446588,32.787627369923,46.));
#1954 = VECTOR('',#1955,1.);
#1955 = DIRECTION('',(-0.,-0.,-1.));
#1956 = PCURVE('',#1924,#1957);
#1957 = DEFINITIONAL_REPRESENTATION('',(#1958),#1961);
#1958 = B_SPLINE_CURVE_WITH_KNOTS('',1,(#1959,#1960),.UNSPECIFIED.,.F.,
  .F.,(2,2),(-4.,-0.),.PIECEWISE_BEZIER_KNOTS.);
#1959 = CARTESIAN_POINT('',(-0.895717667159,-4.));
#1960 = CARTESIAN_POINT('',(-0.895717667159,0.));
#1961 = ( GEOMETRIC_REPRESENTATION_CONTEXT(2) 
PARAMETRIC_REPRESENTATION_CONTEXT() REPRESENTATION_CONTEXT('2D SPACE',''
  ) );
#1962 = PCURVE('',#1963,#1968);
#1963 = CYLINDRICAL_SURFACE('',#1964,7.);
#1964 = AXIS2_PLACEMENT_3D('',#1965,#1966,#1967);
#1965 = CARTESIAN_POINT('',(33.234018715768,33.234018715768,40.));
#1966 = DIRECTION('',(-0.,-0.,-1.));
#1967 = DIRECTION('',(1.,0.,0.));
#1968 = DEFINITIONAL_REPRESENTATION('',(#1969),#1972);
#1969 = B_SPLINE_CURVE_WITH_KNOTS('',1,(#1970,#1971),.UNSPECIFIED.,.F.,
  .F.,(2,2),(-4.0000006,5.999999999062E-07),.PIECEWISE_BEZIER_KNOTS.);
#1970 = CARTESIAN_POINT('',(-3.205406146849,-10.0000006));
#1971 = CARTESIAN_POINT('',(-3.205406146849,-5.9999994));
#1972 = ( GEOMETRIC_REPRESENTATION_CONTEXT(2) 
PARAMETRIC_REPRESENTATION_CONTEXT() REPRESENTATION_CONTEXT('2D SPACE',''
  ) );
#1973 = ORIENTED_EDGE('',*,*,#1974,.F.);
#1974 = EDGE_CURVE('',#1975,#1949,#1977,.T.);
#1975 = VERTEX_POINT('',#1976);
#1976 = CARTESIAN_POINT('',(-26.24826644658,32.787627369924,50.));
#1977 = SURFACE_CURVE('',#1978,(#1983,#1990),.PCURVE_S1.);
#1978 = CIRCLE('',#1979,42.);
#1979 = AXIS2_PLACEMENT_3D('',#1980,#1981,#1982);
#1980 = CARTESIAN_POINT('',(0.,0.,50.));
#1981 = DIRECTION('',(0.,0.,-1.));
#1982 = DIRECTION('',(0.780657794522,0.624958724919,0.));
#1983 = PCURVE('',#1924,#1984);
#1984 = DEFINITIONAL_REPRESENTATION('',(#1985),#1989);
#1985 = LINE('',#1986,#1987);
#1986 = CARTESIAN_POINT('',(-6.958263966815,-4.));
#1987 = VECTOR('',#1988,1.);
#1988 = DIRECTION('',(1.,-0.));
#1989 = ( GEOMETRIC_REPRESENTATION_CONTEXT(2) 
PARAMETRIC_REPRESENTATION_CONTEXT() REPRESENTATION_CONTEXT('2D SPACE',''
  ) );
#1990 = PCURVE('',#1991,#1996);
#1991 = PLANE('',#1992);
#1992 = AXIS2_PLACEMENT_3D('',#1993,#1994,#1995);
#1993 = CARTESIAN_POINT('',(-2.083718297203E-15,3.692127783966E-16,50.)
  );
#1994 = DIRECTION('',(0.,0.,1.));
#1995 = DIRECTION('',(1.,0.,-0.));
#1996 = DEFINITIONAL_REPRESENTATION('',(#1997),#2005);
#1997 = ( BOUNDED_CURVE() B_SPLINE_CURVE(2,(#1998,#1999,#2000,#2001,
#2002,#2003,#2004),.UNSPECIFIED.,.T.,.F.) B_SPLINE_CURVE_WITH_KNOTS((1,2
    ,2,2,2,1),(-2.094395102393,0.,2.094395102393,4.188790204786,
6.28318530718,8.377580409573),.UNSPECIFIED.) CURVE() 
GEOMETRIC_REPRESENTATION_ITEM() RATIONAL_B_SPLINE_CURVE((1.,0.5,1.,0.5,
1.,0.5,1.)) REPRESENTATION_ITEM('') );
#1998 = CARTESIAN_POINT('',(32.787627369923,26.248266446588));
#1999 = CARTESIAN_POINT('',(78.250958466019,-30.54157001775));
#2000 = CARTESIAN_POINT('',(6.337851863086,-41.51905145546));
#2001 = CARTESIAN_POINT('',(-65.57525473984,-52.49653289317));
#2002 = CARTESIAN_POINT('',(-39.125479233,15.270785008877));
#2003 = CARTESIAN_POINT('',(-12.67570372617,83.038102910931));
#2004 = CARTESIAN_POINT('',(32.787627369923,26.248266446588));
#2005 = ( GEOMETRIC_REPRESENTATION_CONTEXT(2) 
PARAMETRIC_REPRESENTATION_CONTEXT() REPRESENTATION_CONTEXT('2D SPACE',''
  ) );
#2006 = ORIENTED_EDGE('',*,*,#2007,.T.);
#2007 = EDGE_CURVE('',#1975,#1915,#2008,.T.);
#2008 = SURFACE_CURVE('',#2009,(#2013,#2019),.PCURVE_S1.);
#2009 = LINE('',#2010,#2011);
#2010 = CARTESIAN_POINT('',(-26.24826644658,32.787627369923,46.));
#2011 = VECTOR('',#2012,1.);
#2012 = DIRECTION('',(-0.,-0.,-1.));
#2013 = PCURVE('',#1924,#2014);
#2014 = DEFINITIONAL_REPRESENTATION('',(#2015),#2018);
#2015 = B_SPLINE_CURVE_WITH_KNOTS('',1,(#2016,#2017),.UNSPECIFIED.,.F.,
  .F.,(2,2),(-4.0000006,5.999999999062E-07),.PIECEWISE_BEZIER_KNOTS.);
#2016 = CARTESIAN_POINT('',(-2.245874986431,-4.0000006));
#2017 = CARTESIAN_POINT('',(-2.245874986431,5.999999999062E-07));
#2018 = ( GEOMETRIC_REPRESENTATION_CONTEXT(2) 
PARAMETRIC_REPRESENTATION_CONTEXT() REPRESENTATION_CONTEXT('2D SPACE',''
  ) );
#2019 = PCURVE('',#2020,#2025);
#2020 = CYLINDRICAL_SURFACE('',#2021,7.);
#2021 = AXIS2_PLACEMENT_3D('',#2022,#2023,#2024);
#2022 = CARTESIAN_POINT('',(-33.23401871576,33.234018715768,40.));
#2023 = DIRECTION('',(-0.,-0.,-1.));
#2024 = DIRECTION('',(1.,0.,0.));
#2025 = DEFINITIONAL_REPRESENTATION('',(#2026),#2029);
#2026 = B_SPLINE_CURVE_WITH_KNOTS('',1,(#2027,#2028),.UNSPECIFIED.,.F.,
  .F.,(2,2),(-4.0000006,5.999999999062E-07),.PIECEWISE_BEZIER_KNOTS.);
#2027 = CARTESIAN_POINT('',(-6.219371813921,-10.0000006));
#2028 = CARTESIAN_POINT('',(-6.219371813921,-5.9999994));
#2029 = ( GEOMETRIC_REPRESENTATION_CONTEXT(2) 
PARAMETRIC_REPRESENTATION_CONTEXT() REPRESENTATION_CONTEXT('2D SPACE',''
  ) );
#2030 = ADVANCED_FACE('',(#2031,#2241,#2276,#2311,#2346,#2381,#2416,
    #2451,#2486,#2521),#1936,.F.);
#2031 = FACE_BOUND('',#2032,.F.);
#2032 = EDGE_LOOP('',(#2033,#2068,#2097,#2130,#2159,#2185,#2186,#2214));
#2033 = ORIENTED_EDGE('',*,*,#2034,.T.);
#2034 = EDGE_CURVE('',#2035,#2037,#2039,.T.);
#2035 = VERTEX_POINT('',#2036);
#2036 = CARTESIAN_POINT('',(-32.78762736992,-26.24826644658,46.));
#2037 = VERTEX_POINT('',#2038);
#2038 = CARTESIAN_POINT('',(-26.24826644658,-32.78762736992,46.));
#2039 = SURFACE_CURVE('',#2040,(#2045,#2056),.PCURVE_S1.);
#2040 = CIRCLE('',#2041,7.);
#2041 = AXIS2_PLACEMENT_3D('',#2042,#2043,#2044);
#2042 = CARTESIAN_POINT('',(-33.23401871576,-33.23401871576,46.));
#2043 = DIRECTION('',(0.,0.,-1.));
#2044 = DIRECTION('',(1.,0.,0.));
#2045 = PCURVE('',#1936,#2046);
#2046 = DEFINITIONAL_REPRESENTATION('',(#2047),#2055);
#2047 = ( BOUNDED_CURVE() B_SPLINE_CURVE(2,(#2048,#2049,#2050,#2051,
#2052,#2053,#2054),.UNSPECIFIED.,.T.,.F.) B_SPLINE_CURVE_WITH_KNOTS((1,2
    ,2,2,2,1),(-2.094395102393,0.,2.094395102393,4.188790204786,
6.28318530718,8.377580409573),.UNSPECIFIED.) CURVE() 
GEOMETRIC_REPRESENTATION_ITEM() RATIONAL_B_SPLINE_CURVE((1.,0.5,1.,0.5,
1.,0.5,1.)) REPRESENTATION_ITEM('') );
#2048 = CARTESIAN_POINT('',(-26.23401871576,-33.23401871576));
#2049 = CARTESIAN_POINT('',(-26.23401871576,-45.35837436875));
#2050 = CARTESIAN_POINT('',(-36.73401871576,-39.29619654225));
#2051 = CARTESIAN_POINT('',(-47.23401871576,-33.23401871576));
#2052 = CARTESIAN_POINT('',(-36.73401871576,-27.17184088927));
#2053 = CARTESIAN_POINT('',(-26.23401871576,-21.10966306278));
#2054 = CARTESIAN_POINT('',(-26.23401871576,-33.23401871576));
#2055 = ( GEOMETRIC_REPRESENTATION_CONTEXT(2) 
PARAMETRIC_REPRESENTATION_CONTEXT() REPRESENTATION_CONTEXT('2D SPACE',''
  ) );
#2056 = PCURVE('',#2057,#2062);
#2057 = CYLINDRICAL_SURFACE('',#2058,7.);
#2058 = AXIS2_PLACEMENT_3D('',#2059,#2060,#2061);
#2059 = CARTESIAN_POINT('',(-33.23401871576,-33.23401871576,40.));
#2060 = DIRECTION('',(-0.,-0.,-1.));
#2061 = DIRECTION('',(1.,0.,0.));
#2062 = DEFINITIONAL_REPRESENTATION('',(#2063),#2067);
#2063 = LINE('',#2064,#2065);
#2064 = CARTESIAN_POINT('',(-6.28318530718,-6.));
#2065 = VECTOR('',#2066,1.);
#2066 = DIRECTION('',(1.,-0.));
#2067 = ( GEOMETRIC_REPRESENTATION_CONTEXT(2) 
PARAMETRIC_REPRESENTATION_CONTEXT() REPRESENTATION_CONTEXT('2D SPACE',''
  ) );
#2068 = ORIENTED_EDGE('',*,*,#2069,.T.);
#2069 = EDGE_CURVE('',#2037,#2070,#2072,.T.);
#2070 = VERTEX_POINT('',#2071);
#2071 = CARTESIAN_POINT('',(26.248266446588,-32.78762736992,46.));
#2072 = SURFACE_CURVE('',#2073,(#2078,#2085),.PCURVE_S1.);
#2073 = CIRCLE('',#2074,42.);
#2074 = AXIS2_PLACEMENT_3D('',#2075,#2076,#2077);
#2075 = CARTESIAN_POINT('',(0.,0.,46.));
#2076 = DIRECTION('',(0.,-0.,1.));
#2077 = DIRECTION('',(0.624958724919,0.780657794522,0.));
#2078 = PCURVE('',#1936,#2079);
#2079 = DEFINITIONAL_REPRESENTATION('',(#2080),#2084);
#2080 = CIRCLE('',#2081,42.);
#2081 = AXIS2_PLACEMENT_2D('',#2082,#2083);
#2082 = CARTESIAN_POINT('',(2.083718297203E-15,-3.692127783966E-16));
#2083 = DIRECTION('',(0.624958724919,0.780657794522));
#2084 = ( GEOMETRIC_REPRESENTATION_CONTEXT(2) 
PARAMETRIC_REPRESENTATION_CONTEXT() REPRESENTATION_CONTEXT('2D SPACE',''
  ) );
#2085 = PCURVE('',#2086,#2091);
#2086 = CYLINDRICAL_SURFACE('',#2087,42.);
#2087 = AXIS2_PLACEMENT_3D('',#2088,#2089,#2090);
#2088 = CARTESIAN_POINT('',(0.,0.,46.));
#2089 = DIRECTION('',(-0.,-0.,-1.));
#2090 = DIRECTION('',(1.,0.,0.));
#2091 = DEFINITIONAL_REPRESENTATION('',(#2092),#2096);
#2092 = LINE('',#2093,#2094);
#2093 = CARTESIAN_POINT('',(-0.895717667159,0.));
#2094 = VECTOR('',#2095,1.);
#2095 = DIRECTION('',(-1.,0.));
#2096 = ( GEOMETRIC_REPRESENTATION_CONTEXT(2) 
PARAMETRIC_REPRESENTATION_CONTEXT() REPRESENTATION_CONTEXT('2D SPACE',''
  ) );
#2097 = ORIENTED_EDGE('',*,*,#2098,.T.);
#2098 = EDGE_CURVE('',#2070,#2099,#2101,.T.);
#2099 = VERTEX_POINT('',#2100);
#2100 = CARTESIAN_POINT('',(32.787627369923,-26.24826644658,46.));
#2101 = SURFACE_CURVE('',#2102,(#2107,#2118),.PCURVE_S1.);
#2102 = CIRCLE('',#2103,7.);
#2103 = AXIS2_PLACEMENT_3D('',#2104,#2105,#2106);
#2104 = CARTESIAN_POINT('',(33.234018715768,-33.23401871576,46.));
#2105 = DIRECTION('',(0.,0.,-1.));
#2106 = DIRECTION('',(1.,0.,0.));
#2107 = PCURVE('',#1936,#2108);
#2108 = DEFINITIONAL_REPRESENTATION('',(#2109),#2117);
#2109 = ( BOUNDED_CURVE() B_SPLINE_CURVE(2,(#2110,#2111,#2112,#2113,
#2114,#2115,#2116),.UNSPECIFIED.,.T.,.F.) B_SPLINE_CURVE_WITH_KNOTS((1,2
    ,2,2,2,1),(-2.094395102393,0.,2.094395102393,4.188790204786,
6.28318530718,8.377580409573),.UNSPECIFIED.) CURVE() 
GEOMETRIC_REPRESENTATION_ITEM() RATIONAL_B_SPLINE_CURVE((1.,0.5,1.,0.5,
1.,0.5,1.)) REPRESENTATION_ITEM('') );
#2110 = CARTESIAN_POINT('',(40.234018715768,-33.23401871576));
#2111 = CARTESIAN_POINT('',(40.234018715768,-45.35837436875));
#2112 = CARTESIAN_POINT('',(29.734018715768,-39.29619654225));
#2113 = CARTESIAN_POINT('',(19.234018715768,-33.23401871576));
#2114 = CARTESIAN_POINT('',(29.734018715768,-27.17184088927));
#2115 = CARTESIAN_POINT('',(40.234018715768,-21.10966306278));
#2116 = CARTESIAN_POINT('',(40.234018715768,-33.23401871576));
#2117 = ( GEOMETRIC_REPRESENTATION_CONTEXT(2) 
PARAMETRIC_REPRESENTATION_CONTEXT() REPRESENTATION_CONTEXT('2D SPACE',''
  ) );
#2118 = PCURVE('',#2119,#2124);
#2119 = CYLINDRICAL_SURFACE('',#2120,7.);
#2120 = AXIS2_PLACEMENT_3D('',#2121,#2122,#2123);
#2121 = CARTESIAN_POINT('',(33.234018715768,-33.23401871576,40.));
#2122 = DIRECTION('',(-0.,-0.,-1.));
#2123 = DIRECTION('',(1.,0.,0.));
#2124 = DEFINITIONAL_REPRESENTATION('',(#2125),#2129);
#2125 = LINE('',#2126,#2127);
#2126 = CARTESIAN_POINT('',(-6.28318530718,-6.));
#2127 = VECTOR('',#2128,1.);
#2128 = DIRECTION('',(1.,-0.));
#2129 = ( GEOMETRIC_REPRESENTATION_CONTEXT(2) 
PARAMETRIC_REPRESENTATION_CONTEXT() REPRESENTATION_CONTEXT('2D SPACE',''
  ) );
#2130 = ORIENTED_EDGE('',*,*,#2131,.T.);
#2131 = EDGE_CURVE('',#2099,#2132,#2134,.T.);
#2132 = VERTEX_POINT('',#2133);
#2133 = CARTESIAN_POINT('',(32.787627369923,26.248266446588,46.));
#2134 = SURFACE_CURVE('',#2135,(#2140,#2147),.PCURVE_S1.);
#2135 = CIRCLE('',#2136,42.);
#2136 = AXIS2_PLACEMENT_3D('',#2137,#2138,#2139);
#2137 = CARTESIAN_POINT('',(0.,0.,46.));
#2138 = DIRECTION('',(0.,-0.,1.));
#2139 = DIRECTION('',(0.624958724919,0.780657794522,0.));
#2140 = PCURVE('',#1936,#2141);
#2141 = DEFINITIONAL_REPRESENTATION('',(#2142),#2146);
#2142 = CIRCLE('',#2143,42.);
#2143 = AXIS2_PLACEMENT_2D('',#2144,#2145);
#2144 = CARTESIAN_POINT('',(2.083718297203E-15,-3.692127783966E-16));
#2145 = DIRECTION('',(0.624958724919,0.780657794522));
#2146 = ( GEOMETRIC_REPRESENTATION_CONTEXT(2) 
PARAMETRIC_REPRESENTATION_CONTEXT() REPRESENTATION_CONTEXT('2D SPACE',''
  ) );
#2147 = PCURVE('',#2148,#2153);
#2148 = CYLINDRICAL_SURFACE('',#2149,42.);
#2149 = AXIS2_PLACEMENT_3D('',#2150,#2151,#2152);
#2150 = CARTESIAN_POINT('',(0.,0.,46.));
#2151 = DIRECTION('',(-0.,-0.,-1.));
#2152 = DIRECTION('',(1.,0.,0.));
#2153 = DEFINITIONAL_REPRESENTATION('',(#2154),#2158);
#2154 = LINE('',#2155,#2156);
#2155 = CARTESIAN_POINT('',(-0.895717667159,0.));
#2156 = VECTOR('',#2157,1.);
#2157 = DIRECTION('',(-1.,0.));
#2158 = ( GEOMETRIC_REPRESENTATION_CONTEXT(2) 
PARAMETRIC_REPRESENTATION_CONTEXT() REPRESENTATION_CONTEXT('2D SPACE',''
  ) );
#2159 = ORIENTED_EDGE('',*,*,#2160,.T.);
#2160 = EDGE_CURVE('',#2132,#1913,#2161,.T.);
#2161 = SURFACE_CURVE('',#2162,(#2167,#2178),.PCURVE_S1.);
#2162 = CIRCLE('',#2163,7.);
#2163 = AXIS2_PLACEMENT_3D('',#2164,#2165,#2166);
#2164 = CARTESIAN_POINT('',(33.234018715768,33.234018715768,46.));
#2165 = DIRECTION('',(0.,0.,-1.));
#2166 = DIRECTION('',(1.,0.,0.));
#2167 = PCURVE('',#1936,#2168);
#2168 = DEFINITIONAL_REPRESENTATION('',(#2169),#2177);
#2169 = ( BOUNDED_CURVE() B_SPLINE_CURVE(2,(#2170,#2171,#2172,#2173,
#2174,#2175,#2176),.UNSPECIFIED.,.T.,.F.) B_SPLINE_CURVE_WITH_KNOTS((1,2
    ,2,2,2,1),(-2.094395102393,0.,2.094395102393,4.188790204786,
6.28318530718,8.377580409573),.UNSPECIFIED.) CURVE() 
GEOMETRIC_REPRESENTATION_ITEM() RATIONAL_B_SPLINE_CURVE((1.,0.5,1.,0.5,
1.,0.5,1.)) REPRESENTATION_ITEM('') );
#2170 = CARTESIAN_POINT('',(40.234018715768,33.234018715768));
#2171 = CARTESIAN_POINT('',(40.234018715768,21.109663062786));
#2172 = CARTESIAN_POINT('',(29.734018715768,27.171840889277));
#2173 = CARTESIAN_POINT('',(19.234018715768,33.234018715768));
#2174 = CARTESIAN_POINT('',(29.734018715768,39.296196542259));
#2175 = CARTESIAN_POINT('',(40.234018715768,45.35837436875));
#2176 = CARTESIAN_POINT('',(40.234018715768,33.234018715768));
#2177 = ( GEOMETRIC_REPRESENTATION_CONTEXT(2) 
PARAMETRIC_REPRESENTATION_CONTEXT() REPRESENTATION_CONTEXT('2D SPACE',''
  ) );
#2178 = PCURVE('',#1963,#2179);
#2179 = DEFINITIONAL_REPRESENTATION('',(#2180),#2184);
#2180 = LINE('',#2181,#2182);
#2181 = CARTESIAN_POINT('',(-6.28318530718,-6.));
#2182 = VECTOR('',#2183,1.);
#2183 = DIRECTION('',(1.,-0.));
#2184 = ( GEOMETRIC_REPRESENTATION_CONTEXT(2) 
PARAMETRIC_REPRESENTATION_CONTEXT() REPRESENTATION_CONTEXT('2D SPACE',''
  ) );
#2185 = ORIENTED_EDGE('',*,*,#1912,.T.);
#2186 = ORIENTED_EDGE('',*,*,#2187,.T.);
#2187 = EDGE_CURVE('',#1915,#2188,#2190,.T.);
#2188 = VERTEX_POINT('',#2189);
#2189 = CARTESIAN_POINT('',(-32.78762736992,26.248266446588,46.));
#2190 = SURFACE_CURVE('',#2191,(#2196,#2207),.PCURVE_S1.);
#2191 = CIRCLE('',#2192,7.);
#2192 = AXIS2_PLACEMENT_3D('',#2193,#2194,#2195);
#2193 = CARTESIAN_POINT('',(-33.23401871576,33.234018715768,46.));
#2194 = DIRECTION('',(0.,0.,-1.));
#2195 = DIRECTION('',(1.,0.,0.));
#2196 = PCURVE('',#1936,#2197);
#2197 = DEFINITIONAL_REPRESENTATION('',(#2198),#2206);
#2198 = ( BOUNDED_CURVE() B_SPLINE_CURVE(2,(#2199,#2200,#2201,#2202,
#2203,#2204,#2205),.UNSPECIFIED.,.T.,.F.) B_SPLINE_CURVE_WITH_KNOTS((1,2
    ,2,2,2,1),(-2.094395102393,0.,2.094395102393,4.188790204786,
6.28318530718,8.377580409573),.UNSPECIFIED.) CURVE() 
GEOMETRIC_REPRESENTATION_ITEM() RATIONAL_B_SPLINE_CURVE((1.,0.5,1.,0.5,
1.,0.5,1.)) REPRESENTATION_ITEM('') );
#2199 = CARTESIAN_POINT('',(-26.23401871576,33.234018715768));
#2200 = CARTESIAN_POINT('',(-26.23401871576,21.109663062786));
#2201 = CARTESIAN_POINT('',(-36.73401871576,27.171840889277));
#2202 = CARTESIAN_POINT('',(-47.23401871576,33.234018715768));
#2203 = CARTESIAN_POINT('',(-36.73401871576,39.296196542259));
#2204 = CARTESIAN_POINT('',(-26.23401871576,45.35837436875));
#2205 = CARTESIAN_POINT('',(-26.23401871576,33.234018715768));
#2206 = ( GEOMETRIC_REPRESENTATION_CONTEXT(2) 
PARAMETRIC_REPRESENTATION_CONTEXT() REPRESENTATION_CONTEXT('2D SPACE',''
  ) );
#2207 = PCURVE('',#2020,#2208);
#2208 = DEFINITIONAL_REPRESENTATION('',(#2209),#2213);
#2209 = LINE('',#2210,#2211);
#2210 = CARTESIAN_POINT('',(-6.28318530718,-6.));
#2211 = VECTOR('',#2212,1.);
#2212 = DIRECTION('',(1.,-0.));
#2213 = ( GEOMETRIC_REPRESENTATION_CONTEXT(2) 
PARAMETRIC_REPRESENTATION_CONTEXT() REPRESENTATION_CONTEXT('2D SPACE',''
  ) );
#2214 = ORIENTED_EDGE('',*,*,#2215,.T.);
#2215 = EDGE_CURVE('',#2188,#2035,#2216,.T.);
#2216 = SURFACE_CURVE('',#2217,(#2222,#2229),.PCURVE_S1.);
#2217 = CIRCLE('',#2218,42.);
#2218 = AXIS2_PLACEMENT_3D('',#2219,#2220,#2221);
#2219 = CARTESIAN_POINT('',(0.,0.,46.));
#2220 = DIRECTION('',(0.,-0.,1.));
#2221 = DIRECTION('',(0.624958724919,0.780657794522,0.));
#2222 = PCURVE('',#1936,#2223);
#2223 = DEFINITIONAL_REPRESENTATION('',(#2224),#2228);
#2224 = CIRCLE('',#2225,42.);
#2225 = AXIS2_PLACEMENT_2D('',#2226,#2227);
#2226 = CARTESIAN_POINT('',(2.083718297203E-15,-3.692127783966E-16));
#2227 = DIRECTION('',(0.624958724919,0.780657794522));
#2228 = ( GEOMETRIC_REPRESENTATION_CONTEXT(2) 
PARAMETRIC_REPRESENTATION_CONTEXT() REPRESENTATION_CONTEXT('2D SPACE',''
  ) );
#2229 = PCURVE('',#2230,#2235);
#2230 = CYLINDRICAL_SURFACE('',#2231,42.);
#2231 = AXIS2_PLACEMENT_3D('',#2232,#2233,#2234);
#2232 = CARTESIAN_POINT('',(0.,0.,46.));
#2233 = DIRECTION('',(-0.,-0.,-1.));
#2234 = DIRECTION('',(1.,0.,0.));
#2235 = DEFINITIONAL_REPRESENTATION('',(#2236),#2240);
#2236 = LINE('',#2237,#2238);
#2237 = CARTESIAN_POINT('',(-0.895717667159,0.));
#2238 = VECTOR('',#2239,1.);
#2239 = DIRECTION('',(-1.,0.));
#2240 = ( GEOMETRIC_REPRESENTATION_CONTEXT(2) 
PARAMETRIC_REPRESENTATION_CONTEXT() REPRESENTATION_CONTEXT('2D SPACE',''
  ) );
#2241 = FACE_BOUND('',#2242,.F.);
#2242 = EDGE_LOOP('',(#2243));
#2243 = ORIENTED_EDGE('',*,*,#2244,.T.);
#2244 = EDGE_CURVE('',#2245,#2245,#2247,.T.);
#2245 = VERTEX_POINT('',#2246);
#2246 = CARTESIAN_POINT('',(2.25,-36.,46.));
#2247 = SURFACE_CURVE('',#2248,(#2253,#2264),.PCURVE_S1.);
#2248 = CIRCLE('',#2249,2.25);
#2249 = AXIS2_PLACEMENT_3D('',#2250,#2251,#2252);
#2250 = CARTESIAN_POINT('',(-6.613092715396E-15,-36.,46.));
#2251 = DIRECTION('',(0.,0.,-1.));
#2252 = DIRECTION('',(1.,0.,0.));
#2253 = PCURVE('',#1936,#2254);
#2254 = DEFINITIONAL_REPRESENTATION('',(#2255),#2263);
#2255 = ( BOUNDED_CURVE() B_SPLINE_CURVE(2,(#2256,#2257,#2258,#2259,
#2260,#2261,#2262),.UNSPECIFIED.,.T.,.F.) B_SPLINE_CURVE_WITH_KNOTS((1,2
    ,2,2,2,1),(-2.094395102393,0.,2.094395102393,4.188790204786,
6.28318530718,8.377580409573),.UNSPECIFIED.) CURVE() 
GEOMETRIC_REPRESENTATION_ITEM() RATIONAL_B_SPLINE_CURVE((1.,0.5,1.,0.5,
1.,0.5,1.)) REPRESENTATION_ITEM('') );
#2256 = CARTESIAN_POINT('',(2.25,-36.));
#2257 = CARTESIAN_POINT('',(2.25,-39.89711431703));
#2258 = CARTESIAN_POINT('',(-1.125,-37.94855715851));
#2259 = CARTESIAN_POINT('',(-4.5,-36.));
#2260 = CARTESIAN_POINT('',(-1.125,-34.05144284148));
#2261 = CARTESIAN_POINT('',(2.25,-32.10288568297));
#2262 = CARTESIAN_POINT('',(2.25,-36.));
#2263 = ( GEOMETRIC_REPRESENTATION_CONTEXT(2) 
PARAMETRIC_REPRESENTATION_CONTEXT() REPRESENTATION_CONTEXT('2D SPACE',''
  ) );
#2264 = PCURVE('',#2265,#2270);
#2265 = CYLINDRICAL_SURFACE('',#2266,2.25);
#2266 = AXIS2_PLACEMENT_3D('',#2267,#2268,#2269);
#2267 = CARTESIAN_POINT('',(-6.613092715396E-15,-36.,45.));
#2268 = DIRECTION('',(-0.,-0.,-1.));
#2269 = DIRECTION('',(1.,0.,0.));
#2270 = DEFINITIONAL_REPRESENTATION('',(#2271),#2275);
#2271 = LINE('',#2272,#2273);
#2272 = CARTESIAN_POINT('',(-6.28318530718,-1.));
#2273 = VECTOR('',#2274,1.);
#2274 = DIRECTION('',(1.,-0.));
#2275 = ( GEOMETRIC_REPRESENTATION_CONTEXT(2) 
PARAMETRIC_REPRESENTATION_CONTEXT() REPRESENTATION_CONTEXT('2D SPACE',''
  ) );
#2276 = FACE_BOUND('',#2277,.F.);
#2277 = EDGE_LOOP('',(#2278));
#2278 = ORIENTED_EDGE('',*,*,#2279,.T.);
#2279 = EDGE_CURVE('',#2280,#2280,#2282,.T.);
#2280 = VERTEX_POINT('',#2281);
#2281 = CARTESIAN_POINT('',(-13.8,-15.5,46.));
#2282 = SURFACE_CURVE('',#2283,(#2288,#2299),.PCURVE_S1.);
#2283 = CIRCLE('',#2284,1.7);
#2284 = AXIS2_PLACEMENT_3D('',#2285,#2286,#2287);
#2285 = CARTESIAN_POINT('',(-15.5,-15.5,46.));
#2286 = DIRECTION('',(0.,0.,-1.));
#2287 = DIRECTION('',(1.,0.,0.));
#2288 = PCURVE('',#1936,#2289);
#2289 = DEFINITIONAL_REPRESENTATION('',(#2290),#2298);
#2290 = ( BOUNDED_CURVE() B_SPLINE_CURVE(2,(#2291,#2292,#2293,#2294,
#2295,#2296,#2297),.UNSPECIFIED.,.T.,.F.) B_SPLINE_CURVE_WITH_KNOTS((1,2
    ,2,2,2,1),(-2.094395102393,0.,2.094395102393,4.188790204786,
6.28318530718,8.377580409573),.UNSPECIFIED.) CURVE() 
GEOMETRIC_REPRESENTATION_ITEM() RATIONAL_B_SPLINE_CURVE((1.,0.5,1.,0.5,
1.,0.5,1.)) REPRESENTATION_ITEM('') );
#2291 = CARTESIAN_POINT('',(-13.8,-15.5));
#2292 = CARTESIAN_POINT('',(-13.8,-18.44448637286));
#2293 = CARTESIAN_POINT('',(-16.35,-16.97224318643));
#2294 = CARTESIAN_POINT('',(-18.9,-15.5));
#2295 = CARTESIAN_POINT('',(-16.35,-14.02775681356));
#2296 = CARTESIAN_POINT('',(-13.8,-12.55551362713));
#2297 = CARTESIAN_POINT('',(-13.8,-15.5));
#2298 = ( GEOMETRIC_REPRESENTATION_CONTEXT(2) 
PARAMETRIC_REPRESENTATION_CONTEXT() REPRESENTATION_CONTEXT('2D SPACE',''
  ) );
#2299 = PCURVE('',#2300,#2305);
#2300 = CYLINDRICAL_SURFACE('',#2301,1.7);
#2301 = AXIS2_PLACEMENT_3D('',#2302,#2303,#2304);
#2302 = CARTESIAN_POINT('',(-15.5,-15.5,45.));
#2303 = DIRECTION('',(-0.,-0.,-1.));
#2304 = DIRECTION('',(1.,0.,0.));
#2305 = DEFINITIONAL_REPRESENTATION('',(#2306),#2310);
#2306 = LINE('',#2307,#2308);
#2307 = CARTESIAN_POINT('',(-6.28318530718,-1.));
#2308 = VECTOR('',#2309,1.);
#2309 = DIRECTION('',(1.,-0.));
#2310 = ( GEOMETRIC_REPRESENTATION_CONTEXT(2) 
PARAMETRIC_REPRESENTATION_CONTEXT() REPRESENTATION_CONTEXT('2D SPACE',''
  ) );
#2311 = FACE_BOUND('',#2312,.F.);
#2312 = EDGE_LOOP('',(#2313));
#2313 = ORIENTED_EDGE('',*,*,#2314,.T.);
#2314 = EDGE_CURVE('',#2315,#2315,#2317,.T.);
#2315 = VERTEX_POINT('',#2316);
#2316 = CARTESIAN_POINT('',(17.2,-15.5,46.));
#2317 = SURFACE_CURVE('',#2318,(#2323,#2334),.PCURVE_S1.);
#2318 = CIRCLE('',#2319,1.7);
#2319 = AXIS2_PLACEMENT_3D('',#2320,#2321,#2322);
#2320 = CARTESIAN_POINT('',(15.5,-15.5,46.));
#2321 = DIRECTION('',(0.,0.,-1.));
#2322 = DIRECTION('',(1.,0.,0.));
#2323 = PCURVE('',#1936,#2324);
#2324 = DEFINITIONAL_REPRESENTATION('',(#2325),#2333);
#2325 = ( BOUNDED_CURVE() B_SPLINE_CURVE(2,(#2326,#2327,#2328,#2329,
#2330,#2331,#2332),.UNSPECIFIED.,.T.,.F.) B_SPLINE_CURVE_WITH_KNOTS((1,2
    ,2,2,2,1),(-2.094395102393,0.,2.094395102393,4.188790204786,
6.28318530718,8.377580409573),.UNSPECIFIED.) CURVE() 
GEOMETRIC_REPRESENTATION_ITEM() RATIONAL_B_SPLINE_CURVE((1.,0.5,1.,0.5,
1.,0.5,1.)) REPRESENTATION_ITEM('') );
#2326 = CARTESIAN_POINT('',(17.2,-15.5));
#2327 = CARTESIAN_POINT('',(17.2,-18.44448637286));
#2328 = CARTESIAN_POINT('',(14.65,-16.97224318643));
#2329 = CARTESIAN_POINT('',(12.1,-15.5));
#2330 = CARTESIAN_POINT('',(14.65,-14.02775681356));
#2331 = CARTESIAN_POINT('',(17.2,-12.55551362713));
#2332 = CARTESIAN_POINT('',(17.2,-15.5));
#2333 = ( GEOMETRIC_REPRESENTATION_CONTEXT(2) 
PARAMETRIC_REPRESENTATION_CONTEXT() REPRESENTATION_CONTEXT('2D SPACE',''
  ) );
#2334 = PCURVE('',#2335,#2340);
#2335 = CYLINDRICAL_SURFACE('',#2336,1.7);
#2336 = AXIS2_PLACEMENT_3D('',#2337,#2338,#2339);
#2337 = CARTESIAN_POINT('',(15.5,-15.5,45.));
#2338 = DIRECTION('',(-0.,-0.,-1.));
#2339 = DIRECTION('',(1.,0.,0.));
#2340 = DEFINITIONAL_REPRESENTATION('',(#2341),#2345);
#2341 = LINE('',#2342,#2343);
#2342 = CARTESIAN_POINT('',(-6.28318530718,-1.));
#2343 = VECTOR('',#2344,1.);
#2344 = DIRECTION('',(1.,-0.));
#2345 = ( GEOMETRIC_REPRESENTATION_CONTEXT(2) 
PARAMETRIC_REPRESENTATION_CONTEXT() REPRESENTATION_CONTEXT('2D SPACE',''
  ) );
#2346 = FACE_BOUND('',#2347,.F.);
#2347 = EDGE_LOOP('',(#2348));
#2348 = ORIENTED_EDGE('',*,*,#2349,.T.);
#2349 = EDGE_CURVE('',#2350,#2350,#2352,.T.);
#2350 = VERTEX_POINT('',#2351);
#2351 = CARTESIAN_POINT('',(-33.75,4.40872847693E-15,46.));
#2352 = SURFACE_CURVE('',#2353,(#2358,#2369),.PCURVE_S1.);
#2353 = CIRCLE('',#2354,2.25);
#2354 = AXIS2_PLACEMENT_3D('',#2355,#2356,#2357);
#2355 = CARTESIAN_POINT('',(-36.,4.40872847693E-15,46.));
#2356 = DIRECTION('',(0.,0.,-1.));
#2357 = DIRECTION('',(1.,0.,0.));
#2358 = PCURVE('',#1936,#2359);
#2359 = DEFINITIONAL_REPRESENTATION('',(#2360),#2368);
#2360 = ( BOUNDED_CURVE() B_SPLINE_CURVE(2,(#2361,#2362,#2363,#2364,
#2365,#2366,#2367),.UNSPECIFIED.,.T.,.F.) B_SPLINE_CURVE_WITH_KNOTS((1,2
    ,2,2,2,1),(-2.094395102393,0.,2.094395102393,4.188790204786,
6.28318530718,8.377580409573),.UNSPECIFIED.) CURVE() 
GEOMETRIC_REPRESENTATION_ITEM() RATIONAL_B_SPLINE_CURVE((1.,0.5,1.,0.5,
1.,0.5,1.)) REPRESENTATION_ITEM('') );
#2361 = CARTESIAN_POINT('',(-33.75,4.039515698534E-15));
#2362 = CARTESIAN_POINT('',(-33.75,-3.89711431703));
#2363 = CARTESIAN_POINT('',(-37.125,-1.948557158515));
#2364 = CARTESIAN_POINT('',(-40.5,3.488424638918E-15));
#2365 = CARTESIAN_POINT('',(-37.125,1.948557158515));
#2366 = CARTESIAN_POINT('',(-33.75,3.89711431703));
#2367 = CARTESIAN_POINT('',(-33.75,4.039515698534E-15));
#2368 = ( GEOMETRIC_REPRESENTATION_CONTEXT(2) 
PARAMETRIC_REPRESENTATION_CONTEXT() REPRESENTATION_CONTEXT('2D SPACE',''
  ) );
#2369 = PCURVE('',#2370,#2375);
#2370 = CYLINDRICAL_SURFACE('',#2371,2.25);
#2371 = AXIS2_PLACEMENT_3D('',#2372,#2373,#2374);
#2372 = CARTESIAN_POINT('',(-36.,4.40872847693E-15,45.));
#2373 = DIRECTION('',(-0.,-0.,-1.));
#2374 = DIRECTION('',(1.,0.,0.));
#2375 = DEFINITIONAL_REPRESENTATION('',(#2376),#2380);
#2376 = LINE('',#2377,#2378);
#2377 = CARTESIAN_POINT('',(-6.28318530718,-1.));
#2378 = VECTOR('',#2379,1.);
#2379 = DIRECTION('',(1.,-0.));
#2380 = ( GEOMETRIC_REPRESENTATION_CONTEXT(2) 
PARAMETRIC_REPRESENTATION_CONTEXT() REPRESENTATION_CONTEXT('2D SPACE',''
  ) );
#2381 = FACE_BOUND('',#2382,.F.);
#2382 = EDGE_LOOP('',(#2383));
#2383 = ORIENTED_EDGE('',*,*,#2384,.T.);
#2384 = EDGE_CURVE('',#2385,#2385,#2387,.T.);
#2385 = VERTEX_POINT('',#2386);
#2386 = CARTESIAN_POINT('',(-13.8,15.5,46.));
#2387 = SURFACE_CURVE('',#2388,(#2393,#2404),.PCURVE_S1.);
#2388 = CIRCLE('',#2389,1.7);
#2389 = AXIS2_PLACEMENT_3D('',#2390,#2391,#2392);
#2390 = CARTESIAN_POINT('',(-15.5,15.5,46.));
#2391 = DIRECTION('',(0.,0.,-1.));
#2392 = DIRECTION('',(1.,0.,0.));
#2393 = PCURVE('',#1936,#2394);
#2394 = DEFINITIONAL_REPRESENTATION('',(#2395),#2403);
#2395 = ( BOUNDED_CURVE() B_SPLINE_CURVE(2,(#2396,#2397,#2398,#2399,
#2400,#2401,#2402),.UNSPECIFIED.,.T.,.F.) B_SPLINE_CURVE_WITH_KNOTS((1,2
    ,2,2,2,1),(-2.094395102393,0.,2.094395102393,4.188790204786,
6.28318530718,8.377580409573),.UNSPECIFIED.) CURVE() 
GEOMETRIC_REPRESENTATION_ITEM() RATIONAL_B_SPLINE_CURVE((1.,0.5,1.,0.5,
1.,0.5,1.)) REPRESENTATION_ITEM('') );
#2396 = CARTESIAN_POINT('',(-13.8,15.5));
#2397 = CARTESIAN_POINT('',(-13.8,12.555513627133));
#2398 = CARTESIAN_POINT('',(-16.35,14.027756813566));
#2399 = CARTESIAN_POINT('',(-18.9,15.5));
#2400 = CARTESIAN_POINT('',(-16.35,16.972243186434));
#2401 = CARTESIAN_POINT('',(-13.8,18.444486372867));
#2402 = CARTESIAN_POINT('',(-13.8,15.5));
#2403 = ( GEOMETRIC_REPRESENTATION_CONTEXT(2) 
PARAMETRIC_REPRESENTATION_CONTEXT() REPRESENTATION_CONTEXT('2D SPACE',''
  ) );
#2404 = PCURVE('',#2405,#2410);
#2405 = CYLINDRICAL_SURFACE('',#2406,1.7);
#2406 = AXIS2_PLACEMENT_3D('',#2407,#2408,#2409);
#2407 = CARTESIAN_POINT('',(-15.5,15.5,45.));
#2408 = DIRECTION('',(-0.,-0.,-1.));
#2409 = DIRECTION('',(1.,0.,0.));
#2410 = DEFINITIONAL_REPRESENTATION('',(#2411),#2415);
#2411 = LINE('',#2412,#2413);
#2412 = CARTESIAN_POINT('',(-6.28318530718,-1.));
#2413 = VECTOR('',#2414,1.);
#2414 = DIRECTION('',(1.,-0.));
#2415 = ( GEOMETRIC_REPRESENTATION_CONTEXT(2) 
PARAMETRIC_REPRESENTATION_CONTEXT() REPRESENTATION_CONTEXT('2D SPACE',''
  ) );
#2416 = FACE_BOUND('',#2417,.F.);
#2417 = EDGE_LOOP('',(#2418));
#2418 = ORIENTED_EDGE('',*,*,#2419,.T.);
#2419 = EDGE_CURVE('',#2420,#2420,#2422,.T.);
#2420 = VERTEX_POINT('',#2421);
#2421 = CARTESIAN_POINT('',(11.3,0.,46.));
#2422 = SURFACE_CURVE('',#2423,(#2428,#2439),.PCURVE_S1.);
#2423 = CIRCLE('',#2424,11.3);
#2424 = AXIS2_PLACEMENT_3D('',#2425,#2426,#2427);
#2425 = CARTESIAN_POINT('',(0.,0.,46.));
#2426 = DIRECTION('',(0.,0.,-1.));
#2427 = DIRECTION('',(1.,0.,0.));
#2428 = PCURVE('',#1936,#2429);
#2429 = DEFINITIONAL_REPRESENTATION('',(#2430),#2438);
#2430 = ( BOUNDED_CURVE() B_SPLINE_CURVE(2,(#2431,#2432,#2433,#2434,
#2435,#2436,#2437),.UNSPECIFIED.,.T.,.F.) B_SPLINE_CURVE_WITH_KNOTS((1,2
    ,2,2,2,1),(-2.094395102393,0.,2.094395102393,4.188790204786,
6.28318530718,8.377580409573),.UNSPECIFIED.) CURVE() 
GEOMETRIC_REPRESENTATION_ITEM() RATIONAL_B_SPLINE_CURVE((1.,0.5,1.,0.5,
1.,0.5,1.)) REPRESENTATION_ITEM('') );
#2431 = CARTESIAN_POINT('',(11.3,-3.692127783966E-16));
#2432 = CARTESIAN_POINT('',(11.3,-19.57217412552));
#2433 = CARTESIAN_POINT('',(-5.65,-9.786087062764));
#2434 = CARTESIAN_POINT('',(-22.6,-3.13691454447E-15));
#2435 = CARTESIAN_POINT('',(-5.65,9.786087062764));
#2436 = CARTESIAN_POINT('',(11.3,19.572174125528));
#2437 = CARTESIAN_POINT('',(11.3,-3.692127783966E-16));
#2438 = ( GEOMETRIC_REPRESENTATION_CONTEXT(2) 
PARAMETRIC_REPRESENTATION_CONTEXT() REPRESENTATION_CONTEXT('2D SPACE',''
  ) );
#2439 = PCURVE('',#2440,#2445);
#2440 = CYLINDRICAL_SURFACE('',#2441,11.3);
#2441 = AXIS2_PLACEMENT_3D('',#2442,#2443,#2444);
#2442 = CARTESIAN_POINT('',(0.,0.,45.9));
#2443 = DIRECTION('',(-0.,-0.,-1.));
#2444 = DIRECTION('',(1.,0.,0.));
#2445 = DEFINITIONAL_REPRESENTATION('',(#2446),#2450);
#2446 = LINE('',#2447,#2448);
#2447 = CARTESIAN_POINT('',(-6.28318530718,-0.1));
#2448 = VECTOR('',#2449,1.);
#2449 = DIRECTION('',(1.,-0.));
#2450 = ( GEOMETRIC_REPRESENTATION_CONTEXT(2) 
PARAMETRIC_REPRESENTATION_CONTEXT() REPRESENTATION_CONTEXT('2D SPACE',''
  ) );
#2451 = FACE_BOUND('',#2452,.F.);
#2452 = EDGE_LOOP('',(#2453));
#2453 = ORIENTED_EDGE('',*,*,#2454,.T.);
#2454 = EDGE_CURVE('',#2455,#2455,#2457,.T.);
#2455 = VERTEX_POINT('',#2456);
#2456 = CARTESIAN_POINT('',(17.2,15.5,46.));
#2457 = SURFACE_CURVE('',#2458,(#2463,#2474),.PCURVE_S1.);
#2458 = CIRCLE('',#2459,1.7);
#2459 = AXIS2_PLACEMENT_3D('',#2460,#2461,#2462);
#2460 = CARTESIAN_POINT('',(15.5,15.5,46.));
#2461 = DIRECTION('',(0.,0.,-1.));
#2462 = DIRECTION('',(1.,0.,0.));
#2463 = PCURVE('',#1936,#2464);
#2464 = DEFINITIONAL_REPRESENTATION('',(#2465),#2473);
#2465 = ( BOUNDED_CURVE() B_SPLINE_CURVE(2,(#2466,#2467,#2468,#2469,
#2470,#2471,#2472),.UNSPECIFIED.,.T.,.F.) B_SPLINE_CURVE_WITH_KNOTS((1,2
    ,2,2,2,1),(-2.094395102393,0.,2.094395102393,4.188790204786,
6.28318530718,8.377580409573),.UNSPECIFIED.) CURVE() 
GEOMETRIC_REPRESENTATION_ITEM() RATIONAL_B_SPLINE_CURVE((1.,0.5,1.,0.5,
1.,0.5,1.)) REPRESENTATION_ITEM('') );
#2466 = CARTESIAN_POINT('',(17.2,15.5));
#2467 = CARTESIAN_POINT('',(17.2,12.555513627133));
#2468 = CARTESIAN_POINT('',(14.65,14.027756813566));
#2469 = CARTESIAN_POINT('',(12.1,15.5));
#2470 = CARTESIAN_POINT('',(14.65,16.972243186434));
#2471 = CARTESIAN_POINT('',(17.2,18.444486372867));
#2472 = CARTESIAN_POINT('',(17.2,15.5));
#2473 = ( GEOMETRIC_REPRESENTATION_CONTEXT(2) 
PARAMETRIC_REPRESENTATION_CONTEXT() REPRESENTATION_CONTEXT('2D SPACE',''
  ) );
#2474 = PCURVE('',#2475,#2480);
#2475 = CYLINDRICAL_SURFACE('',#2476,1.7);
#2476 = AXIS2_PLACEMENT_3D('',#2477,#2478,#2479);
#2477 = CARTESIAN_POINT('',(15.5,15.5,45.));
#2478 = DIRECTION('',(-0.,-0.,-1.));
#2479 = DIRECTION('',(1.,0.,0.));
#2480 = DEFINITIONAL_REPRESENTATION('',(#2481),#2485);
#2481 = LINE('',#2482,#2483);
#2482 = CARTESIAN_POINT('',(-6.28318530718,-1.));
#2483 = VECTOR('',#2484,1.);
#2484 = DIRECTION('',(1.,-0.));
#2485 = ( GEOMETRIC_REPRESENTATION_CONTEXT(2) 
PARAMETRIC_REPRESENTATION_CONTEXT() REPRESENTATION_CONTEXT('2D SPACE',''
  ) );
#2486 = FACE_BOUND('',#2487,.F.);
#2487 = EDGE_LOOP('',(#2488));
#2488 = ORIENTED_EDGE('',*,*,#2489,.T.);
#2489 = EDGE_CURVE('',#2490,#2490,#2492,.T.);
#2490 = VERTEX_POINT('',#2491);
#2491 = CARTESIAN_POINT('',(38.25,0.,46.));
#2492 = SURFACE_CURVE('',#2493,(#2498,#2509),.PCURVE_S1.);
#2493 = CIRCLE('',#2494,2.25);
#2494 = AXIS2_PLACEMENT_3D('',#2495,#2496,#2497);
#2495 = CARTESIAN_POINT('',(36.,0.,46.));
#2496 = DIRECTION('',(0.,0.,-1.));
#2497 = DIRECTION('',(1.,0.,0.));
#2498 = PCURVE('',#1936,#2499);
#2499 = DEFINITIONAL_REPRESENTATION('',(#2500),#2508);
#2500 = ( BOUNDED_CURVE() B_SPLINE_CURVE(2,(#2501,#2502,#2503,#2504,
#2505,#2506,#2507),.UNSPECIFIED.,.T.,.F.) B_SPLINE_CURVE_WITH_KNOTS((1,2
    ,2,2,2,1),(-2.094395102393,0.,2.094395102393,4.188790204786,
6.28318530718,8.377580409573),.UNSPECIFIED.) CURVE() 
GEOMETRIC_REPRESENTATION_ITEM() RATIONAL_B_SPLINE_CURVE((1.,0.5,1.,0.5,
1.,0.5,1.)) REPRESENTATION_ITEM('') );
#2501 = CARTESIAN_POINT('',(38.25,-3.692127783966E-16));
#2502 = CARTESIAN_POINT('',(38.25,-3.89711431703));
#2503 = CARTESIAN_POINT('',(34.875,-1.948557158515));
#2504 = CARTESIAN_POINT('',(31.5,-9.203038380129E-16));
#2505 = CARTESIAN_POINT('',(34.875,1.948557158515));
#2506 = CARTESIAN_POINT('',(38.25,3.89711431703));
#2507 = CARTESIAN_POINT('',(38.25,-3.692127783966E-16));
#2508 = ( GEOMETRIC_REPRESENTATION_CONTEXT(2) 
PARAMETRIC_REPRESENTATION_CONTEXT() REPRESENTATION_CONTEXT('2D SPACE',''
  ) );
#2509 = PCURVE('',#2510,#2515);
#2510 = CYLINDRICAL_SURFACE('',#2511,2.25);
#2511 = AXIS2_PLACEMENT_3D('',#2512,#2513,#2514);
#2512 = CARTESIAN_POINT('',(36.,0.,45.));
#2513 = DIRECTION('',(-0.,-0.,-1.));
#2514 = DIRECTION('',(1.,0.,0.));
#2515 = DEFINITIONAL_REPRESENTATION('',(#2516),#2520);
#2516 = LINE('',#2517,#2518);
#2517 = CARTESIAN_POINT('',(-6.28318530718,-1.));
#2518 = VECTOR('',#2519,1.);
#2519 = DIRECTION('',(1.,-0.));
#2520 = ( GEOMETRIC_REPRESENTATION_CONTEXT(2) 
PARAMETRIC_REPRESENTATION_CONTEXT() REPRESENTATION_CONTEXT('2D SPACE',''
  ) );
#2521 = FACE_BOUND('',#2522,.F.);
#2522 = EDGE_LOOP('',(#2523));
#2523 = ORIENTED_EDGE('',*,*,#2524,.T.);
#2524 = EDGE_CURVE('',#2525,#2525,#2527,.T.);
#2525 = VERTEX_POINT('',#2526);
#2526 = CARTESIAN_POINT('',(2.25,36.,46.));
#2527 = SURFACE_CURVE('',#2528,(#2533,#2544),.PCURVE_S1.);
#2528 = CIRCLE('',#2529,2.25);
#2529 = AXIS2_PLACEMENT_3D('',#2530,#2531,#2532);
#2530 = CARTESIAN_POINT('',(2.204364238465E-15,36.,46.));
#2531 = DIRECTION('',(0.,0.,-1.));
#2532 = DIRECTION('',(1.,0.,0.));
#2533 = PCURVE('',#1936,#2534);
#2534 = DEFINITIONAL_REPRESENTATION('',(#2535),#2543);
#2535 = ( BOUNDED_CURVE() B_SPLINE_CURVE(2,(#2536,#2537,#2538,#2539,
#2540,#2541,#2542),.UNSPECIFIED.,.T.,.F.) B_SPLINE_CURVE_WITH_KNOTS((1,2
    ,2,2,2,1),(-2.094395102393,0.,2.094395102393,4.188790204786,
6.28318530718,8.377580409573),.UNSPECIFIED.) CURVE() 
GEOMETRIC_REPRESENTATION_ITEM() RATIONAL_B_SPLINE_CURVE((1.,0.5,1.,0.5,
1.,0.5,1.)) REPRESENTATION_ITEM('') );
#2536 = CARTESIAN_POINT('',(2.25,36.));
#2537 = CARTESIAN_POINT('',(2.25,32.10288568297));
#2538 = CARTESIAN_POINT('',(-1.125,34.051442841485));
#2539 = CARTESIAN_POINT('',(-4.5,36.));
#2540 = CARTESIAN_POINT('',(-1.125,37.948557158515));
#2541 = CARTESIAN_POINT('',(2.25,39.89711431703));
#2542 = CARTESIAN_POINT('',(2.25,36.));
#2543 = ( GEOMETRIC_REPRESENTATION_CONTEXT(2) 
PARAMETRIC_REPRESENTATION_CONTEXT() REPRESENTATION_CONTEXT('2D SPACE',''
  ) );
#2544 = PCURVE('',#2545,#2550);
#2545 = CYLINDRICAL_SURFACE('',#2546,2.25);
#2546 = AXIS2_PLACEMENT_3D('',#2547,#2548,#2549);
#2547 = CARTESIAN_POINT('',(2.204364238465E-15,36.,45.));
#2548 = DIRECTION('',(-0.,-0.,-1.));
#2549 = DIRECTION('',(1.,0.,0.));
#2550 = DEFINITIONAL_REPRESENTATION('',(#2551),#2555);
#2551 = LINE('',#2552,#2553);
#2552 = CARTESIAN_POINT('',(-6.28318530718,-1.));
#2553 = VECTOR('',#2554,1.);
#2554 = DIRECTION('',(1.,-0.));
#2555 = ( GEOMETRIC_REPRESENTATION_CONTEXT(2) 
PARAMETRIC_REPRESENTATION_CONTEXT() REPRESENTATION_CONTEXT('2D SPACE',''
  ) );
#2556 = ADVANCED_FACE('',(#2557),#2020,.T.);
#2557 = FACE_BOUND('',#2558,.F.);
#2558 = EDGE_LOOP('',(#2559,#2588,#2611,#2635,#2654,#2655,#2656,#2678));
#2559 = ORIENTED_EDGE('',*,*,#2560,.F.);
#2560 = EDGE_CURVE('',#2561,#2561,#2563,.T.);
#2561 = VERTEX_POINT('',#2562);
#2562 = CARTESIAN_POINT('',(-26.23401871576,33.234018715768,40.));
#2563 = SURFACE_CURVE('',#2564,(#2569,#2576),.PCURVE_S1.);
#2564 = CIRCLE('',#2565,7.);
#2565 = AXIS2_PLACEMENT_3D('',#2566,#2567,#2568);
#2566 = CARTESIAN_POINT('',(-33.23401871576,33.234018715768,40.));
#2567 = DIRECTION('',(0.,0.,1.));
#2568 = DIRECTION('',(1.,0.,0.));
#2569 = PCURVE('',#2020,#2570);
#2570 = DEFINITIONAL_REPRESENTATION('',(#2571),#2575);
#2571 = LINE('',#2572,#2573);
#2572 = CARTESIAN_POINT('',(-0.,0.));
#2573 = VECTOR('',#2574,1.);
#2574 = DIRECTION('',(-1.,0.));
#2575 = ( GEOMETRIC_REPRESENTATION_CONTEXT(2) 
PARAMETRIC_REPRESENTATION_CONTEXT() REPRESENTATION_CONTEXT('2D SPACE',''
  ) );
#2576 = PCURVE('',#2577,#2582);
#2577 = PLANE('',#2578);
#2578 = AXIS2_PLACEMENT_3D('',#2579,#2580,#2581);
#2579 = CARTESIAN_POINT('',(-33.23401871576,33.234018715768,40.));
#2580 = DIRECTION('',(0.,0.,1.));
#2581 = DIRECTION('',(1.,0.,-0.));
#2582 = DEFINITIONAL_REPRESENTATION('',(#2583),#2587);
#2583 = CIRCLE('',#2584,7.);
#2584 = AXIS2_PLACEMENT_2D('',#2585,#2586);
#2585 = CARTESIAN_POINT('',(0.,-7.105427357601E-15));
#2586 = DIRECTION('',(1.,0.));
#2587 = ( GEOMETRIC_REPRESENTATION_CONTEXT(2) 
PARAMETRIC_REPRESENTATION_CONTEXT() REPRESENTATION_CONTEXT('2D SPACE',''
  ) );
#2588 = ORIENTED_EDGE('',*,*,#2589,.T.);
#2589 = EDGE_CURVE('',#2561,#2590,#2592,.T.);
#2590 = VERTEX_POINT('',#2591);
#2591 = CARTESIAN_POINT('',(-26.23401871576,33.234018715768,50.));
#2592 = SEAM_CURVE('',#2593,(#2597,#2604),.PCURVE_S1.);
#2593 = LINE('',#2594,#2595);
#2594 = CARTESIAN_POINT('',(-26.23401871576,33.234018715768,40.));
#2595 = VECTOR('',#2596,1.);
#2596 = DIRECTION('',(0.,0.,1.));
#2597 = PCURVE('',#2020,#2598);
#2598 = DEFINITIONAL_REPRESENTATION('',(#2599),#2603);
#2599 = LINE('',#2600,#2601);
#2600 = CARTESIAN_POINT('',(-6.28318530718,0.));
#2601 = VECTOR('',#2602,1.);
#2602 = DIRECTION('',(-0.,-1.));
#2603 = ( GEOMETRIC_REPRESENTATION_CONTEXT(2) 
PARAMETRIC_REPRESENTATION_CONTEXT() REPRESENTATION_CONTEXT('2D SPACE',''
  ) );
#2604 = PCURVE('',#2020,#2605);
#2605 = DEFINITIONAL_REPRESENTATION('',(#2606),#2610);
#2606 = LINE('',#2607,#2608);
#2607 = CARTESIAN_POINT('',(-0.,0.));
#2608 = VECTOR('',#2609,1.);
#2609 = DIRECTION('',(-0.,-1.));
#2610 = ( GEOMETRIC_REPRESENTATION_CONTEXT(2) 
PARAMETRIC_REPRESENTATION_CONTEXT() REPRESENTATION_CONTEXT('2D SPACE',''
  ) );
#2611 = ORIENTED_EDGE('',*,*,#2612,.T.);
#2612 = EDGE_CURVE('',#2590,#2613,#2615,.T.);
#2613 = VERTEX_POINT('',#2614);
#2614 = CARTESIAN_POINT('',(-32.78762736992,26.248266446587,50.));
#2615 = SURFACE_CURVE('',#2616,(#2621,#2628),.PCURVE_S1.);
#2616 = CIRCLE('',#2617,7.);
#2617 = AXIS2_PLACEMENT_3D('',#2618,#2619,#2620);
#2618 = CARTESIAN_POINT('',(-33.23401871576,33.234018715768,50.));
#2619 = DIRECTION('',(0.,0.,1.));
#2620 = DIRECTION('',(1.,0.,0.));
#2621 = PCURVE('',#2020,#2622);
#2622 = DEFINITIONAL_REPRESENTATION('',(#2623),#2627);
#2623 = LINE('',#2624,#2625);
#2624 = CARTESIAN_POINT('',(-0.,-10.));
#2625 = VECTOR('',#2626,1.);
#2626 = DIRECTION('',(-1.,0.));
#2627 = ( GEOMETRIC_REPRESENTATION_CONTEXT(2) 
PARAMETRIC_REPRESENTATION_CONTEXT() REPRESENTATION_CONTEXT('2D SPACE',''
  ) );
#2628 = PCURVE('',#1991,#2629);
#2629 = DEFINITIONAL_REPRESENTATION('',(#2630),#2634);
#2630 = CIRCLE('',#2631,7.);
#2631 = AXIS2_PLACEMENT_2D('',#2632,#2633);
#2632 = CARTESIAN_POINT('',(-33.23401871576,33.234018715768));
#2633 = DIRECTION('',(1.,0.));
#2634 = ( GEOMETRIC_REPRESENTATION_CONTEXT(2) 
PARAMETRIC_REPRESENTATION_CONTEXT() REPRESENTATION_CONTEXT('2D SPACE',''
  ) );
#2635 = ORIENTED_EDGE('',*,*,#2636,.T.);
#2636 = EDGE_CURVE('',#2613,#2188,#2637,.T.);
#2637 = SURFACE_CURVE('',#2638,(#2642,#2648),.PCURVE_S1.);
#2638 = LINE('',#2639,#2640);
#2639 = CARTESIAN_POINT('',(-32.78762736992,26.248266446588,46.));
#2640 = VECTOR('',#2641,1.);
#2641 = DIRECTION('',(-0.,-0.,-1.));
#2642 = PCURVE('',#2020,#2643);
#2643 = DEFINITIONAL_REPRESENTATION('',(#2644),#2647);
#2644 = B_SPLINE_CURVE_WITH_KNOTS('',1,(#2645,#2646),.UNSPECIFIED.,.F.,
  .F.,(2,2),(-4.0000006,5.999999999062E-07),.PIECEWISE_BEZIER_KNOTS.);
#2645 = CARTESIAN_POINT('',(-4.776202473644,-10.0000006));
#2646 = CARTESIAN_POINT('',(-4.776202473644,-5.9999994));
#2647 = ( GEOMETRIC_REPRESENTATION_CONTEXT(2) 
PARAMETRIC_REPRESENTATION_CONTEXT() REPRESENTATION_CONTEXT('2D SPACE',''
  ) );
#2648 = PCURVE('',#2230,#2649);
#2649 = DEFINITIONAL_REPRESENTATION('',(#2650),#2653);
#2650 = B_SPLINE_CURVE_WITH_KNOTS('',1,(#2651,#2652),.UNSPECIFIED.,.F.,
  .F.,(2,2),(-4.0000006,5.999999999062E-07),.PIECEWISE_BEZIER_KNOTS.);
#2651 = CARTESIAN_POINT('',(-2.466513993954,-4.0000006));
#2652 = CARTESIAN_POINT('',(-2.466513993954,5.999999999062E-07));
#2653 = ( GEOMETRIC_REPRESENTATION_CONTEXT(2) 
PARAMETRIC_REPRESENTATION_CONTEXT() REPRESENTATION_CONTEXT('2D SPACE',''
  ) );
#2654 = ORIENTED_EDGE('',*,*,#2187,.F.);
#2655 = ORIENTED_EDGE('',*,*,#2007,.F.);
#2656 = ORIENTED_EDGE('',*,*,#2657,.T.);
#2657 = EDGE_CURVE('',#1975,#2590,#2658,.T.);
#2658 = SURFACE_CURVE('',#2659,(#2664,#2671),.PCURVE_S1.);
#2659 = CIRCLE('',#2660,7.);
#2660 = AXIS2_PLACEMENT_3D('',#2661,#2662,#2663);
#2661 = CARTESIAN_POINT('',(-33.23401871576,33.234018715768,50.));
#2662 = DIRECTION('',(0.,0.,1.));
#2663 = DIRECTION('',(1.,0.,0.));
#2664 = PCURVE('',#2020,#2665);
#2665 = DEFINITIONAL_REPRESENTATION('',(#2666),#2670);
#2666 = LINE('',#2667,#2668);
#2667 = CARTESIAN_POINT('',(-0.,-10.));
#2668 = VECTOR('',#2669,1.);
#2669 = DIRECTION('',(-1.,0.));
#2670 = ( GEOMETRIC_REPRESENTATION_CONTEXT(2) 
PARAMETRIC_REPRESENTATION_CONTEXT() REPRESENTATION_CONTEXT('2D SPACE',''
  ) );
#2671 = PCURVE('',#1991,#2672);
#2672 = DEFINITIONAL_REPRESENTATION('',(#2673),#2677);
#2673 = CIRCLE('',#2674,7.);
#2674 = AXIS2_PLACEMENT_2D('',#2675,#2676);
#2675 = CARTESIAN_POINT('',(-33.23401871576,33.234018715768));
#2676 = DIRECTION('',(1.,0.));
#2677 = ( GEOMETRIC_REPRESENTATION_CONTEXT(2) 
PARAMETRIC_REPRESENTATION_CONTEXT() REPRESENTATION_CONTEXT('2D SPACE',''
  ) );
#2678 = ORIENTED_EDGE('',*,*,#2589,.F.);
#2679 = ADVANCED_FACE('',(#2680,#2911,#2946,#2976,#3006,#3041,#3071,
    #3101,#3131,#3166,#3197,#3227,#3257,#3287),#1991,.T.);
#2680 = FACE_BOUND('',#2681,.T.);
#2681 = EDGE_LOOP('',(#2682,#2712,#2736,#2758,#2759,#2760,#2761,#2789,
    #2813,#2837,#2865,#2889));
#2682 = ORIENTED_EDGE('',*,*,#2683,.F.);
#2683 = EDGE_CURVE('',#2684,#2686,#2688,.T.);
#2684 = VERTEX_POINT('',#2685);
#2685 = CARTESIAN_POINT('',(32.787627369923,26.248266446588,50.));
#2686 = VERTEX_POINT('',#2687);
#2687 = CARTESIAN_POINT('',(32.787627369924,-26.24826644658,50.));
#2688 = SURFACE_CURVE('',#2689,(#2694,#2705),.PCURVE_S1.);
#2689 = CIRCLE('',#2690,42.);
#2690 = AXIS2_PLACEMENT_3D('',#2691,#2692,#2693);
#2691 = CARTESIAN_POINT('',(0.,0.,50.));
#2692 = DIRECTION('',(0.,0.,-1.));
#2693 = DIRECTION('',(0.780657794522,0.624958724919,0.));
#2694 = PCURVE('',#1991,#2695);
#2695 = DEFINITIONAL_REPRESENTATION('',(#2696),#2704);
#2696 = ( BOUNDED_CURVE() B_SPLINE_CURVE(2,(#2697,#2698,#2699,#2700,
#2701,#2702,#2703),.UNSPECIFIED.,.T.,.F.) B_SPLINE_CURVE_WITH_KNOTS((1,2
    ,2,2,2,1),(-2.094395102393,0.,2.094395102393,4.188790204786,
6.28318530718,8.377580409573),.UNSPECIFIED.) CURVE() 
GEOMETRIC_REPRESENTATION_ITEM() RATIONAL_B_SPLINE_CURVE((1.,0.5,1.,0.5,
1.,0.5,1.)) REPRESENTATION_ITEM('') );
#2697 = CARTESIAN_POINT('',(32.787627369923,26.248266446588));
#2698 = CARTESIAN_POINT('',(78.250958466019,-30.54157001775));
#2699 = CARTESIAN_POINT('',(6.337851863086,-41.51905145546));
#2700 = CARTESIAN_POINT('',(-65.57525473984,-52.49653289317));
#2701 = CARTESIAN_POINT('',(-39.125479233,15.270785008877));
#2702 = CARTESIAN_POINT('',(-12.67570372617,83.038102910931));
#2703 = CARTESIAN_POINT('',(32.787627369923,26.248266446588));
#2704 = ( GEOMETRIC_REPRESENTATION_CONTEXT(2) 
PARAMETRIC_REPRESENTATION_CONTEXT() REPRESENTATION_CONTEXT('2D SPACE',''
  ) );
#2705 = PCURVE('',#2148,#2706);
#2706 = DEFINITIONAL_REPRESENTATION('',(#2707),#2711);
#2707 = LINE('',#2708,#2709);
#2708 = CARTESIAN_POINT('',(-6.958263966815,-4.));
#2709 = VECTOR('',#2710,1.);
#2710 = DIRECTION('',(1.,-0.));
#2711 = ( GEOMETRIC_REPRESENTATION_CONTEXT(2) 
PARAMETRIC_REPRESENTATION_CONTEXT() REPRESENTATION_CONTEXT('2D SPACE',''
  ) );
#2712 = ORIENTED_EDGE('',*,*,#2713,.T.);
#2713 = EDGE_CURVE('',#2684,#2714,#2716,.T.);
#2714 = VERTEX_POINT('',#2715);
#2715 = CARTESIAN_POINT('',(40.234018715768,33.234018715768,50.));
#2716 = SURFACE_CURVE('',#2717,(#2722,#2729),.PCURVE_S1.);
#2717 = CIRCLE('',#2718,7.);
#2718 = AXIS2_PLACEMENT_3D('',#2719,#2720,#2721);
#2719 = CARTESIAN_POINT('',(33.234018715768,33.234018715768,50.));
#2720 = DIRECTION('',(0.,0.,1.));
#2721 = DIRECTION('',(1.,0.,0.));
#2722 = PCURVE('',#1991,#2723);
#2723 = DEFINITIONAL_REPRESENTATION('',(#2724),#2728);
#2724 = CIRCLE('',#2725,7.);
#2725 = AXIS2_PLACEMENT_2D('',#2726,#2727);
#2726 = CARTESIAN_POINT('',(33.234018715768,33.234018715768));
#2727 = DIRECTION('',(1.,0.));
#2728 = ( GEOMETRIC_REPRESENTATION_CONTEXT(2) 
PARAMETRIC_REPRESENTATION_CONTEXT() REPRESENTATION_CONTEXT('2D SPACE',''
  ) );
#2729 = PCURVE('',#1963,#2730);
#2730 = DEFINITIONAL_REPRESENTATION('',(#2731),#2735);
#2731 = LINE('',#2732,#2733);
#2732 = CARTESIAN_POINT('',(-0.,-10.));
#2733 = VECTOR('',#2734,1.);
#2734 = DIRECTION('',(-1.,0.));
#2735 = ( GEOMETRIC_REPRESENTATION_CONTEXT(2) 
PARAMETRIC_REPRESENTATION_CONTEXT() REPRESENTATION_CONTEXT('2D SPACE',''
  ) );
#2736 = ORIENTED_EDGE('',*,*,#2737,.T.);
#2737 = EDGE_CURVE('',#2714,#1949,#2738,.T.);
#2738 = SURFACE_CURVE('',#2739,(#2744,#2751),.PCURVE_S1.);
#2739 = CIRCLE('',#2740,7.);
#2740 = AXIS2_PLACEMENT_3D('',#2741,#2742,#2743);
#2741 = CARTESIAN_POINT('',(33.234018715768,33.234018715768,50.));
#2742 = DIRECTION('',(0.,0.,1.));
#2743 = DIRECTION('',(1.,0.,0.));
#2744 = PCURVE('',#1991,#2745);
#2745 = DEFINITIONAL_REPRESENTATION('',(#2746),#2750);
#2746 = CIRCLE('',#2747,7.);
#2747 = AXIS2_PLACEMENT_2D('',#2748,#2749);
#2748 = CARTESIAN_POINT('',(33.234018715768,33.234018715768));
#2749 = DIRECTION('',(1.,0.));
#2750 = ( GEOMETRIC_REPRESENTATION_CONTEXT(2) 
PARAMETRIC_REPRESENTATION_CONTEXT() REPRESENTATION_CONTEXT('2D SPACE',''
  ) );
#2751 = PCURVE('',#1963,#2752);
#2752 = DEFINITIONAL_REPRESENTATION('',(#2753),#2757);
#2753 = LINE('',#2754,#2755);
#2754 = CARTESIAN_POINT('',(-0.,-10.));
#2755 = VECTOR('',#2756,1.);
#2756 = DIRECTION('',(-1.,0.));
#2757 = ( GEOMETRIC_REPRESENTATION_CONTEXT(2) 
PARAMETRIC_REPRESENTATION_CONTEXT() REPRESENTATION_CONTEXT('2D SPACE',''
  ) );
#2758 = ORIENTED_EDGE('',*,*,#1974,.F.);
#2759 = ORIENTED_EDGE('',*,*,#2657,.T.);
#2760 = ORIENTED_EDGE('',*,*,#2612,.T.);
#2761 = ORIENTED_EDGE('',*,*,#2762,.F.);
#2762 = EDGE_CURVE('',#2763,#2613,#2765,.T.);
#2763 = VERTEX_POINT('',#2764);
#2764 = CARTESIAN_POINT('',(-32.78762736992,-26.24826644658,50.));
#2765 = SURFACE_CURVE('',#2766,(#2771,#2782),.PCURVE_S1.);
#2766 = CIRCLE('',#2767,42.);
#2767 = AXIS2_PLACEMENT_3D('',#2768,#2769,#2770);
#2768 = CARTESIAN_POINT('',(0.,0.,50.));
#2769 = DIRECTION('',(0.,0.,-1.));
#2770 = DIRECTION('',(0.780657794522,0.624958724919,0.));
#2771 = PCURVE('',#1991,#2772);
#2772 = DEFINITIONAL_REPRESENTATION('',(#2773),#2781);
#2773 = ( BOUNDED_CURVE() B_SPLINE_CURVE(2,(#2774,#2775,#2776,#2777,
#2778,#2779,#2780),.UNSPECIFIED.,.T.,.F.) B_SPLINE_CURVE_WITH_KNOTS((1,2
    ,2,2,2,1),(-2.094395102393,0.,2.094395102393,4.188790204786,
6.28318530718,8.377580409573),.UNSPECIFIED.) CURVE() 
GEOMETRIC_REPRESENTATION_ITEM() RATIONAL_B_SPLINE_CURVE((1.,0.5,1.,0.5,
1.,0.5,1.)) REPRESENTATION_ITEM('') );
#2774 = CARTESIAN_POINT('',(32.787627369923,26.248266446588));
#2775 = CARTESIAN_POINT('',(78.250958466019,-30.54157001775));
#2776 = CARTESIAN_POINT('',(6.337851863086,-41.51905145546));
#2777 = CARTESIAN_POINT('',(-65.57525473984,-52.49653289317));
#2778 = CARTESIAN_POINT('',(-39.125479233,15.270785008877));
#2779 = CARTESIAN_POINT('',(-12.67570372617,83.038102910931));
#2780 = CARTESIAN_POINT('',(32.787627369923,26.248266446588));
#2781 = ( GEOMETRIC_REPRESENTATION_CONTEXT(2) 
PARAMETRIC_REPRESENTATION_CONTEXT() REPRESENTATION_CONTEXT('2D SPACE',''
  ) );
#2782 = PCURVE('',#2230,#2783);
#2783 = DEFINITIONAL_REPRESENTATION('',(#2784),#2788);
#2784 = LINE('',#2785,#2786);
#2785 = CARTESIAN_POINT('',(-6.958263966815,-4.));
#2786 = VECTOR('',#2787,1.);
#2787 = DIRECTION('',(1.,-0.));
#2788 = ( GEOMETRIC_REPRESENTATION_CONTEXT(2) 
PARAMETRIC_REPRESENTATION_CONTEXT() REPRESENTATION_CONTEXT('2D SPACE',''
  ) );
#2789 = ORIENTED_EDGE('',*,*,#2790,.T.);
#2790 = EDGE_CURVE('',#2763,#2791,#2793,.T.);
#2791 = VERTEX_POINT('',#2792);
#2792 = CARTESIAN_POINT('',(-26.23401871576,-33.23401871576,50.));
#2793 = SURFACE_CURVE('',#2794,(#2799,#2806),.PCURVE_S1.);
#2794 = CIRCLE('',#2795,7.);
#2795 = AXIS2_PLACEMENT_3D('',#2796,#2797,#2798);
#2796 = CARTESIAN_POINT('',(-33.23401871576,-33.23401871576,50.));
#2797 = DIRECTION('',(0.,0.,1.));
#2798 = DIRECTION('',(1.,0.,0.));
#2799 = PCURVE('',#1991,#2800);
#2800 = DEFINITIONAL_REPRESENTATION('',(#2801),#2805);
#2801 = CIRCLE('',#2802,7.);
#2802 = AXIS2_PLACEMENT_2D('',#2803,#2804);
#2803 = CARTESIAN_POINT('',(-33.23401871576,-33.23401871576));
#2804 = DIRECTION('',(1.,0.));
#2805 = ( GEOMETRIC_REPRESENTATION_CONTEXT(2) 
PARAMETRIC_REPRESENTATION_CONTEXT() REPRESENTATION_CONTEXT('2D SPACE',''
  ) );
#2806 = PCURVE('',#2057,#2807);
#2807 = DEFINITIONAL_REPRESENTATION('',(#2808),#2812);
#2808 = LINE('',#2809,#2810);
#2809 = CARTESIAN_POINT('',(-0.,-10.));
#2810 = VECTOR('',#2811,1.);
#2811 = DIRECTION('',(-1.,0.));
#2812 = ( GEOMETRIC_REPRESENTATION_CONTEXT(2) 
PARAMETRIC_REPRESENTATION_CONTEXT() REPRESENTATION_CONTEXT('2D SPACE',''
  ) );
#2813 = ORIENTED_EDGE('',*,*,#2814,.T.);
#2814 = EDGE_CURVE('',#2791,#2815,#2817,.T.);
#2815 = VERTEX_POINT('',#2816);
#2816 = CARTESIAN_POINT('',(-26.24826644658,-32.78762736992,50.));
#2817 = SURFACE_CURVE('',#2818,(#2823,#2830),.PCURVE_S1.);
#2818 = CIRCLE('',#2819,7.);
#2819 = AXIS2_PLACEMENT_3D('',#2820,#2821,#2822);
#2820 = CARTESIAN_POINT('',(-33.23401871576,-33.23401871576,50.));
#2821 = DIRECTION('',(0.,0.,1.));
#2822 = DIRECTION('',(1.,0.,0.));
#2823 = PCURVE('',#1991,#2824);
#2824 = DEFINITIONAL_REPRESENTATION('',(#2825),#2829);
#2825 = CIRCLE('',#2826,7.);
#2826 = AXIS2_PLACEMENT_2D('',#2827,#2828);
#2827 = CARTESIAN_POINT('',(-33.23401871576,-33.23401871576));
#2828 = DIRECTION('',(1.,0.));
#2829 = ( GEOMETRIC_REPRESENTATION_CONTEXT(2) 
PARAMETRIC_REPRESENTATION_CONTEXT() REPRESENTATION_CONTEXT('2D SPACE',''
  ) );
#2830 = PCURVE('',#2057,#2831);
#2831 = DEFINITIONAL_REPRESENTATION('',(#2832),#2836);
#2832 = LINE('',#2833,#2834);
#2833 = CARTESIAN_POINT('',(-0.,-10.));
#2834 = VECTOR('',#2835,1.);
#2835 = DIRECTION('',(-1.,0.));
#2836 = ( GEOMETRIC_REPRESENTATION_CONTEXT(2) 
PARAMETRIC_REPRESENTATION_CONTEXT() REPRESENTATION_CONTEXT('2D SPACE',''
  ) );
#2837 = ORIENTED_EDGE('',*,*,#2838,.F.);
#2838 = EDGE_CURVE('',#2839,#2815,#2841,.T.);
#2839 = VERTEX_POINT('',#2840);
#2840 = CARTESIAN_POINT('',(26.248266446587,-32.78762736992,50.));
#2841 = SURFACE_CURVE('',#2842,(#2847,#2858),.PCURVE_S1.);
#2842 = CIRCLE('',#2843,42.);
#2843 = AXIS2_PLACEMENT_3D('',#2844,#2845,#2846);
#2844 = CARTESIAN_POINT('',(0.,0.,50.));
#2845 = DIRECTION('',(0.,0.,-1.));
#2846 = DIRECTION('',(0.780657794522,0.624958724919,0.));
#2847 = PCURVE('',#1991,#2848);
#2848 = DEFINITIONAL_REPRESENTATION('',(#2849),#2857);
#2849 = ( BOUNDED_CURVE() B_SPLINE_CURVE(2,(#2850,#2851,#2852,#2853,
#2854,#2855,#2856),.UNSPECIFIED.,.T.,.F.) B_SPLINE_CURVE_WITH_KNOTS((1,2
    ,2,2,2,1),(-2.094395102393,0.,2.094395102393,4.188790204786,
6.28318530718,8.377580409573),.UNSPECIFIED.) CURVE() 
GEOMETRIC_REPRESENTATION_ITEM() RATIONAL_B_SPLINE_CURVE((1.,0.5,1.,0.5,
1.,0.5,1.)) REPRESENTATION_ITEM('') );
#2850 = CARTESIAN_POINT('',(32.787627369923,26.248266446588));
#2851 = CARTESIAN_POINT('',(78.250958466019,-30.54157001775));
#2852 = CARTESIAN_POINT('',(6.337851863086,-41.51905145546));
#2853 = CARTESIAN_POINT('',(-65.57525473984,-52.49653289317));
#2854 = CARTESIAN_POINT('',(-39.125479233,15.270785008877));
#2855 = CARTESIAN_POINT('',(-12.67570372617,83.038102910931));
#2856 = CARTESIAN_POINT('',(32.787627369923,26.248266446588));
#2857 = ( GEOMETRIC_REPRESENTATION_CONTEXT(2) 
PARAMETRIC_REPRESENTATION_CONTEXT() REPRESENTATION_CONTEXT('2D SPACE',''
  ) );
#2858 = PCURVE('',#2086,#2859);
#2859 = DEFINITIONAL_REPRESENTATION('',(#2860),#2864);
#2860 = LINE('',#2861,#2862);
#2861 = CARTESIAN_POINT('',(-6.958263966815,-4.));
#2862 = VECTOR('',#2863,1.);
#2863 = DIRECTION('',(1.,-0.));
#2864 = ( GEOMETRIC_REPRESENTATION_CONTEXT(2) 
PARAMETRIC_REPRESENTATION_CONTEXT() REPRESENTATION_CONTEXT('2D SPACE',''
  ) );
#2865 = ORIENTED_EDGE('',*,*,#2866,.T.);
#2866 = EDGE_CURVE('',#2839,#2867,#2869,.T.);
#2867 = VERTEX_POINT('',#2868);
#2868 = CARTESIAN_POINT('',(40.234018715768,-33.23401871576,50.));
#2869 = SURFACE_CURVE('',#2870,(#2875,#2882),.PCURVE_S1.);
#2870 = CIRCLE('',#2871,7.);
#2871 = AXIS2_PLACEMENT_3D('',#2872,#2873,#2874);
#2872 = CARTESIAN_POINT('',(33.234018715768,-33.23401871576,50.));
#2873 = DIRECTION('',(0.,0.,1.));
#2874 = DIRECTION('',(1.,0.,0.));
#2875 = PCURVE('',#1991,#2876);
#2876 = DEFINITIONAL_REPRESENTATION('',(#2877),#2881);
#2877 = CIRCLE('',#2878,7.);
#2878 = AXIS2_PLACEMENT_2D('',#2879,#2880);
#2879 = CARTESIAN_POINT('',(33.234018715768,-33.23401871576));
#2880 = DIRECTION('',(1.,0.));
#2881 = ( GEOMETRIC_REPRESENTATION_CONTEXT(2) 
PARAMETRIC_REPRESENTATION_CONTEXT() REPRESENTATION_CONTEXT('2D SPACE',''
  ) );
#2882 = PCURVE('',#2119,#2883);
#2883 = DEFINITIONAL_REPRESENTATION('',(#2884),#2888);
#2884 = LINE('',#2885,#2886);
#2885 = CARTESIAN_POINT('',(-0.,-10.));
#2886 = VECTOR('',#2887,1.);
#2887 = DIRECTION('',(-1.,0.));
#2888 = ( GEOMETRIC_REPRESENTATION_CONTEXT(2) 
PARAMETRIC_REPRESENTATION_CONTEXT() REPRESENTATION_CONTEXT('2D SPACE',''
  ) );
#2889 = ORIENTED_EDGE('',*,*,#2890,.T.);
#2890 = EDGE_CURVE('',#2867,#2686,#2891,.T.);
#2891 = SURFACE_CURVE('',#2892,(#2897,#2904),.PCURVE_S1.);
#2892 = CIRCLE('',#2893,7.);
#2893 = AXIS2_PLACEMENT_3D('',#2894,#2895,#2896);
#2894 = CARTESIAN_POINT('',(33.234018715768,-33.23401871576,50.));
#2895 = DIRECTION('',(0.,0.,1.));
#2896 = DIRECTION('',(1.,0.,0.));
#2897 = PCURVE('',#1991,#2898);
#2898 = DEFINITIONAL_REPRESENTATION('',(#2899),#2903);
#2899 = CIRCLE('',#2900,7.);
#2900 = AXIS2_PLACEMENT_2D('',#2901,#2902);
#2901 = CARTESIAN_POINT('',(33.234018715768,-33.23401871576));
#2902 = DIRECTION('',(1.,0.));
#2903 = ( GEOMETRIC_REPRESENTATION_CONTEXT(2) 
PARAMETRIC_REPRESENTATION_CONTEXT() REPRESENTATION_CONTEXT('2D SPACE',''
  ) );
#2904 = PCURVE('',#2119,#2905);
#2905 = DEFINITIONAL_REPRESENTATION('',(#2906),#2910);
#2906 = LINE('',#2907,#2908);
#2907 = CARTESIAN_POINT('',(-0.,-10.));
#2908 = VECTOR('',#2909,1.);
#2909 = DIRECTION('',(-1.,0.));
#2910 = ( GEOMETRIC_REPRESENTATION_CONTEXT(2) 
PARAMETRIC_REPRESENTATION_CONTEXT() REPRESENTATION_CONTEXT('2D SPACE',''
  ) );
#2911 = FACE_BOUND('',#2912,.T.);
#2912 = EDGE_LOOP('',(#2913));
#2913 = ORIENTED_EDGE('',*,*,#2914,.T.);
#2914 = EDGE_CURVE('',#2915,#2915,#2917,.T.);
#2915 = VERTEX_POINT('',#2916);
#2916 = CARTESIAN_POINT('',(-30.43401871576,-33.23401871576,50.));
#2917 = SURFACE_CURVE('',#2918,(#2923,#2934),.PCURVE_S1.);
#2918 = CIRCLE('',#2919,2.8);
#2919 = AXIS2_PLACEMENT_3D('',#2920,#2921,#2922);
#2920 = CARTESIAN_POINT('',(-33.23401871576,-33.23401871576,50.));
#2921 = DIRECTION('',(0.,0.,-1.));
#2922 = DIRECTION('',(1.,0.,0.));
#2923 = PCURVE('',#1991,#2924);
#2924 = DEFINITIONAL_REPRESENTATION('',(#2925),#2933);
#2925 = ( BOUNDED_CURVE() B_SPLINE_CURVE(2,(#2926,#2927,#2928,#2929,
#2930,#2931,#2932),.UNSPECIFIED.,.T.,.F.) B_SPLINE_CURVE_WITH_KNOTS((1,2
    ,2,2,2,1),(-2.094395102393,0.,2.094395102393,4.188790204786,
6.28318530718,8.377580409573),.UNSPECIFIED.) CURVE() 
GEOMETRIC_REPRESENTATION_ITEM() RATIONAL_B_SPLINE_CURVE((1.,0.5,1.,0.5,
1.,0.5,1.)) REPRESENTATION_ITEM('') );
#2926 = CARTESIAN_POINT('',(-30.43401871576,-33.23401871576));
#2927 = CARTESIAN_POINT('',(-30.43401871576,-38.08376097696));
#2928 = CARTESIAN_POINT('',(-34.63401871576,-35.65888984636));
#2929 = CARTESIAN_POINT('',(-38.83401871576,-33.23401871576));
#2930 = CARTESIAN_POINT('',(-34.63401871576,-30.80914758517));
#2931 = CARTESIAN_POINT('',(-30.43401871576,-28.38427645457));
#2932 = CARTESIAN_POINT('',(-30.43401871576,-33.23401871576));
#2933 = ( GEOMETRIC_REPRESENTATION_CONTEXT(2) 
PARAMETRIC_REPRESENTATION_CONTEXT() REPRESENTATION_CONTEXT('2D SPACE',''
  ) );
#2934 = PCURVE('',#2935,#2940);
#2935 = CYLINDRICAL_SURFACE('',#2936,2.8);
#2936 = AXIS2_PLACEMENT_3D('',#2937,#2938,#2939);
#2937 = CARTESIAN_POINT('',(-33.23401871576,-33.23401871576,41.5));
#2938 = DIRECTION('',(-0.,-0.,-1.));
#2939 = DIRECTION('',(1.,0.,0.));
#2940 = DEFINITIONAL_REPRESENTATION('',(#2941),#2945);
#2941 = LINE('',#2942,#2943);
#2942 = CARTESIAN_POINT('',(-6.28318530718,-8.5));
#2943 = VECTOR('',#2944,1.);
#2944 = DIRECTION('',(1.,-0.));
#2945 = ( GEOMETRIC_REPRESENTATION_CONTEXT(2) 
PARAMETRIC_REPRESENTATION_CONTEXT() REPRESENTATION_CONTEXT('2D SPACE',''
  ) );
#2946 = FACE_BOUND('',#2947,.T.);
#2947 = EDGE_LOOP('',(#2948));
#2948 = ORIENTED_EDGE('',*,*,#2949,.T.);
#2949 = EDGE_CURVE('',#2950,#2950,#2952,.T.);
#2950 = VERTEX_POINT('',#2951);
#2951 = CARTESIAN_POINT('',(2.25,-36.,50.));
#2952 = SURFACE_CURVE('',#2953,(#2958,#2969),.PCURVE_S1.);
#2953 = CIRCLE('',#2954,2.25);
#2954 = AXIS2_PLACEMENT_3D('',#2955,#2956,#2957);
#2955 = CARTESIAN_POINT('',(-6.613092715396E-15,-36.,50.));
#2956 = DIRECTION('',(0.,0.,-1.));
#2957 = DIRECTION('',(1.,0.,0.));
#2958 = PCURVE('',#1991,#2959);
#2959 = DEFINITIONAL_REPRESENTATION('',(#2960),#2968);
#2960 = ( BOUNDED_CURVE() B_SPLINE_CURVE(2,(#2961,#2962,#2963,#2964,
#2965,#2966,#2967),.UNSPECIFIED.,.T.,.F.) B_SPLINE_CURVE_WITH_KNOTS((1,2
    ,2,2,2,1),(-2.094395102393,0.,2.094395102393,4.188790204786,
6.28318530718,8.377580409573),.UNSPECIFIED.) CURVE() 
GEOMETRIC_REPRESENTATION_ITEM() RATIONAL_B_SPLINE_CURVE((1.,0.5,1.,0.5,
1.,0.5,1.)) REPRESENTATION_ITEM('') );
#2961 = CARTESIAN_POINT('',(2.25,-36.));
#2962 = CARTESIAN_POINT('',(2.25,-39.89711431703));
#2963 = CARTESIAN_POINT('',(-1.125,-37.94855715851));
#2964 = CARTESIAN_POINT('',(-4.5,-36.));
#2965 = CARTESIAN_POINT('',(-1.125,-34.05144284148));
#2966 = CARTESIAN_POINT('',(2.25,-32.10288568297));
#2967 = CARTESIAN_POINT('',(2.25,-36.));
#2968 = ( GEOMETRIC_REPRESENTATION_CONTEXT(2) 
PARAMETRIC_REPRESENTATION_CONTEXT() REPRESENTATION_CONTEXT('2D SPACE',''
  ) );
#2969 = PCURVE('',#2265,#2970);
#2970 = DEFINITIONAL_REPRESENTATION('',(#2971),#2975);
#2971 = LINE('',#2972,#2973);
#2972 = CARTESIAN_POINT('',(-6.28318530718,-5.));
#2973 = VECTOR('',#2974,1.);
#2974 = DIRECTION('',(1.,-0.));
#2975 = ( GEOMETRIC_REPRESENTATION_CONTEXT(2) 
PARAMETRIC_REPRESENTATION_CONTEXT() REPRESENTATION_CONTEXT('2D SPACE',''
  ) );
#2976 = FACE_BOUND('',#2977,.T.);
#2977 = EDGE_LOOP('',(#2978));
#2978 = ORIENTED_EDGE('',*,*,#2979,.T.);
#2979 = EDGE_CURVE('',#2980,#2980,#2982,.T.);
#2980 = VERTEX_POINT('',#2981);
#2981 = CARTESIAN_POINT('',(-13.8,-15.5,50.));
#2982 = SURFACE_CURVE('',#2983,(#2988,#2999),.PCURVE_S1.);
#2983 = CIRCLE('',#2984,1.7);
#2984 = AXIS2_PLACEMENT_3D('',#2985,#2986,#2987);
#2985 = CARTESIAN_POINT('',(-15.5,-15.5,50.));
#2986 = DIRECTION('',(0.,0.,-1.));
#2987 = DIRECTION('',(1.,0.,0.));
#2988 = PCURVE('',#1991,#2989);
#2989 = DEFINITIONAL_REPRESENTATION('',(#2990),#2998);
#2990 = ( BOUNDED_CURVE() B_SPLINE_CURVE(2,(#2991,#2992,#2993,#2994,
#2995,#2996,#2997),.UNSPECIFIED.,.T.,.F.) B_SPLINE_CURVE_WITH_KNOTS((1,2
    ,2,2,2,1),(-2.094395102393,0.,2.094395102393,4.188790204786,
6.28318530718,8.377580409573),.UNSPECIFIED.) CURVE() 
GEOMETRIC_REPRESENTATION_ITEM() RATIONAL_B_SPLINE_CURVE((1.,0.5,1.,0.5,
1.,0.5,1.)) REPRESENTATION_ITEM('') );
#2991 = CARTESIAN_POINT('',(-13.8,-15.5));
#2992 = CARTESIAN_POINT('',(-13.8,-18.44448637286));
#2993 = CARTESIAN_POINT('',(-16.35,-16.97224318643));
#2994 = CARTESIAN_POINT('',(-18.9,-15.5));
#2995 = CARTESIAN_POINT('',(-16.35,-14.02775681356));
#2996 = CARTESIAN_POINT('',(-13.8,-12.55551362713));
#2997 = CARTESIAN_POINT('',(-13.8,-15.5));
#2998 = ( GEOMETRIC_REPRESENTATION_CONTEXT(2) 
PARAMETRIC_REPRESENTATION_CONTEXT() REPRESENTATION_CONTEXT('2D SPACE',''
  ) );
#2999 = PCURVE('',#2300,#3000);
#3000 = DEFINITIONAL_REPRESENTATION('',(#3001),#3005);
#3001 = LINE('',#3002,#3003);
#3002 = CARTESIAN_POINT('',(-6.28318530718,-5.));
#3003 = VECTOR('',#3004,1.);
#3004 = DIRECTION('',(1.,-0.));
#3005 = ( GEOMETRIC_REPRESENTATION_CONTEXT(2) 
PARAMETRIC_REPRESENTATION_CONTEXT() REPRESENTATION_CONTEXT('2D SPACE',''
  ) );
#3006 = FACE_BOUND('',#3007,.T.);
#3007 = EDGE_LOOP('',(#3008));
#3008 = ORIENTED_EDGE('',*,*,#3009,.T.);
#3009 = EDGE_CURVE('',#3010,#3010,#3012,.T.);
#3010 = VERTEX_POINT('',#3011);
#3011 = CARTESIAN_POINT('',(36.034018715768,-33.23401871576,50.));
#3012 = SURFACE_CURVE('',#3013,(#3018,#3029),.PCURVE_S1.);
#3013 = CIRCLE('',#3014,2.8);
#3014 = AXIS2_PLACEMENT_3D('',#3015,#3016,#3017);
#3015 = CARTESIAN_POINT('',(33.234018715768,-33.23401871576,50.));
#3016 = DIRECTION('',(0.,0.,-1.));
#3017 = DIRECTION('',(1.,0.,0.));
#3018 = PCURVE('',#1991,#3019);
#3019 = DEFINITIONAL_REPRESENTATION('',(#3020),#3028);
#3020 = ( BOUNDED_CURVE() B_SPLINE_CURVE(2,(#3021,#3022,#3023,#3024,
#3025,#3026,#3027),.UNSPECIFIED.,.T.,.F.) B_SPLINE_CURVE_WITH_KNOTS((1,2
    ,2,2,2,1),(-2.094395102393,0.,2.094395102393,4.188790204786,
6.28318530718,8.377580409573),.UNSPECIFIED.) CURVE() 
GEOMETRIC_REPRESENTATION_ITEM() RATIONAL_B_SPLINE_CURVE((1.,0.5,1.,0.5,
1.,0.5,1.)) REPRESENTATION_ITEM('') );
#3021 = CARTESIAN_POINT('',(36.034018715768,-33.23401871576));
#3022 = CARTESIAN_POINT('',(36.034018715768,-38.08376097696));
#3023 = CARTESIAN_POINT('',(31.834018715768,-35.65888984636));
#3024 = CARTESIAN_POINT('',(27.634018715768,-33.23401871576));
#3025 = CARTESIAN_POINT('',(31.834018715768,-30.80914758517));
#3026 = CARTESIAN_POINT('',(36.034018715768,-28.38427645457));
#3027 = CARTESIAN_POINT('',(36.034018715768,-33.23401871576));
#3028 = ( GEOMETRIC_REPRESENTATION_CONTEXT(2) 
PARAMETRIC_REPRESENTATION_CONTEXT() REPRESENTATION_CONTEXT('2D SPACE',''
  ) );
#3029 = PCURVE('',#3030,#3035);
#3030 = CYLINDRICAL_SURFACE('',#3031,2.8);
#3031 = AXIS2_PLACEMENT_3D('',#3032,#3033,#3034);
#3032 = CARTESIAN_POINT('',(33.234018715768,-33.23401871576,41.5));
#3033 = DIRECTION('',(-0.,-0.,-1.));
#3034 = DIRECTION('',(1.,0.,0.));
#3035 = DEFINITIONAL_REPRESENTATION('',(#3036),#3040);
#3036 = LINE('',#3037,#3038);
#3037 = CARTESIAN_POINT('',(-6.28318530718,-8.5));
#3038 = VECTOR('',#3039,1.);
#3039 = DIRECTION('',(1.,-0.));
#3040 = ( GEOMETRIC_REPRESENTATION_CONTEXT(2) 
PARAMETRIC_REPRESENTATION_CONTEXT() REPRESENTATION_CONTEXT('2D SPACE',''
  ) );
#3041 = FACE_BOUND('',#3042,.T.);
#3042 = EDGE_LOOP('',(#3043));
#3043 = ORIENTED_EDGE('',*,*,#3044,.T.);
#3044 = EDGE_CURVE('',#3045,#3045,#3047,.T.);
#3045 = VERTEX_POINT('',#3046);
#3046 = CARTESIAN_POINT('',(17.2,-15.5,50.));
#3047 = SURFACE_CURVE('',#3048,(#3053,#3064),.PCURVE_S1.);
#3048 = CIRCLE('',#3049,1.7);
#3049 = AXIS2_PLACEMENT_3D('',#3050,#3051,#3052);
#3050 = CARTESIAN_POINT('',(15.5,-15.5,50.));
#3051 = DIRECTION('',(0.,0.,-1.));
#3052 = DIRECTION('',(1.,0.,0.));
#3053 = PCURVE('',#1991,#3054);
#3054 = DEFINITIONAL_REPRESENTATION('',(#3055),#3063);
#3055 = ( BOUNDED_CURVE() B_SPLINE_CURVE(2,(#3056,#3057,#3058,#3059,
#3060,#3061,#3062),.UNSPECIFIED.,.T.,.F.) B_SPLINE_CURVE_WITH_KNOTS((1,2
    ,2,2,2,1),(-2.094395102393,0.,2.094395102393,4.188790204786,
6.28318530718,8.377580409573),.UNSPECIFIED.) CURVE() 
GEOMETRIC_REPRESENTATION_ITEM() RATIONAL_B_SPLINE_CURVE((1.,0.5,1.,0.5,
1.,0.5,1.)) REPRESENTATION_ITEM('') );
#3056 = CARTESIAN_POINT('',(17.2,-15.5));
#3057 = CARTESIAN_POINT('',(17.2,-18.44448637286));
#3058 = CARTESIAN_POINT('',(14.65,-16.97224318643));
#3059 = CARTESIAN_POINT('',(12.1,-15.5));
#3060 = CARTESIAN_POINT('',(14.65,-14.02775681356));
#3061 = CARTESIAN_POINT('',(17.2,-12.55551362713));
#3062 = CARTESIAN_POINT('',(17.2,-15.5));
#3063 = ( GEOMETRIC_REPRESENTATION_CONTEXT(2) 
PARAMETRIC_REPRESENTATION_CONTEXT() REPRESENTATION_CONTEXT('2D SPACE',''
  ) );
#3064 = PCURVE('',#2335,#3065);
#3065 = DEFINITIONAL_REPRESENTATION('',(#3066),#3070);
#3066 = LINE('',#3067,#3068);
#3067 = CARTESIAN_POINT('',(-6.28318530718,-5.));
#3068 = VECTOR('',#3069,1.);
#3069 = DIRECTION('',(1.,-0.));
#3070 = ( GEOMETRIC_REPRESENTATION_CONTEXT(2) 
PARAMETRIC_REPRESENTATION_CONTEXT() REPRESENTATION_CONTEXT('2D SPACE',''
  ) );
#3071 = FACE_BOUND('',#3072,.T.);
#3072 = EDGE_LOOP('',(#3073));
#3073 = ORIENTED_EDGE('',*,*,#3074,.T.);
#3074 = EDGE_CURVE('',#3075,#3075,#3077,.T.);
#3075 = VERTEX_POINT('',#3076);
#3076 = CARTESIAN_POINT('',(-33.75,4.40872847693E-15,50.));
#3077 = SURFACE_CURVE('',#3078,(#3083,#3094),.PCURVE_S1.);
#3078 = CIRCLE('',#3079,2.25);
#3079 = AXIS2_PLACEMENT_3D('',#3080,#3081,#3082);
#3080 = CARTESIAN_POINT('',(-36.,4.40872847693E-15,50.));
#3081 = DIRECTION('',(0.,0.,-1.));
#3082 = DIRECTION('',(1.,0.,0.));
#3083 = PCURVE('',#1991,#3084);
#3084 = DEFINITIONAL_REPRESENTATION('',(#3085),#3093);
#3085 = ( BOUNDED_CURVE() B_SPLINE_CURVE(2,(#3086,#3087,#3088,#3089,
#3090,#3091,#3092),.UNSPECIFIED.,.T.,.F.) B_SPLINE_CURVE_WITH_KNOTS((1,2
    ,2,2,2,1),(-2.094395102393,0.,2.094395102393,4.188790204786,
6.28318530718,8.377580409573),.UNSPECIFIED.) CURVE() 
GEOMETRIC_REPRESENTATION_ITEM() RATIONAL_B_SPLINE_CURVE((1.,0.5,1.,0.5,
1.,0.5,1.)) REPRESENTATION_ITEM('') );
#3086 = CARTESIAN_POINT('',(-33.75,4.039515698534E-15));
#3087 = CARTESIAN_POINT('',(-33.75,-3.89711431703));
#3088 = CARTESIAN_POINT('',(-37.125,-1.948557158515));
#3089 = CARTESIAN_POINT('',(-40.5,3.488424638918E-15));
#3090 = CARTESIAN_POINT('',(-37.125,1.948557158515));
#3091 = CARTESIAN_POINT('',(-33.75,3.89711431703));
#3092 = CARTESIAN_POINT('',(-33.75,4.039515698534E-15));
#3093 = ( GEOMETRIC_REPRESENTATION_CONTEXT(2) 
PARAMETRIC_REPRESENTATION_CONTEXT() REPRESENTATION_CONTEXT('2D SPACE',''
  ) );
#3094 = PCURVE('',#2370,#3095);
#3095 = DEFINITIONAL_REPRESENTATION('',(#3096),#3100);
#3096 = LINE('',#3097,#3098);
#3097 = CARTESIAN_POINT('',(-6.28318530718,-5.));
#3098 = VECTOR('',#3099,1.);
#3099 = DIRECTION('',(1.,-0.));
#3100 = ( GEOMETRIC_REPRESENTATION_CONTEXT(2) 
PARAMETRIC_REPRESENTATION_CONTEXT() REPRESENTATION_CONTEXT('2D SPACE',''
  ) );
#3101 = FACE_BOUND('',#3102,.T.);
#3102 = EDGE_LOOP('',(#3103));
#3103 = ORIENTED_EDGE('',*,*,#3104,.T.);
#3104 = EDGE_CURVE('',#3105,#3105,#3107,.T.);
#3105 = VERTEX_POINT('',#3106);
#3106 = CARTESIAN_POINT('',(-13.8,15.5,50.));
#3107 = SURFACE_CURVE('',#3108,(#3113,#3124),.PCURVE_S1.);
#3108 = CIRCLE('',#3109,1.7);
#3109 = AXIS2_PLACEMENT_3D('',#3110,#3111,#3112);
#3110 = CARTESIAN_POINT('',(-15.5,15.5,50.));
#3111 = DIRECTION('',(0.,0.,-1.));
#3112 = DIRECTION('',(1.,0.,0.));
#3113 = PCURVE('',#1991,#3114);
#3114 = DEFINITIONAL_REPRESENTATION('',(#3115),#3123);
#3115 = ( BOUNDED_CURVE() B_SPLINE_CURVE(2,(#3116,#3117,#3118,#3119,
#3120,#3121,#3122),.UNSPECIFIED.,.T.,.F.) B_SPLINE_CURVE_WITH_KNOTS((1,2
    ,2,2,2,1),(-2.094395102393,0.,2.094395102393,4.188790204786,
6.28318530718,8.377580409573),.UNSPECIFIED.) CURVE() 
GEOMETRIC_REPRESENTATION_ITEM() RATIONAL_B_SPLINE_CURVE((1.,0.5,1.,0.5,
1.,0.5,1.)) REPRESENTATION_ITEM('') );
#3116 = CARTESIAN_POINT('',(-13.8,15.5));
#3117 = CARTESIAN_POINT('',(-13.8,12.555513627133));
#3118 = CARTESIAN_POINT('',(-16.35,14.027756813566));
#3119 = CARTESIAN_POINT('',(-18.9,15.5));
#3120 = CARTESIAN_POINT('',(-16.35,16.972243186434));
#3121 = CARTESIAN_POINT('',(-13.8,18.444486372867));
#3122 = CARTESIAN_POINT('',(-13.8,15.5));
#3123 = ( GEOMETRIC_REPRESENTATION_CONTEXT(2) 
PARAMETRIC_REPRESENTATION_CONTEXT() REPRESENTATION_CONTEXT('2D SPACE',''
  ) );
#3124 = PCURVE('',#2405,#3125);
#3125 = DEFINITIONAL_REPRESENTATION('',(#3126),#3130);
#3126 = LINE('',#3127,#3128);
#3127 = CARTESIAN_POINT('',(-6.28318530718,-5.));
#3128 = VECTOR('',#3129,1.);
#3129 = DIRECTION('',(1.,-0.));
#3130 = ( GEOMETRIC_REPRESENTATION_CONTEXT(2) 
PARAMETRIC_REPRESENTATION_CONTEXT() REPRESENTATION_CONTEXT('2D SPACE',''
  ) );
#3131 = FACE_BOUND('',#3132,.T.);
#3132 = EDGE_LOOP('',(#3133));
#3133 = ORIENTED_EDGE('',*,*,#3134,.T.);
#3134 = EDGE_CURVE('',#3135,#3135,#3137,.T.);
#3135 = VERTEX_POINT('',#3136);
#3136 = CARTESIAN_POINT('',(-30.43401871576,33.234018715768,50.));
#3137 = SURFACE_CURVE('',#3138,(#3143,#3154),.PCURVE_S1.);
#3138 = CIRCLE('',#3139,2.8);
#3139 = AXIS2_PLACEMENT_3D('',#3140,#3141,#3142);
#3140 = CARTESIAN_POINT('',(-33.23401871576,33.234018715768,50.));
#3141 = DIRECTION('',(0.,0.,-1.));
#3142 = DIRECTION('',(1.,0.,0.));
#3143 = PCURVE('',#1991,#3144);
#3144 = DEFINITIONAL_REPRESENTATION('',(#3145),#3153);
#3145 = ( BOUNDED_CURVE() B_SPLINE_CURVE(2,(#3146,#3147,#3148,#3149,
#3150,#3151,#3152),.UNSPECIFIED.,.T.,.F.) B_SPLINE_CURVE_WITH_KNOTS((1,2
    ,2,2,2,1),(-2.094395102393,0.,2.094395102393,4.188790204786,
6.28318530718,8.377580409573),.UNSPECIFIED.) CURVE() 
GEOMETRIC_REPRESENTATION_ITEM() RATIONAL_B_SPLINE_CURVE((1.,0.5,1.,0.5,
1.,0.5,1.)) REPRESENTATION_ITEM('') );
#3146 = CARTESIAN_POINT('',(-30.43401871576,33.234018715768));
#3147 = CARTESIAN_POINT('',(-30.43401871576,28.384276454575));
#3148 = CARTESIAN_POINT('',(-34.63401871576,30.809147585171));
#3149 = CARTESIAN_POINT('',(-38.83401871576,33.234018715768));
#3150 = CARTESIAN_POINT('',(-34.63401871576,35.658889846364));
#3151 = CARTESIAN_POINT('',(-30.43401871576,38.083760976961));
#3152 = CARTESIAN_POINT('',(-30.43401871576,33.234018715768));
#3153 = ( GEOMETRIC_REPRESENTATION_CONTEXT(2) 
PARAMETRIC_REPRESENTATION_CONTEXT() REPRESENTATION_CONTEXT('2D SPACE',''
  ) );
#3154 = PCURVE('',#3155,#3160);
#3155 = CYLINDRICAL_SURFACE('',#3156,2.8);
#3156 = AXIS2_PLACEMENT_3D('',#3157,#3158,#3159);
#3157 = CARTESIAN_POINT('',(-33.23401871576,33.234018715768,41.5));
#3158 = DIRECTION('',(-0.,-0.,-1.));
#3159 = DIRECTION('',(1.,0.,0.));
#3160 = DEFINITIONAL_REPRESENTATION('',(#3161),#3165);
#3161 = LINE('',#3162,#3163);
#3162 = CARTESIAN_POINT('',(-6.28318530718,-8.5));
#3163 = VECTOR('',#3164,1.);
#3164 = DIRECTION('',(1.,-0.));
#3165 = ( GEOMETRIC_REPRESENTATION_CONTEXT(2) 
PARAMETRIC_REPRESENTATION_CONTEXT() REPRESENTATION_CONTEXT('2D SPACE',''
  ) );
#3166 = FACE_BOUND('',#3167,.T.);
#3167 = EDGE_LOOP('',(#3168));
#3168 = ORIENTED_EDGE('',*,*,#3169,.F.);
#3169 = EDGE_CURVE('',#3170,#3170,#3172,.T.);
#3170 = VERTEX_POINT('',#3171);
#3171 = CARTESIAN_POINT('',(6.5,0.,50.));
#3172 = SURFACE_CURVE('',#3173,(#3178,#3185),.PCURVE_S1.);
#3173 = CIRCLE('',#3174,6.5);
#3174 = AXIS2_PLACEMENT_3D('',#3175,#3176,#3177);
#3175 = CARTESIAN_POINT('',(0.,0.,50.));
#3176 = DIRECTION('',(0.,0.,1.));
#3177 = DIRECTION('',(1.,0.,0.));
#3178 = PCURVE('',#1991,#3179);
#3179 = DEFINITIONAL_REPRESENTATION('',(#3180),#3184);
#3180 = CIRCLE('',#3181,6.5);
#3181 = AXIS2_PLACEMENT_2D('',#3182,#3183);
#3182 = CARTESIAN_POINT('',(2.083718297203E-15,-3.692127783966E-16));
#3183 = DIRECTION('',(1.,0.));
#3184 = ( GEOMETRIC_REPRESENTATION_CONTEXT(2) 
PARAMETRIC_REPRESENTATION_CONTEXT() REPRESENTATION_CONTEXT('2D SPACE',''
  ) );
#3185 = PCURVE('',#3186,#3191);
#3186 = CYLINDRICAL_SURFACE('',#3187,6.5);
#3187 = AXIS2_PLACEMENT_3D('',#3188,#3189,#3190);
#3188 = CARTESIAN_POINT('',(0.,0.,50.));
#3189 = DIRECTION('',(-0.,-0.,-1.));
#3190 = DIRECTION('',(1.,0.,0.));
#3191 = DEFINITIONAL_REPRESENTATION('',(#3192),#3196);
#3192 = LINE('',#3193,#3194);
#3193 = CARTESIAN_POINT('',(-0.,0.));
#3194 = VECTOR('',#3195,1.);
#3195 = DIRECTION('',(-1.,0.));
#3196 = ( GEOMETRIC_REPRESENTATION_CONTEXT(2) 
PARAMETRIC_REPRESENTATION_CONTEXT() REPRESENTATION_CONTEXT('2D SPACE',''
  ) );
#3197 = FACE_BOUND('',#3198,.T.);
#3198 = EDGE_LOOP('',(#3199));
#3199 = ORIENTED_EDGE('',*,*,#3200,.T.);
#3200 = EDGE_CURVE('',#3201,#3201,#3203,.T.);
#3201 = VERTEX_POINT('',#3202);
#3202 = CARTESIAN_POINT('',(17.2,15.5,50.));
#3203 = SURFACE_CURVE('',#3204,(#3209,#3220),.PCURVE_S1.);
#3204 = CIRCLE('',#3205,1.7);
#3205 = AXIS2_PLACEMENT_3D('',#3206,#3207,#3208);
#3206 = CARTESIAN_POINT('',(15.5,15.5,50.));
#3207 = DIRECTION('',(0.,0.,-1.));
#3208 = DIRECTION('',(1.,0.,0.));
#3209 = PCURVE('',#1991,#3210);
#3210 = DEFINITIONAL_REPRESENTATION('',(#3211),#3219);
#3211 = ( BOUNDED_CURVE() B_SPLINE_CURVE(2,(#3212,#3213,#3214,#3215,
#3216,#3217,#3218),.UNSPECIFIED.,.T.,.F.) B_SPLINE_CURVE_WITH_KNOTS((1,2
    ,2,2,2,1),(-2.094395102393,0.,2.094395102393,4.188790204786,
6.28318530718,8.377580409573),.UNSPECIFIED.) CURVE() 
GEOMETRIC_REPRESENTATION_ITEM() RATIONAL_B_SPLINE_CURVE((1.,0.5,1.,0.5,
1.,0.5,1.)) REPRESENTATION_ITEM('') );
#3212 = CARTESIAN_POINT('',(17.2,15.5));
#3213 = CARTESIAN_POINT('',(17.2,12.555513627133));
#3214 = CARTESIAN_POINT('',(14.65,14.027756813566));
#3215 = CARTESIAN_POINT('',(12.1,15.5));
#3216 = CARTESIAN_POINT('',(14.65,16.972243186434));
#3217 = CARTESIAN_POINT('',(17.2,18.444486372867));
#3218 = CARTESIAN_POINT('',(17.2,15.5));
#3219 = ( GEOMETRIC_REPRESENTATION_CONTEXT(2) 
PARAMETRIC_REPRESENTATION_CONTEXT() REPRESENTATION_CONTEXT('2D SPACE',''
  ) );
#3220 = PCURVE('',#2475,#3221);
#3221 = DEFINITIONAL_REPRESENTATION('',(#3222),#3226);
#3222 = LINE('',#3223,#3224);
#3223 = CARTESIAN_POINT('',(-6.28318530718,-5.));
#3224 = VECTOR('',#3225,1.);
#3225 = DIRECTION('',(1.,-0.));
#3226 = ( GEOMETRIC_REPRESENTATION_CONTEXT(2) 
PARAMETRIC_REPRESENTATION_CONTEXT() REPRESENTATION_CONTEXT('2D SPACE',''
  ) );
#3227 = FACE_BOUND('',#3228,.T.);
#3228 = EDGE_LOOP('',(#3229));
#3229 = ORIENTED_EDGE('',*,*,#3230,.T.);
#3230 = EDGE_CURVE('',#3231,#3231,#3233,.T.);
#3231 = VERTEX_POINT('',#3232);
#3232 = CARTESIAN_POINT('',(38.25,0.,50.));
#3233 = SURFACE_CURVE('',#3234,(#3239,#3250),.PCURVE_S1.);
#3234 = CIRCLE('',#3235,2.25);
#3235 = AXIS2_PLACEMENT_3D('',#3236,#3237,#3238);
#3236 = CARTESIAN_POINT('',(36.,0.,50.));
#3237 = DIRECTION('',(0.,0.,-1.));
#3238 = DIRECTION('',(1.,0.,0.));
#3239 = PCURVE('',#1991,#3240);
#3240 = DEFINITIONAL_REPRESENTATION('',(#3241),#3249);
#3241 = ( BOUNDED_CURVE() B_SPLINE_CURVE(2,(#3242,#3243,#3244,#3245,
#3246,#3247,#3248),.UNSPECIFIED.,.T.,.F.) B_SPLINE_CURVE_WITH_KNOTS((1,2
    ,2,2,2,1),(-2.094395102393,0.,2.094395102393,4.188790204786,
6.28318530718,8.377580409573),.UNSPECIFIED.) CURVE() 
GEOMETRIC_REPRESENTATION_ITEM() RATIONAL_B_SPLINE_CURVE((1.,0.5,1.,0.5,
1.,0.5,1.)) REPRESENTATION_ITEM('') );
#3242 = CARTESIAN_POINT('',(38.25,-3.692127783966E-16));
#3243 = CARTESIAN_POINT('',(38.25,-3.89711431703));
#3244 = CARTESIAN_POINT('',(34.875,-1.948557158515));
#3245 = CARTESIAN_POINT('',(31.5,-9.203038380129E-16));
#3246 = CARTESIAN_POINT('',(34.875,1.948557158515));
#3247 = CARTESIAN_POINT('',(38.25,3.89711431703));
#3248 = CARTESIAN_POINT('',(38.25,-3.692127783966E-16));
#3249 = ( GEOMETRIC_REPRESENTATION_CONTEXT(2) 
PARAMETRIC_REPRESENTATION_CONTEXT() REPRESENTATION_CONTEXT('2D SPACE',''
  ) );
#3250 = PCURVE('',#2510,#3251);
#3251 = DEFINITIONAL_REPRESENTATION('',(#3252),#3256);
#3252 = LINE('',#3253,#3254);
#3253 = CARTESIAN_POINT('',(-6.28318530718,-5.));
#3254 = VECTOR('',#3255,1.);
#3255 = DIRECTION('',(1.,-0.));
#3256 = ( GEOMETRIC_REPRESENTATION_CONTEXT(2) 
PARAMETRIC_REPRESENTATION_CONTEXT() REPRESENTATION_CONTEXT('2D SPACE',''
  ) );
#3257 = FACE_BOUND('',#3258,.T.);
#3258 = EDGE_LOOP('',(#3259));
#3259 = ORIENTED_EDGE('',*,*,#3260,.T.);
#3260 = EDGE_CURVE('',#3261,#3261,#3263,.T.);
#3261 = VERTEX_POINT('',#3262);
#3262 = CARTESIAN_POINT('',(2.25,36.,50.));
#3263 = SURFACE_CURVE('',#3264,(#3269,#3280),.PCURVE_S1.);
#3264 = CIRCLE('',#3265,2.25);
#3265 = AXIS2_PLACEMENT_3D('',#3266,#3267,#3268);
#3266 = CARTESIAN_POINT('',(2.204364238465E-15,36.,50.));
#3267 = DIRECTION('',(0.,0.,-1.));
#3268 = DIRECTION('',(1.,0.,0.));
#3269 = PCURVE('',#1991,#3270);
#3270 = DEFINITIONAL_REPRESENTATION('',(#3271),#3279);
#3271 = ( BOUNDED_CURVE() B_SPLINE_CURVE(2,(#3272,#3273,#3274,#3275,
#3276,#3277,#3278),.UNSPECIFIED.,.T.,.F.) B_SPLINE_CURVE_WITH_KNOTS((1,2
    ,2,2,2,1),(-2.094395102393,0.,2.094395102393,4.188790204786,
6.28318530718,8.377580409573),.UNSPECIFIED.) CURVE() 
GEOMETRIC_REPRESENTATION_ITEM() RATIONAL_B_SPLINE_CURVE((1.,0.5,1.,0.5,
1.,0.5,1.)) REPRESENTATION_ITEM('') );
#3272 = CARTESIAN_POINT('',(2.25,36.));
#3273 = CARTESIAN_POINT('',(2.25,32.10288568297));
#3274 = CARTESIAN_POINT('',(-1.125,34.051442841485));
#3275 = CARTESIAN_POINT('',(-4.5,36.));
#3276 = CARTESIAN_POINT('',(-1.125,37.948557158515));
#3277 = CARTESIAN_POINT('',(2.25,39.89711431703));
#3278 = CARTESIAN_POINT('',(2.25,36.));
#3279 = ( GEOMETRIC_REPRESENTATION_CONTEXT(2) 
PARAMETRIC_REPRESENTATION_CONTEXT() REPRESENTATION_CONTEXT('2D SPACE',''
  ) );
#3280 = PCURVE('',#2545,#3281);
#3281 = DEFINITIONAL_REPRESENTATION('',(#3282),#3286);
#3282 = LINE('',#3283,#3284);
#3283 = CARTESIAN_POINT('',(-6.28318530718,-5.));
#3284 = VECTOR('',#3285,1.);
#3285 = DIRECTION('',(1.,-0.));
#3286 = ( GEOMETRIC_REPRESENTATION_CONTEXT(2) 
PARAMETRIC_REPRESENTATION_CONTEXT() REPRESENTATION_CONTEXT('2D SPACE',''
  ) );
#3287 = FACE_BOUND('',#3288,.T.);
#3288 = EDGE_LOOP('',(#3289));
#3289 = ORIENTED_EDGE('',*,*,#3290,.T.);
#3290 = EDGE_CURVE('',#3291,#3291,#3293,.T.);
#3291 = VERTEX_POINT('',#3292);
#3292 = CARTESIAN_POINT('',(36.034018715768,33.234018715768,50.));
#3293 = SURFACE_CURVE('',#3294,(#3299,#3310),.PCURVE_S1.);
#3294 = CIRCLE('',#3295,2.8);
#3295 = AXIS2_PLACEMENT_3D('',#3296,#3297,#3298);
#3296 = CARTESIAN_POINT('',(33.234018715768,33.234018715768,50.));
#3297 = DIRECTION('',(0.,0.,-1.));
#3298 = DIRECTION('',(1.,0.,0.));
#3299 = PCURVE('',#1991,#3300);
#3300 = DEFINITIONAL_REPRESENTATION('',(#3301),#3309);
#3301 = ( BOUNDED_CURVE() B_SPLINE_CURVE(2,(#3302,#3303,#3304,#3305,
#3306,#3307,#3308),.UNSPECIFIED.,.T.,.F.) B_SPLINE_CURVE_WITH_KNOTS((1,2
    ,2,2,2,1),(-2.094395102393,0.,2.094395102393,4.188790204786,
6.28318530718,8.377580409573),.UNSPECIFIED.) CURVE() 
GEOMETRIC_REPRESENTATION_ITEM() RATIONAL_B_SPLINE_CURVE((1.,0.5,1.,0.5,
1.,0.5,1.)) REPRESENTATION_ITEM('') );
#3302 = CARTESIAN_POINT('',(36.034018715768,33.234018715768));
#3303 = CARTESIAN_POINT('',(36.034018715768,28.384276454575));
#3304 = CARTESIAN_POINT('',(31.834018715768,30.809147585171));
#3305 = CARTESIAN_POINT('',(27.634018715768,33.234018715768));
#3306 = CARTESIAN_POINT('',(31.834018715768,35.658889846364));
#3307 = CARTESIAN_POINT('',(36.034018715768,38.083760976961));
#3308 = CARTESIAN_POINT('',(36.034018715768,33.234018715768));
#3309 = ( GEOMETRIC_REPRESENTATION_CONTEXT(2) 
PARAMETRIC_REPRESENTATION_CONTEXT() REPRESENTATION_CONTEXT('2D SPACE',''
  ) );
#3310 = PCURVE('',#3311,#3316);
#3311 = CYLINDRICAL_SURFACE('',#3312,2.8);
#3312 = AXIS2_PLACEMENT_3D('',#3313,#3314,#3315);
#3313 = CARTESIAN_POINT('',(33.234018715768,33.234018715768,41.5));
#3314 = DIRECTION('',(-0.,-0.,-1.));
#3315 = DIRECTION('',(1.,0.,0.));
#3316 = DEFINITIONAL_REPRESENTATION('',(#3317),#3321);
#3317 = LINE('',#3318,#3319);
#3318 = CARTESIAN_POINT('',(-6.28318530718,-8.5));
#3319 = VECTOR('',#3320,1.);
#3320 = DIRECTION('',(1.,-0.));
#3321 = ( GEOMETRIC_REPRESENTATION_CONTEXT(2) 
PARAMETRIC_REPRESENTATION_CONTEXT() REPRESENTATION_CONTEXT('2D SPACE',''
  ) );
#3322 = ADVANCED_FACE('',(#3323),#1963,.T.);
#3323 = FACE_BOUND('',#3324,.F.);
#3324 = EDGE_LOOP('',(#3325,#3354,#3375,#3376,#3377,#3378,#3397,#3398));
#3325 = ORIENTED_EDGE('',*,*,#3326,.F.);
#3326 = EDGE_CURVE('',#3327,#3327,#3329,.T.);
#3327 = VERTEX_POINT('',#3328);
#3328 = CARTESIAN_POINT('',(40.234018715768,33.234018715768,40.));
#3329 = SURFACE_CURVE('',#3330,(#3335,#3342),.PCURVE_S1.);
#3330 = CIRCLE('',#3331,7.);
#3331 = AXIS2_PLACEMENT_3D('',#3332,#3333,#3334);
#3332 = CARTESIAN_POINT('',(33.234018715768,33.234018715768,40.));
#3333 = DIRECTION('',(0.,0.,1.));
#3334 = DIRECTION('',(1.,0.,0.));
#3335 = PCURVE('',#1963,#3336);
#3336 = DEFINITIONAL_REPRESENTATION('',(#3337),#3341);
#3337 = LINE('',#3338,#3339);
#3338 = CARTESIAN_POINT('',(-0.,0.));
#3339 = VECTOR('',#3340,1.);
#3340 = DIRECTION('',(-1.,0.));
#3341 = ( GEOMETRIC_REPRESENTATION_CONTEXT(2) 
PARAMETRIC_REPRESENTATION_CONTEXT() REPRESENTATION_CONTEXT('2D SPACE',''
  ) );
#3342 = PCURVE('',#3343,#3348);
#3343 = PLANE('',#3344);
#3344 = AXIS2_PLACEMENT_3D('',#3345,#3346,#3347);
#3345 = CARTESIAN_POINT('',(33.234018715768,33.234018715768,40.));
#3346 = DIRECTION('',(0.,0.,1.));
#3347 = DIRECTION('',(1.,0.,-0.));
#3348 = DEFINITIONAL_REPRESENTATION('',(#3349),#3353);
#3349 = CIRCLE('',#3350,7.);
#3350 = AXIS2_PLACEMENT_2D('',#3351,#3352);
#3351 = CARTESIAN_POINT('',(0.,0.));
#3352 = DIRECTION('',(1.,0.));
#3353 = ( GEOMETRIC_REPRESENTATION_CONTEXT(2) 
PARAMETRIC_REPRESENTATION_CONTEXT() REPRESENTATION_CONTEXT('2D SPACE',''
  ) );
#3354 = ORIENTED_EDGE('',*,*,#3355,.T.);
#3355 = EDGE_CURVE('',#3327,#2714,#3356,.T.);
#3356 = SEAM_CURVE('',#3357,(#3361,#3368),.PCURVE_S1.);
#3357 = LINE('',#3358,#3359);
#3358 = CARTESIAN_POINT('',(40.234018715768,33.234018715768,40.));
#3359 = VECTOR('',#3360,1.);
#3360 = DIRECTION('',(0.,0.,1.));
#3361 = PCURVE('',#1963,#3362);
#3362 = DEFINITIONAL_REPRESENTATION('',(#3363),#3367);
#3363 = LINE('',#3364,#3365);
#3364 = CARTESIAN_POINT('',(-6.28318530718,0.));
#3365 = VECTOR('',#3366,1.);
#3366 = DIRECTION('',(-0.,-1.));
#3367 = ( GEOMETRIC_REPRESENTATION_CONTEXT(2) 
PARAMETRIC_REPRESENTATION_CONTEXT() REPRESENTATION_CONTEXT('2D SPACE',''
  ) );
#3368 = PCURVE('',#1963,#3369);
#3369 = DEFINITIONAL_REPRESENTATION('',(#3370),#3374);
#3370 = LINE('',#3371,#3372);
#3371 = CARTESIAN_POINT('',(-0.,0.));
#3372 = VECTOR('',#3373,1.);
#3373 = DIRECTION('',(-0.,-1.));
#3374 = ( GEOMETRIC_REPRESENTATION_CONTEXT(2) 
PARAMETRIC_REPRESENTATION_CONTEXT() REPRESENTATION_CONTEXT('2D SPACE',''
  ) );
#3375 = ORIENTED_EDGE('',*,*,#2737,.T.);
#3376 = ORIENTED_EDGE('',*,*,#1948,.T.);
#3377 = ORIENTED_EDGE('',*,*,#2160,.F.);
#3378 = ORIENTED_EDGE('',*,*,#3379,.F.);
#3379 = EDGE_CURVE('',#2684,#2132,#3380,.T.);
#3380 = SURFACE_CURVE('',#3381,(#3385,#3391),.PCURVE_S1.);
#3381 = LINE('',#3382,#3383);
#3382 = CARTESIAN_POINT('',(32.787627369923,26.248266446588,46.));
#3383 = VECTOR('',#3384,1.);
#3384 = DIRECTION('',(-0.,-0.,-1.));
#3385 = PCURVE('',#1963,#3386);
#3386 = DEFINITIONAL_REPRESENTATION('',(#3387),#3390);
#3387 = B_SPLINE_CURVE_WITH_KNOTS('',1,(#3388,#3389),.UNSPECIFIED.,.F.,
  .F.,(2,2),(-4.0000006,5.999999999062E-07),.PIECEWISE_BEZIER_KNOTS.);
#3388 = CARTESIAN_POINT('',(-4.648575487126,-10.0000006));
#3389 = CARTESIAN_POINT('',(-4.648575487126,-5.9999994));
#3390 = ( GEOMETRIC_REPRESENTATION_CONTEXT(2) 
PARAMETRIC_REPRESENTATION_CONTEXT() REPRESENTATION_CONTEXT('2D SPACE',''
  ) );
#3391 = PCURVE('',#2148,#3392);
#3392 = DEFINITIONAL_REPRESENTATION('',(#3393),#3396);
#3393 = B_SPLINE_CURVE_WITH_KNOTS('',1,(#3394,#3395),.UNSPECIFIED.,.F.,
  .F.,(2,2),(-4.,-0.),.PIECEWISE_BEZIER_KNOTS.);
#3394 = CARTESIAN_POINT('',(-6.958263966815,-4.));
#3395 = CARTESIAN_POINT('',(-6.958263966815,0.));
#3396 = ( GEOMETRIC_REPRESENTATION_CONTEXT(2) 
PARAMETRIC_REPRESENTATION_CONTEXT() REPRESENTATION_CONTEXT('2D SPACE',''
  ) );
#3397 = ORIENTED_EDGE('',*,*,#2713,.T.);
#3398 = ORIENTED_EDGE('',*,*,#3355,.F.);
#3399 = ADVANCED_FACE('',(#3400),#2057,.T.);
#3400 = FACE_BOUND('',#3401,.F.);
#3401 = EDGE_LOOP('',(#3402,#3431,#3452,#3453,#3472,#3473,#3492,#3493));
#3402 = ORIENTED_EDGE('',*,*,#3403,.F.);
#3403 = EDGE_CURVE('',#3404,#3404,#3406,.T.);
#3404 = VERTEX_POINT('',#3405);
#3405 = CARTESIAN_POINT('',(-26.23401871576,-33.23401871576,40.));
#3406 = SURFACE_CURVE('',#3407,(#3412,#3419),.PCURVE_S1.);
#3407 = CIRCLE('',#3408,7.);
#3408 = AXIS2_PLACEMENT_3D('',#3409,#3410,#3411);
#3409 = CARTESIAN_POINT('',(-33.23401871576,-33.23401871576,40.));
#3410 = DIRECTION('',(0.,0.,1.));
#3411 = DIRECTION('',(1.,0.,0.));
#3412 = PCURVE('',#2057,#3413);
#3413 = DEFINITIONAL_REPRESENTATION('',(#3414),#3418);
#3414 = LINE('',#3415,#3416);
#3415 = CARTESIAN_POINT('',(-0.,0.));
#3416 = VECTOR('',#3417,1.);
#3417 = DIRECTION('',(-1.,0.));
#3418 = ( GEOMETRIC_REPRESENTATION_CONTEXT(2) 
PARAMETRIC_REPRESENTATION_CONTEXT() REPRESENTATION_CONTEXT('2D SPACE',''
  ) );
#3419 = PCURVE('',#3420,#3425);
#3420 = PLANE('',#3421);
#3421 = AXIS2_PLACEMENT_3D('',#3422,#3423,#3424);
#3422 = CARTESIAN_POINT('',(-33.23401871576,-33.23401871576,40.));
#3423 = DIRECTION('',(0.,0.,1.));
#3424 = DIRECTION('',(1.,0.,-0.));
#3425 = DEFINITIONAL_REPRESENTATION('',(#3426),#3430);
#3426 = CIRCLE('',#3427,7.);
#3427 = AXIS2_PLACEMENT_2D('',#3428,#3429);
#3428 = CARTESIAN_POINT('',(-7.105427357601E-15,-7.105427357601E-15));
#3429 = DIRECTION('',(1.,0.));
#3430 = ( GEOMETRIC_REPRESENTATION_CONTEXT(2) 
PARAMETRIC_REPRESENTATION_CONTEXT() REPRESENTATION_CONTEXT('2D SPACE',''
  ) );
#3431 = ORIENTED_EDGE('',*,*,#3432,.T.);
#3432 = EDGE_CURVE('',#3404,#2791,#3433,.T.);
#3433 = SEAM_CURVE('',#3434,(#3438,#3445),.PCURVE_S1.);
#3434 = LINE('',#3435,#3436);
#3435 = CARTESIAN_POINT('',(-26.23401871576,-33.23401871576,40.));
#3436 = VECTOR('',#3437,1.);
#3437 = DIRECTION('',(0.,0.,1.));
#3438 = PCURVE('',#2057,#3439);
#3439 = DEFINITIONAL_REPRESENTATION('',(#3440),#3444);
#3440 = LINE('',#3441,#3442);
#3441 = CARTESIAN_POINT('',(-6.28318530718,0.));
#3442 = VECTOR('',#3443,1.);
#3443 = DIRECTION('',(-0.,-1.));
#3444 = ( GEOMETRIC_REPRESENTATION_CONTEXT(2) 
PARAMETRIC_REPRESENTATION_CONTEXT() REPRESENTATION_CONTEXT('2D SPACE',''
  ) );
#3445 = PCURVE('',#2057,#3446);
#3446 = DEFINITIONAL_REPRESENTATION('',(#3447),#3451);
#3447 = LINE('',#3448,#3449);
#3448 = CARTESIAN_POINT('',(-0.,0.));
#3449 = VECTOR('',#3450,1.);
#3450 = DIRECTION('',(-0.,-1.));
#3451 = ( GEOMETRIC_REPRESENTATION_CONTEXT(2) 
PARAMETRIC_REPRESENTATION_CONTEXT() REPRESENTATION_CONTEXT('2D SPACE',''
  ) );
#3452 = ORIENTED_EDGE('',*,*,#2814,.T.);
#3453 = ORIENTED_EDGE('',*,*,#3454,.T.);
#3454 = EDGE_CURVE('',#2815,#2037,#3455,.T.);
#3455 = SURFACE_CURVE('',#3456,(#3460,#3466),.PCURVE_S1.);
#3456 = LINE('',#3457,#3458);
#3457 = CARTESIAN_POINT('',(-26.24826644658,-32.78762736992,46.));
#3458 = VECTOR('',#3459,1.);
#3459 = DIRECTION('',(-0.,-0.,-1.));
#3460 = PCURVE('',#2057,#3461);
#3461 = DEFINITIONAL_REPRESENTATION('',(#3462),#3465);
#3462 = B_SPLINE_CURVE_WITH_KNOTS('',1,(#3463,#3464),.UNSPECIFIED.,.F.,
  .F.,(2,2),(-4.0000006,5.999999999062E-07),.PIECEWISE_BEZIER_KNOTS.);
#3463 = CARTESIAN_POINT('',(-6.381349325901E-02,-10.0000006));
#3464 = CARTESIAN_POINT('',(-6.381349325901E-02,-5.9999994));
#3465 = ( GEOMETRIC_REPRESENTATION_CONTEXT(2) 
PARAMETRIC_REPRESENTATION_CONTEXT() REPRESENTATION_CONTEXT('2D SPACE',''
  ) );
#3466 = PCURVE('',#2086,#3467);
#3467 = DEFINITIONAL_REPRESENTATION('',(#3468),#3471);
#3468 = B_SPLINE_CURVE_WITH_KNOTS('',1,(#3469,#3470),.UNSPECIFIED.,.F.,
  .F.,(2,2),(-4.0000006,5.999999999062E-07),.PIECEWISE_BEZIER_KNOTS.);
#3469 = CARTESIAN_POINT('',(-4.037310320749,-4.0000006));
#3470 = CARTESIAN_POINT('',(-4.037310320749,5.999999999062E-07));
#3471 = ( GEOMETRIC_REPRESENTATION_CONTEXT(2) 
PARAMETRIC_REPRESENTATION_CONTEXT() REPRESENTATION_CONTEXT('2D SPACE',''
  ) );
#3472 = ORIENTED_EDGE('',*,*,#2034,.F.);
#3473 = ORIENTED_EDGE('',*,*,#3474,.F.);
#3474 = EDGE_CURVE('',#2763,#2035,#3475,.T.);
#3475 = SURFACE_CURVE('',#3476,(#3480,#3486),.PCURVE_S1.);
#3476 = LINE('',#3477,#3478);
#3477 = CARTESIAN_POINT('',(-32.78762736992,-26.24826644658,46.));
#3478 = VECTOR('',#3479,1.);
#3479 = DIRECTION('',(-0.,-0.,-1.));
#3480 = PCURVE('',#2057,#3481);
#3481 = DEFINITIONAL_REPRESENTATION('',(#3482),#3485);
#3482 = B_SPLINE_CURVE_WITH_KNOTS('',1,(#3483,#3484),.UNSPECIFIED.,.F.,
  .F.,(2,2),(-4.0000006,5.999999999062E-07),.PIECEWISE_BEZIER_KNOTS.);
#3483 = CARTESIAN_POINT('',(-1.506982833536,-10.0000006));
#3484 = CARTESIAN_POINT('',(-1.506982833536,-5.9999994));
#3485 = ( GEOMETRIC_REPRESENTATION_CONTEXT(2) 
PARAMETRIC_REPRESENTATION_CONTEXT() REPRESENTATION_CONTEXT('2D SPACE',''
  ) );
#3486 = PCURVE('',#2230,#3487);
#3487 = DEFINITIONAL_REPRESENTATION('',(#3488),#3491);
#3488 = B_SPLINE_CURVE_WITH_KNOTS('',1,(#3489,#3490),.UNSPECIFIED.,.F.,
  .F.,(2,2),(-4.0000006,5.999999999062E-07),.PIECEWISE_BEZIER_KNOTS.);
#3489 = CARTESIAN_POINT('',(-3.816671313225,-4.0000006));
#3490 = CARTESIAN_POINT('',(-3.816671313225,5.999999999062E-07));
#3491 = ( GEOMETRIC_REPRESENTATION_CONTEXT(2) 
PARAMETRIC_REPRESENTATION_CONTEXT() REPRESENTATION_CONTEXT('2D SPACE',''
  ) );
#3492 = ORIENTED_EDGE('',*,*,#2790,.T.);
#3493 = ORIENTED_EDGE('',*,*,#3432,.F.);
#3494 = ADVANCED_FACE('',(#3495),#2230,.T.);
#3495 = FACE_BOUND('',#3496,.F.);
#3496 = EDGE_LOOP('',(#3497,#3498,#3499,#3500));
#3497 = ORIENTED_EDGE('',*,*,#2215,.F.);
#3498 = ORIENTED_EDGE('',*,*,#2636,.F.);
#3499 = ORIENTED_EDGE('',*,*,#2762,.F.);
#3500 = ORIENTED_EDGE('',*,*,#3474,.T.);
#3501 = ADVANCED_FACE('',(#3502),#2086,.T.);
#3502 = FACE_BOUND('',#3503,.F.);
#3503 = EDGE_LOOP('',(#3504,#3505,#3506,#3507));
#3504 = ORIENTED_EDGE('',*,*,#2069,.F.);
#3505 = ORIENTED_EDGE('',*,*,#3454,.F.);
#3506 = ORIENTED_EDGE('',*,*,#2838,.F.);
#3507 = ORIENTED_EDGE('',*,*,#3508,.T.);
#3508 = EDGE_CURVE('',#2839,#2070,#3509,.T.);
#3509 = SURFACE_CURVE('',#3510,(#3514,#3520),.PCURVE_S1.);
#3510 = LINE('',#3511,#3512);
#3511 = CARTESIAN_POINT('',(26.248266446588,-32.78762736992,46.));
#3512 = VECTOR('',#3513,1.);
#3513 = DIRECTION('',(-0.,-0.,-1.));
#3514 = PCURVE('',#2086,#3515);
#3515 = DEFINITIONAL_REPRESENTATION('',(#3516),#3519);
#3516 = B_SPLINE_CURVE_WITH_KNOTS('',1,(#3517,#3518),.UNSPECIFIED.,.F.,
  .F.,(2,2),(-4.0000006,5.999999999062E-07),.PIECEWISE_BEZIER_KNOTS.);
#3517 = CARTESIAN_POINT('',(-5.38746764002,-4.0000006));
#3518 = CARTESIAN_POINT('',(-5.38746764002,5.999999999062E-07));
#3519 = ( GEOMETRIC_REPRESENTATION_CONTEXT(2) 
PARAMETRIC_REPRESENTATION_CONTEXT() REPRESENTATION_CONTEXT('2D SPACE',''
  ) );
#3520 = PCURVE('',#2119,#3521);
#3521 = DEFINITIONAL_REPRESENTATION('',(#3522),#3525);
#3522 = B_SPLINE_CURVE_WITH_KNOTS('',1,(#3523,#3524),.UNSPECIFIED.,.F.,
  .F.,(2,2),(-4.0000006,5.999999999062E-07),.PIECEWISE_BEZIER_KNOTS.);
#3523 = CARTESIAN_POINT('',(-3.077779160331,-10.0000006));
#3524 = CARTESIAN_POINT('',(-3.077779160331,-5.9999994));
#3525 = ( GEOMETRIC_REPRESENTATION_CONTEXT(2) 
PARAMETRIC_REPRESENTATION_CONTEXT() REPRESENTATION_CONTEXT('2D SPACE',''
  ) );
#3526 = ADVANCED_FACE('',(#3527),#2119,.T.);
#3527 = FACE_BOUND('',#3528,.F.);
#3528 = EDGE_LOOP('',(#3529,#3558,#3579,#3580,#3599,#3600,#3601,#3602));
#3529 = ORIENTED_EDGE('',*,*,#3530,.F.);
#3530 = EDGE_CURVE('',#3531,#3531,#3533,.T.);
#3531 = VERTEX_POINT('',#3532);
#3532 = CARTESIAN_POINT('',(40.234018715768,-33.23401871576,40.));
#3533 = SURFACE_CURVE('',#3534,(#3539,#3546),.PCURVE_S1.);
#3534 = CIRCLE('',#3535,7.);
#3535 = AXIS2_PLACEMENT_3D('',#3536,#3537,#3538);
#3536 = CARTESIAN_POINT('',(33.234018715768,-33.23401871576,40.));
#3537 = DIRECTION('',(0.,0.,1.));
#3538 = DIRECTION('',(1.,0.,0.));
#3539 = PCURVE('',#2119,#3540);
#3540 = DEFINITIONAL_REPRESENTATION('',(#3541),#3545);
#3541 = LINE('',#3542,#3543);
#3542 = CARTESIAN_POINT('',(-0.,0.));
#3543 = VECTOR('',#3544,1.);
#3544 = DIRECTION('',(-1.,0.));
#3545 = ( GEOMETRIC_REPRESENTATION_CONTEXT(2) 
PARAMETRIC_REPRESENTATION_CONTEXT() REPRESENTATION_CONTEXT('2D SPACE',''
  ) );
#3546 = PCURVE('',#3547,#3552);
#3547 = PLANE('',#3548);
#3548 = AXIS2_PLACEMENT_3D('',#3549,#3550,#3551);
#3549 = CARTESIAN_POINT('',(33.234018715768,-33.23401871576,40.));
#3550 = DIRECTION('',(0.,0.,1.));
#3551 = DIRECTION('',(1.,0.,-0.));
#3552 = DEFINITIONAL_REPRESENTATION('',(#3553),#3557);
#3553 = CIRCLE('',#3554,7.);
#3554 = AXIS2_PLACEMENT_2D('',#3555,#3556);
#3555 = CARTESIAN_POINT('',(0.,-7.105427357601E-15));
#3556 = DIRECTION('',(1.,0.));
#3557 = ( GEOMETRIC_REPRESENTATION_CONTEXT(2) 
PARAMETRIC_REPRESENTATION_CONTEXT() REPRESENTATION_CONTEXT('2D SPACE',''
  ) );
#3558 = ORIENTED_EDGE('',*,*,#3559,.T.);
#3559 = EDGE_CURVE('',#3531,#2867,#3560,.T.);
#3560 = SEAM_CURVE('',#3561,(#3565,#3572),.PCURVE_S1.);
#3561 = LINE('',#3562,#3563);
#3562 = CARTESIAN_POINT('',(40.234018715768,-33.23401871576,40.));
#3563 = VECTOR('',#3564,1.);
#3564 = DIRECTION('',(0.,0.,1.));
#3565 = PCURVE('',#2119,#3566);
#3566 = DEFINITIONAL_REPRESENTATION('',(#3567),#3571);
#3567 = LINE('',#3568,#3569);
#3568 = CARTESIAN_POINT('',(-6.28318530718,0.));
#3569 = VECTOR('',#3570,1.);
#3570 = DIRECTION('',(-0.,-1.));
#3571 = ( GEOMETRIC_REPRESENTATION_CONTEXT(2) 
PARAMETRIC_REPRESENTATION_CONTEXT() REPRESENTATION_CONTEXT('2D SPACE',''
  ) );
#3572 = PCURVE('',#2119,#3573);
#3573 = DEFINITIONAL_REPRESENTATION('',(#3574),#3578);
#3574 = LINE('',#3575,#3576);
#3575 = CARTESIAN_POINT('',(-0.,0.));
#3576 = VECTOR('',#3577,1.);
#3577 = DIRECTION('',(-0.,-1.));
#3578 = ( GEOMETRIC_REPRESENTATION_CONTEXT(2) 
PARAMETRIC_REPRESENTATION_CONTEXT() REPRESENTATION_CONTEXT('2D SPACE',''
  ) );
#3579 = ORIENTED_EDGE('',*,*,#2890,.T.);
#3580 = ORIENTED_EDGE('',*,*,#3581,.T.);
#3581 = EDGE_CURVE('',#2686,#2099,#3582,.T.);
#3582 = SURFACE_CURVE('',#3583,(#3587,#3593),.PCURVE_S1.);
#3583 = LINE('',#3584,#3585);
#3584 = CARTESIAN_POINT('',(32.787627369923,-26.24826644658,46.));
#3585 = VECTOR('',#3586,1.);
#3586 = DIRECTION('',(-0.,-0.,-1.));
#3587 = PCURVE('',#2119,#3588);
#3588 = DEFINITIONAL_REPRESENTATION('',(#3589),#3592);
#3589 = B_SPLINE_CURVE_WITH_KNOTS('',1,(#3590,#3591),.UNSPECIFIED.,.F.,
  .F.,(2,2),(-4.0000006,5.999999999062E-07),.PIECEWISE_BEZIER_KNOTS.);
#3590 = CARTESIAN_POINT('',(-1.634609820054,-10.0000006));
#3591 = CARTESIAN_POINT('',(-1.634609820054,-5.9999994));
#3592 = ( GEOMETRIC_REPRESENTATION_CONTEXT(2) 
PARAMETRIC_REPRESENTATION_CONTEXT() REPRESENTATION_CONTEXT('2D SPACE',''
  ) );
#3593 = PCURVE('',#2148,#3594);
#3594 = DEFINITIONAL_REPRESENTATION('',(#3595),#3598);
#3595 = B_SPLINE_CURVE_WITH_KNOTS('',1,(#3596,#3597),.UNSPECIFIED.,.F.,
  .F.,(2,2),(-4.0000006,5.999999999062E-07),.PIECEWISE_BEZIER_KNOTS.);
#3596 = CARTESIAN_POINT('',(-5.608106647544,-4.0000006));
#3597 = CARTESIAN_POINT('',(-5.608106647544,5.999999999062E-07));
#3598 = ( GEOMETRIC_REPRESENTATION_CONTEXT(2) 
PARAMETRIC_REPRESENTATION_CONTEXT() REPRESENTATION_CONTEXT('2D SPACE',''
  ) );
#3599 = ORIENTED_EDGE('',*,*,#2098,.F.);
#3600 = ORIENTED_EDGE('',*,*,#3508,.F.);
#3601 = ORIENTED_EDGE('',*,*,#2866,.T.);
#3602 = ORIENTED_EDGE('',*,*,#3559,.F.);
#3603 = ADVANCED_FACE('',(#3604),#2148,.T.);
#3604 = FACE_BOUND('',#3605,.F.);
#3605 = EDGE_LOOP('',(#3606,#3607,#3608,#3609));
#3606 = ORIENTED_EDGE('',*,*,#2131,.F.);
#3607 = ORIENTED_EDGE('',*,*,#3581,.F.);
#3608 = ORIENTED_EDGE('',*,*,#2683,.F.);
#3609 = ORIENTED_EDGE('',*,*,#3379,.T.);
#3610 = ADVANCED_FACE('',(#3611),#2265,.F.);
#3611 = FACE_BOUND('',#3612,.T.);
#3612 = EDGE_LOOP('',(#3613,#3614,#3635,#3636));
#3613 = ORIENTED_EDGE('',*,*,#2244,.T.);
#3614 = ORIENTED_EDGE('',*,*,#3615,.T.);
#3615 = EDGE_CURVE('',#2245,#2950,#3616,.T.);
#3616 = SEAM_CURVE('',#3617,(#3621,#3628),.PCURVE_S1.);
#3617 = LINE('',#3618,#3619);
#3618 = CARTESIAN_POINT('',(2.25,-36.,45.));
#3619 = VECTOR('',#3620,1.);
#3620 = DIRECTION('',(0.,0.,1.));
#3621 = PCURVE('',#2265,#3622);
#3622 = DEFINITIONAL_REPRESENTATION('',(#3623),#3627);
#3623 = LINE('',#3624,#3625);
#3624 = CARTESIAN_POINT('',(-6.28318530718,0.));
#3625 = VECTOR('',#3626,1.);
#3626 = DIRECTION('',(-0.,-1.));
#3627 = ( GEOMETRIC_REPRESENTATION_CONTEXT(2) 
PARAMETRIC_REPRESENTATION_CONTEXT() REPRESENTATION_CONTEXT('2D SPACE',''
  ) );
#3628 = PCURVE('',#2265,#3629);
#3629 = DEFINITIONAL_REPRESENTATION('',(#3630),#3634);
#3630 = LINE('',#3631,#3632);
#3631 = CARTESIAN_POINT('',(-0.,0.));
#3632 = VECTOR('',#3633,1.);
#3633 = DIRECTION('',(-0.,-1.));
#3634 = ( GEOMETRIC_REPRESENTATION_CONTEXT(2) 
PARAMETRIC_REPRESENTATION_CONTEXT() REPRESENTATION_CONTEXT('2D SPACE',''
  ) );
#3635 = ORIENTED_EDGE('',*,*,#2949,.F.);
#3636 = ORIENTED_EDGE('',*,*,#3615,.F.);
#3637 = ADVANCED_FACE('',(#3638),#2300,.F.);
#3638 = FACE_BOUND('',#3639,.T.);
#3639 = EDGE_LOOP('',(#3640,#3641,#3662,#3663));
#3640 = ORIENTED_EDGE('',*,*,#2279,.T.);
#3641 = ORIENTED_EDGE('',*,*,#3642,.T.);
#3642 = EDGE_CURVE('',#2280,#2980,#3643,.T.);
#3643 = SEAM_CURVE('',#3644,(#3648,#3655),.PCURVE_S1.);
#3644 = LINE('',#3645,#3646);
#3645 = CARTESIAN_POINT('',(-13.8,-15.5,45.));
#3646 = VECTOR('',#3647,1.);
#3647 = DIRECTION('',(0.,0.,1.));
#3648 = PCURVE('',#2300,#3649);
#3649 = DEFINITIONAL_REPRESENTATION('',(#3650),#3654);
#3650 = LINE('',#3651,#3652);
#3651 = CARTESIAN_POINT('',(-6.28318530718,0.));
#3652 = VECTOR('',#3653,1.);
#3653 = DIRECTION('',(-0.,-1.));
#3654 = ( GEOMETRIC_REPRESENTATION_CONTEXT(2) 
PARAMETRIC_REPRESENTATION_CONTEXT() REPRESENTATION_CONTEXT('2D SPACE',''
  ) );
#3655 = PCURVE('',#2300,#3656);
#3656 = DEFINITIONAL_REPRESENTATION('',(#3657),#3661);
#3657 = LINE('',#3658,#3659);
#3658 = CARTESIAN_POINT('',(-0.,0.));
#3659 = VECTOR('',#3660,1.);
#3660 = DIRECTION('',(-0.,-1.));
#3661 = ( GEOMETRIC_REPRESENTATION_CONTEXT(2) 
PARAMETRIC_REPRESENTATION_CONTEXT() REPRESENTATION_CONTEXT('2D SPACE',''
  ) );
#3662 = ORIENTED_EDGE('',*,*,#2979,.F.);
#3663 = ORIENTED_EDGE('',*,*,#3642,.F.);
#3664 = ADVANCED_FACE('',(#3665),#2335,.F.);
#3665 = FACE_BOUND('',#3666,.T.);
#3666 = EDGE_LOOP('',(#3667,#3668,#3689,#3690));
#3667 = ORIENTED_EDGE('',*,*,#2314,.T.);
#3668 = ORIENTED_EDGE('',*,*,#3669,.T.);
#3669 = EDGE_CURVE('',#2315,#3045,#3670,.T.);
#3670 = SEAM_CURVE('',#3671,(#3675,#3682),.PCURVE_S1.);
#3671 = LINE('',#3672,#3673);
#3672 = CARTESIAN_POINT('',(17.2,-15.5,45.));
#3673 = VECTOR('',#3674,1.);
#3674 = DIRECTION('',(0.,0.,1.));
#3675 = PCURVE('',#2335,#3676);
#3676 = DEFINITIONAL_REPRESENTATION('',(#3677),#3681);
#3677 = LINE('',#3678,#3679);
#3678 = CARTESIAN_POINT('',(-6.28318530718,0.));
#3679 = VECTOR('',#3680,1.);
#3680 = DIRECTION('',(-0.,-1.));
#3681 = ( GEOMETRIC_REPRESENTATION_CONTEXT(2) 
PARAMETRIC_REPRESENTATION_CONTEXT() REPRESENTATION_CONTEXT('2D SPACE',''
  ) );
#3682 = PCURVE('',#2335,#3683);
#3683 = DEFINITIONAL_REPRESENTATION('',(#3684),#3688);
#3684 = LINE('',#3685,#3686);
#3685 = CARTESIAN_POINT('',(-0.,0.));
#3686 = VECTOR('',#3687,1.);
#3687 = DIRECTION('',(-0.,-1.));
#3688 = ( GEOMETRIC_REPRESENTATION_CONTEXT(2) 
PARAMETRIC_REPRESENTATION_CONTEXT() REPRESENTATION_CONTEXT('2D SPACE',''
  ) );
#3689 = ORIENTED_EDGE('',*,*,#3044,.F.);
#3690 = ORIENTED_EDGE('',*,*,#3669,.F.);
#3691 = ADVANCED_FACE('',(#3692),#2370,.F.);
#3692 = FACE_BOUND('',#3693,.T.);
#3693 = EDGE_LOOP('',(#3694,#3695,#3716,#3717));
#3694 = ORIENTED_EDGE('',*,*,#2349,.T.);
#3695 = ORIENTED_EDGE('',*,*,#3696,.T.);
#3696 = EDGE_CURVE('',#2350,#3075,#3697,.T.);
#3697 = SEAM_CURVE('',#3698,(#3702,#3709),.PCURVE_S1.);
#3698 = LINE('',#3699,#3700);
#3699 = CARTESIAN_POINT('',(-33.75,4.40872847693E-15,45.));
#3700 = VECTOR('',#3701,1.);
#3701 = DIRECTION('',(0.,0.,1.));
#3702 = PCURVE('',#2370,#3703);
#3703 = DEFINITIONAL_REPRESENTATION('',(#3704),#3708);
#3704 = LINE('',#3705,#3706);
#3705 = CARTESIAN_POINT('',(-6.28318530718,0.));
#3706 = VECTOR('',#3707,1.);
#3707 = DIRECTION('',(-0.,-1.));
#3708 = ( GEOMETRIC_REPRESENTATION_CONTEXT(2) 
PARAMETRIC_REPRESENTATION_CONTEXT() REPRESENTATION_CONTEXT('2D SPACE',''
  ) );
#3709 = PCURVE('',#2370,#3710);
#3710 = DEFINITIONAL_REPRESENTATION('',(#3711),#3715);
#3711 = LINE('',#3712,#3713);
#3712 = CARTESIAN_POINT('',(-0.,0.));
#3713 = VECTOR('',#3714,1.);
#3714 = DIRECTION('',(-0.,-1.));
#3715 = ( GEOMETRIC_REPRESENTATION_CONTEXT(2) 
PARAMETRIC_REPRESENTATION_CONTEXT() REPRESENTATION_CONTEXT('2D SPACE',''
  ) );
#3716 = ORIENTED_EDGE('',*,*,#3074,.F.);
#3717 = ORIENTED_EDGE('',*,*,#3696,.F.);
#3718 = ADVANCED_FACE('',(#3719),#2405,.F.);
#3719 = FACE_BOUND('',#3720,.T.);
#3720 = EDGE_LOOP('',(#3721,#3722,#3743,#3744));
#3721 = ORIENTED_EDGE('',*,*,#2384,.T.);
#3722 = ORIENTED_EDGE('',*,*,#3723,.T.);
#3723 = EDGE_CURVE('',#2385,#3105,#3724,.T.);
#3724 = SEAM_CURVE('',#3725,(#3729,#3736),.PCURVE_S1.);
#3725 = LINE('',#3726,#3727);
#3726 = CARTESIAN_POINT('',(-13.8,15.5,45.));
#3727 = VECTOR('',#3728,1.);
#3728 = DIRECTION('',(0.,0.,1.));
#3729 = PCURVE('',#2405,#3730);
#3730 = DEFINITIONAL_REPRESENTATION('',(#3731),#3735);
#3731 = LINE('',#3732,#3733);
#3732 = CARTESIAN_POINT('',(-6.28318530718,0.));
#3733 = VECTOR('',#3734,1.);
#3734 = DIRECTION('',(-0.,-1.));
#3735 = ( GEOMETRIC_REPRESENTATION_CONTEXT(2) 
PARAMETRIC_REPRESENTATION_CONTEXT() REPRESENTATION_CONTEXT('2D SPACE',''
  ) );
#3736 = PCURVE('',#2405,#3737);
#3737 = DEFINITIONAL_REPRESENTATION('',(#3738),#3742);
#3738 = LINE('',#3739,#3740);
#3739 = CARTESIAN_POINT('',(-0.,0.));
#3740 = VECTOR('',#3741,1.);
#3741 = DIRECTION('',(-0.,-1.));
#3742 = ( GEOMETRIC_REPRESENTATION_CONTEXT(2) 
PARAMETRIC_REPRESENTATION_CONTEXT() REPRESENTATION_CONTEXT('2D SPACE',''
  ) );
#3743 = ORIENTED_EDGE('',*,*,#3104,.F.);
#3744 = ORIENTED_EDGE('',*,*,#3723,.F.);
#3745 = ADVANCED_FACE('',(#3746),#2440,.F.);
#3746 = FACE_BOUND('',#3747,.T.);
#3747 = EDGE_LOOP('',(#3748,#3749,#3772,#3799));
#3748 = ORIENTED_EDGE('',*,*,#2419,.T.);
#3749 = ORIENTED_EDGE('',*,*,#3750,.T.);
#3750 = EDGE_CURVE('',#2420,#3751,#3753,.T.);
#3751 = VERTEX_POINT('',#3752);
#3752 = CARTESIAN_POINT('',(11.3,0.,48.1));
#3753 = SEAM_CURVE('',#3754,(#3758,#3765),.PCURVE_S1.);
#3754 = LINE('',#3755,#3756);
#3755 = CARTESIAN_POINT('',(11.3,0.,45.9));
#3756 = VECTOR('',#3757,1.);
#3757 = DIRECTION('',(0.,0.,1.));
#3758 = PCURVE('',#2440,#3759);
#3759 = DEFINITIONAL_REPRESENTATION('',(#3760),#3764);
#3760 = LINE('',#3761,#3762);
#3761 = CARTESIAN_POINT('',(-6.28318530718,0.));
#3762 = VECTOR('',#3763,1.);
#3763 = DIRECTION('',(-0.,-1.));
#3764 = ( GEOMETRIC_REPRESENTATION_CONTEXT(2) 
PARAMETRIC_REPRESENTATION_CONTEXT() REPRESENTATION_CONTEXT('2D SPACE',''
  ) );
#3765 = PCURVE('',#2440,#3766);
#3766 = DEFINITIONAL_REPRESENTATION('',(#3767),#3771);
#3767 = LINE('',#3768,#3769);
#3768 = CARTESIAN_POINT('',(-0.,0.));
#3769 = VECTOR('',#3770,1.);
#3770 = DIRECTION('',(-0.,-1.));
#3771 = ( GEOMETRIC_REPRESENTATION_CONTEXT(2) 
PARAMETRIC_REPRESENTATION_CONTEXT() REPRESENTATION_CONTEXT('2D SPACE',''
  ) );
#3772 = ORIENTED_EDGE('',*,*,#3773,.T.);
#3773 = EDGE_CURVE('',#3751,#3751,#3774,.T.);
#3774 = SURFACE_CURVE('',#3775,(#3780,#3787),.PCURVE_S1.);
#3775 = CIRCLE('',#3776,11.3);
#3776 = AXIS2_PLACEMENT_3D('',#3777,#3778,#3779);
#3777 = CARTESIAN_POINT('',(0.,0.,48.1));
#3778 = DIRECTION('',(0.,0.,1.));
#3779 = DIRECTION('',(1.,0.,0.));
#3780 = PCURVE('',#2440,#3781);
#3781 = DEFINITIONAL_REPRESENTATION('',(#3782),#3786);
#3782 = LINE('',#3783,#3784);
#3783 = CARTESIAN_POINT('',(-0.,-2.2));
#3784 = VECTOR('',#3785,1.);
#3785 = DIRECTION('',(-1.,0.));
#3786 = ( GEOMETRIC_REPRESENTATION_CONTEXT(2) 
PARAMETRIC_REPRESENTATION_CONTEXT() REPRESENTATION_CONTEXT('2D SPACE',''
  ) );
#3787 = PCURVE('',#3788,#3793);
#3788 = PLANE('',#3789);
#3789 = AXIS2_PLACEMENT_3D('',#3790,#3791,#3792);
#3790 = CARTESIAN_POINT('',(-4.840496044387E-16,5.068155811986E-16,48.1)
  );
#3791 = DIRECTION('',(0.,0.,1.));
#3792 = DIRECTION('',(1.,0.,-0.));
#3793 = DEFINITIONAL_REPRESENTATION('',(#3794),#3798);
#3794 = CIRCLE('',#3795,11.3);
#3795 = AXIS2_PLACEMENT_2D('',#3796,#3797);
#3796 = CARTESIAN_POINT('',(4.840496044387E-16,-5.068155811986E-16));
#3797 = DIRECTION('',(1.,0.));
#3798 = ( GEOMETRIC_REPRESENTATION_CONTEXT(2) 
PARAMETRIC_REPRESENTATION_CONTEXT() REPRESENTATION_CONTEXT('2D SPACE',''
  ) );
#3799 = ORIENTED_EDGE('',*,*,#3750,.F.);
#3800 = ADVANCED_FACE('',(#3801),#2475,.F.);
#3801 = FACE_BOUND('',#3802,.T.);
#3802 = EDGE_LOOP('',(#3803,#3804,#3825,#3826));
#3803 = ORIENTED_EDGE('',*,*,#2454,.T.);
#3804 = ORIENTED_EDGE('',*,*,#3805,.T.);
#3805 = EDGE_CURVE('',#2455,#3201,#3806,.T.);
#3806 = SEAM_CURVE('',#3807,(#3811,#3818),.PCURVE_S1.);
#3807 = LINE('',#3808,#3809);
#3808 = CARTESIAN_POINT('',(17.2,15.5,45.));
#3809 = VECTOR('',#3810,1.);
#3810 = DIRECTION('',(0.,0.,1.));
#3811 = PCURVE('',#2475,#3812);
#3812 = DEFINITIONAL_REPRESENTATION('',(#3813),#3817);
#3813 = LINE('',#3814,#3815);
#3814 = CARTESIAN_POINT('',(-6.28318530718,0.));
#3815 = VECTOR('',#3816,1.);
#3816 = DIRECTION('',(-0.,-1.));
#3817 = ( GEOMETRIC_REPRESENTATION_CONTEXT(2) 
PARAMETRIC_REPRESENTATION_CONTEXT() REPRESENTATION_CONTEXT('2D SPACE',''
  ) );
#3818 = PCURVE('',#2475,#3819);
#3819 = DEFINITIONAL_REPRESENTATION('',(#3820),#3824);
#3820 = LINE('',#3821,#3822);
#3821 = CARTESIAN_POINT('',(-0.,0.));
#3822 = VECTOR('',#3823,1.);
#3823 = DIRECTION('',(-0.,-1.));
#3824 = ( GEOMETRIC_REPRESENTATION_CONTEXT(2) 
PARAMETRIC_REPRESENTATION_CONTEXT() REPRESENTATION_CONTEXT('2D SPACE',''
  ) );
#3825 = ORIENTED_EDGE('',*,*,#3200,.F.);
#3826 = ORIENTED_EDGE('',*,*,#3805,.F.);
#3827 = ADVANCED_FACE('',(#3828),#2510,.F.);
#3828 = FACE_BOUND('',#3829,.T.);
#3829 = EDGE_LOOP('',(#3830,#3831,#3852,#3853));
#3830 = ORIENTED_EDGE('',*,*,#2489,.T.);
#3831 = ORIENTED_EDGE('',*,*,#3832,.T.);
#3832 = EDGE_CURVE('',#2490,#3231,#3833,.T.);
#3833 = SEAM_CURVE('',#3834,(#3838,#3845),.PCURVE_S1.);
#3834 = LINE('',#3835,#3836);
#3835 = CARTESIAN_POINT('',(38.25,0.,45.));
#3836 = VECTOR('',#3837,1.);
#3837 = DIRECTION('',(0.,0.,1.));
#3838 = PCURVE('',#2510,#3839);
#3839 = DEFINITIONAL_REPRESENTATION('',(#3840),#3844);
#3840 = LINE('',#3841,#3842);
#3841 = CARTESIAN_POINT('',(-6.28318530718,0.));
#3842 = VECTOR('',#3843,1.);
#3843 = DIRECTION('',(-0.,-1.));
#3844 = ( GEOMETRIC_REPRESENTATION_CONTEXT(2) 
PARAMETRIC_REPRESENTATION_CONTEXT() REPRESENTATION_CONTEXT('2D SPACE',''
  ) );
#3845 = PCURVE('',#2510,#3846);
#3846 = DEFINITIONAL_REPRESENTATION('',(#3847),#3851);
#3847 = LINE('',#3848,#3849);
#3848 = CARTESIAN_POINT('',(-0.,0.));
#3849 = VECTOR('',#3850,1.);
#3850 = DIRECTION('',(-0.,-1.));
#3851 = ( GEOMETRIC_REPRESENTATION_CONTEXT(2) 
PARAMETRIC_REPRESENTATION_CONTEXT() REPRESENTATION_CONTEXT('2D SPACE',''
  ) );
#3852 = ORIENTED_EDGE('',*,*,#3230,.F.);
#3853 = ORIENTED_EDGE('',*,*,#3832,.F.);
#3854 = ADVANCED_FACE('',(#3855),#2545,.F.);
#3855 = FACE_BOUND('',#3856,.T.);
#3856 = EDGE_LOOP('',(#3857,#3858,#3879,#3880));
#3857 = ORIENTED_EDGE('',*,*,#2524,.T.);
#3858 = ORIENTED_EDGE('',*,*,#3859,.T.);
#3859 = EDGE_CURVE('',#2525,#3261,#3860,.T.);
#3860 = SEAM_CURVE('',#3861,(#3865,#3872),.PCURVE_S1.);
#3861 = LINE('',#3862,#3863);
#3862 = CARTESIAN_POINT('',(2.25,36.,45.));
#3863 = VECTOR('',#3864,1.);
#3864 = DIRECTION('',(0.,0.,1.));
#3865 = PCURVE('',#2545,#3866);
#3866 = DEFINITIONAL_REPRESENTATION('',(#3867),#3871);
#3867 = LINE('',#3868,#3869);
#3868 = CARTESIAN_POINT('',(-6.28318530718,0.));
#3869 = VECTOR('',#3870,1.);
#3870 = DIRECTION('',(-0.,-1.));
#3871 = ( GEOMETRIC_REPRESENTATION_CONTEXT(2) 
PARAMETRIC_REPRESENTATION_CONTEXT() REPRESENTATION_CONTEXT('2D SPACE',''
  ) );
#3872 = PCURVE('',#2545,#3873);
#3873 = DEFINITIONAL_REPRESENTATION('',(#3874),#3878);
#3874 = LINE('',#3875,#3876);
#3875 = CARTESIAN_POINT('',(-0.,0.));
#3876 = VECTOR('',#3877,1.);
#3877 = DIRECTION('',(-0.,-1.));
#3878 = ( GEOMETRIC_REPRESENTATION_CONTEXT(2) 
PARAMETRIC_REPRESENTATION_CONTEXT() REPRESENTATION_CONTEXT('2D SPACE',''
  ) );
#3879 = ORIENTED_EDGE('',*,*,#3260,.F.);
#3880 = ORIENTED_EDGE('',*,*,#3859,.F.);
#3881 = ADVANCED_FACE('',(#3882),#2577,.F.);
#3882 = FACE_BOUND('',#3883,.F.);
#3883 = EDGE_LOOP('',(#3884));
#3884 = ORIENTED_EDGE('',*,*,#2560,.T.);
#3885 = ADVANCED_FACE('',(#3886),#2935,.F.);
#3886 = FACE_BOUND('',#3887,.T.);
#3887 = EDGE_LOOP('',(#3888,#3917,#3938,#3939));
#3888 = ORIENTED_EDGE('',*,*,#3889,.F.);
#3889 = EDGE_CURVE('',#3890,#3890,#3892,.T.);
#3890 = VERTEX_POINT('',#3891);
#3891 = CARTESIAN_POINT('',(-30.43401871576,-33.23401871576,41.5));
#3892 = SURFACE_CURVE('',#3893,(#3898,#3905),.PCURVE_S1.);
#3893 = CIRCLE('',#3894,2.8);
#3894 = AXIS2_PLACEMENT_3D('',#3895,#3896,#3897);
#3895 = CARTESIAN_POINT('',(-33.23401871576,-33.23401871576,41.5));
#3896 = DIRECTION('',(0.,0.,1.));
#3897 = DIRECTION('',(1.,0.,0.));
#3898 = PCURVE('',#2935,#3899);
#3899 = DEFINITIONAL_REPRESENTATION('',(#3900),#3904);
#3900 = LINE('',#3901,#3902);
#3901 = CARTESIAN_POINT('',(-0.,0.));
#3902 = VECTOR('',#3903,1.);
#3903 = DIRECTION('',(-1.,0.));
#3904 = ( GEOMETRIC_REPRESENTATION_CONTEXT(2) 
PARAMETRIC_REPRESENTATION_CONTEXT() REPRESENTATION_CONTEXT('2D SPACE',''
  ) );
#3905 = PCURVE('',#3906,#3911);
#3906 = PLANE('',#3907);
#3907 = AXIS2_PLACEMENT_3D('',#3908,#3909,#3910);
#3908 = CARTESIAN_POINT('',(-33.23401871576,-33.23401871576,41.5));
#3909 = DIRECTION('',(0.,0.,1.));
#3910 = DIRECTION('',(1.,0.,-0.));
#3911 = DEFINITIONAL_REPRESENTATION('',(#3912),#3916);
#3912 = CIRCLE('',#3913,2.8);
#3913 = AXIS2_PLACEMENT_2D('',#3914,#3915);
#3914 = CARTESIAN_POINT('',(0.,0.));
#3915 = DIRECTION('',(1.,0.));
#3916 = ( GEOMETRIC_REPRESENTATION_CONTEXT(2) 
PARAMETRIC_REPRESENTATION_CONTEXT() REPRESENTATION_CONTEXT('2D SPACE',''
  ) );
#3917 = ORIENTED_EDGE('',*,*,#3918,.T.);
#3918 = EDGE_CURVE('',#3890,#2915,#3919,.T.);
#3919 = SEAM_CURVE('',#3920,(#3924,#3931),.PCURVE_S1.);
#3920 = LINE('',#3921,#3922);
#3921 = CARTESIAN_POINT('',(-30.43401871576,-33.23401871576,41.5));
#3922 = VECTOR('',#3923,1.);
#3923 = DIRECTION('',(0.,0.,1.));
#3924 = PCURVE('',#2935,#3925);
#3925 = DEFINITIONAL_REPRESENTATION('',(#3926),#3930);
#3926 = LINE('',#3927,#3928);
#3927 = CARTESIAN_POINT('',(-6.28318530718,0.));
#3928 = VECTOR('',#3929,1.);
#3929 = DIRECTION('',(-0.,-1.));
#3930 = ( GEOMETRIC_REPRESENTATION_CONTEXT(2) 
PARAMETRIC_REPRESENTATION_CONTEXT() REPRESENTATION_CONTEXT('2D SPACE',''
  ) );
#3931 = PCURVE('',#2935,#3932);
#3932 = DEFINITIONAL_REPRESENTATION('',(#3933),#3937);
#3933 = LINE('',#3934,#3935);
#3934 = CARTESIAN_POINT('',(-0.,0.));
#3935 = VECTOR('',#3936,1.);
#3936 = DIRECTION('',(-0.,-1.));
#3937 = ( GEOMETRIC_REPRESENTATION_CONTEXT(2) 
PARAMETRIC_REPRESENTATION_CONTEXT() REPRESENTATION_CONTEXT('2D SPACE',''
  ) );
#3938 = ORIENTED_EDGE('',*,*,#2914,.F.);
#3939 = ORIENTED_EDGE('',*,*,#3918,.F.);
#3940 = ADVANCED_FACE('',(#3941),#3030,.F.);
#3941 = FACE_BOUND('',#3942,.T.);
#3942 = EDGE_LOOP('',(#3943,#3972,#3993,#3994));
#3943 = ORIENTED_EDGE('',*,*,#3944,.F.);
#3944 = EDGE_CURVE('',#3945,#3945,#3947,.T.);
#3945 = VERTEX_POINT('',#3946);
#3946 = CARTESIAN_POINT('',(36.034018715768,-33.23401871576,41.5));
#3947 = SURFACE_CURVE('',#3948,(#3953,#3960),.PCURVE_S1.);
#3948 = CIRCLE('',#3949,2.8);
#3949 = AXIS2_PLACEMENT_3D('',#3950,#3951,#3952);
#3950 = CARTESIAN_POINT('',(33.234018715768,-33.23401871576,41.5));
#3951 = DIRECTION('',(0.,0.,1.));
#3952 = DIRECTION('',(1.,0.,0.));
#3953 = PCURVE('',#3030,#3954);
#3954 = DEFINITIONAL_REPRESENTATION('',(#3955),#3959);
#3955 = LINE('',#3956,#3957);
#3956 = CARTESIAN_POINT('',(-0.,0.));
#3957 = VECTOR('',#3958,1.);
#3958 = DIRECTION('',(-1.,0.));
#3959 = ( GEOMETRIC_REPRESENTATION_CONTEXT(2) 
PARAMETRIC_REPRESENTATION_CONTEXT() REPRESENTATION_CONTEXT('2D SPACE',''
  ) );
#3960 = PCURVE('',#3961,#3966);
#3961 = PLANE('',#3962);
#3962 = AXIS2_PLACEMENT_3D('',#3963,#3964,#3965);
#3963 = CARTESIAN_POINT('',(33.234018715768,-33.23401871576,41.5));
#3964 = DIRECTION('',(0.,0.,1.));
#3965 = DIRECTION('',(1.,0.,-0.));
#3966 = DEFINITIONAL_REPRESENTATION('',(#3967),#3971);
#3967 = CIRCLE('',#3968,2.8);
#3968 = AXIS2_PLACEMENT_2D('',#3969,#3970);
#3969 = CARTESIAN_POINT('',(0.,0.));
#3970 = DIRECTION('',(1.,0.));
#3971 = ( GEOMETRIC_REPRESENTATION_CONTEXT(2) 
PARAMETRIC_REPRESENTATION_CONTEXT() REPRESENTATION_CONTEXT('2D SPACE',''
  ) );
#3972 = ORIENTED_EDGE('',*,*,#3973,.T.);
#3973 = EDGE_CURVE('',#3945,#3010,#3974,.T.);
#3974 = SEAM_CURVE('',#3975,(#3979,#3986),.PCURVE_S1.);
#3975 = LINE('',#3976,#3977);
#3976 = CARTESIAN_POINT('',(36.034018715768,-33.23401871576,41.5));
#3977 = VECTOR('',#3978,1.);
#3978 = DIRECTION('',(0.,0.,1.));
#3979 = PCURVE('',#3030,#3980);
#3980 = DEFINITIONAL_REPRESENTATION('',(#3981),#3985);
#3981 = LINE('',#3982,#3983);
#3982 = CARTESIAN_POINT('',(-6.28318530718,0.));
#3983 = VECTOR('',#3984,1.);
#3984 = DIRECTION('',(-0.,-1.));
#3985 = ( GEOMETRIC_REPRESENTATION_CONTEXT(2) 
PARAMETRIC_REPRESENTATION_CONTEXT() REPRESENTATION_CONTEXT('2D SPACE',''
  ) );
#3986 = PCURVE('',#3030,#3987);
#3987 = DEFINITIONAL_REPRESENTATION('',(#3988),#3992);
#3988 = LINE('',#3989,#3990);
#3989 = CARTESIAN_POINT('',(-0.,0.));
#3990 = VECTOR('',#3991,1.);
#3991 = DIRECTION('',(-0.,-1.));
#3992 = ( GEOMETRIC_REPRESENTATION_CONTEXT(2) 
PARAMETRIC_REPRESENTATION_CONTEXT() REPRESENTATION_CONTEXT('2D SPACE',''
  ) );
#3993 = ORIENTED_EDGE('',*,*,#3009,.F.);
#3994 = ORIENTED_EDGE('',*,*,#3973,.F.);
#3995 = ADVANCED_FACE('',(#3996),#3155,.F.);
#3996 = FACE_BOUND('',#3997,.T.);
#3997 = EDGE_LOOP('',(#3998,#4027,#4048,#4049));
#3998 = ORIENTED_EDGE('',*,*,#3999,.F.);
#3999 = EDGE_CURVE('',#4000,#4000,#4002,.T.);
#4000 = VERTEX_POINT('',#4001);
#4001 = CARTESIAN_POINT('',(-30.43401871576,33.234018715768,41.5));
#4002 = SURFACE_CURVE('',#4003,(#4008,#4015),.PCURVE_S1.);
#4003 = CIRCLE('',#4004,2.8);
#4004 = AXIS2_PLACEMENT_3D('',#4005,#4006,#4007);
#4005 = CARTESIAN_POINT('',(-33.23401871576,33.234018715768,41.5));
#4006 = DIRECTION('',(0.,0.,1.));
#4007 = DIRECTION('',(1.,0.,0.));
#4008 = PCURVE('',#3155,#4009);
#4009 = DEFINITIONAL_REPRESENTATION('',(#4010),#4014);
#4010 = LINE('',#4011,#4012);
#4011 = CARTESIAN_POINT('',(-0.,0.));
#4012 = VECTOR('',#4013,1.);
#4013 = DIRECTION('',(-1.,0.));
#4014 = ( GEOMETRIC_REPRESENTATION_CONTEXT(2) 
PARAMETRIC_REPRESENTATION_CONTEXT() REPRESENTATION_CONTEXT('2D SPACE',''
  ) );
#4015 = PCURVE('',#4016,#4021);
#4016 = PLANE('',#4017);
#4017 = AXIS2_PLACEMENT_3D('',#4018,#4019,#4020);
#4018 = CARTESIAN_POINT('',(-33.23401871576,33.234018715768,41.5));
#4019 = DIRECTION('',(0.,0.,1.));
#4020 = DIRECTION('',(1.,0.,-0.));
#4021 = DEFINITIONAL_REPRESENTATION('',(#4022),#4026);
#4022 = CIRCLE('',#4023,2.8);
#4023 = AXIS2_PLACEMENT_2D('',#4024,#4025);
#4024 = CARTESIAN_POINT('',(0.,0.));
#4025 = DIRECTION('',(1.,0.));
#4026 = ( GEOMETRIC_REPRESENTATION_CONTEXT(2) 
PARAMETRIC_REPRESENTATION_CONTEXT() REPRESENTATION_CONTEXT('2D SPACE',''
  ) );
#4027 = ORIENTED_EDGE('',*,*,#4028,.T.);
#4028 = EDGE_CURVE('',#4000,#3135,#4029,.T.);
#4029 = SEAM_CURVE('',#4030,(#4034,#4041),.PCURVE_S1.);
#4030 = LINE('',#4031,#4032);
#4031 = CARTESIAN_POINT('',(-30.43401871576,33.234018715768,41.5));
#4032 = VECTOR('',#4033,1.);
#4033 = DIRECTION('',(0.,0.,1.));
#4034 = PCURVE('',#3155,#4035);
#4035 = DEFINITIONAL_REPRESENTATION('',(#4036),#4040);
#4036 = LINE('',#4037,#4038);
#4037 = CARTESIAN_POINT('',(-6.28318530718,0.));
#4038 = VECTOR('',#4039,1.);
#4039 = DIRECTION('',(-0.,-1.));
#4040 = ( GEOMETRIC_REPRESENTATION_CONTEXT(2) 
PARAMETRIC_REPRESENTATION_CONTEXT() REPRESENTATION_CONTEXT('2D SPACE',''
  ) );
#4041 = PCURVE('',#3155,#4042);
#4042 = DEFINITIONAL_REPRESENTATION('',(#4043),#4047);
#4043 = LINE('',#4044,#4045);
#4044 = CARTESIAN_POINT('',(-0.,0.));
#4045 = VECTOR('',#4046,1.);
#4046 = DIRECTION('',(-0.,-1.));
#4047 = ( GEOMETRIC_REPRESENTATION_CONTEXT(2) 
PARAMETRIC_REPRESENTATION_CONTEXT() REPRESENTATION_CONTEXT('2D SPACE',''
  ) );
#4048 = ORIENTED_EDGE('',*,*,#3134,.F.);
#4049 = ORIENTED_EDGE('',*,*,#4028,.F.);
#4050 = ADVANCED_FACE('',(#4051),#3186,.T.);
#4051 = FACE_BOUND('',#4052,.F.);
#4052 = EDGE_LOOP('',(#4053,#4076,#4103,#4104));
#4053 = ORIENTED_EDGE('',*,*,#4054,.T.);
#4054 = EDGE_CURVE('',#3170,#4055,#4057,.T.);
#4055 = VERTEX_POINT('',#4056);
#4056 = CARTESIAN_POINT('',(6.5,0.,52.));
#4057 = SEAM_CURVE('',#4058,(#4062,#4069),.PCURVE_S1.);
#4058 = LINE('',#4059,#4060);
#4059 = CARTESIAN_POINT('',(6.5,0.,50.));
#4060 = VECTOR('',#4061,1.);
#4061 = DIRECTION('',(0.,0.,1.));
#4062 = PCURVE('',#3186,#4063);
#4063 = DEFINITIONAL_REPRESENTATION('',(#4064),#4068);
#4064 = LINE('',#4065,#4066);
#4065 = CARTESIAN_POINT('',(-0.,0.));
#4066 = VECTOR('',#4067,1.);
#4067 = DIRECTION('',(-0.,-1.));
#4068 = ( GEOMETRIC_REPRESENTATION_CONTEXT(2) 
PARAMETRIC_REPRESENTATION_CONTEXT() REPRESENTATION_CONTEXT('2D SPACE',''
  ) );
#4069 = PCURVE('',#3186,#4070);
#4070 = DEFINITIONAL_REPRESENTATION('',(#4071),#4075);
#4071 = LINE('',#4072,#4073);
#4072 = CARTESIAN_POINT('',(-6.28318530718,0.));
#4073 = VECTOR('',#4074,1.);
#4074 = DIRECTION('',(-0.,-1.));
#4075 = ( GEOMETRIC_REPRESENTATION_CONTEXT(2) 
PARAMETRIC_REPRESENTATION_CONTEXT() REPRESENTATION_CONTEXT('2D SPACE',''
  ) );
#4076 = ORIENTED_EDGE('',*,*,#4077,.T.);
#4077 = EDGE_CURVE('',#4055,#4055,#4078,.T.);
#4078 = SURFACE_CURVE('',#4079,(#4084,#4091),.PCURVE_S1.);
#4079 = CIRCLE('',#4080,6.5);
#4080 = AXIS2_PLACEMENT_3D('',#4081,#4082,#4083);
#4081 = CARTESIAN_POINT('',(0.,0.,52.));
#4082 = DIRECTION('',(0.,0.,1.));
#4083 = DIRECTION('',(1.,0.,0.));
#4084 = PCURVE('',#3186,#4085);
#4085 = DEFINITIONAL_REPRESENTATION('',(#4086),#4090);
#4086 = LINE('',#4087,#4088);
#4087 = CARTESIAN_POINT('',(-0.,-2.));
#4088 = VECTOR('',#4089,1.);
#4089 = DIRECTION('',(-1.,0.));
#4090 = ( GEOMETRIC_REPRESENTATION_CONTEXT(2) 
PARAMETRIC_REPRESENTATION_CONTEXT() REPRESENTATION_CONTEXT('2D SPACE',''
  ) );
#4091 = PCURVE('',#4092,#4097);
#4092 = PLANE('',#4093);
#4093 = AXIS2_PLACEMENT_3D('',#4094,#4095,#4096);
#4094 = CARTESIAN_POINT('',(-2.103754050061E-16,5.76161480209E-16,52.));
#4095 = DIRECTION('',(0.,0.,1.));
#4096 = DIRECTION('',(1.,0.,-0.));
#4097 = DEFINITIONAL_REPRESENTATION('',(#4098),#4102);
#4098 = CIRCLE('',#4099,6.5);
#4099 = AXIS2_PLACEMENT_2D('',#4100,#4101);
#4100 = CARTESIAN_POINT('',(2.103754050061E-16,-5.76161480209E-16));
#4101 = DIRECTION('',(1.,0.));
#4102 = ( GEOMETRIC_REPRESENTATION_CONTEXT(2) 
PARAMETRIC_REPRESENTATION_CONTEXT() REPRESENTATION_CONTEXT('2D SPACE',''
  ) );
#4103 = ORIENTED_EDGE('',*,*,#4054,.F.);
#4104 = ORIENTED_EDGE('',*,*,#3169,.F.);
#4105 = ADVANCED_FACE('',(#4106),#3311,.F.);
#4106 = FACE_BOUND('',#4107,.T.);
#4107 = EDGE_LOOP('',(#4108,#4137,#4158,#4159));
#4108 = ORIENTED_EDGE('',*,*,#4109,.F.);
#4109 = EDGE_CURVE('',#4110,#4110,#4112,.T.);
#4110 = VERTEX_POINT('',#4111);
#4111 = CARTESIAN_POINT('',(36.034018715768,33.234018715768,41.5));
#4112 = SURFACE_CURVE('',#4113,(#4118,#4125),.PCURVE_S1.);
#4113 = CIRCLE('',#4114,2.8);
#4114 = AXIS2_PLACEMENT_3D('',#4115,#4116,#4117);
#4115 = CARTESIAN_POINT('',(33.234018715768,33.234018715768,41.5));
#4116 = DIRECTION('',(0.,0.,1.));
#4117 = DIRECTION('',(1.,0.,0.));
#4118 = PCURVE('',#3311,#4119);
#4119 = DEFINITIONAL_REPRESENTATION('',(#4120),#4124);
#4120 = LINE('',#4121,#4122);
#4121 = CARTESIAN_POINT('',(-0.,0.));
#4122 = VECTOR('',#4123,1.);
#4123 = DIRECTION('',(-1.,0.));
#4124 = ( GEOMETRIC_REPRESENTATION_CONTEXT(2) 
PARAMETRIC_REPRESENTATION_CONTEXT() REPRESENTATION_CONTEXT('2D SPACE',''
  ) );
#4125 = PCURVE('',#4126,#4131);
#4126 = PLANE('',#4127);
#4127 = AXIS2_PLACEMENT_3D('',#4128,#4129,#4130);
#4128 = CARTESIAN_POINT('',(33.234018715768,33.234018715768,41.5));
#4129 = DIRECTION('',(0.,0.,1.));
#4130 = DIRECTION('',(1.,0.,-0.));
#4131 = DEFINITIONAL_REPRESENTATION('',(#4132),#4136);
#4132 = CIRCLE('',#4133,2.8);
#4133 = AXIS2_PLACEMENT_2D('',#4134,#4135);
#4134 = CARTESIAN_POINT('',(0.,0.));
#4135 = DIRECTION('',(1.,0.));
#4136 = ( GEOMETRIC_REPRESENTATION_CONTEXT(2) 
PARAMETRIC_REPRESENTATION_CONTEXT() REPRESENTATION_CONTEXT('2D SPACE',''
  ) );
#4137 = ORIENTED_EDGE('',*,*,#4138,.T.);
#4138 = EDGE_CURVE('',#4110,#3291,#4139,.T.);
#4139 = SEAM_CURVE('',#4140,(#4144,#4151),.PCURVE_S1.);
#4140 = LINE('',#4141,#4142);
#4141 = CARTESIAN_POINT('',(36.034018715768,33.234018715768,41.5));
#4142 = VECTOR('',#4143,1.);
#4143 = DIRECTION('',(0.,0.,1.));
#4144 = PCURVE('',#3311,#4145);
#4145 = DEFINITIONAL_REPRESENTATION('',(#4146),#4150);
#4146 = LINE('',#4147,#4148);
#4147 = CARTESIAN_POINT('',(-6.28318530718,0.));
#4148 = VECTOR('',#4149,1.);
#4149 = DIRECTION('',(-0.,-1.));
#4150 = ( GEOMETRIC_REPRESENTATION_CONTEXT(2) 
PARAMETRIC_REPRESENTATION_CONTEXT() REPRESENTATION_CONTEXT('2D SPACE',''
  ) );
#4151 = PCURVE('',#3311,#4152);
#4152 = DEFINITIONAL_REPRESENTATION('',(#4153),#4157);
#4153 = LINE('',#4154,#4155);
#4154 = CARTESIAN_POINT('',(-0.,0.));
#4155 = VECTOR('',#4156,1.);
#4156 = DIRECTION('',(-0.,-1.));
#4157 = ( GEOMETRIC_REPRESENTATION_CONTEXT(2) 
PARAMETRIC_REPRESENTATION_CONTEXT() REPRESENTATION_CONTEXT('2D SPACE',''
  ) );
#4158 = ORIENTED_EDGE('',*,*,#3290,.F.);
#4159 = ORIENTED_EDGE('',*,*,#4138,.F.);
#4160 = ADVANCED_FACE('',(#4161),#3343,.F.);
#4161 = FACE_BOUND('',#4162,.F.);
#4162 = EDGE_LOOP('',(#4163));
#4163 = ORIENTED_EDGE('',*,*,#3326,.T.);
#4164 = ADVANCED_FACE('',(#4165),#3420,.F.);
#4165 = FACE_BOUND('',#4166,.F.);
#4166 = EDGE_LOOP('',(#4167));
#4167 = ORIENTED_EDGE('',*,*,#3403,.T.);
#4168 = ADVANCED_FACE('',(#4169),#3547,.F.);
#4169 = FACE_BOUND('',#4170,.F.);
#4170 = EDGE_LOOP('',(#4171));
#4171 = ORIENTED_EDGE('',*,*,#3530,.T.);
#4172 = ADVANCED_FACE('',(#4173,#4176),#3788,.F.);
#4173 = FACE_BOUND('',#4174,.F.);
#4174 = EDGE_LOOP('',(#4175));
#4175 = ORIENTED_EDGE('',*,*,#3773,.T.);
#4176 = FACE_BOUND('',#4177,.F.);
#4177 = EDGE_LOOP('',(#4178));
#4178 = ORIENTED_EDGE('',*,*,#4179,.T.);
#4179 = EDGE_CURVE('',#4180,#4180,#4182,.T.);
#4180 = VERTEX_POINT('',#4181);
#4181 = CARTESIAN_POINT('',(2.8,0.,48.1));
#4182 = SURFACE_CURVE('',#4183,(#4188,#4199),.PCURVE_S1.);
#4183 = CIRCLE('',#4184,2.8);
#4184 = AXIS2_PLACEMENT_3D('',#4185,#4186,#4187);
#4185 = CARTESIAN_POINT('',(0.,0.,48.1));
#4186 = DIRECTION('',(0.,0.,-1.));
#4187 = DIRECTION('',(1.,0.,0.));
#4188 = PCURVE('',#3788,#4189);
#4189 = DEFINITIONAL_REPRESENTATION('',(#4190),#4198);
#4190 = ( BOUNDED_CURVE() B_SPLINE_CURVE(2,(#4191,#4192,#4193,#4194,
#4195,#4196,#4197),.UNSPECIFIED.,.T.,.F.) B_SPLINE_CURVE_WITH_KNOTS((1,2
    ,2,2,2,1),(-2.094395102393,0.,2.094395102393,4.188790204786,
6.28318530718,8.377580409573),.UNSPECIFIED.) CURVE() 
GEOMETRIC_REPRESENTATION_ITEM() RATIONAL_B_SPLINE_CURVE((1.,0.5,1.,0.5,
1.,0.5,1.)) REPRESENTATION_ITEM('') );
#4191 = CARTESIAN_POINT('',(2.8,-5.068155811986E-16));
#4192 = CARTESIAN_POINT('',(2.8,-4.849742261193));
#4193 = CARTESIAN_POINT('',(-1.4,-2.424871130596));
#4194 = CARTESIAN_POINT('',(-5.6,-1.192617788721E-15));
#4195 = CARTESIAN_POINT('',(-1.4,2.424871130596));
#4196 = CARTESIAN_POINT('',(2.8,4.849742261193));
#4197 = CARTESIAN_POINT('',(2.8,-5.068155811986E-16));
#4198 = ( GEOMETRIC_REPRESENTATION_CONTEXT(2) 
PARAMETRIC_REPRESENTATION_CONTEXT() REPRESENTATION_CONTEXT('2D SPACE',''
  ) );
#4199 = PCURVE('',#4200,#4205);
#4200 = CYLINDRICAL_SURFACE('',#4201,2.8);
#4201 = AXIS2_PLACEMENT_3D('',#4202,#4203,#4204);
#4202 = CARTESIAN_POINT('',(0.,0.,45.));
#4203 = DIRECTION('',(-0.,-0.,-1.));
#4204 = DIRECTION('',(1.,0.,0.));
#4205 = DEFINITIONAL_REPRESENTATION('',(#4206),#4210);
#4206 = LINE('',#4207,#4208);
#4207 = CARTESIAN_POINT('',(-6.28318530718,-3.1));
#4208 = VECTOR('',#4209,1.);
#4209 = DIRECTION('',(1.,-0.));
#4210 = ( GEOMETRIC_REPRESENTATION_CONTEXT(2) 
PARAMETRIC_REPRESENTATION_CONTEXT() REPRESENTATION_CONTEXT('2D SPACE',''
  ) );
#4211 = ADVANCED_FACE('',(#4212),#3906,.T.);
#4212 = FACE_BOUND('',#4213,.T.);
#4213 = EDGE_LOOP('',(#4214));
#4214 = ORIENTED_EDGE('',*,*,#3889,.T.);
#4215 = ADVANCED_FACE('',(#4216),#3961,.T.);
#4216 = FACE_BOUND('',#4217,.T.);
#4217 = EDGE_LOOP('',(#4218));
#4218 = ORIENTED_EDGE('',*,*,#3944,.T.);
#4219 = ADVANCED_FACE('',(#4220),#4016,.T.);
#4220 = FACE_BOUND('',#4221,.T.);
#4221 = EDGE_LOOP('',(#4222));
#4222 = ORIENTED_EDGE('',*,*,#3999,.T.);
#4223 = ADVANCED_FACE('',(#4224,#4227),#4092,.T.);
#4224 = FACE_BOUND('',#4225,.T.);
#4225 = EDGE_LOOP('',(#4226));
#4226 = ORIENTED_EDGE('',*,*,#4077,.T.);
#4227 = FACE_BOUND('',#4228,.T.);
#4228 = EDGE_LOOP('',(#4229));
#4229 = ORIENTED_EDGE('',*,*,#4230,.T.);
#4230 = EDGE_CURVE('',#4231,#4231,#4233,.T.);
#4231 = VERTEX_POINT('',#4232);
#4232 = CARTESIAN_POINT('',(2.8,0.,52.));
#4233 = SURFACE_CURVE('',#4234,(#4239,#4250),.PCURVE_S1.);
#4234 = CIRCLE('',#4235,2.8);
#4235 = AXIS2_PLACEMENT_3D('',#4236,#4237,#4238);
#4236 = CARTESIAN_POINT('',(0.,0.,52.));
#4237 = DIRECTION('',(0.,0.,-1.));
#4238 = DIRECTION('',(1.,0.,0.));
#4239 = PCURVE('',#4092,#4240);
#4240 = DEFINITIONAL_REPRESENTATION('',(#4241),#4249);
#4241 = ( BOUNDED_CURVE() B_SPLINE_CURVE(2,(#4242,#4243,#4244,#4245,
#4246,#4247,#4248),.UNSPECIFIED.,.T.,.F.) B_SPLINE_CURVE_WITH_KNOTS((1,2
    ,2,2,2,1),(-2.094395102393,0.,2.094395102393,4.188790204786,
6.28318530718,8.377580409573),.UNSPECIFIED.) CURVE() 
GEOMETRIC_REPRESENTATION_ITEM() RATIONAL_B_SPLINE_CURVE((1.,0.5,1.,0.5,
1.,0.5,1.)) REPRESENTATION_ITEM('') );
#4242 = CARTESIAN_POINT('',(2.8,-5.76161480209E-16));
#4243 = CARTESIAN_POINT('',(2.8,-4.849742261193));
#4244 = CARTESIAN_POINT('',(-1.4,-2.424871130596));
#4245 = CARTESIAN_POINT('',(-5.6,-1.261963687732E-15));
#4246 = CARTESIAN_POINT('',(-1.4,2.424871130596));
#4247 = CARTESIAN_POINT('',(2.8,4.849742261193));
#4248 = CARTESIAN_POINT('',(2.8,-5.76161480209E-16));
#4249 = ( GEOMETRIC_REPRESENTATION_CONTEXT(2) 
PARAMETRIC_REPRESENTATION_CONTEXT() REPRESENTATION_CONTEXT('2D SPACE',''
  ) );
#4250 = PCURVE('',#4200,#4251);
#4251 = DEFINITIONAL_REPRESENTATION('',(#4252),#4256);
#4252 = LINE('',#4253,#4254);
#4253 = CARTESIAN_POINT('',(-6.28318530718,-7.));
#4254 = VECTOR('',#4255,1.);
#4255 = DIRECTION('',(1.,-0.));
#4256 = ( GEOMETRIC_REPRESENTATION_CONTEXT(2) 
PARAMETRIC_REPRESENTATION_CONTEXT() REPRESENTATION_CONTEXT('2D SPACE',''
  ) );
#4257 = ADVANCED_FACE('',(#4258),#4126,.T.);
#4258 = FACE_BOUND('',#4259,.T.);
#4259 = EDGE_LOOP('',(#4260));
#4260 = ORIENTED_EDGE('',*,*,#4109,.T.);
#4261 = ADVANCED_FACE('',(#4262),#4200,.F.);
#4262 = FACE_BOUND('',#4263,.T.);
#4263 = EDGE_LOOP('',(#4264,#4265,#4286,#4287));
#4264 = ORIENTED_EDGE('',*,*,#4179,.T.);
#4265 = ORIENTED_EDGE('',*,*,#4266,.T.);
#4266 = EDGE_CURVE('',#4180,#4231,#4267,.T.);
#4267 = SEAM_CURVE('',#4268,(#4272,#4279),.PCURVE_S1.);
#4268 = LINE('',#4269,#4270);
#4269 = CARTESIAN_POINT('',(2.8,0.,48.1));
#4270 = VECTOR('',#4271,1.);
#4271 = DIRECTION('',(0.,0.,1.));
#4272 = PCURVE('',#4200,#4273);
#4273 = DEFINITIONAL_REPRESENTATION('',(#4274),#4278);
#4274 = LINE('',#4275,#4276);
#4275 = CARTESIAN_POINT('',(-0.,-3.1));
#4276 = VECTOR('',#4277,1.);
#4277 = DIRECTION('',(-0.,-1.));
#4278 = ( GEOMETRIC_REPRESENTATION_CONTEXT(2) 
PARAMETRIC_REPRESENTATION_CONTEXT() REPRESENTATION_CONTEXT('2D SPACE',''
  ) );
#4279 = PCURVE('',#4200,#4280);
#4280 = DEFINITIONAL_REPRESENTATION('',(#4281),#4285);
#4281 = LINE('',#4282,#4283);
#4282 = CARTESIAN_POINT('',(-6.28318530718,-3.1));
#4283 = VECTOR('',#4284,1.);
#4284 = DIRECTION('',(-0.,-1.));
#4285 = ( GEOMETRIC_REPRESENTATION_CONTEXT(2) 
PARAMETRIC_REPRESENTATION_CONTEXT() REPRESENTATION_CONTEXT('2D SPACE',''
  ) );
#4286 = ORIENTED_EDGE('',*,*,#4230,.F.);
#4287 = ORIENTED_EDGE('',*,*,#4266,.F.);
#4288 = ( GEOMETRIC_REPRESENTATION_CONTEXT(3) 
GLOBAL_UNCERTAINTY_ASSIGNED_CONTEXT((#4292)) 
GLOBAL_UNIT_ASSIGNED_CONTEXT((#4289,#4290,#4291)) REPRESENTATION_CONTEXT
('Context #1','3D Context with UNIT and UNCERTAINTY') );
#4289 = ( LENGTH_UNIT() NAMED_UNIT(*) SI_UNIT(.MILLI.,.METRE.) );
#4290 = ( NAMED_UNIT(*) PLANE_ANGLE_UNIT() SI_UNIT($,.RADIAN.) );
#4291 = ( NAMED_UNIT(*) SI_UNIT($,.STERADIAN.) SOLID_ANGLE_UNIT() );
#4292 = UNCERTAINTY_MEASURE_WITH_UNIT(LENGTH_MEASURE(1.E-07),#4289,
  'distance_accuracy_value','confusion accuracy');
#4293 = CONTEXT_DEPENDENT_SHAPE_REPRESENTATION(#4294,#4296);
#4294 = ( REPRESENTATION_RELATIONSHIP('','',#1905,#10) 
REPRESENTATION_RELATIONSHIP_WITH_TRANSFORMATION(#4295) 
SHAPE_REPRESENTATION_RELATIONSHIP() );
#4295 = ITEM_DEFINED_TRANSFORMATION('','',#11,#19);
#4296 = PRODUCT_DEFINITION_SHAPE('Placement','Placement of an item',
  #4297);
#4297 = NEXT_ASSEMBLY_USAGE_OCCURRENCE('2','P02_motor_deck','',#5,#1900,
  $);
#4298 = PRODUCT_RELATED_PRODUCT_CATEGORY('part',$,(#1902));
#4299 = SHAPE_DEFINITION_REPRESENTATION(#4300,#4306);
#4300 = PRODUCT_DEFINITION_SHAPE('','',#4301);
#4301 = PRODUCT_DEFINITION('design','',#4302,#4305);
#4302 = PRODUCT_DEFINITION_FORMATION('','',#4303);
#4303 = PRODUCT('P04_catcher','P04_catcher','',(#4304));
#4304 = PRODUCT_CONTEXT('',#2,'mechanical');
#4305 = PRODUCT_DEFINITION_CONTEXT('part definition',#2,'design');
#4306 = ADVANCED_BREP_SHAPE_REPRESENTATION('',(#11,#4307),#8155);
#4307 = MANIFOLD_SOLID_BREP('',#4308);
#4308 = CLOSED_SHELL('',(#4309,#5568,#5937,#5969,#6004,#6036,#6071,#6103
    ,#6138,#6218,#6250,#6285,#6556,#6584,#6589,#6617,#6622,#6650,#6655,
    #6683,#6688,#6693,#6720,#6747,#6774,#6833,#6860,#6977,#7032,#7087,
    #7142,#7538,#7593,#7628,#7704,#7800,#7854,#7923,#7927,#7931,#7935,
    #8080,#8108,#8112,#8139,#8146));
#4309 = ADVANCED_FACE('',(#4310),#4325,.T.);
#4310 = FACE_BOUND('',#4311,.F.);
#4311 = EDGE_LOOP('',(#4312,#4348,#4371,#4400,#4426,#4459,#4480,#4504,
    #4530,#4563,#4584,#4608,#4634,#4667,#4688,#4712,#4738,#4771,#4792,
    #4814,#4815,#4839,#4865,#4898,#4919,#4943,#5040,#5258,#5282,#5308,
    #5341,#5362,#5386,#5412,#5445,#5466,#5490,#5516,#5549));
#4312 = ORIENTED_EDGE('',*,*,#4313,.F.);
#4313 = EDGE_CURVE('',#4314,#4316,#4318,.T.);
#4314 = VERTEX_POINT('',#4315);
#4315 = CARTESIAN_POINT('',(42.,0.,62.));
#4316 = VERTEX_POINT('',#4317);
#4317 = CARTESIAN_POINT('',(32.787627369924,26.248266446587,62.));
#4318 = SURFACE_CURVE('',#4319,(#4324,#4336),.PCURVE_S1.);
#4319 = CIRCLE('',#4320,42.);
#4320 = AXIS2_PLACEMENT_3D('',#4321,#4322,#4323);
#4321 = CARTESIAN_POINT('',(0.,0.,62.));
#4322 = DIRECTION('',(0.,0.,1.));
#4323 = DIRECTION('',(1.,0.,0.));
#4324 = PCURVE('',#4325,#4330);
#4325 = CYLINDRICAL_SURFACE('',#4326,42.);
#4326 = AXIS2_PLACEMENT_3D('',#4327,#4328,#4329);
#4327 = CARTESIAN_POINT('',(0.,0.,62.));
#4328 = DIRECTION('',(-0.,-0.,-1.));
#4329 = DIRECTION('',(1.,0.,0.));
#4330 = DEFINITIONAL_REPRESENTATION('',(#4331),#4335);
#4331 = LINE('',#4332,#4333);
#4332 = CARTESIAN_POINT('',(-0.,0.));
#4333 = VECTOR('',#4334,1.);
#4334 = DIRECTION('',(-1.,0.));
#4335 = ( GEOMETRIC_REPRESENTATION_CONTEXT(2) 
PARAMETRIC_REPRESENTATION_CONTEXT() REPRESENTATION_CONTEXT('2D SPACE',''
  ) );
#4336 = PCURVE('',#4337,#4342);
#4337 = PLANE('',#4338);
#4338 = AXIS2_PLACEMENT_3D('',#4339,#4340,#4341);
#4339 = CARTESIAN_POINT('',(-2.083718297203E-15,3.692127783966E-16,62.)
  );
#4340 = DIRECTION('',(0.,0.,1.));
#4341 = DIRECTION('',(1.,0.,-0.));
#4342 = DEFINITIONAL_REPRESENTATION('',(#4343),#4347);
#4343 = CIRCLE('',#4344,42.);
#4344 = AXIS2_PLACEMENT_2D('',#4345,#4346);
#4345 = CARTESIAN_POINT('',(2.083718297203E-15,-3.692127783966E-16));
#4346 = DIRECTION('',(1.,0.));
#4347 = ( GEOMETRIC_REPRESENTATION_CONTEXT(2) 
PARAMETRIC_REPRESENTATION_CONTEXT() REPRESENTATION_CONTEXT('2D SPACE',''
  ) );
#4348 = ORIENTED_EDGE('',*,*,#4349,.T.);
#4349 = EDGE_CURVE('',#4314,#4350,#4352,.T.);
#4350 = VERTEX_POINT('',#4351);
#4351 = CARTESIAN_POINT('',(42.,0.,101.));
#4352 = SEAM_CURVE('',#4353,(#4357,#4364),.PCURVE_S1.);
#4353 = LINE('',#4354,#4355);
#4354 = CARTESIAN_POINT('',(42.,0.,62.));
#4355 = VECTOR('',#4356,1.);
#4356 = DIRECTION('',(0.,0.,1.));
#4357 = PCURVE('',#4325,#4358);
#4358 = DEFINITIONAL_REPRESENTATION('',(#4359),#4363);
#4359 = LINE('',#4360,#4361);
#4360 = CARTESIAN_POINT('',(-6.28318530718,0.));
#4361 = VECTOR('',#4362,1.);
#4362 = DIRECTION('',(-0.,-1.));
#4363 = ( GEOMETRIC_REPRESENTATION_CONTEXT(2) 
PARAMETRIC_REPRESENTATION_CONTEXT() REPRESENTATION_CONTEXT('2D SPACE',''
  ) );
#4364 = PCURVE('',#4325,#4365);
#4365 = DEFINITIONAL_REPRESENTATION('',(#4366),#4370);
#4366 = LINE('',#4367,#4368);
#4367 = CARTESIAN_POINT('',(-0.,0.));
#4368 = VECTOR('',#4369,1.);
#4369 = DIRECTION('',(-0.,-1.));
#4370 = ( GEOMETRIC_REPRESENTATION_CONTEXT(2) 
PARAMETRIC_REPRESENTATION_CONTEXT() REPRESENTATION_CONTEXT('2D SPACE',''
  ) );
#4371 = ORIENTED_EDGE('',*,*,#4372,.T.);
#4372 = EDGE_CURVE('',#4350,#4373,#4375,.T.);
#4373 = VERTEX_POINT('',#4374);
#4374 = CARTESIAN_POINT('',(32.787627369923,26.248266446588,101.));
#4375 = SURFACE_CURVE('',#4376,(#4381,#4388),.PCURVE_S1.);
#4376 = CIRCLE('',#4377,42.);
#4377 = AXIS2_PLACEMENT_3D('',#4378,#4379,#4380);
#4378 = CARTESIAN_POINT('',(0.,0.,101.));
#4379 = DIRECTION('',(0.,0.,1.));
#4380 = DIRECTION('',(1.,0.,0.));
#4381 = PCURVE('',#4325,#4382);
#4382 = DEFINITIONAL_REPRESENTATION('',(#4383),#4387);
#4383 = LINE('',#4384,#4385);
#4384 = CARTESIAN_POINT('',(-0.,-39.));
#4385 = VECTOR('',#4386,1.);
#4386 = DIRECTION('',(-1.,0.));
#4387 = ( GEOMETRIC_REPRESENTATION_CONTEXT(2) 
PARAMETRIC_REPRESENTATION_CONTEXT() REPRESENTATION_CONTEXT('2D SPACE',''
  ) );
#4388 = PCURVE('',#4389,#4394);
#4389 = PLANE('',#4390);
#4390 = AXIS2_PLACEMENT_3D('',#4391,#4392,#4393);
#4391 = CARTESIAN_POINT('',(-2.083718297203E-15,3.692127783966E-16,101.)
  );
#4392 = DIRECTION('',(0.,0.,1.));
#4393 = DIRECTION('',(1.,0.,-0.));
#4394 = DEFINITIONAL_REPRESENTATION('',(#4395),#4399);
#4395 = CIRCLE('',#4396,42.);
#4396 = AXIS2_PLACEMENT_2D('',#4397,#4398);
#4397 = CARTESIAN_POINT('',(2.083718297203E-15,-3.692127783966E-16));
#4398 = DIRECTION('',(1.,0.));
#4399 = ( GEOMETRIC_REPRESENTATION_CONTEXT(2) 
PARAMETRIC_REPRESENTATION_CONTEXT() REPRESENTATION_CONTEXT('2D SPACE',''
  ) );
#4400 = ORIENTED_EDGE('',*,*,#4401,.T.);
#4401 = EDGE_CURVE('',#4373,#4402,#4404,.T.);
#4402 = VERTEX_POINT('',#4403);
#4403 = CARTESIAN_POINT('',(32.787627369923,26.248266446588,93.));
#4404 = SURFACE_CURVE('',#4405,(#4409,#4415),.PCURVE_S1.);
#4405 = LINE('',#4406,#4407);
#4406 = CARTESIAN_POINT('',(32.787627369923,26.248266446588,62.));
#4407 = VECTOR('',#4408,1.);
#4408 = DIRECTION('',(-0.,-0.,-1.));
#4409 = PCURVE('',#4325,#4410);
#4410 = DEFINITIONAL_REPRESENTATION('',(#4411),#4414);
#4411 = B_SPLINE_CURVE_WITH_KNOTS('',1,(#4412,#4413),.UNSPECIFIED.,.F.,
  .F.,(2,2),(-39.0000006,-30.9999994),.PIECEWISE_BEZIER_KNOTS.);
#4412 = CARTESIAN_POINT('',(-0.675078659636,-39.0000006));
#4413 = CARTESIAN_POINT('',(-0.675078659636,-30.9999994));
#4414 = ( GEOMETRIC_REPRESENTATION_CONTEXT(2) 
PARAMETRIC_REPRESENTATION_CONTEXT() REPRESENTATION_CONTEXT('2D SPACE',''
  ) );
#4415 = PCURVE('',#4416,#4421);
#4416 = CYLINDRICAL_SURFACE('',#4417,7.);
#4417 = AXIS2_PLACEMENT_3D('',#4418,#4419,#4420);
#4418 = CARTESIAN_POINT('',(33.234018715768,33.234018715768,93.));
#4419 = DIRECTION('',(-0.,-0.,-1.));
#4420 = DIRECTION('',(1.,0.,0.));
#4421 = DEFINITIONAL_REPRESENTATION('',(#4422),#4425);
#4422 = B_SPLINE_CURVE_WITH_KNOTS('',1,(#4423,#4424),.UNSPECIFIED.,.F.,
  .F.,(2,2),(-39.,-31.),.PIECEWISE_BEZIER_KNOTS.);
#4423 = CARTESIAN_POINT('',(-4.648575487126,-8.));
#4424 = CARTESIAN_POINT('',(-4.648575487126,0.));
#4425 = ( GEOMETRIC_REPRESENTATION_CONTEXT(2) 
PARAMETRIC_REPRESENTATION_CONTEXT() REPRESENTATION_CONTEXT('2D SPACE',''
  ) );
#4426 = ORIENTED_EDGE('',*,*,#4427,.F.);
#4427 = EDGE_CURVE('',#4428,#4402,#4430,.T.);
#4428 = VERTEX_POINT('',#4429);
#4429 = CARTESIAN_POINT('',(26.248266446588,32.787627369923,93.));
#4430 = SURFACE_CURVE('',#4431,(#4436,#4443),.PCURVE_S1.);
#4431 = CIRCLE('',#4432,42.);
#4432 = AXIS2_PLACEMENT_3D('',#4433,#4434,#4435);
#4433 = CARTESIAN_POINT('',(0.,0.,93.));
#4434 = DIRECTION('',(0.,0.,-1.));
#4435 = DIRECTION('',(1.,0.,0.));
#4436 = PCURVE('',#4325,#4437);
#4437 = DEFINITIONAL_REPRESENTATION('',(#4438),#4442);
#4438 = LINE('',#4439,#4440);
#4439 = CARTESIAN_POINT('',(-6.28318530718,-31.));
#4440 = VECTOR('',#4441,1.);
#4441 = DIRECTION('',(1.,-0.));
#4442 = ( GEOMETRIC_REPRESENTATION_CONTEXT(2) 
PARAMETRIC_REPRESENTATION_CONTEXT() REPRESENTATION_CONTEXT('2D SPACE',''
  ) );
#4443 = PCURVE('',#4444,#4449);
#4444 = PLANE('',#4445);
#4445 = AXIS2_PLACEMENT_3D('',#4446,#4447,#4448);
#4446 = CARTESIAN_POINT('',(33.234018715768,33.234018715768,93.));
#4447 = DIRECTION('',(0.,0.,1.));
#4448 = DIRECTION('',(1.,0.,-0.));
#4449 = DEFINITIONAL_REPRESENTATION('',(#4450),#4458);
#4450 = ( BOUNDED_CURVE() B_SPLINE_CURVE(2,(#4451,#4452,#4453,#4454,
#4455,#4456,#4457),.UNSPECIFIED.,.T.,.F.) B_SPLINE_CURVE_WITH_KNOTS((1,2
    ,2,2,2,1),(-2.094395102393,0.,2.094395102393,4.188790204786,
6.28318530718,8.377580409573),.UNSPECIFIED.) CURVE() 
GEOMETRIC_REPRESENTATION_ITEM() RATIONAL_B_SPLINE_CURVE((1.,0.5,1.,0.5,
1.,0.5,1.)) REPRESENTATION_ITEM('') );
#4451 = CARTESIAN_POINT('',(8.765981284232,-33.23401871576));
#4452 = CARTESIAN_POINT('',(8.765981284232,-105.9801526336));
#4453 = CARTESIAN_POINT('',(-54.23401871576,-69.60708567471));
#4454 = CARTESIAN_POINT('',(-117.2340187157,-33.23401871576));
#4455 = CARTESIAN_POINT('',(-54.23401871576,3.139048243179));
#4456 = CARTESIAN_POINT('',(8.765981284232,39.512115202125));
#4457 = CARTESIAN_POINT('',(8.765981284232,-33.23401871576));
#4458 = ( GEOMETRIC_REPRESENTATION_CONTEXT(2) 
PARAMETRIC_REPRESENTATION_CONTEXT() REPRESENTATION_CONTEXT('2D SPACE',''
  ) );
#4459 = ORIENTED_EDGE('',*,*,#4460,.F.);
#4460 = EDGE_CURVE('',#4461,#4428,#4463,.T.);
#4461 = VERTEX_POINT('',#4462);
#4462 = CARTESIAN_POINT('',(26.248266446588,32.787627369923,101.));
#4463 = SURFACE_CURVE('',#4464,(#4468,#4474),.PCURVE_S1.);
#4464 = LINE('',#4465,#4466);
#4465 = CARTESIAN_POINT('',(26.248266446588,32.787627369923,62.));
#4466 = VECTOR('',#4467,1.);
#4467 = DIRECTION('',(-0.,-0.,-1.));
#4468 = PCURVE('',#4325,#4469);
#4469 = DEFINITIONAL_REPRESENTATION('',(#4470),#4473);
#4470 = B_SPLINE_CURVE_WITH_KNOTS('',1,(#4471,#4472),.UNSPECIFIED.,.F.,
  .F.,(2,2),(-39.0000006,-30.9999994),.PIECEWISE_BEZIER_KNOTS.);
#4471 = CARTESIAN_POINT('',(-0.895717667159,-39.0000006));
#4472 = CARTESIAN_POINT('',(-0.895717667159,-30.9999994));
#4473 = ( GEOMETRIC_REPRESENTATION_CONTEXT(2) 
PARAMETRIC_REPRESENTATION_CONTEXT() REPRESENTATION_CONTEXT('2D SPACE',''
  ) );
#4474 = PCURVE('',#4416,#4475);
#4475 = DEFINITIONAL_REPRESENTATION('',(#4476),#4479);
#4476 = B_SPLINE_CURVE_WITH_KNOTS('',1,(#4477,#4478),.UNSPECIFIED.,.F.,
  .F.,(2,2),(-39.,-31.),.PIECEWISE_BEZIER_KNOTS.);
#4477 = CARTESIAN_POINT('',(-9.488591454028,-8.));
#4478 = CARTESIAN_POINT('',(-9.488591454028,0.));
#4479 = ( GEOMETRIC_REPRESENTATION_CONTEXT(2) 
PARAMETRIC_REPRESENTATION_CONTEXT() REPRESENTATION_CONTEXT('2D SPACE',''
  ) );
#4480 = ORIENTED_EDGE('',*,*,#4481,.T.);
#4481 = EDGE_CURVE('',#4461,#4482,#4484,.T.);
#4482 = VERTEX_POINT('',#4483);
#4483 = CARTESIAN_POINT('',(-26.24826644658,32.787627369924,101.));
#4484 = SURFACE_CURVE('',#4485,(#4490,#4497),.PCURVE_S1.);
#4485 = CIRCLE('',#4486,42.);
#4486 = AXIS2_PLACEMENT_3D('',#4487,#4488,#4489);
#4487 = CARTESIAN_POINT('',(0.,0.,101.));
#4488 = DIRECTION('',(0.,0.,1.));
#4489 = DIRECTION('',(1.,0.,0.));
#4490 = PCURVE('',#4325,#4491);
#4491 = DEFINITIONAL_REPRESENTATION('',(#4492),#4496);
#4492 = LINE('',#4493,#4494);
#4493 = CARTESIAN_POINT('',(-0.,-39.));
#4494 = VECTOR('',#4495,1.);
#4495 = DIRECTION('',(-1.,0.));
#4496 = ( GEOMETRIC_REPRESENTATION_CONTEXT(2) 
PARAMETRIC_REPRESENTATION_CONTEXT() REPRESENTATION_CONTEXT('2D SPACE',''
  ) );
#4497 = PCURVE('',#4389,#4498);
#4498 = DEFINITIONAL_REPRESENTATION('',(#4499),#4503);
#4499 = CIRCLE('',#4500,42.);
#4500 = AXIS2_PLACEMENT_2D('',#4501,#4502);
#4501 = CARTESIAN_POINT('',(2.083718297203E-15,-3.692127783966E-16));
#4502 = DIRECTION('',(1.,0.));
#4503 = ( GEOMETRIC_REPRESENTATION_CONTEXT(2) 
PARAMETRIC_REPRESENTATION_CONTEXT() REPRESENTATION_CONTEXT('2D SPACE',''
  ) );
#4504 = ORIENTED_EDGE('',*,*,#4505,.T.);
#4505 = EDGE_CURVE('',#4482,#4506,#4508,.T.);
#4506 = VERTEX_POINT('',#4507);
#4507 = CARTESIAN_POINT('',(-26.24826644658,32.787627369923,93.));
#4508 = SURFACE_CURVE('',#4509,(#4513,#4519),.PCURVE_S1.);
#4509 = LINE('',#4510,#4511);
#4510 = CARTESIAN_POINT('',(-26.24826644658,32.787627369923,62.));
#4511 = VECTOR('',#4512,1.);
#4512 = DIRECTION('',(-0.,-0.,-1.));
#4513 = PCURVE('',#4325,#4514);
#4514 = DEFINITIONAL_REPRESENTATION('',(#4515),#4518);
#4515 = B_SPLINE_CURVE_WITH_KNOTS('',1,(#4516,#4517),.UNSPECIFIED.,.F.,
  .F.,(2,2),(-39.0000006,-30.9999994),.PIECEWISE_BEZIER_KNOTS.);
#4516 = CARTESIAN_POINT('',(-2.245874986431,-39.0000006));
#4517 = CARTESIAN_POINT('',(-2.245874986431,-30.9999994));
#4518 = ( GEOMETRIC_REPRESENTATION_CONTEXT(2) 
PARAMETRIC_REPRESENTATION_CONTEXT() REPRESENTATION_CONTEXT('2D SPACE',''
  ) );
#4519 = PCURVE('',#4520,#4525);
#4520 = CYLINDRICAL_SURFACE('',#4521,7.);
#4521 = AXIS2_PLACEMENT_3D('',#4522,#4523,#4524);
#4522 = CARTESIAN_POINT('',(-33.23401871576,33.234018715768,93.));
#4523 = DIRECTION('',(-0.,-0.,-1.));
#4524 = DIRECTION('',(1.,0.,0.));
#4525 = DEFINITIONAL_REPRESENTATION('',(#4526),#4529);
#4526 = B_SPLINE_CURVE_WITH_KNOTS('',1,(#4527,#4528),.UNSPECIFIED.,.F.,
  .F.,(2,2),(-39.,-31.),.PIECEWISE_BEZIER_KNOTS.);
#4527 = CARTESIAN_POINT('',(-6.219371813921,-8.));
#4528 = CARTESIAN_POINT('',(-6.219371813921,0.));
#4529 = ( GEOMETRIC_REPRESENTATION_CONTEXT(2) 
PARAMETRIC_REPRESENTATION_CONTEXT() REPRESENTATION_CONTEXT('2D SPACE',''
  ) );
#4530 = ORIENTED_EDGE('',*,*,#4531,.F.);
#4531 = EDGE_CURVE('',#4532,#4506,#4534,.T.);
#4532 = VERTEX_POINT('',#4533);
#4533 = CARTESIAN_POINT('',(-32.78762736992,26.248266446588,93.));
#4534 = SURFACE_CURVE('',#4535,(#4540,#4547),.PCURVE_S1.);
#4535 = CIRCLE('',#4536,42.);
#4536 = AXIS2_PLACEMENT_3D('',#4537,#4538,#4539);
#4537 = CARTESIAN_POINT('',(0.,0.,93.));
#4538 = DIRECTION('',(0.,0.,-1.));
#4539 = DIRECTION('',(1.,0.,0.));
#4540 = PCURVE('',#4325,#4541);
#4541 = DEFINITIONAL_REPRESENTATION('',(#4542),#4546);
#4542 = LINE('',#4543,#4544);
#4543 = CARTESIAN_POINT('',(-6.28318530718,-31.));
#4544 = VECTOR('',#4545,1.);
#4545 = DIRECTION('',(1.,-0.));
#4546 = ( GEOMETRIC_REPRESENTATION_CONTEXT(2) 
PARAMETRIC_REPRESENTATION_CONTEXT() REPRESENTATION_CONTEXT('2D SPACE',''
  ) );
#4547 = PCURVE('',#4548,#4553);
#4548 = PLANE('',#4549);
#4549 = AXIS2_PLACEMENT_3D('',#4550,#4551,#4552);
#4550 = CARTESIAN_POINT('',(-33.23401871576,33.234018715768,93.));
#4551 = DIRECTION('',(0.,0.,1.));
#4552 = DIRECTION('',(1.,0.,-0.));
#4553 = DEFINITIONAL_REPRESENTATION('',(#4554),#4562);
#4554 = ( BOUNDED_CURVE() B_SPLINE_CURVE(2,(#4555,#4556,#4557,#4558,
#4559,#4560,#4561),.UNSPECIFIED.,.T.,.F.) B_SPLINE_CURVE_WITH_KNOTS((1,2
    ,2,2,2,1),(-2.094395102393,0.,2.094395102393,4.188790204786,
6.28318530718,8.377580409573),.UNSPECIFIED.) CURVE() 
GEOMETRIC_REPRESENTATION_ITEM() RATIONAL_B_SPLINE_CURVE((1.,0.5,1.,0.5,
1.,0.5,1.)) REPRESENTATION_ITEM('') );
#4555 = CARTESIAN_POINT('',(75.234018715768,-33.23401871576));
#4556 = CARTESIAN_POINT('',(75.234018715768,-105.9801526336));
#4557 = CARTESIAN_POINT('',(12.234018715768,-69.60708567471));
#4558 = CARTESIAN_POINT('',(-50.76598128423,-33.23401871576));
#4559 = CARTESIAN_POINT('',(12.234018715768,3.139048243179));
#4560 = CARTESIAN_POINT('',(75.234018715768,39.512115202125));
#4561 = CARTESIAN_POINT('',(75.234018715768,-33.23401871576));
#4562 = ( GEOMETRIC_REPRESENTATION_CONTEXT(2) 
PARAMETRIC_REPRESENTATION_CONTEXT() REPRESENTATION_CONTEXT('2D SPACE',''
  ) );
#4563 = ORIENTED_EDGE('',*,*,#4564,.F.);
#4564 = EDGE_CURVE('',#4565,#4532,#4567,.T.);
#4565 = VERTEX_POINT('',#4566);
#4566 = CARTESIAN_POINT('',(-32.78762736992,26.248266446587,101.));
#4567 = SURFACE_CURVE('',#4568,(#4572,#4578),.PCURVE_S1.);
#4568 = LINE('',#4569,#4570);
#4569 = CARTESIAN_POINT('',(-32.78762736992,26.248266446588,62.));
#4570 = VECTOR('',#4571,1.);
#4571 = DIRECTION('',(-0.,-0.,-1.));
#4572 = PCURVE('',#4325,#4573);
#4573 = DEFINITIONAL_REPRESENTATION('',(#4574),#4577);
#4574 = B_SPLINE_CURVE_WITH_KNOTS('',1,(#4575,#4576),.UNSPECIFIED.,.F.,
  .F.,(2,2),(-39.0000006,-30.9999994),.PIECEWISE_BEZIER_KNOTS.);
#4575 = CARTESIAN_POINT('',(-2.466513993954,-39.0000006));
#4576 = CARTESIAN_POINT('',(-2.466513993954,-30.9999994));
#4577 = ( GEOMETRIC_REPRESENTATION_CONTEXT(2) 
PARAMETRIC_REPRESENTATION_CONTEXT() REPRESENTATION_CONTEXT('2D SPACE',''
  ) );
#4578 = PCURVE('',#4520,#4579);
#4579 = DEFINITIONAL_REPRESENTATION('',(#4580),#4583);
#4580 = B_SPLINE_CURVE_WITH_KNOTS('',1,(#4581,#4582),.UNSPECIFIED.,.F.,
  .F.,(2,2),(-39.,-31.),.PIECEWISE_BEZIER_KNOTS.);
#4581 = CARTESIAN_POINT('',(-11.05938778082,-8.));
#4582 = CARTESIAN_POINT('',(-11.05938778082,0.));
#4583 = ( GEOMETRIC_REPRESENTATION_CONTEXT(2) 
PARAMETRIC_REPRESENTATION_CONTEXT() REPRESENTATION_CONTEXT('2D SPACE',''
  ) );
#4584 = ORIENTED_EDGE('',*,*,#4585,.T.);
#4585 = EDGE_CURVE('',#4565,#4586,#4588,.T.);
#4586 = VERTEX_POINT('',#4587);
#4587 = CARTESIAN_POINT('',(-32.78762736992,-26.24826644658,101.));
#4588 = SURFACE_CURVE('',#4589,(#4594,#4601),.PCURVE_S1.);
#4589 = CIRCLE('',#4590,42.);
#4590 = AXIS2_PLACEMENT_3D('',#4591,#4592,#4593);
#4591 = CARTESIAN_POINT('',(0.,0.,101.));
#4592 = DIRECTION('',(0.,0.,1.));
#4593 = DIRECTION('',(1.,0.,0.));
#4594 = PCURVE('',#4325,#4595);
#4595 = DEFINITIONAL_REPRESENTATION('',(#4596),#4600);
#4596 = LINE('',#4597,#4598);
#4597 = CARTESIAN_POINT('',(-0.,-39.));
#4598 = VECTOR('',#4599,1.);
#4599 = DIRECTION('',(-1.,0.));
#4600 = ( GEOMETRIC_REPRESENTATION_CONTEXT(2) 
PARAMETRIC_REPRESENTATION_CONTEXT() REPRESENTATION_CONTEXT('2D SPACE',''
  ) );
#4601 = PCURVE('',#4389,#4602);
#4602 = DEFINITIONAL_REPRESENTATION('',(#4603),#4607);
#4603 = CIRCLE('',#4604,42.);
#4604 = AXIS2_PLACEMENT_2D('',#4605,#4606);
#4605 = CARTESIAN_POINT('',(2.083718297203E-15,-3.692127783966E-16));
#4606 = DIRECTION('',(1.,0.));
#4607 = ( GEOMETRIC_REPRESENTATION_CONTEXT(2) 
PARAMETRIC_REPRESENTATION_CONTEXT() REPRESENTATION_CONTEXT('2D SPACE',''
  ) );
#4608 = ORIENTED_EDGE('',*,*,#4609,.T.);
#4609 = EDGE_CURVE('',#4586,#4610,#4612,.T.);
#4610 = VERTEX_POINT('',#4611);
#4611 = CARTESIAN_POINT('',(-32.78762736992,-26.24826644658,93.));
#4612 = SURFACE_CURVE('',#4613,(#4617,#4623),.PCURVE_S1.);
#4613 = LINE('',#4614,#4615);
#4614 = CARTESIAN_POINT('',(-32.78762736992,-26.24826644658,62.));
#4615 = VECTOR('',#4616,1.);
#4616 = DIRECTION('',(-0.,-0.,-1.));
#4617 = PCURVE('',#4325,#4618);
#4618 = DEFINITIONAL_REPRESENTATION('',(#4619),#4622);
#4619 = B_SPLINE_CURVE_WITH_KNOTS('',1,(#4620,#4621),.UNSPECIFIED.,.F.,
  .F.,(2,2),(-39.0000006,-30.9999994),.PIECEWISE_BEZIER_KNOTS.);
#4620 = CARTESIAN_POINT('',(-3.816671313225,-39.0000006));
#4621 = CARTESIAN_POINT('',(-3.816671313225,-30.9999994));
#4622 = ( GEOMETRIC_REPRESENTATION_CONTEXT(2) 
PARAMETRIC_REPRESENTATION_CONTEXT() REPRESENTATION_CONTEXT('2D SPACE',''
  ) );
#4623 = PCURVE('',#4624,#4629);
#4624 = CYLINDRICAL_SURFACE('',#4625,7.);
#4625 = AXIS2_PLACEMENT_3D('',#4626,#4627,#4628);
#4626 = CARTESIAN_POINT('',(-33.23401871576,-33.23401871576,93.));
#4627 = DIRECTION('',(-0.,-0.,-1.));
#4628 = DIRECTION('',(1.,0.,0.));
#4629 = DEFINITIONAL_REPRESENTATION('',(#4630),#4633);
#4630 = B_SPLINE_CURVE_WITH_KNOTS('',1,(#4631,#4632),.UNSPECIFIED.,.F.,
  .F.,(2,2),(-39.,-31.),.PIECEWISE_BEZIER_KNOTS.);
#4631 = CARTESIAN_POINT('',(-1.506982833536,-8.));
#4632 = CARTESIAN_POINT('',(-1.506982833536,0.));
#4633 = ( GEOMETRIC_REPRESENTATION_CONTEXT(2) 
PARAMETRIC_REPRESENTATION_CONTEXT() REPRESENTATION_CONTEXT('2D SPACE',''
  ) );
#4634 = ORIENTED_EDGE('',*,*,#4635,.F.);
#4635 = EDGE_CURVE('',#4636,#4610,#4638,.T.);
#4636 = VERTEX_POINT('',#4637);
#4637 = CARTESIAN_POINT('',(-26.24826644658,-32.78762736992,93.));
#4638 = SURFACE_CURVE('',#4639,(#4644,#4651),.PCURVE_S1.);
#4639 = CIRCLE('',#4640,42.);
#4640 = AXIS2_PLACEMENT_3D('',#4641,#4642,#4643);
#4641 = CARTESIAN_POINT('',(0.,0.,93.));
#4642 = DIRECTION('',(0.,0.,-1.));
#4643 = DIRECTION('',(1.,0.,0.));
#4644 = PCURVE('',#4325,#4645);
#4645 = DEFINITIONAL_REPRESENTATION('',(#4646),#4650);
#4646 = LINE('',#4647,#4648);
#4647 = CARTESIAN_POINT('',(-6.28318530718,-31.));
#4648 = VECTOR('',#4649,1.);
#4649 = DIRECTION('',(1.,-0.));
#4650 = ( GEOMETRIC_REPRESENTATION_CONTEXT(2) 
PARAMETRIC_REPRESENTATION_CONTEXT() REPRESENTATION_CONTEXT('2D SPACE',''
  ) );
#4651 = PCURVE('',#4652,#4657);
#4652 = PLANE('',#4653);
#4653 = AXIS2_PLACEMENT_3D('',#4654,#4655,#4656);
#4654 = CARTESIAN_POINT('',(-33.23401871576,-33.23401871576,93.));
#4655 = DIRECTION('',(0.,0.,1.));
#4656 = DIRECTION('',(1.,0.,-0.));
#4657 = DEFINITIONAL_REPRESENTATION('',(#4658),#4666);
#4658 = ( BOUNDED_CURVE() B_SPLINE_CURVE(2,(#4659,#4660,#4661,#4662,
#4663,#4664,#4665),.UNSPECIFIED.,.T.,.F.) B_SPLINE_CURVE_WITH_KNOTS((1,2
    ,2,2,2,1),(-2.094395102393,0.,2.094395102393,4.188790204786,
6.28318530718,8.377580409573),.UNSPECIFIED.) CURVE() 
GEOMETRIC_REPRESENTATION_ITEM() RATIONAL_B_SPLINE_CURVE((1.,0.5,1.,0.5,
1.,0.5,1.)) REPRESENTATION_ITEM('') );
#4659 = CARTESIAN_POINT('',(75.234018715768,33.234018715768));
#4660 = CARTESIAN_POINT('',(75.234018715768,-39.51211520212));
#4661 = CARTESIAN_POINT('',(12.234018715768,-3.139048243179));
#4662 = CARTESIAN_POINT('',(-50.76598128423,33.234018715768));
#4663 = CARTESIAN_POINT('',(12.234018715768,69.607085674714));
#4664 = CARTESIAN_POINT('',(75.234018715768,105.98015263366));
#4665 = CARTESIAN_POINT('',(75.234018715768,33.234018715768));
#4666 = ( GEOMETRIC_REPRESENTATION_CONTEXT(2) 
PARAMETRIC_REPRESENTATION_CONTEXT() REPRESENTATION_CONTEXT('2D SPACE',''
  ) );
#4667 = ORIENTED_EDGE('',*,*,#4668,.F.);
#4668 = EDGE_CURVE('',#4669,#4636,#4671,.T.);
#4669 = VERTEX_POINT('',#4670);
#4670 = CARTESIAN_POINT('',(-26.24826644658,-32.78762736992,101.));
#4671 = SURFACE_CURVE('',#4672,(#4676,#4682),.PCURVE_S1.);
#4672 = LINE('',#4673,#4674);
#4673 = CARTESIAN_POINT('',(-26.24826644658,-32.78762736992,62.));
#4674 = VECTOR('',#4675,1.);
#4675 = DIRECTION('',(-0.,-0.,-1.));
#4676 = PCURVE('',#4325,#4677);
#4677 = DEFINITIONAL_REPRESENTATION('',(#4678),#4681);
#4678 = B_SPLINE_CURVE_WITH_KNOTS('',1,(#4679,#4680),.UNSPECIFIED.,.F.,
  .F.,(2,2),(-39.0000006,-30.9999994),.PIECEWISE_BEZIER_KNOTS.);
#4679 = CARTESIAN_POINT('',(-4.037310320749,-39.0000006));
#4680 = CARTESIAN_POINT('',(-4.037310320749,-30.9999994));
#4681 = ( GEOMETRIC_REPRESENTATION_CONTEXT(2) 
PARAMETRIC_REPRESENTATION_CONTEXT() REPRESENTATION_CONTEXT('2D SPACE',''
  ) );
#4682 = PCURVE('',#4624,#4683);
#4683 = DEFINITIONAL_REPRESENTATION('',(#4684),#4687);
#4684 = B_SPLINE_CURVE_WITH_KNOTS('',1,(#4685,#4686),.UNSPECIFIED.,.F.,
  .F.,(2,2),(-39.,-31.),.PIECEWISE_BEZIER_KNOTS.);
#4685 = CARTESIAN_POINT('',(-6.346998800439,-8.));
#4686 = CARTESIAN_POINT('',(-6.346998800439,0.));
#4687 = ( GEOMETRIC_REPRESENTATION_CONTEXT(2) 
PARAMETRIC_REPRESENTATION_CONTEXT() REPRESENTATION_CONTEXT('2D SPACE',''
  ) );
#4688 = ORIENTED_EDGE('',*,*,#4689,.T.);
#4689 = EDGE_CURVE('',#4669,#4690,#4692,.T.);
#4690 = VERTEX_POINT('',#4691);
#4691 = CARTESIAN_POINT('',(26.248266446587,-32.78762736992,101.));
#4692 = SURFACE_CURVE('',#4693,(#4698,#4705),.PCURVE_S1.);
#4693 = CIRCLE('',#4694,42.);
#4694 = AXIS2_PLACEMENT_3D('',#4695,#4696,#4697);
#4695 = CARTESIAN_POINT('',(0.,0.,101.));
#4696 = DIRECTION('',(0.,0.,1.));
#4697 = DIRECTION('',(1.,0.,0.));
#4698 = PCURVE('',#4325,#4699);
#4699 = DEFINITIONAL_REPRESENTATION('',(#4700),#4704);
#4700 = LINE('',#4701,#4702);
#4701 = CARTESIAN_POINT('',(-0.,-39.));
#4702 = VECTOR('',#4703,1.);
#4703 = DIRECTION('',(-1.,0.));
#4704 = ( GEOMETRIC_REPRESENTATION_CONTEXT(2) 
PARAMETRIC_REPRESENTATION_CONTEXT() REPRESENTATION_CONTEXT('2D SPACE',''
  ) );
#4705 = PCURVE('',#4389,#4706);
#4706 = DEFINITIONAL_REPRESENTATION('',(#4707),#4711);
#4707 = CIRCLE('',#4708,42.);
#4708 = AXIS2_PLACEMENT_2D('',#4709,#4710);
#4709 = CARTESIAN_POINT('',(2.083718297203E-15,-3.692127783966E-16));
#4710 = DIRECTION('',(1.,0.));
#4711 = ( GEOMETRIC_REPRESENTATION_CONTEXT(2) 
PARAMETRIC_REPRESENTATION_CONTEXT() REPRESENTATION_CONTEXT('2D SPACE',''
  ) );
#4712 = ORIENTED_EDGE('',*,*,#4713,.T.);
#4713 = EDGE_CURVE('',#4690,#4714,#4716,.T.);
#4714 = VERTEX_POINT('',#4715);
#4715 = CARTESIAN_POINT('',(26.248266446588,-32.78762736992,93.));
#4716 = SURFACE_CURVE('',#4717,(#4721,#4727),.PCURVE_S1.);
#4717 = LINE('',#4718,#4719);
#4718 = CARTESIAN_POINT('',(26.248266446588,-32.78762736992,62.));
#4719 = VECTOR('',#4720,1.);
#4720 = DIRECTION('',(-0.,-0.,-1.));
#4721 = PCURVE('',#4325,#4722);
#4722 = DEFINITIONAL_REPRESENTATION('',(#4723),#4726);
#4723 = B_SPLINE_CURVE_WITH_KNOTS('',1,(#4724,#4725),.UNSPECIFIED.,.F.,
  .F.,(2,2),(-39.0000006,-30.9999994),.PIECEWISE_BEZIER_KNOTS.);
#4724 = CARTESIAN_POINT('',(-5.38746764002,-39.0000006));
#4725 = CARTESIAN_POINT('',(-5.38746764002,-30.9999994));
#4726 = ( GEOMETRIC_REPRESENTATION_CONTEXT(2) 
PARAMETRIC_REPRESENTATION_CONTEXT() REPRESENTATION_CONTEXT('2D SPACE',''
  ) );
#4727 = PCURVE('',#4728,#4733);
#4728 = CYLINDRICAL_SURFACE('',#4729,7.);
#4729 = AXIS2_PLACEMENT_3D('',#4730,#4731,#4732);
#4730 = CARTESIAN_POINT('',(33.234018715768,-33.23401871576,93.));
#4731 = DIRECTION('',(-0.,-0.,-1.));
#4732 = DIRECTION('',(1.,0.,0.));
#4733 = DEFINITIONAL_REPRESENTATION('',(#4734),#4737);
#4734 = B_SPLINE_CURVE_WITH_KNOTS('',1,(#4735,#4736),.UNSPECIFIED.,.F.,
  .F.,(2,2),(-39.,-31.),.PIECEWISE_BEZIER_KNOTS.);
#4735 = CARTESIAN_POINT('',(-3.077779160331,-8.));
#4736 = CARTESIAN_POINT('',(-3.077779160331,0.));
#4737 = ( GEOMETRIC_REPRESENTATION_CONTEXT(2) 
PARAMETRIC_REPRESENTATION_CONTEXT() REPRESENTATION_CONTEXT('2D SPACE',''
  ) );
#4738 = ORIENTED_EDGE('',*,*,#4739,.F.);
#4739 = EDGE_CURVE('',#4740,#4714,#4742,.T.);
#4740 = VERTEX_POINT('',#4741);
#4741 = CARTESIAN_POINT('',(32.787627369923,-26.24826644658,93.));
#4742 = SURFACE_CURVE('',#4743,(#4748,#4755),.PCURVE_S1.);
#4743 = CIRCLE('',#4744,42.);
#4744 = AXIS2_PLACEMENT_3D('',#4745,#4746,#4747);
#4745 = CARTESIAN_POINT('',(0.,0.,93.));
#4746 = DIRECTION('',(0.,0.,-1.));
#4747 = DIRECTION('',(1.,0.,0.));
#4748 = PCURVE('',#4325,#4749);
#4749 = DEFINITIONAL_REPRESENTATION('',(#4750),#4754);
#4750 = LINE('',#4751,#4752);
#4751 = CARTESIAN_POINT('',(-6.28318530718,-31.));
#4752 = VECTOR('',#4753,1.);
#4753 = DIRECTION('',(1.,-0.));
#4754 = ( GEOMETRIC_REPRESENTATION_CONTEXT(2) 
PARAMETRIC_REPRESENTATION_CONTEXT() REPRESENTATION_CONTEXT('2D SPACE',''
  ) );
#4755 = PCURVE('',#4756,#4761);
#4756 = PLANE('',#4757);
#4757 = AXIS2_PLACEMENT_3D('',#4758,#4759,#4760);
#4758 = CARTESIAN_POINT('',(33.234018715768,-33.23401871576,93.));
#4759 = DIRECTION('',(0.,0.,1.));
#4760 = DIRECTION('',(1.,0.,-0.));
#4761 = DEFINITIONAL_REPRESENTATION('',(#4762),#4770);
#4762 = ( BOUNDED_CURVE() B_SPLINE_CURVE(2,(#4763,#4764,#4765,#4766,
#4767,#4768,#4769),.UNSPECIFIED.,.T.,.F.) B_SPLINE_CURVE_WITH_KNOTS((1,2
    ,2,2,2,1),(-2.094395102393,0.,2.094395102393,4.188790204786,
6.28318530718,8.377580409573),.UNSPECIFIED.) CURVE() 
GEOMETRIC_REPRESENTATION_ITEM() RATIONAL_B_SPLINE_CURVE((1.,0.5,1.,0.5,
1.,0.5,1.)) REPRESENTATION_ITEM('') );
#4763 = CARTESIAN_POINT('',(8.765981284232,33.234018715768));
#4764 = CARTESIAN_POINT('',(8.765981284232,-39.51211520212));
#4765 = CARTESIAN_POINT('',(-54.23401871576,-3.139048243179));
#4766 = CARTESIAN_POINT('',(-117.2340187157,33.234018715768));
#4767 = CARTESIAN_POINT('',(-54.23401871576,69.607085674714));
#4768 = CARTESIAN_POINT('',(8.765981284232,105.98015263366));
#4769 = CARTESIAN_POINT('',(8.765981284232,33.234018715768));
#4770 = ( GEOMETRIC_REPRESENTATION_CONTEXT(2) 
PARAMETRIC_REPRESENTATION_CONTEXT() REPRESENTATION_CONTEXT('2D SPACE',''
  ) );
#4771 = ORIENTED_EDGE('',*,*,#4772,.F.);
#4772 = EDGE_CURVE('',#4773,#4740,#4775,.T.);
#4773 = VERTEX_POINT('',#4774);
#4774 = CARTESIAN_POINT('',(32.787627369924,-26.24826644658,101.));
#4775 = SURFACE_CURVE('',#4776,(#4780,#4786),.PCURVE_S1.);
#4776 = LINE('',#4777,#4778);
#4777 = CARTESIAN_POINT('',(32.787627369923,-26.24826644658,62.));
#4778 = VECTOR('',#4779,1.);
#4779 = DIRECTION('',(-0.,-0.,-1.));
#4780 = PCURVE('',#4325,#4781);
#4781 = DEFINITIONAL_REPRESENTATION('',(#4782),#4785);
#4782 = B_SPLINE_CURVE_WITH_KNOTS('',1,(#4783,#4784),.UNSPECIFIED.,.F.,
  .F.,(2,2),(-39.0000006,-30.9999994),.PIECEWISE_BEZIER_KNOTS.);
#4783 = CARTESIAN_POINT('',(-5.608106647544,-39.0000006));
#4784 = CARTESIAN_POINT('',(-5.608106647544,-30.9999994));
#4785 = ( GEOMETRIC_REPRESENTATION_CONTEXT(2) 
PARAMETRIC_REPRESENTATION_CONTEXT() REPRESENTATION_CONTEXT('2D SPACE',''
  ) );
#4786 = PCURVE('',#4728,#4787);
#4787 = DEFINITIONAL_REPRESENTATION('',(#4788),#4791);
#4788 = B_SPLINE_CURVE_WITH_KNOTS('',1,(#4789,#4790),.UNSPECIFIED.,.F.,
  .F.,(2,2),(-39.,-31.),.PIECEWISE_BEZIER_KNOTS.);
#4789 = CARTESIAN_POINT('',(-7.917795127233,-8.));
#4790 = CARTESIAN_POINT('',(-7.917795127233,0.));
#4791 = ( GEOMETRIC_REPRESENTATION_CONTEXT(2) 
PARAMETRIC_REPRESENTATION_CONTEXT() REPRESENTATION_CONTEXT('2D SPACE',''
  ) );
#4792 = ORIENTED_EDGE('',*,*,#4793,.T.);
#4793 = EDGE_CURVE('',#4773,#4350,#4794,.T.);
#4794 = SURFACE_CURVE('',#4795,(#4800,#4807),.PCURVE_S1.);
#4795 = CIRCLE('',#4796,42.);
#4796 = AXIS2_PLACEMENT_3D('',#4797,#4798,#4799);
#4797 = CARTESIAN_POINT('',(0.,0.,101.));
#4798 = DIRECTION('',(0.,0.,1.));
#4799 = DIRECTION('',(1.,0.,0.));
#4800 = PCURVE('',#4325,#4801);
#4801 = DEFINITIONAL_REPRESENTATION('',(#4802),#4806);
#4802 = LINE('',#4803,#4804);
#4803 = CARTESIAN_POINT('',(-0.,-39.));
#4804 = VECTOR('',#4805,1.);
#4805 = DIRECTION('',(-1.,0.));
#4806 = ( GEOMETRIC_REPRESENTATION_CONTEXT(2) 
PARAMETRIC_REPRESENTATION_CONTEXT() REPRESENTATION_CONTEXT('2D SPACE',''
  ) );
#4807 = PCURVE('',#4389,#4808);
#4808 = DEFINITIONAL_REPRESENTATION('',(#4809),#4813);
#4809 = CIRCLE('',#4810,42.);
#4810 = AXIS2_PLACEMENT_2D('',#4811,#4812);
#4811 = CARTESIAN_POINT('',(2.083718297203E-15,-3.692127783966E-16));
#4812 = DIRECTION('',(1.,0.));
#4813 = ( GEOMETRIC_REPRESENTATION_CONTEXT(2) 
PARAMETRIC_REPRESENTATION_CONTEXT() REPRESENTATION_CONTEXT('2D SPACE',''
  ) );
#4814 = ORIENTED_EDGE('',*,*,#4349,.F.);
#4815 = ORIENTED_EDGE('',*,*,#4816,.F.);
#4816 = EDGE_CURVE('',#4817,#4314,#4819,.T.);
#4817 = VERTEX_POINT('',#4818);
#4818 = CARTESIAN_POINT('',(32.787627369924,-26.24826644658,62.));
#4819 = SURFACE_CURVE('',#4820,(#4825,#4832),.PCURVE_S1.);
#4820 = CIRCLE('',#4821,42.);
#4821 = AXIS2_PLACEMENT_3D('',#4822,#4823,#4824);
#4822 = CARTESIAN_POINT('',(0.,0.,62.));
#4823 = DIRECTION('',(0.,0.,1.));
#4824 = DIRECTION('',(1.,0.,0.));
#4825 = PCURVE('',#4325,#4826);
#4826 = DEFINITIONAL_REPRESENTATION('',(#4827),#4831);
#4827 = LINE('',#4828,#4829);
#4828 = CARTESIAN_POINT('',(-0.,0.));
#4829 = VECTOR('',#4830,1.);
#4830 = DIRECTION('',(-1.,0.));
#4831 = ( GEOMETRIC_REPRESENTATION_CONTEXT(2) 
PARAMETRIC_REPRESENTATION_CONTEXT() REPRESENTATION_CONTEXT('2D SPACE',''
  ) );
#4832 = PCURVE('',#4337,#4833);
#4833 = DEFINITIONAL_REPRESENTATION('',(#4834),#4838);
#4834 = CIRCLE('',#4835,42.);
#4835 = AXIS2_PLACEMENT_2D('',#4836,#4837);
#4836 = CARTESIAN_POINT('',(2.083718297203E-15,-3.692127783966E-16));
#4837 = DIRECTION('',(1.,0.));
#4838 = ( GEOMETRIC_REPRESENTATION_CONTEXT(2) 
PARAMETRIC_REPRESENTATION_CONTEXT() REPRESENTATION_CONTEXT('2D SPACE',''
  ) );
#4839 = ORIENTED_EDGE('',*,*,#4840,.F.);
#4840 = EDGE_CURVE('',#4841,#4817,#4843,.T.);
#4841 = VERTEX_POINT('',#4842);
#4842 = CARTESIAN_POINT('',(32.787627369923,-26.24826644658,67.));
#4843 = SURFACE_CURVE('',#4844,(#4848,#4854),.PCURVE_S1.);
#4844 = LINE('',#4845,#4846);
#4845 = CARTESIAN_POINT('',(32.787627369923,-26.24826644658,62.));
#4846 = VECTOR('',#4847,1.);
#4847 = DIRECTION('',(-0.,-0.,-1.));
#4848 = PCURVE('',#4325,#4849);
#4849 = DEFINITIONAL_REPRESENTATION('',(#4850),#4853);
#4850 = B_SPLINE_CURVE_WITH_KNOTS('',1,(#4851,#4852),.UNSPECIFIED.,.F.,
  .F.,(2,2),(-5.0000006,6.000000212225E-07),.PIECEWISE_BEZIER_KNOTS.);
#4851 = CARTESIAN_POINT('',(-5.608106647544,-5.0000006));
#4852 = CARTESIAN_POINT('',(-5.608106647544,6.000000212225E-07));
#4853 = ( GEOMETRIC_REPRESENTATION_CONTEXT(2) 
PARAMETRIC_REPRESENTATION_CONTEXT() REPRESENTATION_CONTEXT('2D SPACE',''
  ) );
#4854 = PCURVE('',#4855,#4860);
#4855 = CYLINDRICAL_SURFACE('',#4856,7.);
#4856 = AXIS2_PLACEMENT_3D('',#4857,#4858,#4859);
#4857 = CARTESIAN_POINT('',(33.234018715768,-33.23401871576,62.));
#4858 = DIRECTION('',(-0.,-0.,-1.));
#4859 = DIRECTION('',(1.,0.,0.));
#4860 = DEFINITIONAL_REPRESENTATION('',(#4861),#4864);
#4861 = B_SPLINE_CURVE_WITH_KNOTS('',1,(#4862,#4863),.UNSPECIFIED.,.F.,
  .F.,(2,2),(-5.,-0.),.PIECEWISE_BEZIER_KNOTS.);
#4862 = CARTESIAN_POINT('',(-7.917795127233,-5.));
#4863 = CARTESIAN_POINT('',(-7.917795127233,0.));
#4864 = ( GEOMETRIC_REPRESENTATION_CONTEXT(2) 
PARAMETRIC_REPRESENTATION_CONTEXT() REPRESENTATION_CONTEXT('2D SPACE',''
  ) );
#4865 = ORIENTED_EDGE('',*,*,#4866,.T.);
#4866 = EDGE_CURVE('',#4841,#4867,#4869,.T.);
#4867 = VERTEX_POINT('',#4868);
#4868 = CARTESIAN_POINT('',(26.248266446588,-32.78762736992,67.));
#4869 = SURFACE_CURVE('',#4870,(#4875,#4882),.PCURVE_S1.);
#4870 = CIRCLE('',#4871,42.);
#4871 = AXIS2_PLACEMENT_3D('',#4872,#4873,#4874);
#4872 = CARTESIAN_POINT('',(0.,0.,67.));
#4873 = DIRECTION('',(0.,0.,-1.));
#4874 = DIRECTION('',(1.,0.,0.));
#4875 = PCURVE('',#4325,#4876);
#4876 = DEFINITIONAL_REPRESENTATION('',(#4877),#4881);
#4877 = LINE('',#4878,#4879);
#4878 = CARTESIAN_POINT('',(-6.28318530718,-5.));
#4879 = VECTOR('',#4880,1.);
#4880 = DIRECTION('',(1.,-0.));
#4881 = ( GEOMETRIC_REPRESENTATION_CONTEXT(2) 
PARAMETRIC_REPRESENTATION_CONTEXT() REPRESENTATION_CONTEXT('2D SPACE',''
  ) );
#4882 = PCURVE('',#4883,#4888);
#4883 = PLANE('',#4884);
#4884 = AXIS2_PLACEMENT_3D('',#4885,#4886,#4887);
#4885 = CARTESIAN_POINT('',(33.234018715768,-33.23401871576,67.));
#4886 = DIRECTION('',(0.,0.,1.));
#4887 = DIRECTION('',(1.,0.,-0.));
#4888 = DEFINITIONAL_REPRESENTATION('',(#4889),#4897);
#4889 = ( BOUNDED_CURVE() B_SPLINE_CURVE(2,(#4890,#4891,#4892,#4893,
#4894,#4895,#4896),.UNSPECIFIED.,.T.,.F.) B_SPLINE_CURVE_WITH_KNOTS((1,2
    ,2,2,2,1),(-2.094395102393,0.,2.094395102393,4.188790204786,
6.28318530718,8.377580409573),.UNSPECIFIED.) CURVE() 
GEOMETRIC_REPRESENTATION_ITEM() RATIONAL_B_SPLINE_CURVE((1.,0.5,1.,0.5,
1.,0.5,1.)) REPRESENTATION_ITEM('') );
#4890 = CARTESIAN_POINT('',(8.765981284232,33.234018715768));
#4891 = CARTESIAN_POINT('',(8.765981284232,-39.51211520212));
#4892 = CARTESIAN_POINT('',(-54.23401871576,-3.139048243179));
#4893 = CARTESIAN_POINT('',(-117.2340187157,33.234018715768));
#4894 = CARTESIAN_POINT('',(-54.23401871576,69.607085674714));
#4895 = CARTESIAN_POINT('',(8.765981284232,105.98015263366));
#4896 = CARTESIAN_POINT('',(8.765981284232,33.234018715768));
#4897 = ( GEOMETRIC_REPRESENTATION_CONTEXT(2) 
PARAMETRIC_REPRESENTATION_CONTEXT() REPRESENTATION_CONTEXT('2D SPACE',''
  ) );
#4898 = ORIENTED_EDGE('',*,*,#4899,.T.);
#4899 = EDGE_CURVE('',#4867,#4900,#4902,.T.);
#4900 = VERTEX_POINT('',#4901);
#4901 = CARTESIAN_POINT('',(26.248266446587,-32.78762736992,62.));
#4902 = SURFACE_CURVE('',#4903,(#4907,#4913),.PCURVE_S1.);
#4903 = LINE('',#4904,#4905);
#4904 = CARTESIAN_POINT('',(26.248266446588,-32.78762736992,62.));
#4905 = VECTOR('',#4906,1.);
#4906 = DIRECTION('',(-0.,-0.,-1.));
#4907 = PCURVE('',#4325,#4908);
#4908 = DEFINITIONAL_REPRESENTATION('',(#4909),#4912);
#4909 = B_SPLINE_CURVE_WITH_KNOTS('',1,(#4910,#4911),.UNSPECIFIED.,.F.,
  .F.,(2,2),(-5.0000006,6.000000212225E-07),.PIECEWISE_BEZIER_KNOTS.);
#4910 = CARTESIAN_POINT('',(-5.38746764002,-5.0000006));
#4911 = CARTESIAN_POINT('',(-5.38746764002,6.000000212225E-07));
#4912 = ( GEOMETRIC_REPRESENTATION_CONTEXT(2) 
PARAMETRIC_REPRESENTATION_CONTEXT() REPRESENTATION_CONTEXT('2D SPACE',''
  ) );
#4913 = PCURVE('',#4855,#4914);
#4914 = DEFINITIONAL_REPRESENTATION('',(#4915),#4918);
#4915 = B_SPLINE_CURVE_WITH_KNOTS('',1,(#4916,#4917),.UNSPECIFIED.,.F.,
  .F.,(2,2),(-5.,0.),.PIECEWISE_BEZIER_KNOTS.);
#4916 = CARTESIAN_POINT('',(-3.077779160331,-5.));
#4917 = CARTESIAN_POINT('',(-3.077779160331,0.));
#4918 = ( GEOMETRIC_REPRESENTATION_CONTEXT(2) 
PARAMETRIC_REPRESENTATION_CONTEXT() REPRESENTATION_CONTEXT('2D SPACE',''
  ) );
#4919 = ORIENTED_EDGE('',*,*,#4920,.F.);
#4920 = EDGE_CURVE('',#4921,#4900,#4923,.T.);
#4921 = VERTEX_POINT('',#4922);
#4922 = CARTESIAN_POINT('',(2.156860946067,-41.94458190111,62.));
#4923 = SURFACE_CURVE('',#4924,(#4929,#4936),.PCURVE_S1.);
#4924 = CIRCLE('',#4925,42.);
#4925 = AXIS2_PLACEMENT_3D('',#4926,#4927,#4928);
#4926 = CARTESIAN_POINT('',(0.,0.,62.));
#4927 = DIRECTION('',(0.,0.,1.));
#4928 = DIRECTION('',(1.,0.,0.));
#4929 = PCURVE('',#4325,#4930);
#4930 = DEFINITIONAL_REPRESENTATION('',(#4931),#4935);
#4931 = LINE('',#4932,#4933);
#4932 = CARTESIAN_POINT('',(-0.,0.));
#4933 = VECTOR('',#4934,1.);
#4934 = DIRECTION('',(-1.,0.));
#4935 = ( GEOMETRIC_REPRESENTATION_CONTEXT(2) 
PARAMETRIC_REPRESENTATION_CONTEXT() REPRESENTATION_CONTEXT('2D SPACE',''
  ) );
#4936 = PCURVE('',#4337,#4937);
#4937 = DEFINITIONAL_REPRESENTATION('',(#4938),#4942);
#4938 = CIRCLE('',#4939,42.);
#4939 = AXIS2_PLACEMENT_2D('',#4940,#4941);
#4940 = CARTESIAN_POINT('',(2.083718297203E-15,-3.692127783966E-16));
#4941 = DIRECTION('',(1.,0.));
#4942 = ( GEOMETRIC_REPRESENTATION_CONTEXT(2) 
PARAMETRIC_REPRESENTATION_CONTEXT() REPRESENTATION_CONTEXT('2D SPACE',''
  ) );
#4943 = ORIENTED_EDGE('',*,*,#4944,.T.);
#4944 = EDGE_CURVE('',#4921,#4945,#4947,.T.);
#4945 = VERTEX_POINT('',#4946);
#4946 = CARTESIAN_POINT('',(9.,-41.02438299353,70.769268510194));
#4947 = SURFACE_CURVE('',#4948,(#4975,#5005),.PCURVE_S1.);
#4948 = B_SPLINE_CURVE_WITH_KNOTS('',7,(#4949,#4950,#4951,#4952,#4953,
    #4954,#4955,#4956,#4957,#4958,#4959,#4960,#4961,#4962,#4963,#4964,
    #4965,#4966,#4967,#4968,#4969,#4970,#4971,#4972,#4973,#4974),
  .UNSPECIFIED.,.F.,.F.,(8,6,6,6,8),(0.,0.230122955449,0.398867268603,
    0.859495994039,1.),.UNSPECIFIED.);
#4949 = CARTESIAN_POINT('',(2.156858531561,-41.94458202527,61.9999994));
#4950 = CARTESIAN_POINT('',(2.624488167905,-41.92053574987,
    62.11620438727));
#4951 = CARTESIAN_POINT('',(3.076432886271,-41.89119756873,
    62.259685532309));
#4952 = CARTESIAN_POINT('',(3.511046283835,-41.85737365843,
    62.427989977025));
#4953 = CARTESIAN_POINT('',(3.926932923689,-41.8199484807,
    62.618588418615));
#4954 = CARTESIAN_POINT('',(4.322951368156,-41.77983287264,
    62.828867911582));
#4955 = CARTESIAN_POINT('',(4.698218382169,-41.73791831338,
    63.056126145328));
#4956 = CARTESIAN_POINT('',(5.311618729472,-41.6635936727,63.47461083211
    ));
#4957 = CARTESIAN_POINT('',(5.560079016431,-41.6315761151,
    63.659585475817));
#4958 = CARTESIAN_POINT('',(5.79759846074,-41.59925940392,
    63.851721755334));
#4959 = CARTESIAN_POINT('',(6.024307633881,-41.56689262236,
    64.050324636439));
#4960 = CARTESIAN_POINT('',(6.240357219646,-41.53470027327,
    64.25476732538));
#4961 = CARTESIAN_POINT('',(6.445910848115,-41.5028833255,
    64.464485170466));
#4962 = CARTESIAN_POINT('',(7.17405782511,-41.38628010439,65.26445698436
    ));
#4963 = CARTESIAN_POINT('',(7.630531322284,-41.30498740714,
    65.886012554526));
#4964 = CARTESIAN_POINT('',(8.01407105287,-41.23134090868,
    66.533776274669));
#4965 = CARTESIAN_POINT('',(8.328017721705,-41.16781071577,
    67.200727122384));
#4966 = CARTESIAN_POINT('',(8.575087248029,-41.11603083078,
    67.881722218306));
#4967 = CARTESIAN_POINT('',(8.757077124306,-41.07709903694,
    68.572819455206));
#4968 = CARTESIAN_POINT('',(8.91048973512,-41.04393400402,
    69.483717959934));
#4969 = CARTESIAN_POINT('',(8.940340507614,-41.03744259433,
    69.697196220678));
#4970 = CARTESIAN_POINT('',(8.964205884679,-41.03222984603,
    69.911134093646));
#4971 = CARTESIAN_POINT('',(8.98210031719,-41.02830983365,
    70.125420154822));
#4972 = CARTESIAN_POINT('',(8.994031425612,-41.02569236748,
    70.339943999042));
#4973 = CARTESIAN_POINT('',(9.,-41.02438299353,70.554596239988));
#4974 = CARTESIAN_POINT('',(9.,-41.02438299353,70.769268510194));
#4975 = PCURVE('',#4325,#4976);
#4976 = DEFINITIONAL_REPRESENTATION('',(#4977),#5004);
#4977 = B_SPLINE_CURVE_WITH_KNOTS('',7,(#4978,#4979,#4980,#4981,#4982,
    #4983,#4984,#4985,#4986,#4987,#4988,#4989,#4990,#4991,#4992,#4993,
    #4994,#4995,#4996,#4997,#4998,#4999,#5000,#5001,#5002,#5003),
  .UNSPECIFIED.,.F.,.F.,(8,6,6,6,8),(0.,0.230122955449,0.398867268603,
    0.859495994039,1.),.UNSPECIFIED.);
#4978 = CARTESIAN_POINT('',(-4.763765353557,5.999999999062E-07));
#4979 = CARTESIAN_POINT('',(-4.774914103021,-0.11620438727));
#4980 = CARTESIAN_POINT('',(-4.785696364707,-0.259685532309));
#4981 = CARTESIAN_POINT('',(-4.796074271021,-0.427989977025));
#4982 = CARTESIAN_POINT('',(-4.806015146217,-0.618588418615));
#4983 = CARTESIAN_POINT('',(-4.815491584849,-0.828867911582));
#4984 = CARTESIAN_POINT('',(-4.824481680273,-1.056126145328));
#4985 = CARTESIAN_POINT('',(-4.839193271533,-1.47461083211));
#4986 = CARTESIAN_POINT('',(-4.845157737542,-1.659585475817));
#4987 = CARTESIAN_POINT('',(-4.850864848174,-1.851721755334));
#4988 = CARTESIAN_POINT('',(-4.856317224197,-2.050324636439));
#4989 = CARTESIAN_POINT('',(-4.861517916948,-2.25476732538));
#4990 = CARTESIAN_POINT('',(-4.866470265081,-2.464485170466));
#4991 = CARTESIAN_POINT('',(-4.8840279822,-3.26445698436));
#4992 = CARTESIAN_POINT('',(-4.895065721393,-3.886012554526));
#4993 = CARTESIAN_POINT('',(-4.904363466564,-4.533776274669));
#4994 = CARTESIAN_POINT('',(-4.911989528927,-5.200727122384));
#4995 = CARTESIAN_POINT('',(-4.917999856907,-5.881722218306));
#4996 = CARTESIAN_POINT('',(-4.922430977123,-6.572819455206));
#4997 = CARTESIAN_POINT('',(-4.926168037077,-7.483717959934));
#4998 = CARTESIAN_POINT('',(-4.926895380669,-7.697196220678));
#4999 = CARTESIAN_POINT('',(-4.92747700011,-7.911134093646));
#5000 = CARTESIAN_POINT('',(-4.927913160792,-8.125420154822));
#5001 = CARTESIAN_POINT('',(-4.928203990432,-8.339943999042));
#5002 = CARTESIAN_POINT('',(-4.92834947907,-8.554596239988));
#5003 = CARTESIAN_POINT('',(-4.92834947907,-8.769268510194));
#5004 = ( GEOMETRIC_REPRESENTATION_CONTEXT(2) 
PARAMETRIC_REPRESENTATION_CONTEXT() REPRESENTATION_CONTEXT('2D SPACE',''
  ) );
#5005 = PCURVE('',#5006,#5011);
#5006 = CYLINDRICAL_SURFACE('',#5007,9.);
#5007 = AXIS2_PLACEMENT_3D('',#5008,#5009,#5010);
#5008 = CARTESIAN_POINT('',(0.,-35.,70.95));
#5009 = DIRECTION('',(0.,0.999550303522,2.998650910567E-02));
#5010 = DIRECTION('',(1.,0.,0.));
#5011 = DEFINITIONAL_REPRESENTATION('',(#5012),#5039);
#5012 = B_SPLINE_CURVE_WITH_KNOTS('',7,(#5013,#5014,#5015,#5016,#5017,
    #5018,#5019,#5020,#5021,#5022,#5023,#5024,#5025,#5026,#5027,#5028,
    #5029,#5030,#5031,#5032,#5033,#5034,#5035,#5036,#5037,#5038),
  .UNSPECIFIED.,.F.,.F.,(8,6,6,6,8),(0.,0.230122955449,0.398867268603,
    0.859495994039,1.),.UNSPECIFIED.);
#5013 = CARTESIAN_POINT('',(-4.954395286418,-7.209838345685));
#5014 = CARTESIAN_POINT('',(-5.007913709046,-7.182318301905));
#5015 = CARTESIAN_POINT('',(-5.060461911382,-7.148690815376));
#5016 = CARTESIAN_POINT('',(-5.112047972892,-7.10983525281));
#5017 = CARTESIAN_POINT('',(-5.162664394991,-7.066711523146));
#5018 = CARTESIAN_POINT('',(-5.212289414436,-7.020308407005));
#5019 = CARTESIAN_POINT('',(-5.260886260027,-6.971598015471));
#5020 = CARTESIAN_POINT('',(-5.34324143529,-6.884757903451));
#5021 = CARTESIAN_POINT('',(-5.377560373588,-6.847208000196));
#5022 = CARTESIAN_POINT('',(-5.411388187881,-6.809144325437));
#5023 = CARTESIAN_POINT('',(-5.444753920569,-6.770836691995));
#5024 = CARTESIAN_POINT('',(-5.477685081714,-6.732528297144));
#5025 = CARTESIAN_POINT('',(-5.510208094667,-6.694436951273));
#5026 = CARTESIAN_POINT('',(-5.630084470414,-6.553897804133));
#5027 = CARTESIAN_POINT('',(-5.715053382683,-6.454003382165));
#5028 = CARTESIAN_POINT('',(-5.797822465558,-6.360965829577));
#5029 = CARTESIAN_POINT('',(-5.878864230688,-6.277464678309));
#5030 = CARTESIAN_POINT('',(-5.958629981513,-6.205287412902));
#5031 = CARTESIAN_POINT('',(-6.037550274465,-6.145649532964));
#5032 = CARTESIAN_POINT('',(-6.140032759825,-6.085184747933));
#5033 = CARTESIAN_POINT('',(-6.16394207559,-6.072294789602));
#5034 = CARTESIAN_POINT('',(-6.187817628321,-6.060669135478));
#5035 = CARTESIAN_POINT('',(-6.211669663424,-6.050325194994));
#5036 = CARTESIAN_POINT('',(-6.235508305647,-6.041276084682));
#5037 = CARTESIAN_POINT('',(-6.259343559086,-6.03353062817));
#5038 = CARTESIAN_POINT('',(-6.28318530718,-6.027093356185));
#5039 = ( GEOMETRIC_REPRESENTATION_CONTEXT(2) 
PARAMETRIC_REPRESENTATION_CONTEXT() REPRESENTATION_CONTEXT('2D SPACE',''
  ) );
#5040 = ORIENTED_EDGE('',*,*,#5041,.T.);
#5041 = EDGE_CURVE('',#4945,#5042,#5044,.T.);
#5042 = VERTEX_POINT('',#5043);
#5043 = CARTESIAN_POINT('',(-2.156860946067,-41.94458190111,62.));
#5044 = SURFACE_CURVE('',#5045,(#5114,#5186),.PCURVE_S1.);
#5045 = B_SPLINE_CURVE_WITH_KNOTS('',7,(#5046,#5047,#5048,#5049,#5050,
    #5051,#5052,#5053,#5054,#5055,#5056,#5057,#5058,#5059,#5060,#5061,
    #5062,#5063,#5064,#5065,#5066,#5067,#5068,#5069,#5070,#5071,#5072,
    #5073,#5074,#5075,#5076,#5077,#5078,#5079,#5080,#5081,#5082,#5083,
    #5084,#5085,#5086,#5087,#5088,#5089,#5090,#5091,#5092,#5093,#5094,
    #5095,#5096,#5097,#5098,#5099,#5100,#5101,#5102,#5103,#5104,#5105,
    #5106,#5107,#5108,#5109,#5110,#5111,#5112,#5113),.UNSPECIFIED.,.F.,
  .F.,(8,6,6,6,6,6,6,6,6,6,6,8),(0.,0.185482276371,0.282592758557,
    0.348244274525,0.449839070077,0.592313005635,0.701371450946,
    0.800620298102,0.836102602495,0.878056736421,0.929645377311,1.),
  .UNSPECIFIED.);
#5046 = CARTESIAN_POINT('',(9.,-41.02438299353,70.769268510194));
#5047 = CARTESIAN_POINT('',(9.,-41.02438299353,71.701713869348));
#5048 = CARTESIAN_POINT('',(8.887393787515,-41.04908637025,
    72.633058037708));
#5049 = CARTESIAN_POINT('',(8.662342233979,-41.09846037036,
    73.555780137164));
#5050 = CARTESIAN_POINT('',(8.321557182998,-41.17117733376,
    74.46172058699));
#5051 = CARTESIAN_POINT('',(7.859280061529,-41.26444944348,
    75.339831407855));
#5052 = CARTESIAN_POINT('',(7.267678205742,-41.37300380164,
    76.174773987403));
#5053 = CARTESIAN_POINT('',(6.157058034021,-41.54804345348,
    77.34432429473));
#5054 = CARTESIAN_POINT('',(5.73654499319,-41.6101210787,77.729052014843
    ));
#5055 = CARTESIAN_POINT('',(5.276551328334,-41.67270867039,
    78.091916914018));
#5056 = CARTESIAN_POINT('',(4.77690251894,-41.73406930063,
    78.427827611653));
#5057 = CARTESIAN_POINT('',(4.237930294925,-41.79215689036,
    78.731251807818));
#5058 = CARTESIAN_POINT('',(3.660606804747,-41.84469818145,
    78.996129736509));
#5059 = CARTESIAN_POINT('',(2.631759785143,-41.91952972191,
    79.364200111869));
#5060 = CARTESIAN_POINT('',(2.200059727864,-41.94610671921,
    79.491977037728));
#5061 = CARTESIAN_POINT('',(1.754505373875,-41.96818574649,
    79.596166061727));
#5062 = CARTESIAN_POINT('',(1.298258502597,-41.98500956239,
    79.67456475944));
#5063 = CARTESIAN_POINT('',(0.83470166226,-41.99603848535,
    79.725667598896));
#5064 = CARTESIAN_POINT('',(0.367346229551,-42.00099659534,
    79.748672353998));
#5065 = CARTESIAN_POINT('',(-0.823877924741,-41.99815292186,
    79.735480431498));
#5066 = CARTESIAN_POINT('',(-1.539504298413,-41.98189935717,
    79.660071975289));
#5067 = CARTESIAN_POINT('',(-2.237035630784,-41.95172007818,
    79.51980643613));
#5068 = CARTESIAN_POINT('',(-2.906879933688,-41.90938883598,
    79.319627165663));
#5069 = CARTESIAN_POINT('',(-3.540477346614,-41.85770104418,
    79.066772080513));
#5070 = CARTESIAN_POINT('',(-4.130762747089,-41.79992810398,
    78.770746435008));
#5071 = CARTESIAN_POINT('',(-5.432291323481,-41.65422765524,
    77.98414798142));
#5072 = CARTESIAN_POINT('',(-6.106243316746,-41.56244469596,
    77.457416203561));
#5073 = CARTESIAN_POINT('',(-6.696095131659,-41.47024395013,
    76.880423447022));
#5074 = CARTESIAN_POINT('',(-7.20530745872,-41.38248723755,
    76.265878456055));
#5075 = CARTESIAN_POINT('',(-7.637767187432,-41.30252240544,
    75.623236290449));
#5076 = CARTESIAN_POINT('',(-7.997031077774,-41.23268470227,
    74.959525545062));
#5077 = CARTESIAN_POINT('',(-8.506928234205,-41.13007448761,
    73.759579106213));
#5078 = CARTESIAN_POINT('',(-8.686750233733,-41.09244665235,
    73.229908846087));
#5079 = CARTESIAN_POINT('',(-8.826416421223,-41.06242027361,
    72.693386993831));
#5080 = CARTESIAN_POINT('',(-8.926778083255,-41.04048202527,
    72.152163464814));
#5081 = CARTESIAN_POINT('',(-8.988425417908,-41.02691453878,
    71.608118281946));
#5082 = CARTESIAN_POINT('',(-9.011668432847,-41.02182434868,
    71.062990618857));
#5083 = CARTESIAN_POINT('',(-8.982714416544,-41.02817374892,
    70.022997115732));
#5084 = CARTESIAN_POINT('',(-8.937119170116,-41.03816678846,
    69.528168358272));
#5085 = CARTESIAN_POINT('',(-8.859760543282,-41.0550724933,
    69.035284552142));
#5086 = CARTESIAN_POINT('',(-8.750451789321,-41.07872232449,
    68.545639395956));
#5087 = CARTESIAN_POINT('',(-8.608802261594,-41.10882980911,
    68.060640378657));
#5088 = CARTESIAN_POINT('',(-8.434232093595,-41.14497328961,
    67.581894106946));
#5089 = CARTESIAN_POINT('',(-8.151530966574,-41.20143573933,
    66.943048090898));
#5090 = CARTESIAN_POINT('',(-8.07277157657,-41.21700257088,
    66.775836906011));
#5091 = CARTESIAN_POINT('',(-7.989665111331,-41.23324072006,
    66.609737885661));
#5092 = CARTESIAN_POINT('',(-7.902169765694,-41.25012137982,
    66.444837477097));
#5093 = CARTESIAN_POINT('',(-7.810240751701,-41.26761270529,
    66.281229380815));
#5094 = CARTESIAN_POINT('',(-7.713830298604,-41.28567981379,
    66.119014550559));
#5095 = CARTESIAN_POINT('',(-7.493533474747,-41.32628322767,
    65.768274366464));
#5096 = CARTESIAN_POINT('',(-7.367844786083,-41.34903316378,
    65.580349438014));
#5097 = CARTESIAN_POINT('',(-7.235731793863,-41.37247256391,
    65.394696518107));
#5098 = CARTESIAN_POINT('',(-7.097101799888,-41.39653218525,
    65.211507493165));
#5099 = CARTESIAN_POINT('',(-6.951859138009,-41.42113502454,
    65.030996038612));
#5100 = CARTESIAN_POINT('',(-6.799905111366,-41.44619577113,
    64.853397631587));
#5101 = CARTESIAN_POINT('',(-6.445910848115,-41.5028833255,
    64.464485170466));
#5102 = CARTESIAN_POINT('',(-6.240357219646,-41.53470027327,
    64.25476732538));
#5103 = CARTESIAN_POINT('',(-6.024307633882,-41.56689262236,
    64.05032463644));
#5104 = CARTESIAN_POINT('',(-5.797598460741,-41.59925940392,
    63.851721755334));
#5105 = CARTESIAN_POINT('',(-5.560079016431,-41.6315761151,
    63.659585475817));
#5106 = CARTESIAN_POINT('',(-5.311618729472,-41.6635936727,
    63.47461083211));
#5107 = CARTESIAN_POINT('',(-4.698212063248,-41.73791907903,
    63.056121834324));
#5108 = CARTESIAN_POINT('',(-4.322945866933,-41.77983341285,
    62.828865185424));
#5109 = CARTESIAN_POINT('',(-3.926932868834,-41.81994835032,
    62.618589277863));
#5110 = CARTESIAN_POINT('',(-3.51105318704,-41.85737293519,
    62.427993694534));
#5111 = CARTESIAN_POINT('',(-3.076444682519,-41.8911966808,
    62.25968990012));
#5112 = CARTESIAN_POINT('',(-2.624498951097,-41.92053519538,
    62.11620706687));
#5113 = CARTESIAN_POINT('',(-2.156858531561,-41.94458202527,61.9999994)
  );
#5114 = PCURVE('',#4325,#5115);
#5115 = DEFINITIONAL_REPRESENTATION('',(#5116),#5185);
#5116 = B_SPLINE_CURVE_WITH_KNOTS('',7,(#5117,#5118,#5119,#5120,#5121,
    #5122,#5123,#5124,#5125,#5126,#5127,#5128,#5129,#5130,#5131,#5132,
    #5133,#5134,#5135,#5136,#5137,#5138,#5139,#5140,#5141,#5142,#5143,
    #5144,#5145,#5146,#5147,#5148,#5149,#5150,#5151,#5152,#5153,#5154,
    #5155,#5156,#5157,#5158,#5159,#5160,#5161,#5162,#5163,#5164,#5165,
    #5166,#5167,#5168,#5169,#5170,#5171,#5172,#5173,#5174,#5175,#5176,
    #5177,#5178,#5179,#5180,#5181,#5182,#5183,#5184),.UNSPECIFIED.,.F.,
  .F.,(8,6,6,6,6,6,6,6,6,6,6,8),(0.,0.185482276371,0.282592758557,
    0.348244274525,0.449839070077,0.592313005635,0.701371450946,
    0.800620298102,0.836102602495,0.878056736421,0.929645377311,1.),
  .UNSPECIFIED.);
#5117 = CARTESIAN_POINT('',(-4.92834947907,-8.769268510194));
#5118 = CARTESIAN_POINT('',(-4.92834947907,-9.701713869348));
#5119 = CARTESIAN_POINT('',(-4.925604624061,-10.6330580377));
#5120 = CARTESIAN_POINT('',(-4.920118793987,-11.55578013716));
#5121 = CARTESIAN_POINT('',(-4.911822402568,-12.46172058699));
#5122 = CARTESIAN_POINT('',(-4.900595428035,-13.33983140785));
#5123 = CARTESIAN_POINT('',(-4.886279030215,-14.1747739874));
#5124 = CARTESIAN_POINT('',(-4.859509288463,-15.34432429473));
#5125 = CARTESIAN_POINT('',(-4.849389050611,-15.72905201484));
#5126 = CARTESIAN_POINT('',(-4.838337077754,-16.09191691401));
#5127 = CARTESIAN_POINT('',(-4.826353340961,-16.42782761165));
#5128 = CARTESIAN_POINT('',(-4.813448993885,-16.73125180781));
#5129 = CARTESIAN_POINT('',(-4.799648667428,-16.9961297365));
#5130 = CARTESIAN_POINT('',(-4.775087600616,-17.36420011186));
#5131 = CARTESIAN_POINT('',(-4.764790203137,-17.49197703772));
#5132 = CARTESIAN_POINT('',(-4.754169997672,-17.59616606172));
#5133 = CARTESIAN_POINT('',(-4.74330120494,-17.67456475944));
#5134 = CARTESIAN_POINT('',(-4.732262546916,-17.72566759889));
#5135 = CARTESIAN_POINT('',(-4.721135348639,-17.74867235399));
#5136 = CARTESIAN_POINT('',(-4.692772787961,-17.73548043149));
#5137 = CARTESIAN_POINT('',(-4.675733187185,-17.66007197528));
#5138 = CARTESIAN_POINT('',(-4.659115289663,-17.51980643613));
#5139 = CARTESIAN_POINT('',(-4.643139986461,-17.31962716566));
#5140 = CARTESIAN_POINT('',(-4.628007483974,-17.06677208051));
#5141 = CARTESIAN_POINT('',(-4.613887286008,-16.770746435));
#5142 = CARTESIAN_POINT('',(-4.582704941958,-15.98414798142));
#5143 = CARTESIAN_POINT('',(-4.566514962159,-15.45741620356));
#5144 = CARTESIAN_POINT('',(-4.552303960856,-14.88042344702));
#5145 = CARTESIAN_POINT('',(-4.540002970064,-14.26587845605));
#5146 = CARTESIAN_POINT('',(-4.529532512363,-13.62323629044));
#5147 = CARTESIAN_POINT('',(-4.520818678248,-12.95952554506));
#5148 = CARTESIAN_POINT('',(-4.508434888136,-11.75957910621));
#5149 = CARTESIAN_POINT('',(-4.504060810848,-11.22990884608));
#5150 = CARTESIAN_POINT('',(-4.500659490365,-10.69338699383));
#5151 = CARTESIAN_POINT('',(-4.498213500117,-10.15216346481));
#5152 = CARTESIAN_POINT('',(-4.496710582073,-9.608118281946));
#5153 = CARTESIAN_POINT('',(-4.496144061029,-9.062990618857));
#5154 = CARTESIAN_POINT('',(-4.496849823648,-8.022997115732));
#5155 = CARTESIAN_POINT('',(-4.497961192586,-7.528168358272));
#5156 = CARTESIAN_POINT('',(-4.499846532558,-7.035284552141));
#5157 = CARTESIAN_POINT('',(-4.502509332239,-6.545639395956));
#5158 = CARTESIAN_POINT('',(-4.5059572297,-6.060640378657));
#5159 = CARTESIAN_POINT('',(-4.510201709329,-5.581894106946));
#5160 = CARTESIAN_POINT('',(-4.517065625273,-4.943048090898));
#5161 = CARTESIAN_POINT('',(-4.518977123551,-4.775836906011));
#5162 = CARTESIAN_POINT('',(-4.520993257948,-4.609737885661));
#5163 = CARTESIAN_POINT('',(-4.523114885283,-4.444837477097));
#5164 = CARTESIAN_POINT('',(-4.525342925501,-4.281229380815));
#5165 = CARTESIAN_POINT('',(-4.527678361668,-4.119014550559));
#5166 = CARTESIAN_POINT('',(-4.53301187186,-3.768274366464));
#5167 = CARTESIAN_POINT('',(-4.536053070201,-3.580349438014));
#5168 = CARTESIAN_POINT('',(-4.539247709712,-3.394696518107));
#5169 = CARTESIAN_POINT('',(-4.542597719544,-3.211507493165));
#5170 = CARTESIAN_POINT('',(-4.546105089497,-3.030996038612));
#5171 = CARTESIAN_POINT('',(-4.549771876228,-2.853397631587));
#5172 = CARTESIAN_POINT('',(-4.558307695688,-2.464485170466));
#5173 = CARTESIAN_POINT('',(-4.563260043821,-2.25476732538));
#5174 = CARTESIAN_POINT('',(-4.568460736572,-2.05032463644));
#5175 = CARTESIAN_POINT('',(-4.573913112595,-1.851721755334));
#5176 = CARTESIAN_POINT('',(-4.579620223227,-1.659585475817));
#5177 = CARTESIAN_POINT('',(-4.585584689236,-1.47461083211));
#5178 = CARTESIAN_POINT('',(-4.600296432047,-1.056121834324));
#5179 = CARTESIAN_POINT('',(-4.6092865075,-0.828865185424));
#5180 = CARTESIAN_POINT('',(-4.618762815527,-0.618589277863));
#5181 = CARTESIAN_POINT('',(-4.628703524558,-0.427993694534));
#5182 = CARTESIAN_POINT('',(-4.63908131449,-0.25968990012));
#5183 = CARTESIAN_POINT('',(-4.649863600667,-0.11620706687));
#5184 = CARTESIAN_POINT('',(-4.661012607212,5.999999999062E-07));
#5185 = ( GEOMETRIC_REPRESENTATION_CONTEXT(2) 
PARAMETRIC_REPRESENTATION_CONTEXT() REPRESENTATION_CONTEXT('2D SPACE',''
  ) );
#5186 = PCURVE('',#5006,#5187);
#5187 = DEFINITIONAL_REPRESENTATION('',(#5188),#5257);
#5188 = B_SPLINE_CURVE_WITH_KNOTS('',7,(#5189,#5190,#5191,#5192,#5193,
    #5194,#5195,#5196,#5197,#5198,#5199,#5200,#5201,#5202,#5203,#5204,
    #5205,#5206,#5207,#5208,#5209,#5210,#5211,#5212,#5213,#5214,#5215,
    #5216,#5217,#5218,#5219,#5220,#5221,#5222,#5223,#5224,#5225,#5226,
    #5227,#5228,#5229,#5230,#5231,#5232,#5233,#5234,#5235,#5236,#5237,
    #5238,#5239,#5240,#5241,#5242,#5243,#5244,#5245,#5246,#5247,#5248,
    #5249,#5250,#5251,#5252,#5253,#5254,#5255,#5256),.UNSPECIFIED.,.F.,
  .F.,(8,6,6,6,6,6,6,6,6,6,6,8),(0.,0.185482276371,0.282592758557,
    0.348244274525,0.449839070077,0.592313005635,0.701371450946,
    0.800620298102,0.836102602495,0.878056736421,0.929645377311,1.),
  .UNSPECIFIED.);
#5189 = CARTESIAN_POINT('',(0.,-6.027093356185));
#5190 = CARTESIAN_POINT('',(-0.103558449085,-5.999132574932));
#5191 = CARTESIAN_POINT('',(-0.207076670717,-5.995897082243));
#5192 = CARTESIAN_POINT('',(-0.31153487971,-6.017579664409));
#5193 = CARTESIAN_POINT('',(-0.417824858503,-6.063097935697));
#5194 = CARTESIAN_POINT('',(-0.526871411652,-6.129996623152));
#5195 = CARTESIAN_POINT('',(-0.639673095666,-6.213465151534));
#5196 = CARTESIAN_POINT('',(-0.819260919264,-6.353355357716));
#5197 = CARTESIAN_POINT('',(-0.882560182648,-6.403868425564));
#5198 = CARTESIAN_POINT('',(-0.947494371317,-6.455546820231));
#5199 = CARTESIAN_POINT('',(-1.014135653043,-6.506807067624));
#5200 = CARTESIAN_POINT('',(-1.082580647921,-6.55576990315));
#5201 = CARTESIAN_POINT('',(-1.152958303341,-6.600344802181));
#5202 = CARTESIAN_POINT('',(-1.274447840462,-6.664105545499));
#5203 = CARTESIAN_POINT('',(-1.32441642261,-6.686839007272));
#5204 = CARTESIAN_POINT('',(-1.375133794192,-6.705783840569));
#5205 = CARTESIAN_POINT('',(-1.426411946434,-6.720249187599));
#5206 = CARTESIAN_POINT('',(-1.47808057777,-6.72974075513));
#5207 = CARTESIAN_POINT('',(-1.529977085219,-6.734006803178));
#5208 = CARTESIAN_POINT('',(-1.662343538401,-6.731559988188));
#5209 = CARTESIAN_POINT('',(-1.741946520492,-6.717574969025));
#5210 = CARTESIAN_POINT('',(-1.820469082243,-6.691615335422));
#5211 = CARTESIAN_POINT('',(-1.897611371049,-6.655305806949));
#5212 = CARTESIAN_POINT('',(-1.973019433293,-6.611223500282));
#5213 = CARTESIAN_POINT('',(-2.046243651473,-6.562353316077));
#5214 = CARTESIAN_POINT('',(-2.215448282128,-6.440305730016));
#5215 = CARTESIAN_POINT('',(-2.30997910614,-6.364358892456));
#5216 = CARTESIAN_POINT('',(-2.400995400256,-6.289501607524));
#5217 = CARTESIAN_POINT('',(-2.489053963674,-6.220212417799));
#5218 = CARTESIAN_POINT('',(-2.574674898717,-6.159554140739));
#5219 = CARTESIAN_POINT('',(-2.658336019103,-6.109650211655));
#5220 = CARTESIAN_POINT('',(-2.803461008973,-6.043068345254));
#5221 = CARTESIAN_POINT('',(-2.865534507272,-6.021340393179));
#5222 = CARTESIAN_POINT('',(-2.926950063143,-6.007415934605));
#5223 = CARTESIAN_POINT('',(-2.987881612537,-6.001716956097));
#5224 = CARTESIAN_POINT('',(-3.048496090562,-6.004469586688));
#5225 = CARTESIAN_POINT('',(-3.108960209022,-6.01572816127));
#5226 = CARTESIAN_POINT('',(-3.224486725751,-6.053260480851));
#5227 = CARTESIAN_POINT('',(-3.279529491483,-6.078087213597));
#5228 = CARTESIAN_POINT('',(-3.334703827318,-6.10976518074));
#5229 = CARTESIAN_POINT('',(-3.390140028167,-6.148087125626));
#5230 = CARTESIAN_POINT('',(-3.445968845128,-6.192724498463));
#5231 = CARTESIAN_POINT('',(-3.502325779847,-6.243207654798));
#5232 = CARTESIAN_POINT('',(-3.579747005598,-6.31880147543));
#5233 = CARTESIAN_POINT('',(-3.600223675864,-6.339375386353));
#5234 = CARTESIAN_POINT('',(-3.62079513029,-6.360586963079));
#5235 = CARTESIAN_POINT('',(-3.641468977975,-6.382404819267));
#5236 = CARTESIAN_POINT('',(-3.662252951736,-6.40479431462));
#5237 = CARTESIAN_POINT('',(-3.683154908114,-6.42771755489));
#5238 = CARTESIAN_POINT('',(-3.729046154479,-6.478820183286));
#5239 = CARTESIAN_POINT('',(-3.754085308454,-6.507195101407));
#5240 = CARTESIAN_POINT('',(-3.77931492725,-6.53619104389));
#5241 = CARTESIAN_POINT('',(-3.804749357771,-6.56573304507));
#5242 = CARTESIAN_POINT('',(-3.830403065211,-6.595737728922));
#5243 = CARTESIAN_POINT('',(-3.856291042384,-6.626112762034));
#5244 = CARTESIAN_POINT('',(-3.914569866102,-6.694436951273));
#5245 = CARTESIAN_POINT('',(-3.947092879055,-6.732528297144));
#5246 = CARTESIAN_POINT('',(-3.9800240402,-6.770836691995));
#5247 = CARTESIAN_POINT('',(-4.013389772889,-6.809144325437));
#5248 = CARTESIAN_POINT('',(-4.047217587181,-6.847208000196));
#5249 = CARTESIAN_POINT('',(-4.081536525479,-6.884757903451));
#5250 = CARTESIAN_POINT('',(-4.163892549121,-6.971598910051));
#5251 = CARTESIAN_POINT('',(-4.212489221114,-7.02030902872));
#5252 = CARTESIAN_POINT('',(-4.262113526865,-7.066711367053));
#5253 = CARTESIAN_POINT('',(-4.312729127693,-7.10983441842));
#5254 = CARTESIAN_POINT('',(-4.364314661226,-7.148689796869));
#5255 = CARTESIAN_POINT('',(-4.416863017629,-7.182317667313));
#5256 = CARTESIAN_POINT('',(-4.470382674351,-7.209838345685));
#5257 = ( GEOMETRIC_REPRESENTATION_CONTEXT(2) 
PARAMETRIC_REPRESENTATION_CONTEXT() REPRESENTATION_CONTEXT('2D SPACE',''
  ) );
#5258 = ORIENTED_EDGE('',*,*,#5259,.F.);
#5259 = EDGE_CURVE('',#5260,#5042,#5262,.T.);
#5260 = VERTEX_POINT('',#5261);
#5261 = CARTESIAN_POINT('',(-26.24826644658,-32.78762736992,62.));
#5262 = SURFACE_CURVE('',#5263,(#5268,#5275),.PCURVE_S1.);
#5263 = CIRCLE('',#5264,42.);
#5264 = AXIS2_PLACEMENT_3D('',#5265,#5266,#5267);
#5265 = CARTESIAN_POINT('',(0.,0.,62.));
#5266 = DIRECTION('',(0.,0.,1.));
#5267 = DIRECTION('',(1.,0.,0.));
#5268 = PCURVE('',#4325,#5269);
#5269 = DEFINITIONAL_REPRESENTATION('',(#5270),#5274);
#5270 = LINE('',#5271,#5272);
#5271 = CARTESIAN_POINT('',(-0.,0.));
#5272 = VECTOR('',#5273,1.);
#5273 = DIRECTION('',(-1.,0.));
#5274 = ( GEOMETRIC_REPRESENTATION_CONTEXT(2) 
PARAMETRIC_REPRESENTATION_CONTEXT() REPRESENTATION_CONTEXT('2D SPACE',''
  ) );
#5275 = PCURVE('',#4337,#5276);
#5276 = DEFINITIONAL_REPRESENTATION('',(#5277),#5281);
#5277 = CIRCLE('',#5278,42.);
#5278 = AXIS2_PLACEMENT_2D('',#5279,#5280);
#5279 = CARTESIAN_POINT('',(2.083718297203E-15,-3.692127783966E-16));
#5280 = DIRECTION('',(1.,0.));
#5281 = ( GEOMETRIC_REPRESENTATION_CONTEXT(2) 
PARAMETRIC_REPRESENTATION_CONTEXT() REPRESENTATION_CONTEXT('2D SPACE',''
  ) );
#5282 = ORIENTED_EDGE('',*,*,#5283,.F.);
#5283 = EDGE_CURVE('',#5284,#5260,#5286,.T.);
#5284 = VERTEX_POINT('',#5285);
#5285 = CARTESIAN_POINT('',(-26.24826644658,-32.78762736992,67.));
#5286 = SURFACE_CURVE('',#5287,(#5291,#5297),.PCURVE_S1.);
#5287 = LINE('',#5288,#5289);
#5288 = CARTESIAN_POINT('',(-26.24826644658,-32.78762736992,62.));
#5289 = VECTOR('',#5290,1.);
#5290 = DIRECTION('',(-0.,-0.,-1.));
#5291 = PCURVE('',#4325,#5292);
#5292 = DEFINITIONAL_REPRESENTATION('',(#5293),#5296);
#5293 = B_SPLINE_CURVE_WITH_KNOTS('',1,(#5294,#5295),.UNSPECIFIED.,.F.,
  .F.,(2,2),(-5.0000006,6.000000212225E-07),.PIECEWISE_BEZIER_KNOTS.);
#5294 = CARTESIAN_POINT('',(-4.037310320749,-5.0000006));
#5295 = CARTESIAN_POINT('',(-4.037310320749,6.000000212225E-07));
#5296 = ( GEOMETRIC_REPRESENTATION_CONTEXT(2) 
PARAMETRIC_REPRESENTATION_CONTEXT() REPRESENTATION_CONTEXT('2D SPACE',''
  ) );
#5297 = PCURVE('',#5298,#5303);
#5298 = CYLINDRICAL_SURFACE('',#5299,7.);
#5299 = AXIS2_PLACEMENT_3D('',#5300,#5301,#5302);
#5300 = CARTESIAN_POINT('',(-33.23401871576,-33.23401871576,62.));
#5301 = DIRECTION('',(-0.,-0.,-1.));
#5302 = DIRECTION('',(1.,0.,0.));
#5303 = DEFINITIONAL_REPRESENTATION('',(#5304),#5307);
#5304 = B_SPLINE_CURVE_WITH_KNOTS('',1,(#5305,#5306),.UNSPECIFIED.,.F.,
  .F.,(2,2),(-5.,0.),.PIECEWISE_BEZIER_KNOTS.);
#5305 = CARTESIAN_POINT('',(-6.346998800439,-5.));
#5306 = CARTESIAN_POINT('',(-6.346998800439,0.));
#5307 = ( GEOMETRIC_REPRESENTATION_CONTEXT(2) 
PARAMETRIC_REPRESENTATION_CONTEXT() REPRESENTATION_CONTEXT('2D SPACE',''
  ) );
#5308 = ORIENTED_EDGE('',*,*,#5309,.T.);
#5309 = EDGE_CURVE('',#5284,#5310,#5312,.T.);
#5310 = VERTEX_POINT('',#5311);
#5311 = CARTESIAN_POINT('',(-32.78762736992,-26.24826644658,67.));
#5312 = SURFACE_CURVE('',#5313,(#5318,#5325),.PCURVE_S1.);
#5313 = CIRCLE('',#5314,42.);
#5314 = AXIS2_PLACEMENT_3D('',#5315,#5316,#5317);
#5315 = CARTESIAN_POINT('',(0.,0.,67.));
#5316 = DIRECTION('',(0.,0.,-1.));
#5317 = DIRECTION('',(1.,0.,0.));
#5318 = PCURVE('',#4325,#5319);
#5319 = DEFINITIONAL_REPRESENTATION('',(#5320),#5324);
#5320 = LINE('',#5321,#5322);
#5321 = CARTESIAN_POINT('',(-6.28318530718,-5.));
#5322 = VECTOR('',#5323,1.);
#5323 = DIRECTION('',(1.,-0.));
#5324 = ( GEOMETRIC_REPRESENTATION_CONTEXT(2) 
PARAMETRIC_REPRESENTATION_CONTEXT() REPRESENTATION_CONTEXT('2D SPACE',''
  ) );
#5325 = PCURVE('',#5326,#5331);
#5326 = PLANE('',#5327);
#5327 = AXIS2_PLACEMENT_3D('',#5328,#5329,#5330);
#5328 = CARTESIAN_POINT('',(-33.23401871576,-33.23401871576,67.));
#5329 = DIRECTION('',(0.,0.,1.));
#5330 = DIRECTION('',(1.,0.,-0.));
#5331 = DEFINITIONAL_REPRESENTATION('',(#5332),#5340);
#5332 = ( BOUNDED_CURVE() B_SPLINE_CURVE(2,(#5333,#5334,#5335,#5336,
#5337,#5338,#5339),.UNSPECIFIED.,.T.,.F.) B_SPLINE_CURVE_WITH_KNOTS((1,2
    ,2,2,2,1),(-2.094395102393,0.,2.094395102393,4.188790204786,
6.28318530718,8.377580409573),.UNSPECIFIED.) CURVE() 
GEOMETRIC_REPRESENTATION_ITEM() RATIONAL_B_SPLINE_CURVE((1.,0.5,1.,0.5,
1.,0.5,1.)) REPRESENTATION_ITEM('') );
#5333 = CARTESIAN_POINT('',(75.234018715768,33.234018715768));
#5334 = CARTESIAN_POINT('',(75.234018715768,-39.51211520212));
#5335 = CARTESIAN_POINT('',(12.234018715768,-3.139048243179));
#5336 = CARTESIAN_POINT('',(-50.76598128423,33.234018715768));
#5337 = CARTESIAN_POINT('',(12.234018715768,69.607085674714));
#5338 = CARTESIAN_POINT('',(75.234018715768,105.98015263366));
#5339 = CARTESIAN_POINT('',(75.234018715768,33.234018715768));
#5340 = ( GEOMETRIC_REPRESENTATION_CONTEXT(2) 
PARAMETRIC_REPRESENTATION_CONTEXT() REPRESENTATION_CONTEXT('2D SPACE',''
  ) );
#5341 = ORIENTED_EDGE('',*,*,#5342,.T.);
#5342 = EDGE_CURVE('',#5310,#5343,#5345,.T.);
#5343 = VERTEX_POINT('',#5344);
#5344 = CARTESIAN_POINT('',(-32.78762736992,-26.24826644658,62.));
#5345 = SURFACE_CURVE('',#5346,(#5350,#5356),.PCURVE_S1.);
#5346 = LINE('',#5347,#5348);
#5347 = CARTESIAN_POINT('',(-32.78762736992,-26.24826644658,62.));
#5348 = VECTOR('',#5349,1.);
#5349 = DIRECTION('',(-0.,-0.,-1.));
#5350 = PCURVE('',#4325,#5351);
#5351 = DEFINITIONAL_REPRESENTATION('',(#5352),#5355);
#5352 = B_SPLINE_CURVE_WITH_KNOTS('',1,(#5353,#5354),.UNSPECIFIED.,.F.,
  .F.,(2,2),(-5.0000006,6.000000212225E-07),.PIECEWISE_BEZIER_KNOTS.);
#5353 = CARTESIAN_POINT('',(-3.816671313225,-5.0000006));
#5354 = CARTESIAN_POINT('',(-3.816671313225,6.000000212225E-07));
#5355 = ( GEOMETRIC_REPRESENTATION_CONTEXT(2) 
PARAMETRIC_REPRESENTATION_CONTEXT() REPRESENTATION_CONTEXT('2D SPACE',''
  ) );
#5356 = PCURVE('',#5298,#5357);
#5357 = DEFINITIONAL_REPRESENTATION('',(#5358),#5361);
#5358 = B_SPLINE_CURVE_WITH_KNOTS('',1,(#5359,#5360),.UNSPECIFIED.,.F.,
  .F.,(2,2),(-5.,0.),.PIECEWISE_BEZIER_KNOTS.);
#5359 = CARTESIAN_POINT('',(-1.506982833536,-5.));
#5360 = CARTESIAN_POINT('',(-1.506982833536,0.));
#5361 = ( GEOMETRIC_REPRESENTATION_CONTEXT(2) 
PARAMETRIC_REPRESENTATION_CONTEXT() REPRESENTATION_CONTEXT('2D SPACE',''
  ) );
#5362 = ORIENTED_EDGE('',*,*,#5363,.F.);
#5363 = EDGE_CURVE('',#5364,#5343,#5366,.T.);
#5364 = VERTEX_POINT('',#5365);
#5365 = CARTESIAN_POINT('',(-32.78762736992,26.248266446587,62.));
#5366 = SURFACE_CURVE('',#5367,(#5372,#5379),.PCURVE_S1.);
#5367 = CIRCLE('',#5368,42.);
#5368 = AXIS2_PLACEMENT_3D('',#5369,#5370,#5371);
#5369 = CARTESIAN_POINT('',(0.,0.,62.));
#5370 = DIRECTION('',(0.,0.,1.));
#5371 = DIRECTION('',(1.,0.,0.));
#5372 = PCURVE('',#4325,#5373);
#5373 = DEFINITIONAL_REPRESENTATION('',(#5374),#5378);
#5374 = LINE('',#5375,#5376);
#5375 = CARTESIAN_POINT('',(-0.,0.));
#5376 = VECTOR('',#5377,1.);
#5377 = DIRECTION('',(-1.,0.));
#5378 = ( GEOMETRIC_REPRESENTATION_CONTEXT(2) 
PARAMETRIC_REPRESENTATION_CONTEXT() REPRESENTATION_CONTEXT('2D SPACE',''
  ) );
#5379 = PCURVE('',#4337,#5380);
#5380 = DEFINITIONAL_REPRESENTATION('',(#5381),#5385);
#5381 = CIRCLE('',#5382,42.);
#5382 = AXIS2_PLACEMENT_2D('',#5383,#5384);
#5383 = CARTESIAN_POINT('',(2.083718297203E-15,-3.692127783966E-16));
#5384 = DIRECTION('',(1.,0.));
#5385 = ( GEOMETRIC_REPRESENTATION_CONTEXT(2) 
PARAMETRIC_REPRESENTATION_CONTEXT() REPRESENTATION_CONTEXT('2D SPACE',''
  ) );
#5386 = ORIENTED_EDGE('',*,*,#5387,.F.);
#5387 = EDGE_CURVE('',#5388,#5364,#5390,.T.);
#5388 = VERTEX_POINT('',#5389);
#5389 = CARTESIAN_POINT('',(-32.78762736992,26.248266446588,67.));
#5390 = SURFACE_CURVE('',#5391,(#5395,#5401),.PCURVE_S1.);
#5391 = LINE('',#5392,#5393);
#5392 = CARTESIAN_POINT('',(-32.78762736992,26.248266446588,62.));
#5393 = VECTOR('',#5394,1.);
#5394 = DIRECTION('',(-0.,-0.,-1.));
#5395 = PCURVE('',#4325,#5396);
#5396 = DEFINITIONAL_REPRESENTATION('',(#5397),#5400);
#5397 = B_SPLINE_CURVE_WITH_KNOTS('',1,(#5398,#5399),.UNSPECIFIED.,.F.,
  .F.,(2,2),(-5.0000006,6.000000212225E-07),.PIECEWISE_BEZIER_KNOTS.);
#5398 = CARTESIAN_POINT('',(-2.466513993954,-5.0000006));
#5399 = CARTESIAN_POINT('',(-2.466513993954,6.000000212225E-07));
#5400 = ( GEOMETRIC_REPRESENTATION_CONTEXT(2) 
PARAMETRIC_REPRESENTATION_CONTEXT() REPRESENTATION_CONTEXT('2D SPACE',''
  ) );
#5401 = PCURVE('',#5402,#5407);
#5402 = CYLINDRICAL_SURFACE('',#5403,7.);
#5403 = AXIS2_PLACEMENT_3D('',#5404,#5405,#5406);
#5404 = CARTESIAN_POINT('',(-33.23401871576,33.234018715768,62.));
#5405 = DIRECTION('',(-0.,-0.,-1.));
#5406 = DIRECTION('',(1.,0.,0.));
#5407 = DEFINITIONAL_REPRESENTATION('',(#5408),#5411);
#5408 = B_SPLINE_CURVE_WITH_KNOTS('',1,(#5409,#5410),.UNSPECIFIED.,.F.,
  .F.,(2,2),(-5.,0.),.PIECEWISE_BEZIER_KNOTS.);
#5409 = CARTESIAN_POINT('',(-11.05938778082,-5.));
#5410 = CARTESIAN_POINT('',(-11.05938778082,0.));
#5411 = ( GEOMETRIC_REPRESENTATION_CONTEXT(2) 
PARAMETRIC_REPRESENTATION_CONTEXT() REPRESENTATION_CONTEXT('2D SPACE',''
  ) );
#5412 = ORIENTED_EDGE('',*,*,#5413,.T.);
#5413 = EDGE_CURVE('',#5388,#5414,#5416,.T.);
#5414 = VERTEX_POINT('',#5415);
#5415 = CARTESIAN_POINT('',(-26.24826644658,32.787627369923,67.));
#5416 = SURFACE_CURVE('',#5417,(#5422,#5429),.PCURVE_S1.);
#5417 = CIRCLE('',#5418,42.);
#5418 = AXIS2_PLACEMENT_3D('',#5419,#5420,#5421);
#5419 = CARTESIAN_POINT('',(0.,0.,67.));
#5420 = DIRECTION('',(0.,0.,-1.));
#5421 = DIRECTION('',(1.,0.,0.));
#5422 = PCURVE('',#4325,#5423);
#5423 = DEFINITIONAL_REPRESENTATION('',(#5424),#5428);
#5424 = LINE('',#5425,#5426);
#5425 = CARTESIAN_POINT('',(-6.28318530718,-5.));
#5426 = VECTOR('',#5427,1.);
#5427 = DIRECTION('',(1.,-0.));
#5428 = ( GEOMETRIC_REPRESENTATION_CONTEXT(2) 
PARAMETRIC_REPRESENTATION_CONTEXT() REPRESENTATION_CONTEXT('2D SPACE',''
  ) );
#5429 = PCURVE('',#5430,#5435);
#5430 = PLANE('',#5431);
#5431 = AXIS2_PLACEMENT_3D('',#5432,#5433,#5434);
#5432 = CARTESIAN_POINT('',(-33.23401871576,33.234018715768,67.));
#5433 = DIRECTION('',(0.,0.,1.));
#5434 = DIRECTION('',(1.,0.,-0.));
#5435 = DEFINITIONAL_REPRESENTATION('',(#5436),#5444);
#5436 = ( BOUNDED_CURVE() B_SPLINE_CURVE(2,(#5437,#5438,#5439,#5440,
#5441,#5442,#5443),.UNSPECIFIED.,.T.,.F.) B_SPLINE_CURVE_WITH_KNOTS((1,2
    ,2,2,2,1),(-2.094395102393,0.,2.094395102393,4.188790204786,
6.28318530718,8.377580409573),.UNSPECIFIED.) CURVE() 
GEOMETRIC_REPRESENTATION_ITEM() RATIONAL_B_SPLINE_CURVE((1.,0.5,1.,0.5,
1.,0.5,1.)) REPRESENTATION_ITEM('') );
#5437 = CARTESIAN_POINT('',(75.234018715768,-33.23401871576));
#5438 = CARTESIAN_POINT('',(75.234018715768,-105.9801526336));
#5439 = CARTESIAN_POINT('',(12.234018715768,-69.60708567471));
#5440 = CARTESIAN_POINT('',(-50.76598128423,-33.23401871576));
#5441 = CARTESIAN_POINT('',(12.234018715768,3.139048243179));
#5442 = CARTESIAN_POINT('',(75.234018715768,39.512115202125));
#5443 = CARTESIAN_POINT('',(75.234018715768,-33.23401871576));
#5444 = ( GEOMETRIC_REPRESENTATION_CONTEXT(2) 
PARAMETRIC_REPRESENTATION_CONTEXT() REPRESENTATION_CONTEXT('2D SPACE',''
  ) );
#5445 = ORIENTED_EDGE('',*,*,#5446,.T.);
#5446 = EDGE_CURVE('',#5414,#5447,#5449,.T.);
#5447 = VERTEX_POINT('',#5448);
#5448 = CARTESIAN_POINT('',(-26.24826644658,32.787627369924,62.));
#5449 = SURFACE_CURVE('',#5450,(#5454,#5460),.PCURVE_S1.);
#5450 = LINE('',#5451,#5452);
#5451 = CARTESIAN_POINT('',(-26.24826644658,32.787627369923,62.));
#5452 = VECTOR('',#5453,1.);
#5453 = DIRECTION('',(-0.,-0.,-1.));
#5454 = PCURVE('',#4325,#5455);
#5455 = DEFINITIONAL_REPRESENTATION('',(#5456),#5459);
#5456 = B_SPLINE_CURVE_WITH_KNOTS('',1,(#5457,#5458),.UNSPECIFIED.,.F.,
  .F.,(2,2),(-5.0000006,6.000000212225E-07),.PIECEWISE_BEZIER_KNOTS.);
#5457 = CARTESIAN_POINT('',(-2.245874986431,-5.0000006));
#5458 = CARTESIAN_POINT('',(-2.245874986431,6.000000212225E-07));
#5459 = ( GEOMETRIC_REPRESENTATION_CONTEXT(2) 
PARAMETRIC_REPRESENTATION_CONTEXT() REPRESENTATION_CONTEXT('2D SPACE',''
  ) );
#5460 = PCURVE('',#5402,#5461);
#5461 = DEFINITIONAL_REPRESENTATION('',(#5462),#5465);
#5462 = B_SPLINE_CURVE_WITH_KNOTS('',1,(#5463,#5464),.UNSPECIFIED.,.F.,
  .F.,(2,2),(-5.,-0.),.PIECEWISE_BEZIER_KNOTS.);
#5463 = CARTESIAN_POINT('',(-6.219371813921,-5.));
#5464 = CARTESIAN_POINT('',(-6.219371813921,0.));
#5465 = ( GEOMETRIC_REPRESENTATION_CONTEXT(2) 
PARAMETRIC_REPRESENTATION_CONTEXT() REPRESENTATION_CONTEXT('2D SPACE',''
  ) );
#5466 = ORIENTED_EDGE('',*,*,#5467,.F.);
#5467 = EDGE_CURVE('',#5468,#5447,#5470,.T.);
#5468 = VERTEX_POINT('',#5469);
#5469 = CARTESIAN_POINT('',(26.248266446587,32.787627369924,62.));
#5470 = SURFACE_CURVE('',#5471,(#5476,#5483),.PCURVE_S1.);
#5471 = CIRCLE('',#5472,42.);
#5472 = AXIS2_PLACEMENT_3D('',#5473,#5474,#5475);
#5473 = CARTESIAN_POINT('',(0.,0.,62.));
#5474 = DIRECTION('',(0.,0.,1.));
#5475 = DIRECTION('',(1.,0.,0.));
#5476 = PCURVE('',#4325,#5477);
#5477 = DEFINITIONAL_REPRESENTATION('',(#5478),#5482);
#5478 = LINE('',#5479,#5480);
#5479 = CARTESIAN_POINT('',(-0.,0.));
#5480 = VECTOR('',#5481,1.);
#5481 = DIRECTION('',(-1.,0.));
#5482 = ( GEOMETRIC_REPRESENTATION_CONTEXT(2) 
PARAMETRIC_REPRESENTATION_CONTEXT() REPRESENTATION_CONTEXT('2D SPACE',''
  ) );
#5483 = PCURVE('',#4337,#5484);
#5484 = DEFINITIONAL_REPRESENTATION('',(#5485),#5489);
#5485 = CIRCLE('',#5486,42.);
#5486 = AXIS2_PLACEMENT_2D('',#5487,#5488);
#5487 = CARTESIAN_POINT('',(2.083718297203E-15,-3.692127783966E-16));
#5488 = DIRECTION('',(1.,0.));
#5489 = ( GEOMETRIC_REPRESENTATION_CONTEXT(2) 
PARAMETRIC_REPRESENTATION_CONTEXT() REPRESENTATION_CONTEXT('2D SPACE',''
  ) );
#5490 = ORIENTED_EDGE('',*,*,#5491,.F.);
#5491 = EDGE_CURVE('',#5492,#5468,#5494,.T.);
#5492 = VERTEX_POINT('',#5493);
#5493 = CARTESIAN_POINT('',(26.248266446588,32.787627369923,67.));
#5494 = SURFACE_CURVE('',#5495,(#5499,#5505),.PCURVE_S1.);
#5495 = LINE('',#5496,#5497);
#5496 = CARTESIAN_POINT('',(26.248266446588,32.787627369923,62.));
#5497 = VECTOR('',#5498,1.);
#5498 = DIRECTION('',(-0.,-0.,-1.));
#5499 = PCURVE('',#4325,#5500);
#5500 = DEFINITIONAL_REPRESENTATION('',(#5501),#5504);
#5501 = B_SPLINE_CURVE_WITH_KNOTS('',1,(#5502,#5503),.UNSPECIFIED.,.F.,
  .F.,(2,2),(-5.0000006,6.000000212225E-07),.PIECEWISE_BEZIER_KNOTS.);
#5502 = CARTESIAN_POINT('',(-0.895717667159,-5.0000006));
#5503 = CARTESIAN_POINT('',(-0.895717667159,6.000000212225E-07));
#5504 = ( GEOMETRIC_REPRESENTATION_CONTEXT(2) 
PARAMETRIC_REPRESENTATION_CONTEXT() REPRESENTATION_CONTEXT('2D SPACE',''
  ) );
#5505 = PCURVE('',#5506,#5511);
#5506 = CYLINDRICAL_SURFACE('',#5507,7.);
#5507 = AXIS2_PLACEMENT_3D('',#5508,#5509,#5510);
#5508 = CARTESIAN_POINT('',(33.234018715768,33.234018715768,62.));
#5509 = DIRECTION('',(-0.,-0.,-1.));
#5510 = DIRECTION('',(1.,0.,0.));
#5511 = DEFINITIONAL_REPRESENTATION('',(#5512),#5515);
#5512 = B_SPLINE_CURVE_WITH_KNOTS('',1,(#5513,#5514),.UNSPECIFIED.,.F.,
  .F.,(2,2),(-5.,0.),.PIECEWISE_BEZIER_KNOTS.);
#5513 = CARTESIAN_POINT('',(-9.488591454028,-5.));
#5514 = CARTESIAN_POINT('',(-9.488591454028,0.));
#5515 = ( GEOMETRIC_REPRESENTATION_CONTEXT(2) 
PARAMETRIC_REPRESENTATION_CONTEXT() REPRESENTATION_CONTEXT('2D SPACE',''
  ) );
#5516 = ORIENTED_EDGE('',*,*,#5517,.T.);
#5517 = EDGE_CURVE('',#5492,#5518,#5520,.T.);
#5518 = VERTEX_POINT('',#5519);
#5519 = CARTESIAN_POINT('',(32.787627369923,26.248266446588,67.));
#5520 = SURFACE_CURVE('',#5521,(#5526,#5533),.PCURVE_S1.);
#5521 = CIRCLE('',#5522,42.);
#5522 = AXIS2_PLACEMENT_3D('',#5523,#5524,#5525);
#5523 = CARTESIAN_POINT('',(0.,0.,67.));
#5524 = DIRECTION('',(0.,0.,-1.));
#5525 = DIRECTION('',(1.,0.,0.));
#5526 = PCURVE('',#4325,#5527);
#5527 = DEFINITIONAL_REPRESENTATION('',(#5528),#5532);
#5528 = LINE('',#5529,#5530);
#5529 = CARTESIAN_POINT('',(-6.28318530718,-5.));
#5530 = VECTOR('',#5531,1.);
#5531 = DIRECTION('',(1.,-0.));
#5532 = ( GEOMETRIC_REPRESENTATION_CONTEXT(2) 
PARAMETRIC_REPRESENTATION_CONTEXT() REPRESENTATION_CONTEXT('2D SPACE',''
  ) );
#5533 = PCURVE('',#5534,#5539);
#5534 = PLANE('',#5535);
#5535 = AXIS2_PLACEMENT_3D('',#5536,#5537,#5538);
#5536 = CARTESIAN_POINT('',(33.234018715768,33.234018715768,67.));
#5537 = DIRECTION('',(0.,0.,1.));
#5538 = DIRECTION('',(1.,0.,-0.));
#5539 = DEFINITIONAL_REPRESENTATION('',(#5540),#5548);
#5540 = ( BOUNDED_CURVE() B_SPLINE_CURVE(2,(#5541,#5542,#5543,#5544,
#5545,#5546,#5547),.UNSPECIFIED.,.T.,.F.) B_SPLINE_CURVE_WITH_KNOTS((1,2
    ,2,2,2,1),(-2.094395102393,0.,2.094395102393,4.188790204786,
6.28318530718,8.377580409573),.UNSPECIFIED.) CURVE() 
GEOMETRIC_REPRESENTATION_ITEM() RATIONAL_B_SPLINE_CURVE((1.,0.5,1.,0.5,
1.,0.5,1.)) REPRESENTATION_ITEM('') );
#5541 = CARTESIAN_POINT('',(8.765981284232,-33.23401871576));
#5542 = CARTESIAN_POINT('',(8.765981284232,-105.9801526336));
#5543 = CARTESIAN_POINT('',(-54.23401871576,-69.60708567471));
#5544 = CARTESIAN_POINT('',(-117.2340187157,-33.23401871576));
#5545 = CARTESIAN_POINT('',(-54.23401871576,3.139048243179));
#5546 = CARTESIAN_POINT('',(8.765981284232,39.512115202125));
#5547 = CARTESIAN_POINT('',(8.765981284232,-33.23401871576));
#5548 = ( GEOMETRIC_REPRESENTATION_CONTEXT(2) 
PARAMETRIC_REPRESENTATION_CONTEXT() REPRESENTATION_CONTEXT('2D SPACE',''
  ) );
#5549 = ORIENTED_EDGE('',*,*,#5550,.T.);
#5550 = EDGE_CURVE('',#5518,#4316,#5551,.T.);
#5551 = SURFACE_CURVE('',#5552,(#5556,#5562),.PCURVE_S1.);
#5552 = LINE('',#5553,#5554);
#5553 = CARTESIAN_POINT('',(32.787627369923,26.248266446588,62.));
#5554 = VECTOR('',#5555,1.);
#5555 = DIRECTION('',(-0.,-0.,-1.));
#5556 = PCURVE('',#4325,#5557);
#5557 = DEFINITIONAL_REPRESENTATION('',(#5558),#5561);
#5558 = B_SPLINE_CURVE_WITH_KNOTS('',1,(#5559,#5560),.UNSPECIFIED.,.F.,
  .F.,(2,2),(-5.0000006,6.000000212225E-07),.PIECEWISE_BEZIER_KNOTS.);
#5559 = CARTESIAN_POINT('',(-0.675078659636,-5.0000006));
#5560 = CARTESIAN_POINT('',(-0.675078659636,6.000000212225E-07));
#5561 = ( GEOMETRIC_REPRESENTATION_CONTEXT(2) 
PARAMETRIC_REPRESENTATION_CONTEXT() REPRESENTATION_CONTEXT('2D SPACE',''
  ) );
#5562 = PCURVE('',#5506,#5563);
#5563 = DEFINITIONAL_REPRESENTATION('',(#5564),#5567);
#5564 = B_SPLINE_CURVE_WITH_KNOTS('',1,(#5565,#5566),.UNSPECIFIED.,.F.,
  .F.,(2,2),(-5.,0.),.PIECEWISE_BEZIER_KNOTS.);
#5565 = CARTESIAN_POINT('',(-4.648575487126,-5.));
#5566 = CARTESIAN_POINT('',(-4.648575487126,0.));
#5567 = ( GEOMETRIC_REPRESENTATION_CONTEXT(2) 
PARAMETRIC_REPRESENTATION_CONTEXT() REPRESENTATION_CONTEXT('2D SPACE',''
  ) );
#5568 = ADVANCED_FACE('',(#5569,#5762,#5797,#5832,#5867,#5902),#4337,.F.
  );
#5569 = FACE_BOUND('',#5570,.F.);
#5570 = EDGE_LOOP('',(#5571,#5599,#5600,#5626,#5627,#5628,#5654,#5655,
    #5681,#5682,#5708,#5709,#5737));
#5571 = ORIENTED_EDGE('',*,*,#5572,.F.);
#5572 = EDGE_CURVE('',#4921,#5573,#5575,.T.);
#5573 = VERTEX_POINT('',#5574);
#5574 = CARTESIAN_POINT('',(0.908519537489,-34.7315,62.));
#5575 = SURFACE_CURVE('',#5576,(#5581,#5588),.PCURVE_S1.);
#5576 = ELLIPSE('',#5577,300.13496963866,9.);
#5577 = AXIS2_PLACEMENT_3D('',#5578,#5579,#5580);
#5578 = CARTESIAN_POINT('',(0.,-333.3333333333,62.));
#5579 = DIRECTION('',(0.,0.,1.));
#5580 = DIRECTION('',(0.,1.,-0.));
#5581 = PCURVE('',#4337,#5582);
#5582 = DEFINITIONAL_REPRESENTATION('',(#5583),#5587);
#5583 = ELLIPSE('',#5584,300.13496963866,9.);
#5584 = AXIS2_PLACEMENT_2D('',#5585,#5586);
#5585 = CARTESIAN_POINT('',(2.083718297203E-15,-333.3333333333));
#5586 = DIRECTION('',(0.,1.));
#5587 = ( GEOMETRIC_REPRESENTATION_CONTEXT(2) 
PARAMETRIC_REPRESENTATION_CONTEXT() REPRESENTATION_CONTEXT('2D SPACE',''
  ) );
#5588 = PCURVE('',#5006,#5589);
#5589 = DEFINITIONAL_REPRESENTATION('',(#5590),#5598);
#5590 = B_SPLINE_CURVE_WITH_KNOTS('',6,(#5591,#5592,#5593,#5594,#5595,
    #5596,#5597),.UNSPECIFIED.,.F.,.F.,(7,7),(5.942982454454,
    6.182066476049),.PIECEWISE_BEZIER_KNOTS.);
#5591 = CARTESIAN_POINT('',(-5.05259183311,-15.66145393074));
#5592 = CARTESIAN_POINT('',(-5.012744496178,-11.67259613019));
#5593 = CARTESIAN_POINT('',(-4.972897159246,-8.22258924449));
#5594 = CARTESIAN_POINT('',(-4.933049822313,-5.322833636121));
#5595 = CARTESIAN_POINT('',(-4.893202485381,-2.982163013342));
#5596 = CARTESIAN_POINT('',(-4.853355148448,-1.206735301702));
#5597 = CARTESIAN_POINT('',(-4.813507811516,6.000001633311E-07));
#5598 = ( GEOMETRIC_REPRESENTATION_CONTEXT(2) 
PARAMETRIC_REPRESENTATION_CONTEXT() REPRESENTATION_CONTEXT('2D SPACE',''
  ) );
#5599 = ORIENTED_EDGE('',*,*,#4920,.T.);
#5600 = ORIENTED_EDGE('',*,*,#5601,.F.);
#5601 = EDGE_CURVE('',#4817,#4900,#5602,.T.);
#5602 = SURFACE_CURVE('',#5603,(#5608,#5619),.PCURVE_S1.);
#5603 = CIRCLE('',#5604,7.);
#5604 = AXIS2_PLACEMENT_3D('',#5605,#5606,#5607);
#5605 = CARTESIAN_POINT('',(33.234018715768,-33.23401871576,62.));
#5606 = DIRECTION('',(0.,0.,-1.));
#5607 = DIRECTION('',(-6.377019226345E-02,0.997964609883,0.));
#5608 = PCURVE('',#4337,#5609);
#5609 = DEFINITIONAL_REPRESENTATION('',(#5610),#5618);
#5610 = ( BOUNDED_CURVE() B_SPLINE_CURVE(2,(#5611,#5612,#5613,#5614,
#5615,#5616,#5617),.UNSPECIFIED.,.T.,.F.) B_SPLINE_CURVE_WITH_KNOTS((1,2
    ,2,2,2,1),(-2.094395102393,0.,2.094395102393,4.188790204786,
6.28318530718,8.377580409573),.UNSPECIFIED.) CURVE() 
GEOMETRIC_REPRESENTATION_ITEM() RATIONAL_B_SPLINE_CURVE((1.,0.5,1.,0.5,
1.,0.5,1.)) REPRESENTATION_ITEM('') );
#5611 = CARTESIAN_POINT('',(32.787627369924,-26.24826644658));
#5612 = CARTESIAN_POINT('',(44.887305229233,-25.47509395552));
#5613 = CARTESIAN_POINT('',(39.507053318345,-36.34030860482));
#5614 = CARTESIAN_POINT('',(34.126801407456,-47.20552325412));
#5615 = CARTESIAN_POINT('',(27.407375459035,-37.11348109588));
#5616 = CARTESIAN_POINT('',(20.687949510614,-27.02143893764));
#5617 = CARTESIAN_POINT('',(32.787627369924,-26.24826644658));
#5618 = ( GEOMETRIC_REPRESENTATION_CONTEXT(2) 
PARAMETRIC_REPRESENTATION_CONTEXT() REPRESENTATION_CONTEXT('2D SPACE',''
  ) );
#5619 = PCURVE('',#4855,#5620);
#5620 = DEFINITIONAL_REPRESENTATION('',(#5621),#5625);
#5621 = LINE('',#5622,#5623);
#5622 = CARTESIAN_POINT('',(-7.917795127233,0.));
#5623 = VECTOR('',#5624,1.);
#5624 = DIRECTION('',(1.,-0.));
#5625 = ( GEOMETRIC_REPRESENTATION_CONTEXT(2) 
PARAMETRIC_REPRESENTATION_CONTEXT() REPRESENTATION_CONTEXT('2D SPACE',''
  ) );
#5626 = ORIENTED_EDGE('',*,*,#4816,.T.);
#5627 = ORIENTED_EDGE('',*,*,#4313,.T.);
#5628 = ORIENTED_EDGE('',*,*,#5629,.F.);
#5629 = EDGE_CURVE('',#5468,#4316,#5630,.T.);
#5630 = SURFACE_CURVE('',#5631,(#5636,#5647),.PCURVE_S1.);
#5631 = CIRCLE('',#5632,7.);
#5632 = AXIS2_PLACEMENT_3D('',#5633,#5634,#5635);
#5633 = CARTESIAN_POINT('',(33.234018715768,33.234018715768,62.));
#5634 = DIRECTION('',(-0.,0.,-1.));
#5635 = DIRECTION('',(-0.997964609883,-6.377019226344E-02,0.));
#5636 = PCURVE('',#4337,#5637);
#5637 = DEFINITIONAL_REPRESENTATION('',(#5638),#5646);
#5638 = ( BOUNDED_CURVE() B_SPLINE_CURVE(2,(#5639,#5640,#5641,#5642,
#5643,#5644,#5645),.UNSPECIFIED.,.T.,.F.) B_SPLINE_CURVE_WITH_KNOTS((1,2
    ,2,2,2,1),(-2.094395102393,0.,2.094395102393,4.188790204786,
6.28318530718,8.377580409573),.UNSPECIFIED.) CURVE() 
GEOMETRIC_REPRESENTATION_ITEM() RATIONAL_B_SPLINE_CURVE((1.,0.5,1.,0.5,
1.,0.5,1.)) REPRESENTATION_ITEM('') );
#5639 = CARTESIAN_POINT('',(26.248266446588,32.787627369924));
#5640 = CARTESIAN_POINT('',(25.475093955527,44.887305229233));
#5641 = CARTESIAN_POINT('',(36.340308604827,39.507053318345));
#5642 = CARTESIAN_POINT('',(47.205523254128,34.126801407456));
#5643 = CARTESIAN_POINT('',(37.113481095888,27.407375459035));
#5644 = CARTESIAN_POINT('',(27.021438937649,20.687949510614));
#5645 = CARTESIAN_POINT('',(26.248266446588,32.787627369924));
#5646 = ( GEOMETRIC_REPRESENTATION_CONTEXT(2) 
PARAMETRIC_REPRESENTATION_CONTEXT() REPRESENTATION_CONTEXT('2D SPACE',''
  ) );
#5647 = PCURVE('',#5506,#5648);
#5648 = DEFINITIONAL_REPRESENTATION('',(#5649),#5653);
#5649 = LINE('',#5650,#5651);
#5650 = CARTESIAN_POINT('',(-9.488591454028,0.));
#5651 = VECTOR('',#5652,1.);
#5652 = DIRECTION('',(1.,-0.));
#5653 = ( GEOMETRIC_REPRESENTATION_CONTEXT(2) 
PARAMETRIC_REPRESENTATION_CONTEXT() REPRESENTATION_CONTEXT('2D SPACE',''
  ) );
#5654 = ORIENTED_EDGE('',*,*,#5467,.T.);
#5655 = ORIENTED_EDGE('',*,*,#5656,.F.);
#5656 = EDGE_CURVE('',#5364,#5447,#5657,.T.);
#5657 = SURFACE_CURVE('',#5658,(#5663,#5674),.PCURVE_S1.);
#5658 = CIRCLE('',#5659,7.);
#5659 = AXIS2_PLACEMENT_3D('',#5660,#5661,#5662);
#5660 = CARTESIAN_POINT('',(-33.23401871576,33.234018715768,62.));
#5661 = DIRECTION('',(0.,-0.,-1.));
#5662 = DIRECTION('',(6.377019226344E-02,-0.997964609883,0.));
#5663 = PCURVE('',#4337,#5664);
#5664 = DEFINITIONAL_REPRESENTATION('',(#5665),#5673);
#5665 = ( BOUNDED_CURVE() B_SPLINE_CURVE(2,(#5666,#5667,#5668,#5669,
#5670,#5671,#5672),.UNSPECIFIED.,.T.,.F.) B_SPLINE_CURVE_WITH_KNOTS((1,2
    ,2,2,2,1),(-2.094395102393,0.,2.094395102393,4.188790204786,
6.28318530718,8.377580409573),.UNSPECIFIED.) CURVE() 
GEOMETRIC_REPRESENTATION_ITEM() RATIONAL_B_SPLINE_CURVE((1.,0.5,1.,0.5,
1.,0.5,1.)) REPRESENTATION_ITEM('') );
#5666 = CARTESIAN_POINT('',(-32.78762736992,26.248266446588));
#5667 = CARTESIAN_POINT('',(-44.88730522923,25.475093955527));
#5668 = CARTESIAN_POINT('',(-39.50705331834,36.340308604827));
#5669 = CARTESIAN_POINT('',(-34.12680140745,47.205523254128));
#5670 = CARTESIAN_POINT('',(-27.40737545903,37.113481095888));
#5671 = CARTESIAN_POINT('',(-20.68794951061,27.021438937649));
#5672 = CARTESIAN_POINT('',(-32.78762736992,26.248266446588));
#5673 = ( GEOMETRIC_REPRESENTATION_CONTEXT(2) 
PARAMETRIC_REPRESENTATION_CONTEXT() REPRESENTATION_CONTEXT('2D SPACE',''
  ) );
#5674 = PCURVE('',#5402,#5675);
#5675 = DEFINITIONAL_REPRESENTATION('',(#5676),#5680);
#5676 = LINE('',#5677,#5678);
#5677 = CARTESIAN_POINT('',(-11.05938778082,0.));
#5678 = VECTOR('',#5679,1.);
#5679 = DIRECTION('',(1.,-0.));
#5680 = ( GEOMETRIC_REPRESENTATION_CONTEXT(2) 
PARAMETRIC_REPRESENTATION_CONTEXT() REPRESENTATION_CONTEXT('2D SPACE',''
  ) );
#5681 = ORIENTED_EDGE('',*,*,#5363,.T.);
#5682 = ORIENTED_EDGE('',*,*,#5683,.F.);
#5683 = EDGE_CURVE('',#5260,#5343,#5684,.T.);
#5684 = SURFACE_CURVE('',#5685,(#5690,#5701),.PCURVE_S1.);
#5685 = CIRCLE('',#5686,7.);
#5686 = AXIS2_PLACEMENT_3D('',#5687,#5688,#5689);
#5687 = CARTESIAN_POINT('',(-33.23401871576,-33.23401871576,62.));
#5688 = DIRECTION('',(0.,0.,-1.));
#5689 = DIRECTION('',(0.997964609883,6.377019226345E-02,0.));
#5690 = PCURVE('',#4337,#5691);
#5691 = DEFINITIONAL_REPRESENTATION('',(#5692),#5700);
#5692 = ( BOUNDED_CURVE() B_SPLINE_CURVE(2,(#5693,#5694,#5695,#5696,
#5697,#5698,#5699),.UNSPECIFIED.,.T.,.F.) B_SPLINE_CURVE_WITH_KNOTS((1,2
    ,2,2,2,1),(-2.094395102393,0.,2.094395102393,4.188790204786,
6.28318530718,8.377580409573),.UNSPECIFIED.) CURVE() 
GEOMETRIC_REPRESENTATION_ITEM() RATIONAL_B_SPLINE_CURVE((1.,0.5,1.,0.5,
1.,0.5,1.)) REPRESENTATION_ITEM('') );
#5693 = CARTESIAN_POINT('',(-26.24826644658,-32.78762736992));
#5694 = CARTESIAN_POINT('',(-25.47509395552,-44.88730522923));
#5695 = CARTESIAN_POINT('',(-36.34030860482,-39.50705331834));
#5696 = CARTESIAN_POINT('',(-47.20552325412,-34.12680140745));
#5697 = CARTESIAN_POINT('',(-37.11348109588,-27.40737545903));
#5698 = CARTESIAN_POINT('',(-27.02143893764,-20.68794951061));
#5699 = CARTESIAN_POINT('',(-26.24826644658,-32.78762736992));
#5700 = ( GEOMETRIC_REPRESENTATION_CONTEXT(2) 
PARAMETRIC_REPRESENTATION_CONTEXT() REPRESENTATION_CONTEXT('2D SPACE',''
  ) );
#5701 = PCURVE('',#5298,#5702);
#5702 = DEFINITIONAL_REPRESENTATION('',(#5703),#5707);
#5703 = LINE('',#5704,#5705);
#5704 = CARTESIAN_POINT('',(-6.346998800439,0.));
#5705 = VECTOR('',#5706,1.);
#5706 = DIRECTION('',(1.,-0.));
#5707 = ( GEOMETRIC_REPRESENTATION_CONTEXT(2) 
PARAMETRIC_REPRESENTATION_CONTEXT() REPRESENTATION_CONTEXT('2D SPACE',''
  ) );
#5708 = ORIENTED_EDGE('',*,*,#5259,.T.);
#5709 = ORIENTED_EDGE('',*,*,#5710,.F.);
#5710 = EDGE_CURVE('',#5711,#5042,#5713,.T.);
#5711 = VERTEX_POINT('',#5712);
#5712 = CARTESIAN_POINT('',(-0.908519537489,-34.7315,62.));
#5713 = SURFACE_CURVE('',#5714,(#5719,#5726),.PCURVE_S1.);
#5714 = ELLIPSE('',#5715,300.13496963866,9.);
#5715 = AXIS2_PLACEMENT_3D('',#5716,#5717,#5718);
#5716 = CARTESIAN_POINT('',(0.,-333.3333333333,62.));
#5717 = DIRECTION('',(0.,0.,1.));
#5718 = DIRECTION('',(0.,1.,-0.));
#5719 = PCURVE('',#4337,#5720);
#5720 = DEFINITIONAL_REPRESENTATION('',(#5721),#5725);
#5721 = ELLIPSE('',#5722,300.13496963866,9.);
#5722 = AXIS2_PLACEMENT_2D('',#5723,#5724);
#5723 = CARTESIAN_POINT('',(2.083718297203E-15,-333.3333333333));
#5724 = DIRECTION('',(0.,1.));
#5725 = ( GEOMETRIC_REPRESENTATION_CONTEXT(2) 
PARAMETRIC_REPRESENTATION_CONTEXT() REPRESENTATION_CONTEXT('2D SPACE',''
  ) );
#5726 = PCURVE('',#5006,#5727);
#5727 = DEFINITIONAL_REPRESENTATION('',(#5728),#5736);
#5728 = B_SPLINE_CURVE_WITH_KNOTS('',6,(#5729,#5730,#5731,#5732,#5733,
    #5734,#5735),.UNSPECIFIED.,.F.,.F.,(7,7),(0.101118831131,
    0.340202852726),.PIECEWISE_BEZIER_KNOTS.);
#5729 = CARTESIAN_POINT('',(-4.611270149254,6.000001633311E-07));
#5730 = CARTESIAN_POINT('',(-4.571422812321,-1.206735301702));
#5731 = CARTESIAN_POINT('',(-4.531575475389,-2.982163013342));
#5732 = CARTESIAN_POINT('',(-4.491728138456,-5.322833636121));
#5733 = CARTESIAN_POINT('',(-4.451880801524,-8.22258924449));
#5734 = CARTESIAN_POINT('',(-4.412033464592,-11.67259613019));
#5735 = CARTESIAN_POINT('',(-4.372186127659,-15.66145393074));
#5736 = ( GEOMETRIC_REPRESENTATION_CONTEXT(2) 
PARAMETRIC_REPRESENTATION_CONTEXT() REPRESENTATION_CONTEXT('2D SPACE',''
  ) );
#5737 = ORIENTED_EDGE('',*,*,#5738,.T.);
#5738 = EDGE_CURVE('',#5711,#5573,#5739,.T.);
#5739 = SURFACE_CURVE('',#5740,(#5744,#5751),.PCURVE_S1.);
#5740 = LINE('',#5741,#5742);
#5741 = CARTESIAN_POINT('',(-1.193796941106E-15,-34.7315,62.));
#5742 = VECTOR('',#5743,1.);
#5743 = DIRECTION('',(1.,0.,0.));
#5744 = PCURVE('',#4337,#5745);
#5745 = DEFINITIONAL_REPRESENTATION('',(#5746),#5750);
#5746 = LINE('',#5747,#5748);
#5747 = CARTESIAN_POINT('',(8.899213560971E-16,-34.7315));
#5748 = VECTOR('',#5749,1.);
#5749 = DIRECTION('',(1.,0.));
#5750 = ( GEOMETRIC_REPRESENTATION_CONTEXT(2) 
PARAMETRIC_REPRESENTATION_CONTEXT() REPRESENTATION_CONTEXT('2D SPACE',''
  ) );
#5751 = PCURVE('',#5752,#5757);
#5752 = PLANE('',#5753);
#5753 = AXIS2_PLACEMENT_3D('',#5754,#5755,#5756);
#5754 = CARTESIAN_POINT('',(-3.038755850088E-16,-35.,70.95));
#5755 = DIRECTION('',(-0.,-0.999550303522,-2.998650910567E-02));
#5756 = DIRECTION('',(0.,2.998650910567E-02,-0.999550303522));
#5757 = DEFINITIONAL_REPRESENTATION('',(#5758),#5761);
#5758 = B_SPLINE_CURVE_WITH_KNOTS('',1,(#5759,#5760),.UNSPECIFIED.,.F.,
  .F.,(2,2),(-9.,9.),.PIECEWISE_BEZIER_KNOTS.);
#5759 = CARTESIAN_POINT('',(8.95402659422,-9.));
#5760 = CARTESIAN_POINT('',(8.95402659422,9.));
#5761 = ( GEOMETRIC_REPRESENTATION_CONTEXT(2) 
PARAMETRIC_REPRESENTATION_CONTEXT() REPRESENTATION_CONTEXT('2D SPACE',''
  ) );
#5762 = FACE_BOUND('',#5763,.F.);
#5763 = EDGE_LOOP('',(#5764));
#5764 = ORIENTED_EDGE('',*,*,#5765,.T.);
#5765 = EDGE_CURVE('',#5766,#5766,#5768,.T.);
#5766 = VERTEX_POINT('',#5767);
#5767 = CARTESIAN_POINT('',(-30.98401871576,-33.23401871576,62.));
#5768 = SURFACE_CURVE('',#5769,(#5774,#5785),.PCURVE_S1.);
#5769 = CIRCLE('',#5770,2.25);
#5770 = AXIS2_PLACEMENT_3D('',#5771,#5772,#5773);
#5771 = CARTESIAN_POINT('',(-33.23401871576,-33.23401871576,62.));
#5772 = DIRECTION('',(0.,0.,-1.));
#5773 = DIRECTION('',(1.,0.,0.));
#5774 = PCURVE('',#4337,#5775);
#5775 = DEFINITIONAL_REPRESENTATION('',(#5776),#5784);
#5776 = ( BOUNDED_CURVE() B_SPLINE_CURVE(2,(#5777,#5778,#5779,#5780,
#5781,#5782,#5783),.UNSPECIFIED.,.T.,.F.) B_SPLINE_CURVE_WITH_KNOTS((1,2
    ,2,2,2,1),(-2.094395102393,0.,2.094395102393,4.188790204786,
6.28318530718,8.377580409573),.UNSPECIFIED.) CURVE() 
GEOMETRIC_REPRESENTATION_ITEM() RATIONAL_B_SPLINE_CURVE((1.,0.5,1.,0.5,
1.,0.5,1.)) REPRESENTATION_ITEM('') );
#5777 = CARTESIAN_POINT('',(-30.98401871576,-33.23401871576));
#5778 = CARTESIAN_POINT('',(-30.98401871576,-37.13113303279));
#5779 = CARTESIAN_POINT('',(-34.35901871576,-35.18257587428));
#5780 = CARTESIAN_POINT('',(-37.73401871576,-33.23401871576));
#5781 = CARTESIAN_POINT('',(-34.35901871576,-31.28546155725));
#5782 = CARTESIAN_POINT('',(-30.98401871576,-29.33690439873));
#5783 = CARTESIAN_POINT('',(-30.98401871576,-33.23401871576));
#5784 = ( GEOMETRIC_REPRESENTATION_CONTEXT(2) 
PARAMETRIC_REPRESENTATION_CONTEXT() REPRESENTATION_CONTEXT('2D SPACE',''
  ) );
#5785 = PCURVE('',#5786,#5791);
#5786 = CYLINDRICAL_SURFACE('',#5787,2.25);
#5787 = AXIS2_PLACEMENT_3D('',#5788,#5789,#5790);
#5788 = CARTESIAN_POINT('',(-33.23401871576,-33.23401871576,61.));
#5789 = DIRECTION('',(-0.,-0.,-1.));
#5790 = DIRECTION('',(1.,0.,0.));
#5791 = DEFINITIONAL_REPRESENTATION('',(#5792),#5796);
#5792 = LINE('',#5793,#5794);
#5793 = CARTESIAN_POINT('',(-6.28318530718,-1.));
#5794 = VECTOR('',#5795,1.);
#5795 = DIRECTION('',(1.,-0.));
#5796 = ( GEOMETRIC_REPRESENTATION_CONTEXT(2) 
PARAMETRIC_REPRESENTATION_CONTEXT() REPRESENTATION_CONTEXT('2D SPACE',''
  ) );
#5797 = FACE_BOUND('',#5798,.F.);
#5798 = EDGE_LOOP('',(#5799));
#5799 = ORIENTED_EDGE('',*,*,#5800,.T.);
#5800 = EDGE_CURVE('',#5801,#5801,#5803,.T.);
#5801 = VERTEX_POINT('',#5802);
#5802 = CARTESIAN_POINT('',(35.484018715768,-33.23401871576,62.));
#5803 = SURFACE_CURVE('',#5804,(#5809,#5820),.PCURVE_S1.);
#5804 = CIRCLE('',#5805,2.25);
#5805 = AXIS2_PLACEMENT_3D('',#5806,#5807,#5808);
#5806 = CARTESIAN_POINT('',(33.234018715768,-33.23401871576,62.));
#5807 = DIRECTION('',(0.,0.,-1.));
#5808 = DIRECTION('',(1.,0.,0.));
#5809 = PCURVE('',#4337,#5810);
#5810 = DEFINITIONAL_REPRESENTATION('',(#5811),#5819);
#5811 = ( BOUNDED_CURVE() B_SPLINE_CURVE(2,(#5812,#5813,#5814,#5815,
#5816,#5817,#5818),.UNSPECIFIED.,.T.,.F.) B_SPLINE_CURVE_WITH_KNOTS((1,2
    ,2,2,2,1),(-2.094395102393,0.,2.094395102393,4.188790204786,
6.28318530718,8.377580409573),.UNSPECIFIED.) CURVE() 
GEOMETRIC_REPRESENTATION_ITEM() RATIONAL_B_SPLINE_CURVE((1.,0.5,1.,0.5,
1.,0.5,1.)) REPRESENTATION_ITEM('') );
#5812 = CARTESIAN_POINT('',(35.484018715768,-33.23401871576));
#5813 = CARTESIAN_POINT('',(35.484018715768,-37.13113303279));
#5814 = CARTESIAN_POINT('',(32.109018715768,-35.18257587428));
#5815 = CARTESIAN_POINT('',(28.734018715768,-33.23401871576));
#5816 = CARTESIAN_POINT('',(32.109018715768,-31.28546155725));
#5817 = CARTESIAN_POINT('',(35.484018715768,-29.33690439873));
#5818 = CARTESIAN_POINT('',(35.484018715768,-33.23401871576));
#5819 = ( GEOMETRIC_REPRESENTATION_CONTEXT(2) 
PARAMETRIC_REPRESENTATION_CONTEXT() REPRESENTATION_CONTEXT('2D SPACE',''
  ) );
#5820 = PCURVE('',#5821,#5826);
#5821 = CYLINDRICAL_SURFACE('',#5822,2.25);
#5822 = AXIS2_PLACEMENT_3D('',#5823,#5824,#5825);
#5823 = CARTESIAN_POINT('',(33.234018715768,-33.23401871576,61.));
#5824 = DIRECTION('',(-0.,-0.,-1.));
#5825 = DIRECTION('',(1.,0.,0.));
#5826 = DEFINITIONAL_REPRESENTATION('',(#5827),#5831);
#5827 = LINE('',#5828,#5829);
#5828 = CARTESIAN_POINT('',(-6.28318530718,-1.));
#5829 = VECTOR('',#5830,1.);
#5830 = DIRECTION('',(1.,-0.));
#5831 = ( GEOMETRIC_REPRESENTATION_CONTEXT(2) 
PARAMETRIC_REPRESENTATION_CONTEXT() REPRESENTATION_CONTEXT('2D SPACE',''
  ) );
#5832 = FACE_BOUND('',#5833,.F.);
#5833 = EDGE_LOOP('',(#5834));
#5834 = ORIENTED_EDGE('',*,*,#5835,.T.);
#5835 = EDGE_CURVE('',#5836,#5836,#5838,.T.);
#5836 = VERTEX_POINT('',#5837);
#5837 = CARTESIAN_POINT('',(-30.98401871576,33.234018715768,62.));
#5838 = SURFACE_CURVE('',#5839,(#5844,#5855),.PCURVE_S1.);
#5839 = CIRCLE('',#5840,2.25);
#5840 = AXIS2_PLACEMENT_3D('',#5841,#5842,#5843);
#5841 = CARTESIAN_POINT('',(-33.23401871576,33.234018715768,62.));
#5842 = DIRECTION('',(0.,0.,-1.));
#5843 = DIRECTION('',(1.,0.,0.));
#5844 = PCURVE('',#4337,#5845);
#5845 = DEFINITIONAL_REPRESENTATION('',(#5846),#5854);
#5846 = ( BOUNDED_CURVE() B_SPLINE_CURVE(2,(#5847,#5848,#5849,#5850,
#5851,#5852,#5853),.UNSPECIFIED.,.T.,.F.) B_SPLINE_CURVE_WITH_KNOTS((1,2
    ,2,2,2,1),(-2.094395102393,0.,2.094395102393,4.188790204786,
6.28318530718,8.377580409573),.UNSPECIFIED.) CURVE() 
GEOMETRIC_REPRESENTATION_ITEM() RATIONAL_B_SPLINE_CURVE((1.,0.5,1.,0.5,
1.,0.5,1.)) REPRESENTATION_ITEM('') );
#5847 = CARTESIAN_POINT('',(-30.98401871576,33.234018715768));
#5848 = CARTESIAN_POINT('',(-30.98401871576,29.336904398738));
#5849 = CARTESIAN_POINT('',(-34.35901871576,31.285461557253));
#5850 = CARTESIAN_POINT('',(-37.73401871576,33.234018715768));
#5851 = CARTESIAN_POINT('',(-34.35901871576,35.182575874283));
#5852 = CARTESIAN_POINT('',(-30.98401871576,37.131133032798));
#5853 = CARTESIAN_POINT('',(-30.98401871576,33.234018715768));
#5854 = ( GEOMETRIC_REPRESENTATION_CONTEXT(2) 
PARAMETRIC_REPRESENTATION_CONTEXT() REPRESENTATION_CONTEXT('2D SPACE',''
  ) );
#5855 = PCURVE('',#5856,#5861);
#5856 = CYLINDRICAL_SURFACE('',#5857,2.25);
#5857 = AXIS2_PLACEMENT_3D('',#5858,#5859,#5860);
#5858 = CARTESIAN_POINT('',(-33.23401871576,33.234018715768,61.));
#5859 = DIRECTION('',(-0.,-0.,-1.));
#5860 = DIRECTION('',(1.,0.,0.));
#5861 = DEFINITIONAL_REPRESENTATION('',(#5862),#5866);
#5862 = LINE('',#5863,#5864);
#5863 = CARTESIAN_POINT('',(-6.28318530718,-1.));
#5864 = VECTOR('',#5865,1.);
#5865 = DIRECTION('',(1.,-0.));
#5866 = ( GEOMETRIC_REPRESENTATION_CONTEXT(2) 
PARAMETRIC_REPRESENTATION_CONTEXT() REPRESENTATION_CONTEXT('2D SPACE',''
  ) );
#5867 = FACE_BOUND('',#5868,.F.);
#5868 = EDGE_LOOP('',(#5869));
#5869 = ORIENTED_EDGE('',*,*,#5870,.T.);
#5870 = EDGE_CURVE('',#5871,#5871,#5873,.T.);
#5871 = VERTEX_POINT('',#5872);
#5872 = CARTESIAN_POINT('',(18.7,0.,62.));
#5873 = SURFACE_CURVE('',#5874,(#5879,#5890),.PCURVE_S1.);
#5874 = CIRCLE('',#5875,18.7);
#5875 = AXIS2_PLACEMENT_3D('',#5876,#5877,#5878);
#5876 = CARTESIAN_POINT('',(0.,0.,62.));
#5877 = DIRECTION('',(0.,0.,-1.));
#5878 = DIRECTION('',(1.,0.,0.));
#5879 = PCURVE('',#4337,#5880);
#5880 = DEFINITIONAL_REPRESENTATION('',(#5881),#5889);
#5881 = ( BOUNDED_CURVE() B_SPLINE_CURVE(2,(#5882,#5883,#5884,#5885,
#5886,#5887,#5888),.UNSPECIFIED.,.T.,.F.) B_SPLINE_CURVE_WITH_KNOTS((1,2
    ,2,2,2,1),(-2.094395102393,0.,2.094395102393,4.188790204786,
6.28318530718,8.377580409573),.UNSPECIFIED.) CURVE() 
GEOMETRIC_REPRESENTATION_ITEM() RATIONAL_B_SPLINE_CURVE((1.,0.5,1.,0.5,
1.,0.5,1.)) REPRESENTATION_ITEM('') );
#5882 = CARTESIAN_POINT('',(18.7,-3.692127783966E-16));
#5883 = CARTESIAN_POINT('',(18.7,-32.38935010153));
#5884 = CARTESIAN_POINT('',(-9.35,-16.19467505076));
#5885 = CARTESIAN_POINT('',(-37.4,-4.949391807208E-15));
#5886 = CARTESIAN_POINT('',(-9.35,16.194675050769));
#5887 = CARTESIAN_POINT('',(18.7,32.389350101538));
#5888 = CARTESIAN_POINT('',(18.7,-3.692127783966E-16));
#5889 = ( GEOMETRIC_REPRESENTATION_CONTEXT(2) 
PARAMETRIC_REPRESENTATION_CONTEXT() REPRESENTATION_CONTEXT('2D SPACE',''
  ) );
#5890 = PCURVE('',#5891,#5896);
#5891 = CYLINDRICAL_SURFACE('',#5892,18.7);
#5892 = AXIS2_PLACEMENT_3D('',#5893,#5894,#5895);
#5893 = CARTESIAN_POINT('',(0.,0.,30.));
#5894 = DIRECTION('',(-0.,-0.,-1.));
#5895 = DIRECTION('',(1.,0.,0.));
#5896 = DEFINITIONAL_REPRESENTATION('',(#5897),#5901);
#5897 = LINE('',#5898,#5899);
#5898 = CARTESIAN_POINT('',(-6.28318530718,-32.));
#5899 = VECTOR('',#5900,1.);
#5900 = DIRECTION('',(1.,-0.));
#5901 = ( GEOMETRIC_REPRESENTATION_CONTEXT(2) 
PARAMETRIC_REPRESENTATION_CONTEXT() REPRESENTATION_CONTEXT('2D SPACE',''
  ) );
#5902 = FACE_BOUND('',#5903,.F.);
#5903 = EDGE_LOOP('',(#5904));
#5904 = ORIENTED_EDGE('',*,*,#5905,.T.);
#5905 = EDGE_CURVE('',#5906,#5906,#5908,.T.);
#5906 = VERTEX_POINT('',#5907);
#5907 = CARTESIAN_POINT('',(35.484018715768,33.234018715768,62.));
#5908 = SURFACE_CURVE('',#5909,(#5914,#5925),.PCURVE_S1.);
#5909 = CIRCLE('',#5910,2.25);
#5910 = AXIS2_PLACEMENT_3D('',#5911,#5912,#5913);
#5911 = CARTESIAN_POINT('',(33.234018715768,33.234018715768,62.));
#5912 = DIRECTION('',(0.,0.,-1.));
#5913 = DIRECTION('',(1.,0.,0.));
#5914 = PCURVE('',#4337,#5915);
#5915 = DEFINITIONAL_REPRESENTATION('',(#5916),#5924);
#5916 = ( BOUNDED_CURVE() B_SPLINE_CURVE(2,(#5917,#5918,#5919,#5920,
#5921,#5922,#5923),.UNSPECIFIED.,.T.,.F.) B_SPLINE_CURVE_WITH_KNOTS((1,2
    ,2,2,2,1),(-2.094395102393,0.,2.094395102393,4.188790204786,
6.28318530718,8.377580409573),.UNSPECIFIED.) CURVE() 
GEOMETRIC_REPRESENTATION_ITEM() RATIONAL_B_SPLINE_CURVE((1.,0.5,1.,0.5,
1.,0.5,1.)) REPRESENTATION_ITEM('') );
#5917 = CARTESIAN_POINT('',(35.484018715768,33.234018715768));
#5918 = CARTESIAN_POINT('',(35.484018715768,29.336904398738));
#5919 = CARTESIAN_POINT('',(32.109018715768,31.285461557253));
#5920 = CARTESIAN_POINT('',(28.734018715768,33.234018715768));
#5921 = CARTESIAN_POINT('',(32.109018715768,35.182575874283));
#5922 = CARTESIAN_POINT('',(35.484018715768,37.131133032798));
#5923 = CARTESIAN_POINT('',(35.484018715768,33.234018715768));
#5924 = ( GEOMETRIC_REPRESENTATION_CONTEXT(2) 
PARAMETRIC_REPRESENTATION_CONTEXT() REPRESENTATION_CONTEXT('2D SPACE',''
  ) );
#5925 = PCURVE('',#5926,#5931);
#5926 = CYLINDRICAL_SURFACE('',#5927,2.25);
#5927 = AXIS2_PLACEMENT_3D('',#5928,#5929,#5930);
#5928 = CARTESIAN_POINT('',(33.234018715768,33.234018715768,61.));
#5929 = DIRECTION('',(-0.,-0.,-1.));
#5930 = DIRECTION('',(1.,0.,0.));
#5931 = DEFINITIONAL_REPRESENTATION('',(#5932),#5936);
#5932 = LINE('',#5933,#5934);
#5933 = CARTESIAN_POINT('',(-6.28318530718,-1.));
#5934 = VECTOR('',#5935,1.);
#5935 = DIRECTION('',(1.,-0.));
#5936 = ( GEOMETRIC_REPRESENTATION_CONTEXT(2) 
PARAMETRIC_REPRESENTATION_CONTEXT() REPRESENTATION_CONTEXT('2D SPACE',''
  ) );
#5937 = ADVANCED_FACE('',(#5938),#5506,.T.);
#5938 = FACE_BOUND('',#5939,.F.);
#5939 = EDGE_LOOP('',(#5940,#5966,#5967,#5968));
#5940 = ORIENTED_EDGE('',*,*,#5941,.F.);
#5941 = EDGE_CURVE('',#5492,#5518,#5942,.T.);
#5942 = SURFACE_CURVE('',#5943,(#5948,#5955),.PCURVE_S1.);
#5943 = CIRCLE('',#5944,7.);
#5944 = AXIS2_PLACEMENT_3D('',#5945,#5946,#5947);
#5945 = CARTESIAN_POINT('',(33.234018715768,33.234018715768,67.));
#5946 = DIRECTION('',(-0.,0.,-1.));
#5947 = DIRECTION('',(-0.997964609883,-6.377019226349E-02,0.));
#5948 = PCURVE('',#5506,#5949);
#5949 = DEFINITIONAL_REPRESENTATION('',(#5950),#5954);
#5950 = LINE('',#5951,#5952);
#5951 = CARTESIAN_POINT('',(-9.488591454028,-5.));
#5952 = VECTOR('',#5953,1.);
#5953 = DIRECTION('',(1.,-0.));
#5954 = ( GEOMETRIC_REPRESENTATION_CONTEXT(2) 
PARAMETRIC_REPRESENTATION_CONTEXT() REPRESENTATION_CONTEXT('2D SPACE',''
  ) );
#5955 = PCURVE('',#5534,#5956);
#5956 = DEFINITIONAL_REPRESENTATION('',(#5957),#5965);
#5957 = ( BOUNDED_CURVE() B_SPLINE_CURVE(2,(#5958,#5959,#5960,#5961,
#5962,#5963,#5964),.UNSPECIFIED.,.T.,.F.) B_SPLINE_CURVE_WITH_KNOTS((1,2
    ,2,2,2,1),(-2.094395102393,0.,2.094395102393,4.188790204786,
6.28318530718,8.377580409573),.UNSPECIFIED.) CURVE() 
GEOMETRIC_REPRESENTATION_ITEM() RATIONAL_B_SPLINE_CURVE((1.,0.5,1.,0.5,
1.,0.5,1.)) REPRESENTATION_ITEM('') );
#5958 = CARTESIAN_POINT('',(-6.98575226918,-0.446391345844));
#5959 = CARTESIAN_POINT('',(-7.758924760242,11.653286513465));
#5960 = CARTESIAN_POINT('',(3.106289889059,6.273034602577));
#5961 = CARTESIAN_POINT('',(13.97150453836,0.892782691689));
#5962 = CARTESIAN_POINT('',(3.879462380121,-5.826643256733));
#5963 = CARTESIAN_POINT('',(-6.212579778118,-12.54606920515));
#5964 = CARTESIAN_POINT('',(-6.98575226918,-0.446391345844));
#5965 = ( GEOMETRIC_REPRESENTATION_CONTEXT(2) 
PARAMETRIC_REPRESENTATION_CONTEXT() REPRESENTATION_CONTEXT('2D SPACE',''
  ) );
#5966 = ORIENTED_EDGE('',*,*,#5491,.T.);
#5967 = ORIENTED_EDGE('',*,*,#5629,.T.);
#5968 = ORIENTED_EDGE('',*,*,#5550,.F.);
#5969 = ADVANCED_FACE('',(#5970,#5974),#5534,.T.);
#5970 = FACE_BOUND('',#5971,.T.);
#5971 = EDGE_LOOP('',(#5972,#5973));
#5972 = ORIENTED_EDGE('',*,*,#5517,.T.);
#5973 = ORIENTED_EDGE('',*,*,#5941,.F.);
#5974 = FACE_BOUND('',#5975,.T.);
#5975 = EDGE_LOOP('',(#5976));
#5976 = ORIENTED_EDGE('',*,*,#5977,.T.);
#5977 = EDGE_CURVE('',#5978,#5978,#5980,.T.);
#5978 = VERTEX_POINT('',#5979);
#5979 = CARTESIAN_POINT('',(35.484018715768,33.234018715768,67.));
#5980 = SURFACE_CURVE('',#5981,(#5986,#5997),.PCURVE_S1.);
#5981 = CIRCLE('',#5982,2.25);
#5982 = AXIS2_PLACEMENT_3D('',#5983,#5984,#5985);
#5983 = CARTESIAN_POINT('',(33.234018715768,33.234018715768,67.));
#5984 = DIRECTION('',(0.,0.,-1.));
#5985 = DIRECTION('',(1.,0.,0.));
#5986 = PCURVE('',#5534,#5987);
#5987 = DEFINITIONAL_REPRESENTATION('',(#5988),#5996);
#5988 = ( BOUNDED_CURVE() B_SPLINE_CURVE(2,(#5989,#5990,#5991,#5992,
#5993,#5994,#5995),.UNSPECIFIED.,.T.,.F.) B_SPLINE_CURVE_WITH_KNOTS((1,2
    ,2,2,2,1),(-2.094395102393,0.,2.094395102393,4.188790204786,
6.28318530718,8.377580409573),.UNSPECIFIED.) CURVE() 
GEOMETRIC_REPRESENTATION_ITEM() RATIONAL_B_SPLINE_CURVE((1.,0.5,1.,0.5,
1.,0.5,1.)) REPRESENTATION_ITEM('') );
#5989 = CARTESIAN_POINT('',(2.25,0.));
#5990 = CARTESIAN_POINT('',(2.25,-3.89711431703));
#5991 = CARTESIAN_POINT('',(-1.125,-1.948557158515));
#5992 = CARTESIAN_POINT('',(-4.5,-5.510910596163E-16));
#5993 = CARTESIAN_POINT('',(-1.125,1.948557158515));
#5994 = CARTESIAN_POINT('',(2.25,3.89711431703));
#5995 = CARTESIAN_POINT('',(2.25,0.));
#5996 = ( GEOMETRIC_REPRESENTATION_CONTEXT(2) 
PARAMETRIC_REPRESENTATION_CONTEXT() REPRESENTATION_CONTEXT('2D SPACE',''
  ) );
#5997 = PCURVE('',#5926,#5998);
#5998 = DEFINITIONAL_REPRESENTATION('',(#5999),#6003);
#5999 = LINE('',#6000,#6001);
#6000 = CARTESIAN_POINT('',(-6.28318530718,-6.));
#6001 = VECTOR('',#6002,1.);
#6002 = DIRECTION('',(1.,-0.));
#6003 = ( GEOMETRIC_REPRESENTATION_CONTEXT(2) 
PARAMETRIC_REPRESENTATION_CONTEXT() REPRESENTATION_CONTEXT('2D SPACE',''
  ) );
#6004 = ADVANCED_FACE('',(#6005),#5402,.T.);
#6005 = FACE_BOUND('',#6006,.F.);
#6006 = EDGE_LOOP('',(#6007,#6033,#6034,#6035));
#6007 = ORIENTED_EDGE('',*,*,#6008,.F.);
#6008 = EDGE_CURVE('',#5388,#5414,#6009,.T.);
#6009 = SURFACE_CURVE('',#6010,(#6015,#6022),.PCURVE_S1.);
#6010 = CIRCLE('',#6011,7.);
#6011 = AXIS2_PLACEMENT_3D('',#6012,#6013,#6014);
#6012 = CARTESIAN_POINT('',(-33.23401871576,33.234018715768,67.));
#6013 = DIRECTION('',(0.,-0.,-1.));
#6014 = DIRECTION('',(6.377019226349E-02,-0.997964609883,0.));
#6015 = PCURVE('',#5402,#6016);
#6016 = DEFINITIONAL_REPRESENTATION('',(#6017),#6021);
#6017 = LINE('',#6018,#6019);
#6018 = CARTESIAN_POINT('',(-11.05938778082,-5.));
#6019 = VECTOR('',#6020,1.);
#6020 = DIRECTION('',(1.,-0.));
#6021 = ( GEOMETRIC_REPRESENTATION_CONTEXT(2) 
PARAMETRIC_REPRESENTATION_CONTEXT() REPRESENTATION_CONTEXT('2D SPACE',''
  ) );
#6022 = PCURVE('',#5430,#6023);
#6023 = DEFINITIONAL_REPRESENTATION('',(#6024),#6032);
#6024 = ( BOUNDED_CURVE() B_SPLINE_CURVE(2,(#6025,#6026,#6027,#6028,
#6029,#6030,#6031),.UNSPECIFIED.,.T.,.F.) B_SPLINE_CURVE_WITH_KNOTS((1,2
    ,2,2,2,1),(-2.094395102393,0.,2.094395102393,4.188790204786,
6.28318530718,8.377580409573),.UNSPECIFIED.) CURVE() 
GEOMETRIC_REPRESENTATION_ITEM() RATIONAL_B_SPLINE_CURVE((1.,0.5,1.,0.5,
1.,0.5,1.)) REPRESENTATION_ITEM('') );
#6025 = CARTESIAN_POINT('',(0.446391345844,-6.98575226918));
#6026 = CARTESIAN_POINT('',(-11.65328651346,-7.758924760242));
#6027 = CARTESIAN_POINT('',(-6.273034602577,3.106289889059));
#6028 = CARTESIAN_POINT('',(-0.892782691689,13.97150453836));
#6029 = CARTESIAN_POINT('',(5.826643256733,3.879462380121));
#6030 = CARTESIAN_POINT('',(12.546069205154,-6.212579778118));
#6031 = CARTESIAN_POINT('',(0.446391345844,-6.98575226918));
#6032 = ( GEOMETRIC_REPRESENTATION_CONTEXT(2) 
PARAMETRIC_REPRESENTATION_CONTEXT() REPRESENTATION_CONTEXT('2D SPACE',''
  ) );
#6033 = ORIENTED_EDGE('',*,*,#5387,.T.);
#6034 = ORIENTED_EDGE('',*,*,#5656,.T.);
#6035 = ORIENTED_EDGE('',*,*,#5446,.F.);
#6036 = ADVANCED_FACE('',(#6037,#6041),#5430,.T.);
#6037 = FACE_BOUND('',#6038,.T.);
#6038 = EDGE_LOOP('',(#6039,#6040));
#6039 = ORIENTED_EDGE('',*,*,#5413,.T.);
#6040 = ORIENTED_EDGE('',*,*,#6008,.F.);
#6041 = FACE_BOUND('',#6042,.T.);
#6042 = EDGE_LOOP('',(#6043));
#6043 = ORIENTED_EDGE('',*,*,#6044,.T.);
#6044 = EDGE_CURVE('',#6045,#6045,#6047,.T.);
#6045 = VERTEX_POINT('',#6046);
#6046 = CARTESIAN_POINT('',(-30.98401871576,33.234018715768,67.));
#6047 = SURFACE_CURVE('',#6048,(#6053,#6064),.PCURVE_S1.);
#6048 = CIRCLE('',#6049,2.25);
#6049 = AXIS2_PLACEMENT_3D('',#6050,#6051,#6052);
#6050 = CARTESIAN_POINT('',(-33.23401871576,33.234018715768,67.));
#6051 = DIRECTION('',(0.,0.,-1.));
#6052 = DIRECTION('',(1.,0.,0.));
#6053 = PCURVE('',#5430,#6054);
#6054 = DEFINITIONAL_REPRESENTATION('',(#6055),#6063);
#6055 = ( BOUNDED_CURVE() B_SPLINE_CURVE(2,(#6056,#6057,#6058,#6059,
#6060,#6061,#6062),.UNSPECIFIED.,.T.,.F.) B_SPLINE_CURVE_WITH_KNOTS((1,2
    ,2,2,2,1),(-2.094395102393,0.,2.094395102393,4.188790204786,
6.28318530718,8.377580409573),.UNSPECIFIED.) CURVE() 
GEOMETRIC_REPRESENTATION_ITEM() RATIONAL_B_SPLINE_CURVE((1.,0.5,1.,0.5,
1.,0.5,1.)) REPRESENTATION_ITEM('') );
#6056 = CARTESIAN_POINT('',(2.25,-7.105427357601E-15));
#6057 = CARTESIAN_POINT('',(2.25,-3.89711431703));
#6058 = CARTESIAN_POINT('',(-1.125,-1.948557158515));
#6059 = CARTESIAN_POINT('',(-4.5,-7.656518417217E-15));
#6060 = CARTESIAN_POINT('',(-1.125,1.948557158515));
#6061 = CARTESIAN_POINT('',(2.25,3.89711431703));
#6062 = CARTESIAN_POINT('',(2.25,-7.105427357601E-15));
#6063 = ( GEOMETRIC_REPRESENTATION_CONTEXT(2) 
PARAMETRIC_REPRESENTATION_CONTEXT() REPRESENTATION_CONTEXT('2D SPACE',''
  ) );
#6064 = PCURVE('',#5856,#6065);
#6065 = DEFINITIONAL_REPRESENTATION('',(#6066),#6070);
#6066 = LINE('',#6067,#6068);
#6067 = CARTESIAN_POINT('',(-6.28318530718,-6.));
#6068 = VECTOR('',#6069,1.);
#6069 = DIRECTION('',(1.,-0.));
#6070 = ( GEOMETRIC_REPRESENTATION_CONTEXT(2) 
PARAMETRIC_REPRESENTATION_CONTEXT() REPRESENTATION_CONTEXT('2D SPACE',''
  ) );
#6071 = ADVANCED_FACE('',(#6072),#5298,.T.);
#6072 = FACE_BOUND('',#6073,.F.);
#6073 = EDGE_LOOP('',(#6074,#6100,#6101,#6102));
#6074 = ORIENTED_EDGE('',*,*,#6075,.F.);
#6075 = EDGE_CURVE('',#5284,#5310,#6076,.T.);
#6076 = SURFACE_CURVE('',#6077,(#6082,#6089),.PCURVE_S1.);
#6077 = CIRCLE('',#6078,7.);
#6078 = AXIS2_PLACEMENT_3D('',#6079,#6080,#6081);
#6079 = CARTESIAN_POINT('',(-33.23401871576,-33.23401871576,67.));
#6080 = DIRECTION('',(0.,0.,-1.));
#6081 = DIRECTION('',(0.997964609883,6.377019226349E-02,0.));
#6082 = PCURVE('',#5298,#6083);
#6083 = DEFINITIONAL_REPRESENTATION('',(#6084),#6088);
#6084 = LINE('',#6085,#6086);
#6085 = CARTESIAN_POINT('',(-6.346998800439,-5.));
#6086 = VECTOR('',#6087,1.);
#6087 = DIRECTION('',(1.,-0.));
#6088 = ( GEOMETRIC_REPRESENTATION_CONTEXT(2) 
PARAMETRIC_REPRESENTATION_CONTEXT() REPRESENTATION_CONTEXT('2D SPACE',''
  ) );
#6089 = PCURVE('',#5326,#6090);
#6090 = DEFINITIONAL_REPRESENTATION('',(#6091),#6099);
#6091 = ( BOUNDED_CURVE() B_SPLINE_CURVE(2,(#6092,#6093,#6094,#6095,
#6096,#6097,#6098),.UNSPECIFIED.,.T.,.F.) B_SPLINE_CURVE_WITH_KNOTS((1,2
    ,2,2,2,1),(-2.094395102393,0.,2.094395102393,4.188790204786,
6.28318530718,8.377580409573),.UNSPECIFIED.) CURVE() 
GEOMETRIC_REPRESENTATION_ITEM() RATIONAL_B_SPLINE_CURVE((1.,0.5,1.,0.5,
1.,0.5,1.)) REPRESENTATION_ITEM('') );
#6092 = CARTESIAN_POINT('',(6.98575226918,0.446391345844));
#6093 = CARTESIAN_POINT('',(7.758924760242,-11.65328651346));
#6094 = CARTESIAN_POINT('',(-3.106289889059,-6.273034602577));
#6095 = CARTESIAN_POINT('',(-13.97150453836,-0.892782691689));
#6096 = CARTESIAN_POINT('',(-3.879462380121,5.826643256733));
#6097 = CARTESIAN_POINT('',(6.212579778118,12.546069205154));
#6098 = CARTESIAN_POINT('',(6.98575226918,0.446391345844));
#6099 = ( GEOMETRIC_REPRESENTATION_CONTEXT(2) 
PARAMETRIC_REPRESENTATION_CONTEXT() REPRESENTATION_CONTEXT('2D SPACE',''
  ) );
#6100 = ORIENTED_EDGE('',*,*,#5283,.T.);
#6101 = ORIENTED_EDGE('',*,*,#5683,.T.);
#6102 = ORIENTED_EDGE('',*,*,#5342,.F.);
#6103 = ADVANCED_FACE('',(#6104,#6108),#5326,.T.);
#6104 = FACE_BOUND('',#6105,.T.);
#6105 = EDGE_LOOP('',(#6106,#6107));
#6106 = ORIENTED_EDGE('',*,*,#5309,.T.);
#6107 = ORIENTED_EDGE('',*,*,#6075,.F.);
#6108 = FACE_BOUND('',#6109,.T.);
#6109 = EDGE_LOOP('',(#6110));
#6110 = ORIENTED_EDGE('',*,*,#6111,.T.);
#6111 = EDGE_CURVE('',#6112,#6112,#6114,.T.);
#6112 = VERTEX_POINT('',#6113);
#6113 = CARTESIAN_POINT('',(-30.98401871576,-33.23401871576,67.));
#6114 = SURFACE_CURVE('',#6115,(#6120,#6131),.PCURVE_S1.);
#6115 = CIRCLE('',#6116,2.25);
#6116 = AXIS2_PLACEMENT_3D('',#6117,#6118,#6119);
#6117 = CARTESIAN_POINT('',(-33.23401871576,-33.23401871576,67.));
#6118 = DIRECTION('',(0.,0.,-1.));
#6119 = DIRECTION('',(1.,0.,0.));
#6120 = PCURVE('',#5326,#6121);
#6121 = DEFINITIONAL_REPRESENTATION('',(#6122),#6130);
#6122 = ( BOUNDED_CURVE() B_SPLINE_CURVE(2,(#6123,#6124,#6125,#6126,
#6127,#6128,#6129),.UNSPECIFIED.,.T.,.F.) B_SPLINE_CURVE_WITH_KNOTS((1,2
    ,2,2,2,1),(-2.094395102393,0.,2.094395102393,4.188790204786,
6.28318530718,8.377580409573),.UNSPECIFIED.) CURVE() 
GEOMETRIC_REPRESENTATION_ITEM() RATIONAL_B_SPLINE_CURVE((1.,0.5,1.,0.5,
1.,0.5,1.)) REPRESENTATION_ITEM('') );
#6123 = CARTESIAN_POINT('',(2.25,-7.105427357601E-15));
#6124 = CARTESIAN_POINT('',(2.25,-3.89711431703));
#6125 = CARTESIAN_POINT('',(-1.125,-1.948557158515));
#6126 = CARTESIAN_POINT('',(-4.5,-7.656518417217E-15));
#6127 = CARTESIAN_POINT('',(-1.125,1.948557158515));
#6128 = CARTESIAN_POINT('',(2.25,3.89711431703));
#6129 = CARTESIAN_POINT('',(2.25,-7.105427357601E-15));
#6130 = ( GEOMETRIC_REPRESENTATION_CONTEXT(2) 
PARAMETRIC_REPRESENTATION_CONTEXT() REPRESENTATION_CONTEXT('2D SPACE',''
  ) );
#6131 = PCURVE('',#5786,#6132);
#6132 = DEFINITIONAL_REPRESENTATION('',(#6133),#6137);
#6133 = LINE('',#6134,#6135);
#6134 = CARTESIAN_POINT('',(-6.28318530718,-6.));
#6135 = VECTOR('',#6136,1.);
#6136 = DIRECTION('',(1.,-0.));
#6137 = ( GEOMETRIC_REPRESENTATION_CONTEXT(2) 
PARAMETRIC_REPRESENTATION_CONTEXT() REPRESENTATION_CONTEXT('2D SPACE',''
  ) );
#6138 = ADVANCED_FACE('',(#6139),#5006,.T.);
#6139 = FACE_BOUND('',#6140,.F.);
#6140 = EDGE_LOOP('',(#6141,#6142,#6165,#6192,#6193,#6194,#6195,#6217));
#6141 = ORIENTED_EDGE('',*,*,#5041,.F.);
#6142 = ORIENTED_EDGE('',*,*,#6143,.T.);
#6143 = EDGE_CURVE('',#4945,#6144,#6146,.T.);
#6144 = VERTEX_POINT('',#6145);
#6145 = CARTESIAN_POINT('',(9.,-60.98830789158,70.170350763253));
#6146 = SEAM_CURVE('',#6147,(#6151,#6158),.PCURVE_S1.);
#6147 = LINE('',#6148,#6149);
#6148 = CARTESIAN_POINT('',(9.,-35.,70.95));
#6149 = VECTOR('',#6150,1.);
#6150 = DIRECTION('',(0.,-0.999550303522,-2.998650910567E-02));
#6151 = PCURVE('',#5006,#6152);
#6152 = DEFINITIONAL_REPRESENTATION('',(#6153),#6157);
#6153 = LINE('',#6154,#6155);
#6154 = CARTESIAN_POINT('',(-6.28318530718,0.));
#6155 = VECTOR('',#6156,1.);
#6156 = DIRECTION('',(-0.,-1.));
#6157 = ( GEOMETRIC_REPRESENTATION_CONTEXT(2) 
PARAMETRIC_REPRESENTATION_CONTEXT() REPRESENTATION_CONTEXT('2D SPACE',''
  ) );
#6158 = PCURVE('',#5006,#6159);
#6159 = DEFINITIONAL_REPRESENTATION('',(#6160),#6164);
#6160 = LINE('',#6161,#6162);
#6161 = CARTESIAN_POINT('',(-0.,0.));
#6162 = VECTOR('',#6163,1.);
#6163 = DIRECTION('',(-0.,-1.));
#6164 = ( GEOMETRIC_REPRESENTATION_CONTEXT(2) 
PARAMETRIC_REPRESENTATION_CONTEXT() REPRESENTATION_CONTEXT('2D SPACE',''
  ) );
#6165 = ORIENTED_EDGE('',*,*,#6166,.T.);
#6166 = EDGE_CURVE('',#6144,#6144,#6167,.T.);
#6167 = SURFACE_CURVE('',#6168,(#6173,#6180),.PCURVE_S1.);
#6168 = CIRCLE('',#6169,9.);
#6169 = AXIS2_PLACEMENT_3D('',#6170,#6171,#6172);
#6170 = CARTESIAN_POINT('',(0.,-60.98830789158,70.170350763253));
#6171 = DIRECTION('',(0.,-0.999550303522,-2.998650910567E-02));
#6172 = DIRECTION('',(1.,0.,0.));
#6173 = PCURVE('',#5006,#6174);
#6174 = DEFINITIONAL_REPRESENTATION('',(#6175),#6179);
#6175 = LINE('',#6176,#6177);
#6176 = CARTESIAN_POINT('',(-0.,-26.));
#6177 = VECTOR('',#6178,1.);
#6178 = DIRECTION('',(-1.,0.));
#6179 = ( GEOMETRIC_REPRESENTATION_CONTEXT(2) 
PARAMETRIC_REPRESENTATION_CONTEXT() REPRESENTATION_CONTEXT('2D SPACE',''
  ) );
#6180 = PCURVE('',#6181,#6186);
#6181 = PLANE('',#6182);
#6182 = AXIS2_PLACEMENT_3D('',#6183,#6184,#6185);
#6183 = CARTESIAN_POINT('',(-3.038755850088E-16,-60.98830789158,
    70.170350763253));
#6184 = DIRECTION('',(-0.,-0.999550303522,-2.998650910567E-02));
#6185 = DIRECTION('',(0.,2.998650910567E-02,-0.999550303522));
#6186 = DEFINITIONAL_REPRESENTATION('',(#6187),#6191);
#6187 = CIRCLE('',#6188,9.);
#6188 = AXIS2_PLACEMENT_2D('',#6189,#6190);
#6189 = CARTESIAN_POINT('',(0.,3.038755850088E-16));
#6190 = DIRECTION('',(0.,1.));
#6191 = ( GEOMETRIC_REPRESENTATION_CONTEXT(2) 
PARAMETRIC_REPRESENTATION_CONTEXT() REPRESENTATION_CONTEXT('2D SPACE',''
  ) );
#6192 = ORIENTED_EDGE('',*,*,#6143,.F.);
#6193 = ORIENTED_EDGE('',*,*,#4944,.F.);
#6194 = ORIENTED_EDGE('',*,*,#5572,.T.);
#6195 = ORIENTED_EDGE('',*,*,#6196,.F.);
#6196 = EDGE_CURVE('',#5711,#5573,#6197,.T.);
#6197 = SURFACE_CURVE('',#6198,(#6203,#6210),.PCURVE_S1.);
#6198 = CIRCLE('',#6199,9.);
#6199 = AXIS2_PLACEMENT_3D('',#6200,#6201,#6202);
#6200 = CARTESIAN_POINT('',(0.,-35.,70.95));
#6201 = DIRECTION('',(0.,-0.999550303522,-2.998650910567E-02));
#6202 = DIRECTION('',(1.,0.,0.));
#6203 = PCURVE('',#5006,#6204);
#6204 = DEFINITIONAL_REPRESENTATION('',(#6205),#6209);
#6205 = LINE('',#6206,#6207);
#6206 = CARTESIAN_POINT('',(-0.,0.));
#6207 = VECTOR('',#6208,1.);
#6208 = DIRECTION('',(-1.,0.));
#6209 = ( GEOMETRIC_REPRESENTATION_CONTEXT(2) 
PARAMETRIC_REPRESENTATION_CONTEXT() REPRESENTATION_CONTEXT('2D SPACE',''
  ) );
#6210 = PCURVE('',#5752,#6211);
#6211 = DEFINITIONAL_REPRESENTATION('',(#6212),#6216);
#6212 = CIRCLE('',#6213,9.);
#6213 = AXIS2_PLACEMENT_2D('',#6214,#6215);
#6214 = CARTESIAN_POINT('',(0.,3.038755850088E-16));
#6215 = DIRECTION('',(0.,1.));
#6216 = ( GEOMETRIC_REPRESENTATION_CONTEXT(2) 
PARAMETRIC_REPRESENTATION_CONTEXT() REPRESENTATION_CONTEXT('2D SPACE',''
  ) );
#6217 = ORIENTED_EDGE('',*,*,#5710,.T.);
#6218 = ADVANCED_FACE('',(#6219),#4855,.T.);
#6219 = FACE_BOUND('',#6220,.F.);
#6220 = EDGE_LOOP('',(#6221,#6247,#6248,#6249));
#6221 = ORIENTED_EDGE('',*,*,#6222,.F.);
#6222 = EDGE_CURVE('',#4841,#4867,#6223,.T.);
#6223 = SURFACE_CURVE('',#6224,(#6229,#6236),.PCURVE_S1.);
#6224 = CIRCLE('',#6225,7.);
#6225 = AXIS2_PLACEMENT_3D('',#6226,#6227,#6228);
#6226 = CARTESIAN_POINT('',(33.234018715768,-33.23401871576,67.));
#6227 = DIRECTION('',(0.,0.,-1.));
#6228 = DIRECTION('',(-6.377019226349E-02,0.997964609883,0.));
#6229 = PCURVE('',#4855,#6230);
#6230 = DEFINITIONAL_REPRESENTATION('',(#6231),#6235);
#6231 = LINE('',#6232,#6233);
#6232 = CARTESIAN_POINT('',(-7.917795127233,-5.));
#6233 = VECTOR('',#6234,1.);
#6234 = DIRECTION('',(1.,-0.));
#6235 = ( GEOMETRIC_REPRESENTATION_CONTEXT(2) 
PARAMETRIC_REPRESENTATION_CONTEXT() REPRESENTATION_CONTEXT('2D SPACE',''
  ) );
#6236 = PCURVE('',#4883,#6237);
#6237 = DEFINITIONAL_REPRESENTATION('',(#6238),#6246);
#6238 = ( BOUNDED_CURVE() B_SPLINE_CURVE(2,(#6239,#6240,#6241,#6242,
#6243,#6244,#6245),.UNSPECIFIED.,.T.,.F.) B_SPLINE_CURVE_WITH_KNOTS((1,2
    ,2,2,2,1),(-2.094395102393,0.,2.094395102393,4.188790204786,
6.28318530718,8.377580409573),.UNSPECIFIED.) CURVE() 
GEOMETRIC_REPRESENTATION_ITEM() RATIONAL_B_SPLINE_CURVE((1.,0.5,1.,0.5,
1.,0.5,1.)) REPRESENTATION_ITEM('') );
#6239 = CARTESIAN_POINT('',(-0.446391345844,6.98575226918));
#6240 = CARTESIAN_POINT('',(11.653286513465,7.758924760242));
#6241 = CARTESIAN_POINT('',(6.273034602577,-3.106289889059));
#6242 = CARTESIAN_POINT('',(0.892782691689,-13.97150453836));
#6243 = CARTESIAN_POINT('',(-5.826643256733,-3.879462380121));
#6244 = CARTESIAN_POINT('',(-12.54606920515,6.212579778118));
#6245 = CARTESIAN_POINT('',(-0.446391345844,6.98575226918));
#6246 = ( GEOMETRIC_REPRESENTATION_CONTEXT(2) 
PARAMETRIC_REPRESENTATION_CONTEXT() REPRESENTATION_CONTEXT('2D SPACE',''
  ) );
#6247 = ORIENTED_EDGE('',*,*,#4840,.T.);
#6248 = ORIENTED_EDGE('',*,*,#5601,.T.);
#6249 = ORIENTED_EDGE('',*,*,#4899,.F.);
#6250 = ADVANCED_FACE('',(#6251,#6255),#4883,.T.);
#6251 = FACE_BOUND('',#6252,.T.);
#6252 = EDGE_LOOP('',(#6253,#6254));
#6253 = ORIENTED_EDGE('',*,*,#4866,.T.);
#6254 = ORIENTED_EDGE('',*,*,#6222,.F.);
#6255 = FACE_BOUND('',#6256,.T.);
#6256 = EDGE_LOOP('',(#6257));
#6257 = ORIENTED_EDGE('',*,*,#6258,.T.);
#6258 = EDGE_CURVE('',#6259,#6259,#6261,.T.);
#6259 = VERTEX_POINT('',#6260);
#6260 = CARTESIAN_POINT('',(35.484018715768,-33.23401871576,67.));
#6261 = SURFACE_CURVE('',#6262,(#6267,#6278),.PCURVE_S1.);
#6262 = CIRCLE('',#6263,2.25);
#6263 = AXIS2_PLACEMENT_3D('',#6264,#6265,#6266);
#6264 = CARTESIAN_POINT('',(33.234018715768,-33.23401871576,67.));
#6265 = DIRECTION('',(0.,0.,-1.));
#6266 = DIRECTION('',(1.,0.,0.));
#6267 = PCURVE('',#4883,#6268);
#6268 = DEFINITIONAL_REPRESENTATION('',(#6269),#6277);
#6269 = ( BOUNDED_CURVE() B_SPLINE_CURVE(2,(#6270,#6271,#6272,#6273,
#6274,#6275,#6276),.UNSPECIFIED.,.T.,.F.) B_SPLINE_CURVE_WITH_KNOTS((1,2
    ,2,2,2,1),(-2.094395102393,0.,2.094395102393,4.188790204786,
6.28318530718,8.377580409573),.UNSPECIFIED.) CURVE() 
GEOMETRIC_REPRESENTATION_ITEM() RATIONAL_B_SPLINE_CURVE((1.,0.5,1.,0.5,
1.,0.5,1.)) REPRESENTATION_ITEM('') );
#6270 = CARTESIAN_POINT('',(2.25,-7.105427357601E-15));
#6271 = CARTESIAN_POINT('',(2.25,-3.89711431703));
#6272 = CARTESIAN_POINT('',(-1.125,-1.948557158515));
#6273 = CARTESIAN_POINT('',(-4.5,-7.656518417217E-15));
#6274 = CARTESIAN_POINT('',(-1.125,1.948557158515));
#6275 = CARTESIAN_POINT('',(2.25,3.89711431703));
#6276 = CARTESIAN_POINT('',(2.25,-7.105427357601E-15));
#6277 = ( GEOMETRIC_REPRESENTATION_CONTEXT(2) 
PARAMETRIC_REPRESENTATION_CONTEXT() REPRESENTATION_CONTEXT('2D SPACE',''
  ) );
#6278 = PCURVE('',#5821,#6279);
#6279 = DEFINITIONAL_REPRESENTATION('',(#6280),#6284);
#6280 = LINE('',#6281,#6282);
#6281 = CARTESIAN_POINT('',(-6.28318530718,-6.));
#6282 = VECTOR('',#6283,1.);
#6283 = DIRECTION('',(1.,-0.));
#6284 = ( GEOMETRIC_REPRESENTATION_CONTEXT(2) 
PARAMETRIC_REPRESENTATION_CONTEXT() REPRESENTATION_CONTEXT('2D SPACE',''
  ) );
#6285 = ADVANCED_FACE('',(#6286,#6381,#6416,#6451,#6486,#6521),#4389,.T.
  );
#6286 = FACE_BOUND('',#6287,.T.);
#6287 = EDGE_LOOP('',(#6288,#6289,#6290,#6312,#6313,#6335,#6336,#6358,
    #6359));
#6288 = ORIENTED_EDGE('',*,*,#4793,.T.);
#6289 = ORIENTED_EDGE('',*,*,#4372,.T.);
#6290 = ORIENTED_EDGE('',*,*,#6291,.T.);
#6291 = EDGE_CURVE('',#4373,#4461,#6292,.T.);
#6292 = SURFACE_CURVE('',#6293,(#6298,#6305),.PCURVE_S1.);
#6293 = CIRCLE('',#6294,7.);
#6294 = AXIS2_PLACEMENT_3D('',#6295,#6296,#6297);
#6295 = CARTESIAN_POINT('',(33.234018715768,33.234018715768,101.));
#6296 = DIRECTION('',(0.,0.,1.));
#6297 = DIRECTION('',(-6.377019226355E-02,-0.997964609883,0.));
#6298 = PCURVE('',#4389,#6299);
#6299 = DEFINITIONAL_REPRESENTATION('',(#6300),#6304);
#6300 = CIRCLE('',#6301,7.);
#6301 = AXIS2_PLACEMENT_2D('',#6302,#6303);
#6302 = CARTESIAN_POINT('',(33.234018715768,33.234018715768));
#6303 = DIRECTION('',(-6.377019226355E-02,-0.997964609883));
#6304 = ( GEOMETRIC_REPRESENTATION_CONTEXT(2) 
PARAMETRIC_REPRESENTATION_CONTEXT() REPRESENTATION_CONTEXT('2D SPACE',''
  ) );
#6305 = PCURVE('',#4416,#6306);
#6306 = DEFINITIONAL_REPRESENTATION('',(#6307),#6311);
#6307 = LINE('',#6308,#6309);
#6308 = CARTESIAN_POINT('',(-4.648575487126,-8.));
#6309 = VECTOR('',#6310,1.);
#6310 = DIRECTION('',(-1.,0.));
#6311 = ( GEOMETRIC_REPRESENTATION_CONTEXT(2) 
PARAMETRIC_REPRESENTATION_CONTEXT() REPRESENTATION_CONTEXT('2D SPACE',''
  ) );
#6312 = ORIENTED_EDGE('',*,*,#4481,.T.);
#6313 = ORIENTED_EDGE('',*,*,#6314,.T.);
#6314 = EDGE_CURVE('',#4482,#4565,#6315,.T.);
#6315 = SURFACE_CURVE('',#6316,(#6321,#6328),.PCURVE_S1.);
#6316 = CIRCLE('',#6317,7.);
#6317 = AXIS2_PLACEMENT_3D('',#6318,#6319,#6320);
#6318 = CARTESIAN_POINT('',(-33.23401871576,33.234018715768,101.));
#6319 = DIRECTION('',(-0.,0.,1.));
#6320 = DIRECTION('',(0.997964609883,-6.377019226345E-02,0.));
#6321 = PCURVE('',#4389,#6322);
#6322 = DEFINITIONAL_REPRESENTATION('',(#6323),#6327);
#6323 = CIRCLE('',#6324,7.);
#6324 = AXIS2_PLACEMENT_2D('',#6325,#6326);
#6325 = CARTESIAN_POINT('',(-33.23401871576,33.234018715768));
#6326 = DIRECTION('',(0.997964609883,-6.377019226345E-02));
#6327 = ( GEOMETRIC_REPRESENTATION_CONTEXT(2) 
PARAMETRIC_REPRESENTATION_CONTEXT() REPRESENTATION_CONTEXT('2D SPACE',''
  ) );
#6328 = PCURVE('',#4520,#6329);
#6329 = DEFINITIONAL_REPRESENTATION('',(#6330),#6334);
#6330 = LINE('',#6331,#6332);
#6331 = CARTESIAN_POINT('',(-6.219371813921,-8.));
#6332 = VECTOR('',#6333,1.);
#6333 = DIRECTION('',(-1.,0.));
#6334 = ( GEOMETRIC_REPRESENTATION_CONTEXT(2) 
PARAMETRIC_REPRESENTATION_CONTEXT() REPRESENTATION_CONTEXT('2D SPACE',''
  ) );
#6335 = ORIENTED_EDGE('',*,*,#4585,.T.);
#6336 = ORIENTED_EDGE('',*,*,#6337,.T.);
#6337 = EDGE_CURVE('',#4586,#4669,#6338,.T.);
#6338 = SURFACE_CURVE('',#6339,(#6344,#6351),.PCURVE_S1.);
#6339 = CIRCLE('',#6340,7.);
#6340 = AXIS2_PLACEMENT_3D('',#6341,#6342,#6343);
#6341 = CARTESIAN_POINT('',(-33.23401871576,-33.23401871576,101.));
#6342 = DIRECTION('',(0.,-0.,1.));
#6343 = DIRECTION('',(6.377019226345E-02,0.997964609883,0.));
#6344 = PCURVE('',#4389,#6345);
#6345 = DEFINITIONAL_REPRESENTATION('',(#6346),#6350);
#6346 = CIRCLE('',#6347,7.);
#6347 = AXIS2_PLACEMENT_2D('',#6348,#6349);
#6348 = CARTESIAN_POINT('',(-33.23401871576,-33.23401871576));
#6349 = DIRECTION('',(6.377019226345E-02,0.997964609883));
#6350 = ( GEOMETRIC_REPRESENTATION_CONTEXT(2) 
PARAMETRIC_REPRESENTATION_CONTEXT() REPRESENTATION_CONTEXT('2D SPACE',''
  ) );
#6351 = PCURVE('',#4624,#6352);
#6352 = DEFINITIONAL_REPRESENTATION('',(#6353),#6357);
#6353 = LINE('',#6354,#6355);
#6354 = CARTESIAN_POINT('',(-1.506982833536,-8.));
#6355 = VECTOR('',#6356,1.);
#6356 = DIRECTION('',(-1.,0.));
#6357 = ( GEOMETRIC_REPRESENTATION_CONTEXT(2) 
PARAMETRIC_REPRESENTATION_CONTEXT() REPRESENTATION_CONTEXT('2D SPACE',''
  ) );
#6358 = ORIENTED_EDGE('',*,*,#4689,.T.);
#6359 = ORIENTED_EDGE('',*,*,#6360,.T.);
#6360 = EDGE_CURVE('',#4690,#4773,#6361,.T.);
#6361 = SURFACE_CURVE('',#6362,(#6367,#6374),.PCURVE_S1.);
#6362 = CIRCLE('',#6363,7.);
#6363 = AXIS2_PLACEMENT_3D('',#6364,#6365,#6366);
#6364 = CARTESIAN_POINT('',(33.234018715768,-33.23401871576,101.));
#6365 = DIRECTION('',(0.,0.,1.));
#6366 = DIRECTION('',(-0.997964609883,6.377019226344E-02,0.));
#6367 = PCURVE('',#4389,#6368);
#6368 = DEFINITIONAL_REPRESENTATION('',(#6369),#6373);
#6369 = CIRCLE('',#6370,7.);
#6370 = AXIS2_PLACEMENT_2D('',#6371,#6372);
#6371 = CARTESIAN_POINT('',(33.234018715768,-33.23401871576));
#6372 = DIRECTION('',(-0.997964609883,6.377019226344E-02));
#6373 = ( GEOMETRIC_REPRESENTATION_CONTEXT(2) 
PARAMETRIC_REPRESENTATION_CONTEXT() REPRESENTATION_CONTEXT('2D SPACE',''
  ) );
#6374 = PCURVE('',#4728,#6375);
#6375 = DEFINITIONAL_REPRESENTATION('',(#6376),#6380);
#6376 = LINE('',#6377,#6378);
#6377 = CARTESIAN_POINT('',(-3.077779160331,-8.));
#6378 = VECTOR('',#6379,1.);
#6379 = DIRECTION('',(-1.,0.));
#6380 = ( GEOMETRIC_REPRESENTATION_CONTEXT(2) 
PARAMETRIC_REPRESENTATION_CONTEXT() REPRESENTATION_CONTEXT('2D SPACE',''
  ) );
#6381 = FACE_BOUND('',#6382,.T.);
#6382 = EDGE_LOOP('',(#6383));
#6383 = ORIENTED_EDGE('',*,*,#6384,.T.);
#6384 = EDGE_CURVE('',#6385,#6385,#6387,.T.);
#6385 = VERTEX_POINT('',#6386);
#6386 = CARTESIAN_POINT('',(-30.43401871576,-33.23401871576,101.));
#6387 = SURFACE_CURVE('',#6388,(#6393,#6404),.PCURVE_S1.);
#6388 = CIRCLE('',#6389,2.8);
#6389 = AXIS2_PLACEMENT_3D('',#6390,#6391,#6392);
#6390 = CARTESIAN_POINT('',(-33.23401871576,-33.23401871576,101.));
#6391 = DIRECTION('',(0.,0.,-1.));
#6392 = DIRECTION('',(1.,0.,0.));
#6393 = PCURVE('',#4389,#6394);
#6394 = DEFINITIONAL_REPRESENTATION('',(#6395),#6403);
#6395 = ( BOUNDED_CURVE() B_SPLINE_CURVE(2,(#6396,#6397,#6398,#6399,
#6400,#6401,#6402),.UNSPECIFIED.,.T.,.F.) B_SPLINE_CURVE_WITH_KNOTS((1,2
    ,2,2,2,1),(-2.094395102393,0.,2.094395102393,4.188790204786,
6.28318530718,8.377580409573),.UNSPECIFIED.) CURVE() 
GEOMETRIC_REPRESENTATION_ITEM() RATIONAL_B_SPLINE_CURVE((1.,0.5,1.,0.5,
1.,0.5,1.)) REPRESENTATION_ITEM('') );
#6396 = CARTESIAN_POINT('',(-30.43401871576,-33.23401871576));
#6397 = CARTESIAN_POINT('',(-30.43401871576,-38.08376097696));
#6398 = CARTESIAN_POINT('',(-34.63401871576,-35.65888984636));
#6399 = CARTESIAN_POINT('',(-38.83401871576,-33.23401871576));
#6400 = CARTESIAN_POINT('',(-34.63401871576,-30.80914758517));
#6401 = CARTESIAN_POINT('',(-30.43401871576,-28.38427645457));
#6402 = CARTESIAN_POINT('',(-30.43401871576,-33.23401871576));
#6403 = ( GEOMETRIC_REPRESENTATION_CONTEXT(2) 
PARAMETRIC_REPRESENTATION_CONTEXT() REPRESENTATION_CONTEXT('2D SPACE',''
  ) );
#6404 = PCURVE('',#6405,#6410);
#6405 = CYLINDRICAL_SURFACE('',#6406,2.8);
#6406 = AXIS2_PLACEMENT_3D('',#6407,#6408,#6409);
#6407 = CARTESIAN_POINT('',(-33.23401871576,-33.23401871576,94.5));
#6408 = DIRECTION('',(-0.,-0.,-1.));
#6409 = DIRECTION('',(1.,0.,0.));
#6410 = DEFINITIONAL_REPRESENTATION('',(#6411),#6415);
#6411 = LINE('',#6412,#6413);
#6412 = CARTESIAN_POINT('',(-6.28318530718,-6.5));
#6413 = VECTOR('',#6414,1.);
#6414 = DIRECTION('',(1.,-0.));
#6415 = ( GEOMETRIC_REPRESENTATION_CONTEXT(2) 
PARAMETRIC_REPRESENTATION_CONTEXT() REPRESENTATION_CONTEXT('2D SPACE',''
  ) );
#6416 = FACE_BOUND('',#6417,.T.);
#6417 = EDGE_LOOP('',(#6418));
#6418 = ORIENTED_EDGE('',*,*,#6419,.T.);
#6419 = EDGE_CURVE('',#6420,#6420,#6422,.T.);
#6420 = VERTEX_POINT('',#6421);
#6421 = CARTESIAN_POINT('',(36.034018715768,-33.23401871576,101.));
#6422 = SURFACE_CURVE('',#6423,(#6428,#6439),.PCURVE_S1.);
#6423 = CIRCLE('',#6424,2.8);
#6424 = AXIS2_PLACEMENT_3D('',#6425,#6426,#6427);
#6425 = CARTESIAN_POINT('',(33.234018715768,-33.23401871576,101.));
#6426 = DIRECTION('',(0.,0.,-1.));
#6427 = DIRECTION('',(1.,0.,0.));
#6428 = PCURVE('',#4389,#6429);
#6429 = DEFINITIONAL_REPRESENTATION('',(#6430),#6438);
#6430 = ( BOUNDED_CURVE() B_SPLINE_CURVE(2,(#6431,#6432,#6433,#6434,
#6435,#6436,#6437),.UNSPECIFIED.,.T.,.F.) B_SPLINE_CURVE_WITH_KNOTS((1,2
    ,2,2,2,1),(-2.094395102393,0.,2.094395102393,4.188790204786,
6.28318530718,8.377580409573),.UNSPECIFIED.) CURVE() 
GEOMETRIC_REPRESENTATION_ITEM() RATIONAL_B_SPLINE_CURVE((1.,0.5,1.,0.5,
1.,0.5,1.)) REPRESENTATION_ITEM('') );
#6431 = CARTESIAN_POINT('',(36.034018715768,-33.23401871576));
#6432 = CARTESIAN_POINT('',(36.034018715768,-38.08376097696));
#6433 = CARTESIAN_POINT('',(31.834018715768,-35.65888984636));
#6434 = CARTESIAN_POINT('',(27.634018715768,-33.23401871576));
#6435 = CARTESIAN_POINT('',(31.834018715768,-30.80914758517));
#6436 = CARTESIAN_POINT('',(36.034018715768,-28.38427645457));
#6437 = CARTESIAN_POINT('',(36.034018715768,-33.23401871576));
#6438 = ( GEOMETRIC_REPRESENTATION_CONTEXT(2) 
PARAMETRIC_REPRESENTATION_CONTEXT() REPRESENTATION_CONTEXT('2D SPACE',''
  ) );
#6439 = PCURVE('',#6440,#6445);
#6440 = CYLINDRICAL_SURFACE('',#6441,2.8);
#6441 = AXIS2_PLACEMENT_3D('',#6442,#6443,#6444);
#6442 = CARTESIAN_POINT('',(33.234018715768,-33.23401871576,94.5));
#6443 = DIRECTION('',(-0.,-0.,-1.));
#6444 = DIRECTION('',(1.,0.,0.));
#6445 = DEFINITIONAL_REPRESENTATION('',(#6446),#6450);
#6446 = LINE('',#6447,#6448);
#6447 = CARTESIAN_POINT('',(-6.28318530718,-6.5));
#6448 = VECTOR('',#6449,1.);
#6449 = DIRECTION('',(1.,-0.));
#6450 = ( GEOMETRIC_REPRESENTATION_CONTEXT(2) 
PARAMETRIC_REPRESENTATION_CONTEXT() REPRESENTATION_CONTEXT('2D SPACE',''
  ) );
#6451 = FACE_BOUND('',#6452,.T.);
#6452 = EDGE_LOOP('',(#6453));
#6453 = ORIENTED_EDGE('',*,*,#6454,.T.);
#6454 = EDGE_CURVE('',#6455,#6455,#6457,.T.);
#6455 = VERTEX_POINT('',#6456);
#6456 = CARTESIAN_POINT('',(-30.43401871576,33.234018715768,101.));
#6457 = SURFACE_CURVE('',#6458,(#6463,#6474),.PCURVE_S1.);
#6458 = CIRCLE('',#6459,2.8);
#6459 = AXIS2_PLACEMENT_3D('',#6460,#6461,#6462);
#6460 = CARTESIAN_POINT('',(-33.23401871576,33.234018715768,101.));
#6461 = DIRECTION('',(0.,0.,-1.));
#6462 = DIRECTION('',(1.,0.,0.));
#6463 = PCURVE('',#4389,#6464);
#6464 = DEFINITIONAL_REPRESENTATION('',(#6465),#6473);
#6465 = ( BOUNDED_CURVE() B_SPLINE_CURVE(2,(#6466,#6467,#6468,#6469,
#6470,#6471,#6472),.UNSPECIFIED.,.T.,.F.) B_SPLINE_CURVE_WITH_KNOTS((1,2
    ,2,2,2,1),(-2.094395102393,0.,2.094395102393,4.188790204786,
6.28318530718,8.377580409573),.UNSPECIFIED.) CURVE() 
GEOMETRIC_REPRESENTATION_ITEM() RATIONAL_B_SPLINE_CURVE((1.,0.5,1.,0.5,
1.,0.5,1.)) REPRESENTATION_ITEM('') );
#6466 = CARTESIAN_POINT('',(-30.43401871576,33.234018715768));
#6467 = CARTESIAN_POINT('',(-30.43401871576,28.384276454575));
#6468 = CARTESIAN_POINT('',(-34.63401871576,30.809147585171));
#6469 = CARTESIAN_POINT('',(-38.83401871576,33.234018715768));
#6470 = CARTESIAN_POINT('',(-34.63401871576,35.658889846364));
#6471 = CARTESIAN_POINT('',(-30.43401871576,38.083760976961));
#6472 = CARTESIAN_POINT('',(-30.43401871576,33.234018715768));
#6473 = ( GEOMETRIC_REPRESENTATION_CONTEXT(2) 
PARAMETRIC_REPRESENTATION_CONTEXT() REPRESENTATION_CONTEXT('2D SPACE',''
  ) );
#6474 = PCURVE('',#6475,#6480);
#6475 = CYLINDRICAL_SURFACE('',#6476,2.8);
#6476 = AXIS2_PLACEMENT_3D('',#6477,#6478,#6479);
#6477 = CARTESIAN_POINT('',(-33.23401871576,33.234018715768,94.5));
#6478 = DIRECTION('',(-0.,-0.,-1.));
#6479 = DIRECTION('',(1.,0.,0.));
#6480 = DEFINITIONAL_REPRESENTATION('',(#6481),#6485);
#6481 = LINE('',#6482,#6483);
#6482 = CARTESIAN_POINT('',(-6.28318530718,-6.5));
#6483 = VECTOR('',#6484,1.);
#6484 = DIRECTION('',(1.,-0.));
#6485 = ( GEOMETRIC_REPRESENTATION_CONTEXT(2) 
PARAMETRIC_REPRESENTATION_CONTEXT() REPRESENTATION_CONTEXT('2D SPACE',''
  ) );
#6486 = FACE_BOUND('',#6487,.T.);
#6487 = EDGE_LOOP('',(#6488));
#6488 = ORIENTED_EDGE('',*,*,#6489,.T.);
#6489 = EDGE_CURVE('',#6490,#6490,#6492,.T.);
#6490 = VERTEX_POINT('',#6491);
#6491 = CARTESIAN_POINT('',(39.,0.,101.));
#6492 = SURFACE_CURVE('',#6493,(#6498,#6509),.PCURVE_S1.);
#6493 = CIRCLE('',#6494,39.);
#6494 = AXIS2_PLACEMENT_3D('',#6495,#6496,#6497);
#6495 = CARTESIAN_POINT('',(0.,0.,101.));
#6496 = DIRECTION('',(0.,0.,-1.));
#6497 = DIRECTION('',(1.,0.,0.));
#6498 = PCURVE('',#4389,#6499);
#6499 = DEFINITIONAL_REPRESENTATION('',(#6500),#6508);
#6500 = ( BOUNDED_CURVE() B_SPLINE_CURVE(2,(#6501,#6502,#6503,#6504,
#6505,#6506,#6507),.UNSPECIFIED.,.T.,.F.) B_SPLINE_CURVE_WITH_KNOTS((1,2
    ,2,2,2,1),(-2.094395102393,0.,2.094395102393,4.188790204786,
6.28318530718,8.377580409573),.UNSPECIFIED.) CURVE() 
GEOMETRIC_REPRESENTATION_ITEM() RATIONAL_B_SPLINE_CURVE((1.,0.5,1.,0.5,
1.,0.5,1.)) REPRESENTATION_ITEM('') );
#6501 = CARTESIAN_POINT('',(39.,-3.692127783966E-16));
#6502 = CARTESIAN_POINT('',(39.,-67.54998149518));
#6503 = CARTESIAN_POINT('',(-19.5,-33.77499074759));
#6504 = CARTESIAN_POINT('',(-78.,-9.921457811746E-15));
#6505 = CARTESIAN_POINT('',(-19.5,33.774990747593));
#6506 = CARTESIAN_POINT('',(39.,67.549981495186));
#6507 = CARTESIAN_POINT('',(39.,-3.692127783966E-16));
#6508 = ( GEOMETRIC_REPRESENTATION_CONTEXT(2) 
PARAMETRIC_REPRESENTATION_CONTEXT() REPRESENTATION_CONTEXT('2D SPACE',''
  ) );
#6509 = PCURVE('',#6510,#6515);
#6510 = CYLINDRICAL_SURFACE('',#6511,39.);
#6511 = AXIS2_PLACEMENT_3D('',#6512,#6513,#6514);
#6512 = CARTESIAN_POINT('',(0.,0.,45.));
#6513 = DIRECTION('',(-0.,-0.,-1.));
#6514 = DIRECTION('',(1.,0.,0.));
#6515 = DEFINITIONAL_REPRESENTATION('',(#6516),#6520);
#6516 = LINE('',#6517,#6518);
#6517 = CARTESIAN_POINT('',(-6.28318530718,-56.));
#6518 = VECTOR('',#6519,1.);
#6519 = DIRECTION('',(1.,-0.));
#6520 = ( GEOMETRIC_REPRESENTATION_CONTEXT(2) 
PARAMETRIC_REPRESENTATION_CONTEXT() REPRESENTATION_CONTEXT('2D SPACE',''
  ) );
#6521 = FACE_BOUND('',#6522,.T.);
#6522 = EDGE_LOOP('',(#6523));
#6523 = ORIENTED_EDGE('',*,*,#6524,.T.);
#6524 = EDGE_CURVE('',#6525,#6525,#6527,.T.);
#6525 = VERTEX_POINT('',#6526);
#6526 = CARTESIAN_POINT('',(36.034018715768,33.234018715768,101.));
#6527 = SURFACE_CURVE('',#6528,(#6533,#6544),.PCURVE_S1.);
#6528 = CIRCLE('',#6529,2.8);
#6529 = AXIS2_PLACEMENT_3D('',#6530,#6531,#6532);
#6530 = CARTESIAN_POINT('',(33.234018715768,33.234018715768,101.));
#6531 = DIRECTION('',(0.,0.,-1.));
#6532 = DIRECTION('',(1.,0.,0.));
#6533 = PCURVE('',#4389,#6534);
#6534 = DEFINITIONAL_REPRESENTATION('',(#6535),#6543);
#6535 = ( BOUNDED_CURVE() B_SPLINE_CURVE(2,(#6536,#6537,#6538,#6539,
#6540,#6541,#6542),.UNSPECIFIED.,.T.,.F.) B_SPLINE_CURVE_WITH_KNOTS((1,2
    ,2,2,2,1),(-2.094395102393,0.,2.094395102393,4.188790204786,
6.28318530718,8.377580409573),.UNSPECIFIED.) CURVE() 
GEOMETRIC_REPRESENTATION_ITEM() RATIONAL_B_SPLINE_CURVE((1.,0.5,1.,0.5,
1.,0.5,1.)) REPRESENTATION_ITEM('') );
#6536 = CARTESIAN_POINT('',(36.034018715768,33.234018715768));
#6537 = CARTESIAN_POINT('',(36.034018715768,28.384276454575));
#6538 = CARTESIAN_POINT('',(31.834018715768,30.809147585171));
#6539 = CARTESIAN_POINT('',(27.634018715768,33.234018715768));
#6540 = CARTESIAN_POINT('',(31.834018715768,35.658889846364));
#6541 = CARTESIAN_POINT('',(36.034018715768,38.083760976961));
#6542 = CARTESIAN_POINT('',(36.034018715768,33.234018715768));
#6543 = ( GEOMETRIC_REPRESENTATION_CONTEXT(2) 
PARAMETRIC_REPRESENTATION_CONTEXT() REPRESENTATION_CONTEXT('2D SPACE',''
  ) );
#6544 = PCURVE('',#6545,#6550);
#6545 = CYLINDRICAL_SURFACE('',#6546,2.8);
#6546 = AXIS2_PLACEMENT_3D('',#6547,#6548,#6549);
#6547 = CARTESIAN_POINT('',(33.234018715768,33.234018715768,94.5));
#6548 = DIRECTION('',(-0.,-0.,-1.));
#6549 = DIRECTION('',(1.,0.,0.));
#6550 = DEFINITIONAL_REPRESENTATION('',(#6551),#6555);
#6551 = LINE('',#6552,#6553);
#6552 = CARTESIAN_POINT('',(-6.28318530718,-6.5));
#6553 = VECTOR('',#6554,1.);
#6554 = DIRECTION('',(1.,-0.));
#6555 = ( GEOMETRIC_REPRESENTATION_CONTEXT(2) 
PARAMETRIC_REPRESENTATION_CONTEXT() REPRESENTATION_CONTEXT('2D SPACE',''
  ) );
#6556 = ADVANCED_FACE('',(#6557),#4728,.T.);
#6557 = FACE_BOUND('',#6558,.F.);
#6558 = EDGE_LOOP('',(#6559,#6581,#6582,#6583));
#6559 = ORIENTED_EDGE('',*,*,#6560,.F.);
#6560 = EDGE_CURVE('',#4714,#4740,#6561,.T.);
#6561 = SURFACE_CURVE('',#6562,(#6567,#6574),.PCURVE_S1.);
#6562 = CIRCLE('',#6563,7.);
#6563 = AXIS2_PLACEMENT_3D('',#6564,#6565,#6566);
#6564 = CARTESIAN_POINT('',(33.234018715768,-33.23401871576,93.));
#6565 = DIRECTION('',(0.,0.,1.));
#6566 = DIRECTION('',(-0.997964609883,6.377019226349E-02,0.));
#6567 = PCURVE('',#4728,#6568);
#6568 = DEFINITIONAL_REPRESENTATION('',(#6569),#6573);
#6569 = LINE('',#6570,#6571);
#6570 = CARTESIAN_POINT('',(-3.077779160331,0.));
#6571 = VECTOR('',#6572,1.);
#6572 = DIRECTION('',(-1.,0.));
#6573 = ( GEOMETRIC_REPRESENTATION_CONTEXT(2) 
PARAMETRIC_REPRESENTATION_CONTEXT() REPRESENTATION_CONTEXT('2D SPACE',''
  ) );
#6574 = PCURVE('',#4756,#6575);
#6575 = DEFINITIONAL_REPRESENTATION('',(#6576),#6580);
#6576 = CIRCLE('',#6577,7.);
#6577 = AXIS2_PLACEMENT_2D('',#6578,#6579);
#6578 = CARTESIAN_POINT('',(0.,-7.105427357601E-15));
#6579 = DIRECTION('',(-0.997964609883,6.377019226349E-02));
#6580 = ( GEOMETRIC_REPRESENTATION_CONTEXT(2) 
PARAMETRIC_REPRESENTATION_CONTEXT() REPRESENTATION_CONTEXT('2D SPACE',''
  ) );
#6581 = ORIENTED_EDGE('',*,*,#4713,.F.);
#6582 = ORIENTED_EDGE('',*,*,#6360,.T.);
#6583 = ORIENTED_EDGE('',*,*,#4772,.T.);
#6584 = ADVANCED_FACE('',(#6585),#4756,.F.);
#6585 = FACE_BOUND('',#6586,.F.);
#6586 = EDGE_LOOP('',(#6587,#6588));
#6587 = ORIENTED_EDGE('',*,*,#6560,.T.);
#6588 = ORIENTED_EDGE('',*,*,#4739,.T.);
#6589 = ADVANCED_FACE('',(#6590),#4624,.T.);
#6590 = FACE_BOUND('',#6591,.F.);
#6591 = EDGE_LOOP('',(#6592,#6614,#6615,#6616));
#6592 = ORIENTED_EDGE('',*,*,#6593,.F.);
#6593 = EDGE_CURVE('',#4610,#4636,#6594,.T.);
#6594 = SURFACE_CURVE('',#6595,(#6600,#6607),.PCURVE_S1.);
#6595 = CIRCLE('',#6596,7.);
#6596 = AXIS2_PLACEMENT_3D('',#6597,#6598,#6599);
#6597 = CARTESIAN_POINT('',(-33.23401871576,-33.23401871576,93.));
#6598 = DIRECTION('',(0.,-0.,1.));
#6599 = DIRECTION('',(6.377019226349E-02,0.997964609883,0.));
#6600 = PCURVE('',#4624,#6601);
#6601 = DEFINITIONAL_REPRESENTATION('',(#6602),#6606);
#6602 = LINE('',#6603,#6604);
#6603 = CARTESIAN_POINT('',(-1.506982833536,0.));
#6604 = VECTOR('',#6605,1.);
#6605 = DIRECTION('',(-1.,0.));
#6606 = ( GEOMETRIC_REPRESENTATION_CONTEXT(2) 
PARAMETRIC_REPRESENTATION_CONTEXT() REPRESENTATION_CONTEXT('2D SPACE',''
  ) );
#6607 = PCURVE('',#4652,#6608);
#6608 = DEFINITIONAL_REPRESENTATION('',(#6609),#6613);
#6609 = CIRCLE('',#6610,7.);
#6610 = AXIS2_PLACEMENT_2D('',#6611,#6612);
#6611 = CARTESIAN_POINT('',(-7.105427357601E-15,-7.105427357601E-15));
#6612 = DIRECTION('',(6.377019226349E-02,0.997964609883));
#6613 = ( GEOMETRIC_REPRESENTATION_CONTEXT(2) 
PARAMETRIC_REPRESENTATION_CONTEXT() REPRESENTATION_CONTEXT('2D SPACE',''
  ) );
#6614 = ORIENTED_EDGE('',*,*,#4609,.F.);
#6615 = ORIENTED_EDGE('',*,*,#6337,.T.);
#6616 = ORIENTED_EDGE('',*,*,#4668,.T.);
#6617 = ADVANCED_FACE('',(#6618),#4652,.F.);
#6618 = FACE_BOUND('',#6619,.F.);
#6619 = EDGE_LOOP('',(#6620,#6621));
#6620 = ORIENTED_EDGE('',*,*,#6593,.T.);
#6621 = ORIENTED_EDGE('',*,*,#4635,.T.);
#6622 = ADVANCED_FACE('',(#6623),#4520,.T.);
#6623 = FACE_BOUND('',#6624,.F.);
#6624 = EDGE_LOOP('',(#6625,#6647,#6648,#6649));
#6625 = ORIENTED_EDGE('',*,*,#6626,.F.);
#6626 = EDGE_CURVE('',#4506,#4532,#6627,.T.);
#6627 = SURFACE_CURVE('',#6628,(#6633,#6640),.PCURVE_S1.);
#6628 = CIRCLE('',#6629,7.);
#6629 = AXIS2_PLACEMENT_3D('',#6630,#6631,#6632);
#6630 = CARTESIAN_POINT('',(-33.23401871576,33.234018715768,93.));
#6631 = DIRECTION('',(-0.,0.,1.));
#6632 = DIRECTION('',(0.997964609883,-6.377019226349E-02,0.));
#6633 = PCURVE('',#4520,#6634);
#6634 = DEFINITIONAL_REPRESENTATION('',(#6635),#6639);
#6635 = LINE('',#6636,#6637);
#6636 = CARTESIAN_POINT('',(-6.219371813921,0.));
#6637 = VECTOR('',#6638,1.);
#6638 = DIRECTION('',(-1.,0.));
#6639 = ( GEOMETRIC_REPRESENTATION_CONTEXT(2) 
PARAMETRIC_REPRESENTATION_CONTEXT() REPRESENTATION_CONTEXT('2D SPACE',''
  ) );
#6640 = PCURVE('',#4548,#6641);
#6641 = DEFINITIONAL_REPRESENTATION('',(#6642),#6646);
#6642 = CIRCLE('',#6643,7.);
#6643 = AXIS2_PLACEMENT_2D('',#6644,#6645);
#6644 = CARTESIAN_POINT('',(0.,-7.105427357601E-15));
#6645 = DIRECTION('',(0.997964609883,-6.377019226349E-02));
#6646 = ( GEOMETRIC_REPRESENTATION_CONTEXT(2) 
PARAMETRIC_REPRESENTATION_CONTEXT() REPRESENTATION_CONTEXT('2D SPACE',''
  ) );
#6647 = ORIENTED_EDGE('',*,*,#4505,.F.);
#6648 = ORIENTED_EDGE('',*,*,#6314,.T.);
#6649 = ORIENTED_EDGE('',*,*,#4564,.T.);
#6650 = ADVANCED_FACE('',(#6651),#4548,.F.);
#6651 = FACE_BOUND('',#6652,.F.);
#6652 = EDGE_LOOP('',(#6653,#6654));
#6653 = ORIENTED_EDGE('',*,*,#6626,.T.);
#6654 = ORIENTED_EDGE('',*,*,#4531,.T.);
#6655 = ADVANCED_FACE('',(#6656),#4416,.T.);
#6656 = FACE_BOUND('',#6657,.F.);
#6657 = EDGE_LOOP('',(#6658,#6680,#6681,#6682));
#6658 = ORIENTED_EDGE('',*,*,#6659,.F.);
#6659 = EDGE_CURVE('',#4402,#4428,#6660,.T.);
#6660 = SURFACE_CURVE('',#6661,(#6666,#6673),.PCURVE_S1.);
#6661 = CIRCLE('',#6662,7.);
#6662 = AXIS2_PLACEMENT_3D('',#6663,#6664,#6665);
#6663 = CARTESIAN_POINT('',(33.234018715768,33.234018715768,93.));
#6664 = DIRECTION('',(0.,0.,1.));
#6665 = DIRECTION('',(-6.377019226349E-02,-0.997964609883,0.));
#6666 = PCURVE('',#4416,#6667);
#6667 = DEFINITIONAL_REPRESENTATION('',(#6668),#6672);
#6668 = LINE('',#6669,#6670);
#6669 = CARTESIAN_POINT('',(-4.648575487126,0.));
#6670 = VECTOR('',#6671,1.);
#6671 = DIRECTION('',(-1.,0.));
#6672 = ( GEOMETRIC_REPRESENTATION_CONTEXT(2) 
PARAMETRIC_REPRESENTATION_CONTEXT() REPRESENTATION_CONTEXT('2D SPACE',''
  ) );
#6673 = PCURVE('',#4444,#6674);
#6674 = DEFINITIONAL_REPRESENTATION('',(#6675),#6679);
#6675 = CIRCLE('',#6676,7.);
#6676 = AXIS2_PLACEMENT_2D('',#6677,#6678);
#6677 = CARTESIAN_POINT('',(0.,0.));
#6678 = DIRECTION('',(-6.377019226349E-02,-0.997964609883));
#6679 = ( GEOMETRIC_REPRESENTATION_CONTEXT(2) 
PARAMETRIC_REPRESENTATION_CONTEXT() REPRESENTATION_CONTEXT('2D SPACE',''
  ) );
#6680 = ORIENTED_EDGE('',*,*,#4401,.F.);
#6681 = ORIENTED_EDGE('',*,*,#6291,.T.);
#6682 = ORIENTED_EDGE('',*,*,#4460,.T.);
#6683 = ADVANCED_FACE('',(#6684),#4444,.F.);
#6684 = FACE_BOUND('',#6685,.F.);
#6685 = EDGE_LOOP('',(#6686,#6687));
#6686 = ORIENTED_EDGE('',*,*,#6659,.T.);
#6687 = ORIENTED_EDGE('',*,*,#4427,.T.);
#6688 = ADVANCED_FACE('',(#6689),#5752,.F.);
#6689 = FACE_BOUND('',#6690,.F.);
#6690 = EDGE_LOOP('',(#6691,#6692));
#6691 = ORIENTED_EDGE('',*,*,#5738,.F.);
#6692 = ORIENTED_EDGE('',*,*,#6196,.T.);
#6693 = ADVANCED_FACE('',(#6694),#5786,.F.);
#6694 = FACE_BOUND('',#6695,.T.);
#6695 = EDGE_LOOP('',(#6696,#6697,#6718,#6719));
#6696 = ORIENTED_EDGE('',*,*,#5765,.T.);
#6697 = ORIENTED_EDGE('',*,*,#6698,.T.);
#6698 = EDGE_CURVE('',#5766,#6112,#6699,.T.);
#6699 = SEAM_CURVE('',#6700,(#6704,#6711),.PCURVE_S1.);
#6700 = LINE('',#6701,#6702);
#6701 = CARTESIAN_POINT('',(-30.98401871576,-33.23401871576,61.));
#6702 = VECTOR('',#6703,1.);
#6703 = DIRECTION('',(0.,0.,1.));
#6704 = PCURVE('',#5786,#6705);
#6705 = DEFINITIONAL_REPRESENTATION('',(#6706),#6710);
#6706 = LINE('',#6707,#6708);
#6707 = CARTESIAN_POINT('',(-6.28318530718,0.));
#6708 = VECTOR('',#6709,1.);
#6709 = DIRECTION('',(-0.,-1.));
#6710 = ( GEOMETRIC_REPRESENTATION_CONTEXT(2) 
PARAMETRIC_REPRESENTATION_CONTEXT() REPRESENTATION_CONTEXT('2D SPACE',''
  ) );
#6711 = PCURVE('',#5786,#6712);
#6712 = DEFINITIONAL_REPRESENTATION('',(#6713),#6717);
#6713 = LINE('',#6714,#6715);
#6714 = CARTESIAN_POINT('',(-0.,0.));
#6715 = VECTOR('',#6716,1.);
#6716 = DIRECTION('',(-0.,-1.));
#6717 = ( GEOMETRIC_REPRESENTATION_CONTEXT(2) 
PARAMETRIC_REPRESENTATION_CONTEXT() REPRESENTATION_CONTEXT('2D SPACE',''
  ) );
#6718 = ORIENTED_EDGE('',*,*,#6111,.F.);
#6719 = ORIENTED_EDGE('',*,*,#6698,.F.);
#6720 = ADVANCED_FACE('',(#6721),#5821,.F.);
#6721 = FACE_BOUND('',#6722,.T.);
#6722 = EDGE_LOOP('',(#6723,#6724,#6745,#6746));
#6723 = ORIENTED_EDGE('',*,*,#5800,.T.);
#6724 = ORIENTED_EDGE('',*,*,#6725,.T.);
#6725 = EDGE_CURVE('',#5801,#6259,#6726,.T.);
#6726 = SEAM_CURVE('',#6727,(#6731,#6738),.PCURVE_S1.);
#6727 = LINE('',#6728,#6729);
#6728 = CARTESIAN_POINT('',(35.484018715768,-33.23401871576,61.));
#6729 = VECTOR('',#6730,1.);
#6730 = DIRECTION('',(0.,0.,1.));
#6731 = PCURVE('',#5821,#6732);
#6732 = DEFINITIONAL_REPRESENTATION('',(#6733),#6737);
#6733 = LINE('',#6734,#6735);
#6734 = CARTESIAN_POINT('',(-6.28318530718,0.));
#6735 = VECTOR('',#6736,1.);
#6736 = DIRECTION('',(-0.,-1.));
#6737 = ( GEOMETRIC_REPRESENTATION_CONTEXT(2) 
PARAMETRIC_REPRESENTATION_CONTEXT() REPRESENTATION_CONTEXT('2D SPACE',''
  ) );
#6738 = PCURVE('',#5821,#6739);
#6739 = DEFINITIONAL_REPRESENTATION('',(#6740),#6744);
#6740 = LINE('',#6741,#6742);
#6741 = CARTESIAN_POINT('',(-0.,0.));
#6742 = VECTOR('',#6743,1.);
#6743 = DIRECTION('',(-0.,-1.));
#6744 = ( GEOMETRIC_REPRESENTATION_CONTEXT(2) 
PARAMETRIC_REPRESENTATION_CONTEXT() REPRESENTATION_CONTEXT('2D SPACE',''
  ) );
#6745 = ORIENTED_EDGE('',*,*,#6258,.F.);
#6746 = ORIENTED_EDGE('',*,*,#6725,.F.);
#6747 = ADVANCED_FACE('',(#6748),#5856,.F.);
#6748 = FACE_BOUND('',#6749,.T.);
#6749 = EDGE_LOOP('',(#6750,#6751,#6772,#6773));
#6750 = ORIENTED_EDGE('',*,*,#5835,.T.);
#6751 = ORIENTED_EDGE('',*,*,#6752,.T.);
#6752 = EDGE_CURVE('',#5836,#6045,#6753,.T.);
#6753 = SEAM_CURVE('',#6754,(#6758,#6765),.PCURVE_S1.);
#6754 = LINE('',#6755,#6756);
#6755 = CARTESIAN_POINT('',(-30.98401871576,33.234018715768,61.));
#6756 = VECTOR('',#6757,1.);
#6757 = DIRECTION('',(0.,0.,1.));
#6758 = PCURVE('',#5856,#6759);
#6759 = DEFINITIONAL_REPRESENTATION('',(#6760),#6764);
#6760 = LINE('',#6761,#6762);
#6761 = CARTESIAN_POINT('',(-6.28318530718,0.));
#6762 = VECTOR('',#6763,1.);
#6763 = DIRECTION('',(-0.,-1.));
#6764 = ( GEOMETRIC_REPRESENTATION_CONTEXT(2) 
PARAMETRIC_REPRESENTATION_CONTEXT() REPRESENTATION_CONTEXT('2D SPACE',''
  ) );
#6765 = PCURVE('',#5856,#6766);
#6766 = DEFINITIONAL_REPRESENTATION('',(#6767),#6771);
#6767 = LINE('',#6768,#6769);
#6768 = CARTESIAN_POINT('',(-0.,0.));
#6769 = VECTOR('',#6770,1.);
#6770 = DIRECTION('',(-0.,-1.));
#6771 = ( GEOMETRIC_REPRESENTATION_CONTEXT(2) 
PARAMETRIC_REPRESENTATION_CONTEXT() REPRESENTATION_CONTEXT('2D SPACE',''
  ) );
#6772 = ORIENTED_EDGE('',*,*,#6044,.F.);
#6773 = ORIENTED_EDGE('',*,*,#6752,.F.);
#6774 = ADVANCED_FACE('',(#6775),#5891,.F.);
#6775 = FACE_BOUND('',#6776,.T.);
#6776 = EDGE_LOOP('',(#6777,#6778,#6801,#6832));
#6777 = ORIENTED_EDGE('',*,*,#5870,.T.);
#6778 = ORIENTED_EDGE('',*,*,#6779,.T.);
#6779 = EDGE_CURVE('',#5871,#6780,#6782,.T.);
#6780 = VERTEX_POINT('',#6781);
#6781 = CARTESIAN_POINT('',(18.7,0.,73.));
#6782 = SEAM_CURVE('',#6783,(#6787,#6794),.PCURVE_S1.);
#6783 = LINE('',#6784,#6785);
#6784 = CARTESIAN_POINT('',(18.7,0.,62.));
#6785 = VECTOR('',#6786,1.);
#6786 = DIRECTION('',(0.,0.,1.));
#6787 = PCURVE('',#5891,#6788);
#6788 = DEFINITIONAL_REPRESENTATION('',(#6789),#6793);
#6789 = LINE('',#6790,#6791);
#6790 = CARTESIAN_POINT('',(-0.,-32.));
#6791 = VECTOR('',#6792,1.);
#6792 = DIRECTION('',(-0.,-1.));
#6793 = ( GEOMETRIC_REPRESENTATION_CONTEXT(2) 
PARAMETRIC_REPRESENTATION_CONTEXT() REPRESENTATION_CONTEXT('2D SPACE',''
  ) );
#6794 = PCURVE('',#5891,#6795);
#6795 = DEFINITIONAL_REPRESENTATION('',(#6796),#6800);
#6796 = LINE('',#6797,#6798);
#6797 = CARTESIAN_POINT('',(-6.28318530718,-32.));
#6798 = VECTOR('',#6799,1.);
#6799 = DIRECTION('',(-0.,-1.));
#6800 = ( GEOMETRIC_REPRESENTATION_CONTEXT(2) 
PARAMETRIC_REPRESENTATION_CONTEXT() REPRESENTATION_CONTEXT('2D SPACE',''
  ) );
#6801 = ORIENTED_EDGE('',*,*,#6802,.F.);
#6802 = EDGE_CURVE('',#6780,#6780,#6803,.T.);
#6803 = SURFACE_CURVE('',#6804,(#6809,#6816),.PCURVE_S1.);
#6804 = CIRCLE('',#6805,18.7);
#6805 = AXIS2_PLACEMENT_3D('',#6806,#6807,#6808);
#6806 = CARTESIAN_POINT('',(0.,0.,73.));
#6807 = DIRECTION('',(0.,0.,-1.));
#6808 = DIRECTION('',(1.,0.,0.));
#6809 = PCURVE('',#5891,#6810);
#6810 = DEFINITIONAL_REPRESENTATION('',(#6811),#6815);
#6811 = LINE('',#6812,#6813);
#6812 = CARTESIAN_POINT('',(-6.28318530718,-43.));
#6813 = VECTOR('',#6814,1.);
#6814 = DIRECTION('',(1.,-0.));
#6815 = ( GEOMETRIC_REPRESENTATION_CONTEXT(2) 
PARAMETRIC_REPRESENTATION_CONTEXT() REPRESENTATION_CONTEXT('2D SPACE',''
  ) );
#6816 = PCURVE('',#6817,#6822);
#6817 = PLANE('',#6818);
#6818 = AXIS2_PLACEMENT_3D('',#6819,#6820,#6821);
#6819 = CARTESIAN_POINT('',(-5.041253944846E-16,1.130673726555E-15,73.)
  );
#6820 = DIRECTION('',(0.,0.,1.));
#6821 = DIRECTION('',(1.,0.,-0.));
#6822 = DEFINITIONAL_REPRESENTATION('',(#6823),#6831);
#6823 = ( BOUNDED_CURVE() B_SPLINE_CURVE(2,(#6824,#6825,#6826,#6827,
#6828,#6829,#6830),.UNSPECIFIED.,.T.,.F.) B_SPLINE_CURVE_WITH_KNOTS((1,2
    ,2,2,2,1),(-2.094395102393,0.,2.094395102393,4.188790204786,
6.28318530718,8.377580409573),.UNSPECIFIED.) CURVE() 
GEOMETRIC_REPRESENTATION_ITEM() RATIONAL_B_SPLINE_CURVE((1.,0.5,1.,0.5,
1.,0.5,1.)) REPRESENTATION_ITEM('') );
#6824 = CARTESIAN_POINT('',(18.7,-1.130673726555E-15));
#6825 = CARTESIAN_POINT('',(18.7,-32.38935010153));
#6826 = CARTESIAN_POINT('',(-9.35,-16.19467505076));
#6827 = CARTESIAN_POINT('',(-37.4,-5.710852755366E-15));
#6828 = CARTESIAN_POINT('',(-9.35,16.194675050769));
#6829 = CARTESIAN_POINT('',(18.7,32.389350101538));
#6830 = CARTESIAN_POINT('',(18.7,-1.130673726555E-15));
#6831 = ( GEOMETRIC_REPRESENTATION_CONTEXT(2) 
PARAMETRIC_REPRESENTATION_CONTEXT() REPRESENTATION_CONTEXT('2D SPACE',''
  ) );
#6832 = ORIENTED_EDGE('',*,*,#6779,.F.);
#6833 = ADVANCED_FACE('',(#6834),#5926,.F.);
#6834 = FACE_BOUND('',#6835,.T.);
#6835 = EDGE_LOOP('',(#6836,#6837,#6858,#6859));
#6836 = ORIENTED_EDGE('',*,*,#5905,.T.);
#6837 = ORIENTED_EDGE('',*,*,#6838,.T.);
#6838 = EDGE_CURVE('',#5906,#5978,#6839,.T.);
#6839 = SEAM_CURVE('',#6840,(#6844,#6851),.PCURVE_S1.);
#6840 = LINE('',#6841,#6842);
#6841 = CARTESIAN_POINT('',(35.484018715768,33.234018715768,61.));
#6842 = VECTOR('',#6843,1.);
#6843 = DIRECTION('',(0.,0.,1.));
#6844 = PCURVE('',#5926,#6845);
#6845 = DEFINITIONAL_REPRESENTATION('',(#6846),#6850);
#6846 = LINE('',#6847,#6848);
#6847 = CARTESIAN_POINT('',(-6.28318530718,0.));
#6848 = VECTOR('',#6849,1.);
#6849 = DIRECTION('',(-0.,-1.));
#6850 = ( GEOMETRIC_REPRESENTATION_CONTEXT(2) 
PARAMETRIC_REPRESENTATION_CONTEXT() REPRESENTATION_CONTEXT('2D SPACE',''
  ) );
#6851 = PCURVE('',#5926,#6852);
#6852 = DEFINITIONAL_REPRESENTATION('',(#6853),#6857);
#6853 = LINE('',#6854,#6855);
#6854 = CARTESIAN_POINT('',(-0.,0.));
#6855 = VECTOR('',#6856,1.);
#6856 = DIRECTION('',(-0.,-1.));
#6857 = ( GEOMETRIC_REPRESENTATION_CONTEXT(2) 
PARAMETRIC_REPRESENTATION_CONTEXT() REPRESENTATION_CONTEXT('2D SPACE',''
  ) );
#6858 = ORIENTED_EDGE('',*,*,#5977,.F.);
#6859 = ORIENTED_EDGE('',*,*,#6838,.F.);
#6860 = ADVANCED_FACE('',(#6861,#6864),#6181,.T.);
#6861 = FACE_BOUND('',#6862,.T.);
#6862 = EDGE_LOOP('',(#6863));
#6863 = ORIENTED_EDGE('',*,*,#6166,.T.);
#6864 = FACE_BOUND('',#6865,.T.);
#6865 = EDGE_LOOP('',(#6866,#6894,#6920,#6953));
#6866 = ORIENTED_EDGE('',*,*,#6867,.F.);
#6867 = EDGE_CURVE('',#6868,#6870,#6872,.T.);
#6868 = VERTEX_POINT('',#6869);
#6869 = CARTESIAN_POINT('',(-4.,-60.83837534605,65.172599245641));
#6870 = VERTEX_POINT('',#6871);
#6871 = CARTESIAN_POINT('',(4.,-60.83837534605,65.172599245641));
#6872 = SURFACE_CURVE('',#6873,(#6877,#6883),.PCURVE_S1.);
#6873 = LINE('',#6874,#6875);
#6874 = CARTESIAN_POINT('',(2.,-60.83837534605,65.172599245641));
#6875 = VECTOR('',#6876,1.);
#6876 = DIRECTION('',(1.,0.,-0.));
#6877 = PCURVE('',#6181,#6878);
#6878 = DEFINITIONAL_REPRESENTATION('',(#6879),#6882);
#6879 = B_SPLINE_CURVE_WITH_KNOTS('',1,(#6880,#6881),.UNSPECIFIED.,.F.,
  .F.,(2,2),(-6.,2.),.PIECEWISE_BEZIER_KNOTS.);
#6880 = CARTESIAN_POINT('',(5.,-4.));
#6881 = CARTESIAN_POINT('',(5.,4.));
#6882 = ( GEOMETRIC_REPRESENTATION_CONTEXT(2) 
PARAMETRIC_REPRESENTATION_CONTEXT() REPRESENTATION_CONTEXT('2D SPACE',''
  ) );
#6883 = PCURVE('',#6884,#6889);
#6884 = PLANE('',#6885);
#6885 = AXIS2_PLACEMENT_3D('',#6886,#6887,#6888);
#6886 = CARTESIAN_POINT('',(4.,-33.85006745447,65.982248482388));
#6887 = DIRECTION('',(-0.,2.998650910567E-02,-0.999550303522));
#6888 = DIRECTION('',(-1.,0.,0.));
#6889 = DEFINITIONAL_REPRESENTATION('',(#6890),#6893);
#6890 = B_SPLINE_CURVE_WITH_KNOTS('',1,(#6891,#6892),.UNSPECIFIED.,.F.,
  .F.,(2,2),(-6.,2.),.PIECEWISE_BEZIER_KNOTS.);
#6891 = CARTESIAN_POINT('',(8.,-27.00044989879));
#6892 = CARTESIAN_POINT('',(0.,-27.00044989879));
#6893 = ( GEOMETRIC_REPRESENTATION_CONTEXT(2) 
PARAMETRIC_REPRESENTATION_CONTEXT() REPRESENTATION_CONTEXT('2D SPACE',''
  ) );
#6894 = ORIENTED_EDGE('',*,*,#6895,.F.);
#6895 = EDGE_CURVE('',#6896,#6868,#6898,.T.);
#6896 = VERTEX_POINT('',#6897);
#6897 = CARTESIAN_POINT('',(-4.,-60.89834836426,67.171699852685));
#6898 = SURFACE_CURVE('',#6899,(#6903,#6909),.PCURVE_S1.);
#6899 = LINE('',#6900,#6901);
#6900 = CARTESIAN_POINT('',(-4.,-60.91334161881,67.671475004447));
#6901 = VECTOR('',#6902,1.);
#6902 = DIRECTION('',(0.,2.998650910567E-02,-0.999550303522));
#6903 = PCURVE('',#6181,#6904);
#6904 = DEFINITIONAL_REPRESENTATION('',(#6905),#6908);
#6905 = B_SPLINE_CURVE_WITH_KNOTS('',1,(#6906,#6907),.UNSPECIFIED.,.F.,
  .F.,(2,2),(0.5,2.5),.PIECEWISE_BEZIER_KNOTS.);
#6906 = CARTESIAN_POINT('',(3.,-4.));
#6907 = CARTESIAN_POINT('',(5.,-4.));
#6908 = ( GEOMETRIC_REPRESENTATION_CONTEXT(2) 
PARAMETRIC_REPRESENTATION_CONTEXT() REPRESENTATION_CONTEXT('2D SPACE',''
  ) );
#6909 = PCURVE('',#6910,#6915);
#6910 = PLANE('',#6911);
#6911 = AXIS2_PLACEMENT_3D('',#6912,#6913,#6914);
#6912 = CARTESIAN_POINT('',(-4.,-33.85006745447,65.982248482388));
#6913 = DIRECTION('',(-1.,0.,0.));
#6914 = DIRECTION('',(0.,-2.998650910567E-02,0.999550303522));
#6915 = DEFINITIONAL_REPRESENTATION('',(#6916),#6919);
#6916 = B_SPLINE_CURVE_WITH_KNOTS('',1,(#6917,#6918),.UNSPECIFIED.,.F.,
  .F.,(2,2),(0.5,2.5),.PIECEWISE_BEZIER_KNOTS.);
#6917 = CARTESIAN_POINT('',(2.,-27.00044989879));
#6918 = CARTESIAN_POINT('',(-4.884981308351E-15,-27.00044989879));
#6919 = ( GEOMETRIC_REPRESENTATION_CONTEXT(2) 
PARAMETRIC_REPRESENTATION_CONTEXT() REPRESENTATION_CONTEXT('2D SPACE',''
  ) );
#6920 = ORIENTED_EDGE('',*,*,#6921,.T.);
#6921 = EDGE_CURVE('',#6896,#6922,#6924,.T.);
#6922 = VERTEX_POINT('',#6923);
#6923 = CARTESIAN_POINT('',(4.,-60.89834836426,67.171699852685));
#6924 = SURFACE_CURVE('',#6925,(#6930,#6941),.PCURVE_S1.);
#6925 = CIRCLE('',#6926,5.);
#6926 = AXIS2_PLACEMENT_3D('',#6927,#6928,#6929);
#6927 = CARTESIAN_POINT('',(4.440892098501E-16,-60.98830789158,
    70.170350763253));
#6928 = DIRECTION('',(1.734723475977E-18,0.999550303522,
    2.998650910567E-02));
#6929 = DIRECTION('',(-0.8,1.79919054634E-02,-0.599730182113));
#6930 = PCURVE('',#6181,#6931);
#6931 = DEFINITIONAL_REPRESENTATION('',(#6932),#6940);
#6932 = ( BOUNDED_CURVE() B_SPLINE_CURVE(2,(#6933,#6934,#6935,#6936,
#6937,#6938,#6939),.UNSPECIFIED.,.T.,.F.) B_SPLINE_CURVE_WITH_KNOTS((1,2
    ,2,2,2,1),(-2.094395102393,0.,2.094395102393,4.188790204786,
6.28318530718,8.377580409573),.UNSPECIFIED.) CURVE() 
GEOMETRIC_REPRESENTATION_ITEM() RATIONAL_B_SPLINE_CURVE((1.,0.5,1.,0.5,
1.,0.5,1.)) REPRESENTATION_ITEM('') );
#6933 = CARTESIAN_POINT('',(3.,-4.));
#6934 = CARTESIAN_POINT('',(-3.928203230276,-9.196152422707));
#6935 = CARTESIAN_POINT('',(-4.964101615138,-0.598076211353));
#6936 = CARTESIAN_POINT('',(-6.,8.));
#6937 = CARTESIAN_POINT('',(1.964101615138,4.598076211353));
#6938 = CARTESIAN_POINT('',(9.928203230276,1.196152422707));
#6939 = CARTESIAN_POINT('',(3.,-4.));
#6940 = ( GEOMETRIC_REPRESENTATION_CONTEXT(2) 
PARAMETRIC_REPRESENTATION_CONTEXT() REPRESENTATION_CONTEXT('2D SPACE',''
  ) );
#6941 = PCURVE('',#6942,#6947);
#6942 = CYLINDRICAL_SURFACE('',#6943,5.);
#6943 = AXIS2_PLACEMENT_3D('',#6944,#6945,#6946);
#6944 = CARTESIAN_POINT('',(4.440892098501E-16,-34.,70.98));
#6945 = DIRECTION('',(0.,0.999550303522,2.998650910567E-02));
#6946 = DIRECTION('',(-0.8,1.79919054634E-02,-0.599730182113));
#6947 = DEFINITIONAL_REPRESENTATION('',(#6948),#6952);
#6948 = LINE('',#6949,#6950);
#6949 = CARTESIAN_POINT('',(0.,-27.00044989879));
#6950 = VECTOR('',#6951,1.);
#6951 = DIRECTION('',(1.,0.));
#6952 = ( GEOMETRIC_REPRESENTATION_CONTEXT(2) 
PARAMETRIC_REPRESENTATION_CONTEXT() REPRESENTATION_CONTEXT('2D SPACE',''
  ) );
#6953 = ORIENTED_EDGE('',*,*,#6954,.F.);
#6954 = EDGE_CURVE('',#6870,#6922,#6955,.T.);
#6955 = SURFACE_CURVE('',#6956,(#6960,#6966),.PCURVE_S1.);
#6956 = LINE('',#6957,#6958);
#6957 = CARTESIAN_POINT('',(4.,-60.94332812792,68.671025307969));
#6958 = VECTOR('',#6959,1.);
#6959 = DIRECTION('',(4.440892098501E-16,-2.998650910567E-02,
    0.999550303522));
#6960 = PCURVE('',#6181,#6961);
#6961 = DEFINITIONAL_REPRESENTATION('',(#6962),#6965);
#6962 = B_SPLINE_CURVE_WITH_KNOTS('',1,(#6963,#6964),.UNSPECIFIED.,.F.,
  .F.,(2,2),(-3.5,-1.5),.PIECEWISE_BEZIER_KNOTS.);
#6963 = CARTESIAN_POINT('',(5.,4.));
#6964 = CARTESIAN_POINT('',(3.,4.));
#6965 = ( GEOMETRIC_REPRESENTATION_CONTEXT(2) 
PARAMETRIC_REPRESENTATION_CONTEXT() REPRESENTATION_CONTEXT('2D SPACE',''
  ) );
#6966 = PCURVE('',#6967,#6972);
#6967 = PLANE('',#6968);
#6968 = AXIS2_PLACEMENT_3D('',#6969,#6970,#6971);
#6969 = CARTESIAN_POINT('',(4.,-33.91004047268,67.981349089433));
#6970 = DIRECTION('',(1.,1.33166851349E-17,-4.438895044966E-16));
#6971 = DIRECTION('',(-4.440892098501E-16,2.998650910567E-02,
    -0.999550303522));
#6972 = DEFINITIONAL_REPRESENTATION('',(#6973),#6976);
#6973 = B_SPLINE_CURVE_WITH_KNOTS('',1,(#6974,#6975),.UNSPECIFIED.,.F.,
  .F.,(2,2),(-3.5,-1.5),.PIECEWISE_BEZIER_KNOTS.);
#6974 = CARTESIAN_POINT('',(2.,-27.00044989879));
#6975 = CARTESIAN_POINT('',(0.,-27.00044989879));
#6976 = ( GEOMETRIC_REPRESENTATION_CONTEXT(2) 
PARAMETRIC_REPRESENTATION_CONTEXT() REPRESENTATION_CONTEXT('2D SPACE',''
  ) );
#6977 = ADVANCED_FACE('',(#6978),#6405,.F.);
#6978 = FACE_BOUND('',#6979,.T.);
#6979 = EDGE_LOOP('',(#6980,#7009,#7030,#7031));
#6980 = ORIENTED_EDGE('',*,*,#6981,.F.);
#6981 = EDGE_CURVE('',#6982,#6982,#6984,.T.);
#6982 = VERTEX_POINT('',#6983);
#6983 = CARTESIAN_POINT('',(-30.43401871576,-33.23401871576,94.5));
#6984 = SURFACE_CURVE('',#6985,(#6990,#6997),.PCURVE_S1.);
#6985 = CIRCLE('',#6986,2.8);
#6986 = AXIS2_PLACEMENT_3D('',#6987,#6988,#6989);
#6987 = CARTESIAN_POINT('',(-33.23401871576,-33.23401871576,94.5));
#6988 = DIRECTION('',(0.,0.,1.));
#6989 = DIRECTION('',(1.,0.,0.));
#6990 = PCURVE('',#6405,#6991);
#6991 = DEFINITIONAL_REPRESENTATION('',(#6992),#6996);
#6992 = LINE('',#6993,#6994);
#6993 = CARTESIAN_POINT('',(-0.,0.));
#6994 = VECTOR('',#6995,1.);
#6995 = DIRECTION('',(-1.,0.));
#6996 = ( GEOMETRIC_REPRESENTATION_CONTEXT(2) 
PARAMETRIC_REPRESENTATION_CONTEXT() REPRESENTATION_CONTEXT('2D SPACE',''
  ) );
#6997 = PCURVE('',#6998,#7003);
#6998 = PLANE('',#6999);
#6999 = AXIS2_PLACEMENT_3D('',#7000,#7001,#7002);
#7000 = CARTESIAN_POINT('',(-33.23401871576,-33.23401871576,94.5));
#7001 = DIRECTION('',(0.,0.,1.));
#7002 = DIRECTION('',(1.,0.,-0.));
#7003 = DEFINITIONAL_REPRESENTATION('',(#7004),#7008);
#7004 = CIRCLE('',#7005,2.8);
#7005 = AXIS2_PLACEMENT_2D('',#7006,#7007);
#7006 = CARTESIAN_POINT('',(0.,0.));
#7007 = DIRECTION('',(1.,0.));
#7008 = ( GEOMETRIC_REPRESENTATION_CONTEXT(2) 
PARAMETRIC_REPRESENTATION_CONTEXT() REPRESENTATION_CONTEXT('2D SPACE',''
  ) );
#7009 = ORIENTED_EDGE('',*,*,#7010,.T.);
#7010 = EDGE_CURVE('',#6982,#6385,#7011,.T.);
#7011 = SEAM_CURVE('',#7012,(#7016,#7023),.PCURVE_S1.);
#7012 = LINE('',#7013,#7014);
#7013 = CARTESIAN_POINT('',(-30.43401871576,-33.23401871576,94.5));
#7014 = VECTOR('',#7015,1.);
#7015 = DIRECTION('',(0.,0.,1.));
#7016 = PCURVE('',#6405,#7017);
#7017 = DEFINITIONAL_REPRESENTATION('',(#7018),#7022);
#7018 = LINE('',#7019,#7020);
#7019 = CARTESIAN_POINT('',(-6.28318530718,0.));
#7020 = VECTOR('',#7021,1.);
#7021 = DIRECTION('',(-0.,-1.));
#7022 = ( GEOMETRIC_REPRESENTATION_CONTEXT(2) 
PARAMETRIC_REPRESENTATION_CONTEXT() REPRESENTATION_CONTEXT('2D SPACE',''
  ) );
#7023 = PCURVE('',#6405,#7024);
#7024 = DEFINITIONAL_REPRESENTATION('',(#7025),#7029);
#7025 = LINE('',#7026,#7027);
#7026 = CARTESIAN_POINT('',(-0.,0.));
#7027 = VECTOR('',#7028,1.);
#7028 = DIRECTION('',(-0.,-1.));
#7029 = ( GEOMETRIC_REPRESENTATION_CONTEXT(2) 
PARAMETRIC_REPRESENTATION_CONTEXT() REPRESENTATION_CONTEXT('2D SPACE',''
  ) );
#7030 = ORIENTED_EDGE('',*,*,#6384,.F.);
#7031 = ORIENTED_EDGE('',*,*,#7010,.F.);
#7032 = ADVANCED_FACE('',(#7033),#6440,.F.);
#7033 = FACE_BOUND('',#7034,.T.);
#7034 = EDGE_LOOP('',(#7035,#7064,#7085,#7086));
#7035 = ORIENTED_EDGE('',*,*,#7036,.F.);
#7036 = EDGE_CURVE('',#7037,#7037,#7039,.T.);
#7037 = VERTEX_POINT('',#7038);
#7038 = CARTESIAN_POINT('',(36.034018715768,-33.23401871576,94.5));
#7039 = SURFACE_CURVE('',#7040,(#7045,#7052),.PCURVE_S1.);
#7040 = CIRCLE('',#7041,2.8);
#7041 = AXIS2_PLACEMENT_3D('',#7042,#7043,#7044);
#7042 = CARTESIAN_POINT('',(33.234018715768,-33.23401871576,94.5));
#7043 = DIRECTION('',(0.,0.,1.));
#7044 = DIRECTION('',(1.,0.,0.));
#7045 = PCURVE('',#6440,#7046);
#7046 = DEFINITIONAL_REPRESENTATION('',(#7047),#7051);
#7047 = LINE('',#7048,#7049);
#7048 = CARTESIAN_POINT('',(-0.,0.));
#7049 = VECTOR('',#7050,1.);
#7050 = DIRECTION('',(-1.,0.));
#7051 = ( GEOMETRIC_REPRESENTATION_CONTEXT(2) 
PARAMETRIC_REPRESENTATION_CONTEXT() REPRESENTATION_CONTEXT('2D SPACE',''
  ) );
#7052 = PCURVE('',#7053,#7058);
#7053 = PLANE('',#7054);
#7054 = AXIS2_PLACEMENT_3D('',#7055,#7056,#7057);
#7055 = CARTESIAN_POINT('',(33.234018715768,-33.23401871576,94.5));
#7056 = DIRECTION('',(0.,0.,1.));
#7057 = DIRECTION('',(1.,0.,-0.));
#7058 = DEFINITIONAL_REPRESENTATION('',(#7059),#7063);
#7059 = CIRCLE('',#7060,2.8);
#7060 = AXIS2_PLACEMENT_2D('',#7061,#7062);
#7061 = CARTESIAN_POINT('',(0.,0.));
#7062 = DIRECTION('',(1.,0.));
#7063 = ( GEOMETRIC_REPRESENTATION_CONTEXT(2) 
PARAMETRIC_REPRESENTATION_CONTEXT() REPRESENTATION_CONTEXT('2D SPACE',''
  ) );
#7064 = ORIENTED_EDGE('',*,*,#7065,.T.);
#7065 = EDGE_CURVE('',#7037,#6420,#7066,.T.);
#7066 = SEAM_CURVE('',#7067,(#7071,#7078),.PCURVE_S1.);
#7067 = LINE('',#7068,#7069);
#7068 = CARTESIAN_POINT('',(36.034018715768,-33.23401871576,94.5));
#7069 = VECTOR('',#7070,1.);
#7070 = DIRECTION('',(0.,0.,1.));
#7071 = PCURVE('',#6440,#7072);
#7072 = DEFINITIONAL_REPRESENTATION('',(#7073),#7077);
#7073 = LINE('',#7074,#7075);
#7074 = CARTESIAN_POINT('',(-6.28318530718,0.));
#7075 = VECTOR('',#7076,1.);
#7076 = DIRECTION('',(-0.,-1.));
#7077 = ( GEOMETRIC_REPRESENTATION_CONTEXT(2) 
PARAMETRIC_REPRESENTATION_CONTEXT() REPRESENTATION_CONTEXT('2D SPACE',''
  ) );
#7078 = PCURVE('',#6440,#7079);
#7079 = DEFINITIONAL_REPRESENTATION('',(#7080),#7084);
#7080 = LINE('',#7081,#7082);
#7081 = CARTESIAN_POINT('',(-0.,0.));
#7082 = VECTOR('',#7083,1.);
#7083 = DIRECTION('',(-0.,-1.));
#7084 = ( GEOMETRIC_REPRESENTATION_CONTEXT(2) 
PARAMETRIC_REPRESENTATION_CONTEXT() REPRESENTATION_CONTEXT('2D SPACE',''
  ) );
#7085 = ORIENTED_EDGE('',*,*,#6419,.F.);
#7086 = ORIENTED_EDGE('',*,*,#7065,.F.);
#7087 = ADVANCED_FACE('',(#7088),#6475,.F.);
#7088 = FACE_BOUND('',#7089,.T.);
#7089 = EDGE_LOOP('',(#7090,#7119,#7140,#7141));
#7090 = ORIENTED_EDGE('',*,*,#7091,.F.);
#7091 = EDGE_CURVE('',#7092,#7092,#7094,.T.);
#7092 = VERTEX_POINT('',#7093);
#7093 = CARTESIAN_POINT('',(-30.43401871576,33.234018715768,94.5));
#7094 = SURFACE_CURVE('',#7095,(#7100,#7107),.PCURVE_S1.);
#7095 = CIRCLE('',#7096,2.8);
#7096 = AXIS2_PLACEMENT_3D('',#7097,#7098,#7099);
#7097 = CARTESIAN_POINT('',(-33.23401871576,33.234018715768,94.5));
#7098 = DIRECTION('',(0.,0.,1.));
#7099 = DIRECTION('',(1.,0.,0.));
#7100 = PCURVE('',#6475,#7101);
#7101 = DEFINITIONAL_REPRESENTATION('',(#7102),#7106);
#7102 = LINE('',#7103,#7104);
#7103 = CARTESIAN_POINT('',(-0.,0.));
#7104 = VECTOR('',#7105,1.);
#7105 = DIRECTION('',(-1.,0.));
#7106 = ( GEOMETRIC_REPRESENTATION_CONTEXT(2) 
PARAMETRIC_REPRESENTATION_CONTEXT() REPRESENTATION_CONTEXT('2D SPACE',''
  ) );
#7107 = PCURVE('',#7108,#7113);
#7108 = PLANE('',#7109);
#7109 = AXIS2_PLACEMENT_3D('',#7110,#7111,#7112);
#7110 = CARTESIAN_POINT('',(-33.23401871576,33.234018715768,94.5));
#7111 = DIRECTION('',(0.,0.,1.));
#7112 = DIRECTION('',(1.,0.,-0.));
#7113 = DEFINITIONAL_REPRESENTATION('',(#7114),#7118);
#7114 = CIRCLE('',#7115,2.8);
#7115 = AXIS2_PLACEMENT_2D('',#7116,#7117);
#7116 = CARTESIAN_POINT('',(0.,0.));
#7117 = DIRECTION('',(1.,0.));
#7118 = ( GEOMETRIC_REPRESENTATION_CONTEXT(2) 
PARAMETRIC_REPRESENTATION_CONTEXT() REPRESENTATION_CONTEXT('2D SPACE',''
  ) );
#7119 = ORIENTED_EDGE('',*,*,#7120,.T.);
#7120 = EDGE_CURVE('',#7092,#6455,#7121,.T.);
#7121 = SEAM_CURVE('',#7122,(#7126,#7133),.PCURVE_S1.);
#7122 = LINE('',#7123,#7124);
#7123 = CARTESIAN_POINT('',(-30.43401871576,33.234018715768,94.5));
#7124 = VECTOR('',#7125,1.);
#7125 = DIRECTION('',(0.,0.,1.));
#7126 = PCURVE('',#6475,#7127);
#7127 = DEFINITIONAL_REPRESENTATION('',(#7128),#7132);
#7128 = LINE('',#7129,#7130);
#7129 = CARTESIAN_POINT('',(-6.28318530718,0.));
#7130 = VECTOR('',#7131,1.);
#7131 = DIRECTION('',(-0.,-1.));
#7132 = ( GEOMETRIC_REPRESENTATION_CONTEXT(2) 
PARAMETRIC_REPRESENTATION_CONTEXT() REPRESENTATION_CONTEXT('2D SPACE',''
  ) );
#7133 = PCURVE('',#6475,#7134);
#7134 = DEFINITIONAL_REPRESENTATION('',(#7135),#7139);
#7135 = LINE('',#7136,#7137);
#7136 = CARTESIAN_POINT('',(-0.,0.));
#7137 = VECTOR('',#7138,1.);
#7138 = DIRECTION('',(-0.,-1.));
#7139 = ( GEOMETRIC_REPRESENTATION_CONTEXT(2) 
PARAMETRIC_REPRESENTATION_CONTEXT() REPRESENTATION_CONTEXT('2D SPACE',''
  ) );
#7140 = ORIENTED_EDGE('',*,*,#6454,.F.);
#7141 = ORIENTED_EDGE('',*,*,#7120,.F.);
#7142 = ADVANCED_FACE('',(#7143),#6510,.F.);
#7143 = FACE_BOUND('',#7144,.T.);
#7144 = EDGE_LOOP('',(#7145,#7203,#7224,#7225,#7226,#7277));
#7145 = ORIENTED_EDGE('',*,*,#7146,.F.);
#7146 = EDGE_CURVE('',#7147,#7149,#7151,.T.);
#7147 = VERTEX_POINT('',#7148);
#7148 = CARTESIAN_POINT('',(39.,0.,67.));
#7149 = VERTEX_POINT('',#7150);
#7150 = CARTESIAN_POINT('',(-7.484816615536,-38.27502475808,
    65.851749257258));
#7151 = SURFACE_CURVE('',#7152,(#7157,#7191),.PCURVE_S1.);
#7152 = ELLIPSE('',#7153,39.017546053026,39.);
#7153 = AXIS2_PLACEMENT_3D('',#7154,#7155,#7156);
#7154 = CARTESIAN_POINT('',(0.,0.,67.));
#7155 = DIRECTION('',(0.,-2.998650910567E-02,0.999550303522));
#7156 = DIRECTION('',(0.,-0.999550303522,-2.998650910567E-02));
#7157 = PCURVE('',#6510,#7158);
#7158 = DEFINITIONAL_REPRESENTATION('',(#7159),#7190);
#7159 = B_SPLINE_CURVE_WITH_KNOTS('',8,(#7160,#7161,#7162,#7163,#7164,
    #7165,#7166,#7167,#7168,#7169,#7170,#7171,#7172,#7173,#7174,#7175,
    #7176,#7177,#7178,#7179,#7180,#7181,#7182,#7183,#7184,#7185,#7186,
    #7187,#7188,#7189),.UNSPECIFIED.,.F.,.F.,(9,7,7,7,9),(1.570796326795
    ,3.14159265359,4.319689898686,6.08683576633,7.853981633974),
  .UNSPECIFIED.);
#7160 = CARTESIAN_POINT('',(0.,-22.));
#7161 = CARTESIAN_POINT('',(-0.196349540849,-22.22972896279));
#7162 = CARTESIAN_POINT('',(-0.392699081699,-22.45945712601));
#7163 = CARTESIAN_POINT('',(-0.589048622548,-22.67569375609));
#7164 = CARTESIAN_POINT('',(-0.785398163398,-22.86492795828));
#7165 = CARTESIAN_POINT('',(-0.981747704248,-23.0153503514));
#7166 = CARTESIAN_POINT('',(-1.178097245096,-23.11844803978));
#7167 = CARTESIAN_POINT('',(-1.374446785946,-23.17));
#7168 = CARTESIAN_POINT('',(-1.718058482432,-23.17));
#7169 = CARTESIAN_POINT('',(-1.865320638068,-23.14100242528));
#7170 = CARTESIAN_POINT('',(-2.012582793708,-23.08300799018));
#7171 = CARTESIAN_POINT('',(-2.159844949344,-22.99735609359));
#7172 = CARTESIAN_POINT('',(-2.30710710498,-22.88673343347));
#7173 = CARTESIAN_POINT('',(-2.454369260618,-22.75500549631));
#7174 = CARTESIAN_POINT('',(-2.601631416254,-22.60692103093));
#7175 = CARTESIAN_POINT('',(-2.969786805347,-22.20896749327));
#7176 = CARTESIAN_POINT('',(-3.190680038805,-21.9452272632));
#7177 = CARTESIAN_POINT('',(-3.411573272203,-21.67427397472));
#7178 = CARTESIAN_POINT('',(-3.632466505766,-21.41645230732));
#7179 = CARTESIAN_POINT('',(-3.853359739126,-21.19196366335));
#7180 = CARTESIAN_POINT('',(-4.074252972631,-21.01731232845));
#7181 = CARTESIAN_POINT('',(-4.29514620608,-20.90290135642));
#7182 = CARTESIAN_POINT('',(-4.736932672991,-20.80206108743));
#7183 = CARTESIAN_POINT('',(-4.957825906434,-20.81563173466));
#7184 = CARTESIAN_POINT('',(-5.178719139939,-20.89694092868));
#7185 = CARTESIAN_POINT('',(-5.399612373255,-21.04308105849));
#7186 = CARTESIAN_POINT('',(-5.620505606862,-21.24388167595));
#7187 = CARTESIAN_POINT('',(-5.841398840254,-21.48310969064));
#7188 = CARTESIAN_POINT('',(-6.062292073724,-21.74155491685));
#7189 = CARTESIAN_POINT('',(-6.28318530718,-22.));
#7190 = ( GEOMETRIC_REPRESENTATION_CONTEXT(2) 
PARAMETRIC_REPRESENTATION_CONTEXT() REPRESENTATION_CONTEXT('2D SPACE',''
  ) );
#7191 = PCURVE('',#7192,#7197);
#7192 = PLANE('',#7193);
#7193 = AXIS2_PLACEMENT_3D('',#7194,#7195,#7196);
#7194 = CARTESIAN_POINT('',(-60.,-59.97301821134,65.20080945366));
#7195 = DIRECTION('',(0.,-2.998650910567E-02,0.999550303522));
#7196 = DIRECTION('',(1.,0.,0.));
#7197 = DEFINITIONAL_REPRESENTATION('',(#7198),#7202);
#7198 = ELLIPSE('',#7199,39.017546053026,39.);
#7199 = AXIS2_PLACEMENT_2D('',#7200,#7201);
#7200 = CARTESIAN_POINT('',(60.,60.));
#7201 = DIRECTION('',(0.,-1.));
#7202 = ( GEOMETRIC_REPRESENTATION_CONTEXT(2) 
PARAMETRIC_REPRESENTATION_CONTEXT() REPRESENTATION_CONTEXT('2D SPACE',''
  ) );
#7203 = ORIENTED_EDGE('',*,*,#7204,.T.);
#7204 = EDGE_CURVE('',#7147,#6490,#7205,.T.);
#7205 = SEAM_CURVE('',#7206,(#7210,#7217),.PCURVE_S1.);
#7206 = LINE('',#7207,#7208);
#7207 = CARTESIAN_POINT('',(39.,0.,45.));
#7208 = VECTOR('',#7209,1.);
#7209 = DIRECTION('',(0.,0.,1.));
#7210 = PCURVE('',#6510,#7211);
#7211 = DEFINITIONAL_REPRESENTATION('',(#7212),#7216);
#7212 = LINE('',#7213,#7214);
#7213 = CARTESIAN_POINT('',(-0.,0.));
#7214 = VECTOR('',#7215,1.);
#7215 = DIRECTION('',(-0.,-1.));
#7216 = ( GEOMETRIC_REPRESENTATION_CONTEXT(2) 
PARAMETRIC_REPRESENTATION_CONTEXT() REPRESENTATION_CONTEXT('2D SPACE',''
  ) );
#7217 = PCURVE('',#6510,#7218);
#7218 = DEFINITIONAL_REPRESENTATION('',(#7219),#7223);
#7219 = LINE('',#7220,#7221);
#7220 = CARTESIAN_POINT('',(-6.28318530718,0.));
#7221 = VECTOR('',#7222,1.);
#7222 = DIRECTION('',(-0.,-1.));
#7223 = ( GEOMETRIC_REPRESENTATION_CONTEXT(2) 
PARAMETRIC_REPRESENTATION_CONTEXT() REPRESENTATION_CONTEXT('2D SPACE',''
  ) );
#7224 = ORIENTED_EDGE('',*,*,#6489,.F.);
#7225 = ORIENTED_EDGE('',*,*,#7204,.F.);
#7226 = ORIENTED_EDGE('',*,*,#7227,.F.);
#7227 = EDGE_CURVE('',#7228,#7147,#7230,.T.);
#7228 = VERTEX_POINT('',#7229);
#7229 = CARTESIAN_POINT('',(7.484816615536,-38.27502475808,
    65.851749257258));
#7230 = SURFACE_CURVE('',#7231,(#7236,#7270),.PCURVE_S1.);
#7231 = ELLIPSE('',#7232,39.017546053026,39.);
#7232 = AXIS2_PLACEMENT_3D('',#7233,#7234,#7235);
#7233 = CARTESIAN_POINT('',(0.,0.,67.));
#7234 = DIRECTION('',(0.,-2.998650910567E-02,0.999550303522));
#7235 = DIRECTION('',(0.,-0.999550303522,-2.998650910567E-02));
#7236 = PCURVE('',#6510,#7237);
#7237 = DEFINITIONAL_REPRESENTATION('',(#7238),#7269);
#7238 = B_SPLINE_CURVE_WITH_KNOTS('',8,(#7239,#7240,#7241,#7242,#7243,
    #7244,#7245,#7246,#7247,#7248,#7249,#7250,#7251,#7252,#7253,#7254,
    #7255,#7256,#7257,#7258,#7259,#7260,#7261,#7262,#7263,#7264,#7265,
    #7266,#7267,#7268),.UNSPECIFIED.,.F.,.F.,(9,7,7,7,9),(1.570796326795
    ,3.14159265359,4.319689898686,6.08683576633,7.853981633974),
  .UNSPECIFIED.);
#7239 = CARTESIAN_POINT('',(0.,-22.));
#7240 = CARTESIAN_POINT('',(-0.196349540849,-22.22972896279));
#7241 = CARTESIAN_POINT('',(-0.392699081699,-22.45945712601));
#7242 = CARTESIAN_POINT('',(-0.589048622548,-22.67569375609));
#7243 = CARTESIAN_POINT('',(-0.785398163398,-22.86492795828));
#7244 = CARTESIAN_POINT('',(-0.981747704248,-23.0153503514));
#7245 = CARTESIAN_POINT('',(-1.178097245096,-23.11844803978));
#7246 = CARTESIAN_POINT('',(-1.374446785946,-23.17));
#7247 = CARTESIAN_POINT('',(-1.718058482432,-23.17));
#7248 = CARTESIAN_POINT('',(-1.865320638068,-23.14100242528));
#7249 = CARTESIAN_POINT('',(-2.012582793708,-23.08300799018));
#7250 = CARTESIAN_POINT('',(-2.159844949344,-22.99735609359));
#7251 = CARTESIAN_POINT('',(-2.30710710498,-22.88673343347));
#7252 = CARTESIAN_POINT('',(-2.454369260618,-22.75500549631));
#7253 = CARTESIAN_POINT('',(-2.601631416254,-22.60692103093));
#7254 = CARTESIAN_POINT('',(-2.969786805347,-22.20896749327));
#7255 = CARTESIAN_POINT('',(-3.190680038805,-21.9452272632));
#7256 = CARTESIAN_POINT('',(-3.411573272203,-21.67427397472));
#7257 = CARTESIAN_POINT('',(-3.632466505766,-21.41645230732));
#7258 = CARTESIAN_POINT('',(-3.853359739126,-21.19196366335));
#7259 = CARTESIAN_POINT('',(-4.074252972631,-21.01731232845));
#7260 = CARTESIAN_POINT('',(-4.29514620608,-20.90290135642));
#7261 = CARTESIAN_POINT('',(-4.736932672991,-20.80206108743));
#7262 = CARTESIAN_POINT('',(-4.957825906434,-20.81563173466));
#7263 = CARTESIAN_POINT('',(-5.178719139939,-20.89694092868));
#7264 = CARTESIAN_POINT('',(-5.399612373255,-21.04308105849));
#7265 = CARTESIAN_POINT('',(-5.620505606862,-21.24388167595));
#7266 = CARTESIAN_POINT('',(-5.841398840254,-21.48310969064));
#7267 = CARTESIAN_POINT('',(-6.062292073724,-21.74155491685));
#7268 = CARTESIAN_POINT('',(-6.28318530718,-22.));
#7269 = ( GEOMETRIC_REPRESENTATION_CONTEXT(2) 
PARAMETRIC_REPRESENTATION_CONTEXT() REPRESENTATION_CONTEXT('2D SPACE',''
  ) );
#7270 = PCURVE('',#7192,#7271);
#7271 = DEFINITIONAL_REPRESENTATION('',(#7272),#7276);
#7272 = ELLIPSE('',#7273,39.017546053026,39.);
#7273 = AXIS2_PLACEMENT_2D('',#7274,#7275);
#7274 = CARTESIAN_POINT('',(60.,60.));
#7275 = DIRECTION('',(0.,-1.));
#7276 = ( GEOMETRIC_REPRESENTATION_CONTEXT(2) 
PARAMETRIC_REPRESENTATION_CONTEXT() REPRESENTATION_CONTEXT('2D SPACE',''
  ) );
#7277 = ORIENTED_EDGE('',*,*,#7278,.T.);
#7278 = EDGE_CURVE('',#7228,#7149,#7279,.T.);
#7279 = SURFACE_CURVE('',#7280,(#7343,#7438),.PCURVE_S1.);
#7280 = B_SPLINE_CURVE_WITH_KNOTS('',7,(#7281,#7282,#7283,#7284,#7285,
    #7286,#7287,#7288,#7289,#7290,#7291,#7292,#7293,#7294,#7295,#7296,
    #7297,#7298,#7299,#7300,#7301,#7302,#7303,#7304,#7305,#7306,#7307,
    #7308,#7309,#7310,#7311,#7312,#7313,#7314,#7315,#7316,#7317,#7318,
    #7319,#7320,#7321,#7322,#7323,#7324,#7325,#7326,#7327,#7328,#7329,
    #7330,#7331,#7332,#7333,#7334,#7335,#7336,#7337,#7338,#7339,#7340,
    #7341,#7342),.UNSPECIFIED.,.F.,.F.,(8,6,6,6,6,6,6,6,6,6,8),(
    1.059381304469E-02,0.856429782496,1.,1.96912591758,2.896755866542,
    3.336318259078,4.016728748365,4.934349610234,5.706092578543,
    6.412207517518,6.645821486634),.UNSPECIFIED.);
#7281 = CARTESIAN_POINT('',(7.484816615966,-38.27502475733,
    65.851749256875));
#7282 = CARTESIAN_POINT('',(7.862122955728,-38.20124115236,
    66.41928482783));
#7283 = CARTESIAN_POINT('',(8.181428226911,-38.13429446812,
    67.007529489353));
#7284 = CARTESIAN_POINT('',(8.444892301022,-38.07622012286,
    67.61119300906));
#7285 = CARTESIAN_POINT('',(8.65431509764,-38.02843722539,
    68.226247769621));
#7286 = CARTESIAN_POINT('',(8.811020011239,-37.99191065975,
    68.849490832806));
#7287 = CARTESIAN_POINT('',(8.915753852979,-37.96725276145,
    69.47820470587));
#7288 = CARTESIAN_POINT('',(8.977573850153,-37.95264487132,
    70.217142144102));
#7289 = CARTESIAN_POINT('',(8.985048597176,-37.95087599835,
    70.324442449761));
#7290 = CARTESIAN_POINT('',(8.991028371149,-37.94945933829,
    70.431803758963));
#7291 = CARTESIAN_POINT('',(8.995513589297,-37.94839596759,
    70.539212114207));
#7292 = CARTESIAN_POINT('',(8.99850426344,-37.94768666708,
    70.646653568734));
#7293 = CARTESIAN_POINT('',(9.,-37.94733192202,70.754114186534));
#7294 = CARTESIAN_POINT('',(9.,-37.94733192202,71.586994741338));
#7295 = CARTESIAN_POINT('',(8.931847597583,-37.96349606839,
    72.312245516728));
#7296 = CARTESIAN_POINT('',(8.795428647348,-37.99584929119,
    73.033429953017));
#7297 = CARTESIAN_POINT('',(8.589601394153,-38.043853057,73.746408911682
    ));
#7298 = CARTESIAN_POINT('',(8.312321847053,-38.10634844133,
    74.446399870605));
#7299 = CARTESIAN_POINT('',(7.960789121071,-38.18137197926,
    75.127364665115));
#7300 = CARTESIAN_POINT('',(7.120808903436,-38.34669967948,
    76.407023076903));
#7301 = CARTESIAN_POINT('',(6.63720326683,-38.43653976782,
    77.010528433349));
#7302 = CARTESIAN_POINT('',(6.077626241395,-38.53262773992,
    77.582921518859));
#7303 = CARTESIAN_POINT('',(5.439432061299,-38.63103075621,
    78.113371096972));
#7304 = CARTESIAN_POINT('',(4.720932001711,-38.72647815478,
    78.588723643012));
#7305 = CARTESIAN_POINT('',(3.92222340103,-38.81220575776,
    78.992940233934));
#7306 = CARTESIAN_POINT('',(2.631908875438,-38.91331660644,
    79.454332842913));
#7307 = CARTESIAN_POINT('',(2.200290302594,-38.94194305214,
    79.582038216366));
#7308 = CARTESIAN_POINT('',(1.754762058397,-38.96572624403,
    79.686188771951));
#7309 = CARTESIAN_POINT('',(1.298496330795,-38.98384964302,
    79.764569628263));
#7310 = CARTESIAN_POINT('',(0.83488481381,-38.99573138261,79.81566658719
    ));
#7311 = CARTESIAN_POINT('',(0.367447331927,-39.00107351696,
    79.838671173224));
#7312 = CARTESIAN_POINT('',(-0.824240676929,-38.99800990548,
    79.8254806788));
#7313 = CARTESIAN_POINT('',(-1.540080158784,-38.9804897871,
    79.750039733655));
#7314 = CARTESIAN_POINT('',(-2.237693731479,-38.94796889594,
    79.609758838345));
#7315 = CARTESIAN_POINT('',(-2.907510900938,-38.90236126756,
    79.409613140437));
#7316 = CARTESIAN_POINT('',(-3.540987259429,-38.84667304023,
    79.156860681672));
#7317 = CARTESIAN_POINT('',(-4.131063335198,-38.78442692561,
    78.861028795909));
#7318 = CARTESIAN_POINT('',(-5.402768088827,-38.63096050942,
    78.092787958502));
#7319 = CARTESIAN_POINT('',(-6.053757308049,-38.53609884535,
    77.589241198755));
#7320 = CARTESIAN_POINT('',(-6.627012330673,-38.44053074503,
    77.038624278708));
#7321 = CARTESIAN_POINT('',(-7.125557588831,-38.34896527103,
    76.45234534801));
#7322 = CARTESIAN_POINT('',(-7.552815265649,-38.26473001414,
    75.838984487497));
#7323 = CARTESIAN_POINT('',(-7.911961195775,-38.19019553961,
    75.204986266182));
#7324 = CARTESIAN_POINT('',(-8.452401718479,-38.07388450555,
    74.008499863669));
#7325 = CARTESIAN_POINT('',(-8.652933240088,-38.02877552438,
    73.45057822254));
#7326 = CARTESIAN_POINT('',(-8.808430663304,-37.99271481618,
    72.884447584855));
#7327 = CARTESIAN_POINT('',(-8.919920308696,-37.96637336522,
    72.312716043124));
#7328 = CARTESIAN_POINT('',(-8.988118321349,-37.95013870683,
    71.737641372792));
#7329 = CARTESIAN_POINT('',(-9.013403245874,-37.94415488687,
    71.161298440142));
#7330 = CARTESIAN_POINT('',(-8.979649213407,-37.95215639088,
    70.059134379051));
#7331 = CARTESIAN_POINT('',(-8.927604598492,-37.96448531509,
    69.533392540095));
#7332 = CARTESIAN_POINT('',(-8.839696105214,-37.98523962086,
    69.010042473288));
#7333 = CARTESIAN_POINT('',(-8.71569347016,-38.01418058522,
    68.490645942184));
#7334 = CARTESIAN_POINT('',(-8.555111216036,-38.05090422037,
    67.976917238317));
#7335 = CARTESIAN_POINT('',(-8.357229570826,-38.09481584645,
    67.4708388283));
#7336 = CARTESIAN_POINT('',(-8.042988661394,-38.16171789433,
    66.81065933944));
#7337 = CARTESIAN_POINT('',(-7.960678806486,-38.1790464759,
    66.647627081917));
#7338 = CARTESIAN_POINT('',(-7.87413957816,-38.19704321331,
    66.485759299791));
#7339 = CARTESIAN_POINT('',(-7.78332937033,-38.21567615155,
    66.325141301744));
#7340 = CARTESIAN_POINT('',(-7.688203897475,-38.23491014502,
    66.165865740302));
#7341 = CARTESIAN_POINT('',(-7.588716194636,-38.25470685751,
    66.008032611832));
#7342 = CARTESIAN_POINT('',(-7.484816617419,-38.2750247622,
    65.851749256542));
#7343 = PCURVE('',#6510,#7344);
#7344 = DEFINITIONAL_REPRESENTATION('',(#7345),#7437);
#7345 = B_SPLINE_CURVE_WITH_KNOTS('',3,(#7346,#7347,#7348,#7349,#7350,
    #7351,#7352,#7353,#7354,#7355,#7356,#7357,#7358,#7359,#7360,#7361,
    #7362,#7363,#7364,#7365,#7366,#7367,#7368,#7369,#7370,#7371,#7372,
    #7373,#7374,#7375,#7376,#7377,#7378,#7379,#7380,#7381,#7382,#7383,
    #7384,#7385,#7386,#7387,#7388,#7389,#7390,#7391,#7392,#7393,#7394,
    #7395,#7396,#7397,#7398,#7399,#7400,#7401,#7402,#7403,#7404,#7405,
    #7406,#7407,#7408,#7409,#7410,#7411,#7412,#7413,#7414,#7415,#7416,
    #7417,#7418,#7419,#7420,#7421,#7422,#7423,#7424,#7425,#7426,#7427,
    #7428,#7429,#7430,#7431,#7432,#7433,#7434,#7435,#7436),
  .UNSPECIFIED.,.F.,.F.,(4,1,1,1,1,1,1,1,1,1,1,1,1,1,1,1,1,1,1,1,1,1,1,1
    ,1,1,1,1,1,1,1,1,1,1,1,1,1,1,1,1,1,1,1,1,1,1,1,1,1,1,1,1,1,1,1,1,1,1
    ,1,1,1,1,1,1,1,1,1,1,1,1,1,1,1,1,1,1,1,1,1,1,1,1,1,1,1,1,1,1,4),(
    1.059381304469E-02,8.59941275173E-02,0.16139444199,0.236794756463,
    0.312195070935,0.387595385408,0.46299569988,0.538396014353,
    0.613796328826,0.689196643298,0.764596957771,0.839997272243,
    0.915397586716,0.990797901189,1.066198215661,1.141598530134,
    1.216998844606,1.292399159079,1.367799473552,1.443199788024,
    1.518600102497,1.594000416969,1.669400731442,1.744801045915,
    1.820201360387,1.89560167486,1.971001989332,2.046402303805,
    2.121802618278,2.19720293275,2.272603247223,2.348003561695,
    2.423403876168,2.498804190641,2.574204505113,2.649604819586,
    2.725005134059,2.800405448531,2.875805763004,2.951206077476,
    3.026606391949,3.102006706422,3.177407020894,3.252807335367,
    3.328207649839,3.403607964312,3.479008278785,3.554408593257,
    3.62980890773,3.705209222202,3.780609536675,3.856009851148,
    3.93141016562,4.006810480093,4.082210794565,4.157611109038,
    4.233011423511,4.308411737983,4.383812052456,4.459212366928,
    4.534612681401,4.610012995874,4.685413310346,4.760813624819,
    4.836213939291,4.911614253764,4.987014568237,5.062414882709,
    5.137815197182,5.213215511655,5.288615826127,5.3640161406,
    5.439416455072,5.514816769545,5.590217084018,5.66561739849,
    5.741017712963,5.816418027435,5.891818341908,5.967218656381,
    6.042618970853,6.118019285326,6.193419599798,6.268819914271,
    6.344220228744,6.419620543216,6.495020857689,6.570421172161,
    6.645821486634),.QUASI_UNIFORM_KNOTS.);
#7346 = CARTESIAN_POINT('',(-4.905505465816,-20.85174925687));
#7347 = CARTESIAN_POINT('',(-4.907555844974,-20.96980175724));
#7348 = CARTESIAN_POINT('',(-4.911490630365,-21.20819159338));
#7349 = CARTESIAN_POINT('',(-4.916900985772,-21.57194229026));
#7350 = CARTESIAN_POINT('',(-4.921825804502,-21.94114828721));
#7351 = CARTESIAN_POINT('',(-4.926270707897,-22.31517621865));
#7352 = CARTESIAN_POINT('',(-4.930240843379,-22.69343622517));
#7353 = CARTESIAN_POINT('',(-4.933740794052,-23.07538415186));
#7354 = CARTESIAN_POINT('',(-4.936774563262,-23.46051449462));
#7355 = CARTESIAN_POINT('',(-4.939345537706,-23.848355883));
#7356 = CARTESIAN_POINT('',(-4.941456459991,-24.23846716689));
#7357 = CARTESIAN_POINT('',(-4.943109384514,-24.63043004876));
#7358 = CARTESIAN_POINT('',(-4.944305691252,-25.02385642766));
#7359 = CARTESIAN_POINT('',(-4.945045886018,-25.41834184837));
#7360 = CARTESIAN_POINT('',(-4.945329838013,-25.81335038645));
#7361 = CARTESIAN_POINT('',(-4.945157312135,-26.2084444097));
#7362 = CARTESIAN_POINT('',(-4.944527711213,-26.60313552724));
#7363 = CARTESIAN_POINT('',(-4.943439826859,-26.99705045372));
#7364 = CARTESIAN_POINT('',(-4.94189179665,-27.3897704654));
#7365 = CARTESIAN_POINT('',(-4.93988114697,-27.78086883315));
#7366 = CARTESIAN_POINT('',(-4.937404812397,-28.16989618425));
#7367 = CARTESIAN_POINT('',(-4.93445916262,-28.55637943524));
#7368 = CARTESIAN_POINT('',(-4.931040021032,-28.93981713309));
#7369 = CARTESIAN_POINT('',(-4.927142706705,-29.31967421281));
#7370 = CARTESIAN_POINT('',(-4.922761987938,-29.69538130215));
#7371 = CARTESIAN_POINT('',(-4.917892361878,-30.06631504231));
#7372 = CARTESIAN_POINT('',(-4.912527112821,-30.43184841886));
#7373 = CARTESIAN_POINT('',(-4.906661922868,-30.79113865657));
#7374 = CARTESIAN_POINT('',(-4.900281463677,-31.14389477423));
#7375 = CARTESIAN_POINT('',(-4.893371296829,-31.48949261901));
#7376 = CARTESIAN_POINT('',(-4.885926607651,-31.82671510791));
#7377 = CARTESIAN_POINT('',(-4.877940941964,-32.15440230128));
#7378 = CARTESIAN_POINT('',(-4.869409355732,-32.47127274828));
#7379 = CARTESIAN_POINT('',(-4.86032772014,-32.77596624817));
#7380 = CARTESIAN_POINT('',(-4.850693070786,-33.06702663445));
#7381 = CARTESIAN_POINT('',(-4.840503709101,-33.34289982864));
#7382 = CARTESIAN_POINT('',(-4.829759341671,-33.60192738828));
#7383 = CARTESIAN_POINT('',(-4.818461414995,-33.84233922255));
#7384 = CARTESIAN_POINT('',(-4.806612739938,-34.06225037603));
#7385 = CARTESIAN_POINT('',(-4.794219883127,-34.25963842383));
#7386 = CARTESIAN_POINT('',(-4.781285335703,-34.432390223));
#7387 = CARTESIAN_POINT('',(-4.767886726417,-34.57749638321));
#7388 = CARTESIAN_POINT('',(-4.754108154785,-34.69248824473));
#7389 = CARTESIAN_POINT('',(-4.740035151733,-34.77540878101));
#7390 = CARTESIAN_POINT('',(-4.725760884282,-34.82481229456));
#7391 = CARTESIAN_POINT('',(-4.71136377344,-34.83977297258));
#7392 = CARTESIAN_POINT('',(-4.696986432927,-34.81986430828));
#7393 = CARTESIAN_POINT('',(-4.682799309405,-34.7659307289));
#7394 = CARTESIAN_POINT('',(-4.668845088734,-34.67913290974));
#7395 = CARTESIAN_POINT('',(-4.655196779356,-34.56092203349));
#7396 = CARTESIAN_POINT('',(-4.641915959958,-34.41304435791));
#7397 = CARTESIAN_POINT('',(-4.629063254777,-34.23753389362));
#7398 = CARTESIAN_POINT('',(-4.616695604942,-34.03672557148));
#7399 = CARTESIAN_POINT('',(-4.604864051881,-33.81320188278));
#7400 = CARTESIAN_POINT('',(-4.593622598553,-33.5699882777));
#7401 = CARTESIAN_POINT('',(-4.582992175851,-33.3098227941));
#7402 = CARTESIAN_POINT('',(-4.572913524373,-33.0332291969));
#7403 = CARTESIAN_POINT('',(-4.563395421964,-32.74210038916));
#7404 = CARTESIAN_POINT('',(-4.5544281808,-32.43781318492));
#7405 = CARTESIAN_POINT('',(-4.546006149489,-32.12172409005));
#7406 = CARTESIAN_POINT('',(-4.538121900245,-31.79504722012));
#7407 = CARTESIAN_POINT('',(-4.530767989972,-31.45889704553));
#7408 = CARTESIAN_POINT('',(-4.523936680176,-31.11428630112));
#7409 = CARTESIAN_POINT('',(-4.517620191034,-30.76213512968));
#7410 = CARTESIAN_POINT('',(-4.511810806256,-30.40327695161));
#7411 = CARTESIAN_POINT('',(-4.506500989042,-30.03846313016));
#7412 = CARTESIAN_POINT('',(-4.501683552764,-29.66837277048));
#7413 = CARTESIAN_POINT('',(-4.49735155254,-29.29360033719));
#7414 = CARTESIAN_POINT('',(-4.493498885045,-28.91469480003));
#7415 = CARTESIAN_POINT('',(-4.490120784484,-28.53223558845));
#7416 = CARTESIAN_POINT('',(-4.487212773713,-28.14675367897));
#7417 = CARTESIAN_POINT('',(-4.484770916011,-27.75875451978));
#7418 = CARTESIAN_POINT('',(-4.482791758863,-27.36871670539));
#7419 = CARTESIAN_POINT('',(-4.481272363812,-26.97709700812));
#7420 = CARTESIAN_POINT('',(-4.480210314557,-26.58433416893));
#7421 = CARTESIAN_POINT('',(-4.479603739677,-26.19085123108));
#7422 = CARTESIAN_POINT('',(-4.479451311623,-25.79706488011));
#7423 = CARTESIAN_POINT('',(-4.479752338485,-25.4033681527));
#7424 = CARTESIAN_POINT('',(-4.480506434242,-25.0102753794));
#7425 = CARTESIAN_POINT('',(-4.481713743035,-24.61817198103));
#7426 = CARTESIAN_POINT('',(-4.48337508304,-24.22746593182));
#7427 = CARTESIAN_POINT('',(-4.48549187685,-23.83857587556));
#7428 = CARTESIAN_POINT('',(-4.488066144137,-23.45193949939));
#7429 = CARTESIAN_POINT('',(-4.491100485292,-23.06801611311));
#7430 = CARTESIAN_POINT('',(-4.494598051521,-22.68729219841));
#7431 = CARTESIAN_POINT('',(-4.498562591373,-22.31028092242));
#7432 = CARTESIAN_POINT('',(-4.502998219134,-21.93754287371));
#7433 = CARTESIAN_POINT('',(-4.507910250999,-21.56962667304));
#7434 = CARTESIAN_POINT('',(-4.513305147828,-21.20709451903));
#7435 = CARTESIAN_POINT('',(-4.517228218739,-20.96945141981));
#7436 = CARTESIAN_POINT('',(-4.51927249494,-20.85174925654));
#7437 = ( GEOMETRIC_REPRESENTATION_CONTEXT(2) 
PARAMETRIC_REPRESENTATION_CONTEXT() REPRESENTATION_CONTEXT('2D SPACE',''
  ) );
#7438 = PCURVE('',#7439,#7444);
#7439 = CYLINDRICAL_SURFACE('',#7440,9.);
#7440 = AXIS2_PLACEMENT_3D('',#7441,#7442,#7443);
#7441 = CARTESIAN_POINT('',(0.,-35.,70.95));
#7442 = DIRECTION('',(0.,0.999550303522,2.998650910567E-02));
#7443 = DIRECTION('',(1.,0.,0.));
#7444 = DEFINITIONAL_REPRESENTATION('',(#7445),#7537);
#7445 = B_SPLINE_CURVE_WITH_KNOTS('',3,(#7446,#7447,#7448,#7449,#7450,
    #7451,#7452,#7453,#7454,#7455,#7456,#7457,#7458,#7459,#7460,#7461,
    #7462,#7463,#7464,#7465,#7466,#7467,#7468,#7469,#7470,#7471,#7472,
    #7473,#7474,#7475,#7476,#7477,#7478,#7479,#7480,#7481,#7482,#7483,
    #7484,#7485,#7486,#7487,#7488,#7489,#7490,#7491,#7492,#7493,#7494,
    #7495,#7496,#7497,#7498,#7499,#7500,#7501,#7502,#7503,#7504,#7505,
    #7506,#7507,#7508,#7509,#7510,#7511,#7512,#7513,#7514,#7515,#7516,
    #7517,#7518,#7519,#7520,#7521,#7522,#7523,#7524,#7525,#7526,#7527,
    #7528,#7529,#7530,#7531,#7532,#7533,#7534,#7535,#7536),
  .UNSPECIFIED.,.F.,.F.,(4,1,1,1,1,1,1,1,1,1,1,1,1,1,1,1,1,1,1,1,1,1,1,1
    ,1,1,1,1,1,1,1,1,1,1,1,1,1,1,1,1,1,1,1,1,1,1,1,1,1,1,1,1,1,1,1,1,1,1
    ,1,1,1,1,1,1,1,1,1,1,1,1,1,1,1,1,1,1,1,1,1,1,1,1,1,1,1,1,1,1,4),(
    1.059381304469E-02,8.59941275173E-02,0.16139444199,0.236794756463,
    0.312195070935,0.387595385408,0.46299569988,0.538396014353,
    0.613796328826,0.689196643298,0.764596957771,0.839997272243,
    0.915397586716,0.990797901189,1.066198215661,1.141598530134,
    1.216998844606,1.292399159079,1.367799473552,1.443199788024,
    1.518600102497,1.594000416969,1.669400731442,1.744801045915,
    1.820201360387,1.89560167486,1.971001989332,2.046402303805,
    2.121802618278,2.19720293275,2.272603247223,2.348003561695,
    2.423403876168,2.498804190641,2.574204505113,2.649604819586,
    2.725005134059,2.800405448531,2.875805763004,2.951206077476,
    3.026606391949,3.102006706422,3.177407020894,3.252807335367,
    3.328207649839,3.403607964312,3.479008278785,3.554408593257,
    3.62980890773,3.705209222202,3.780609536675,3.856009851148,
    3.93141016562,4.006810480093,4.082210794565,4.157611109038,
    4.233011423511,4.308411737983,4.383812052456,4.459212366928,
    4.534612681401,4.610012995874,4.685413310346,4.760813624819,
    4.836213939291,4.911614253764,4.987014568237,5.062414882709,
    5.137815197182,5.213215511655,5.288615826127,5.3640161406,
    5.439416455072,5.514816769545,5.590217084018,5.66561739849,
    5.741017712963,5.816418027435,5.891818341908,5.967218656381,
    6.042618970853,6.118019285326,6.193419599798,6.268819914271,
    6.344220228744,6.419620543216,6.495020857689,6.570421172161,
    6.645821486634),.QUASI_UNIFORM_KNOTS.);
#7446 = CARTESIAN_POINT('',(-5.6944547729,-3.426430732568));
#7447 = CARTESIAN_POINT('',(-5.710157635967,-3.407548141875));
#7448 = CARTESIAN_POINT('',(-5.741380745532,-3.370484281397));
#7449 = CARTESIAN_POINT('',(-5.787716847615,-3.317266666771));
#7450 = CARTESIAN_POINT('',(-5.833604336726,-3.266713410862));
#7451 = CARTESIAN_POINT('',(-5.879090845679,-3.219068803881));
#7452 = CARTESIAN_POINT('',(-5.92422288899,-3.174552360853));
#7453 = CARTESIAN_POINT('',(-5.969045883233,-3.133356718224));
#7454 = CARTESIAN_POINT('',(-6.013604450596,-3.095650472924));
#7455 = CARTESIAN_POINT('',(-6.057942592973,-3.061579511058));
#7456 = CARTESIAN_POINT('',(-6.102103998343,-3.031268474508));
#7457 = CARTESIAN_POINT('',(-6.146131910845,-3.004822225092));
#7458 = CARTESIAN_POINT('',(-6.19007063578,-2.982326219461));
#7459 = CARTESIAN_POINT('',(-6.233961013719,-2.963850282325));
#7460 = CARTESIAN_POINT('',(-6.27782837928,-2.949450036475));
#7461 = CARTESIAN_POINT('',(-6.321708619764,-2.939155512049));
#7462 = CARTESIAN_POINT('',(-6.365632016301,-2.932977719867));
#7463 = CARTESIAN_POINT('',(-6.409642228862,-2.930905884042));
#7464 = CARTESIAN_POINT('',(-6.45377908844,-2.932912393103));
#7465 = CARTESIAN_POINT('',(-6.498083370633,-2.938950733479));
#7466 = CARTESIAN_POINT('',(-6.542595795573,-2.948955094808));
#7467 = CARTESIAN_POINT('',(-6.587357545483,-2.962839346709));
#7468 = CARTESIAN_POINT('',(-6.632410412603,-2.980496046316));
#7469 = CARTESIAN_POINT('',(-6.677796881765,-3.001795139746));
#7470 = CARTESIAN_POINT('',(-6.723560871783,-3.026583045495));
#7471 = CARTESIAN_POINT('',(-6.769745995467,-3.054679704633));
#7472 = CARTESIAN_POINT('',(-6.816403241521,-3.085882570307));
#7473 = CARTESIAN_POINT('',(-6.863563676943,-3.119944061653));
#7474 = CARTESIAN_POINT('',(-6.911342120973,-3.156647538843));
#7475 = CARTESIAN_POINT('',(-6.959828788427,-3.195733274167));
#7476 = CARTESIAN_POINT('',(-7.009046117301,-3.236846751082));
#7477 = CARTESIAN_POINT('',(-7.059036403079,-3.279603536738));
#7478 = CARTESIAN_POINT('',(-7.109838775988,-3.323570796526));
#7479 = CARTESIAN_POINT('',(-7.161495825406,-3.368271567164));
#7480 = CARTESIAN_POINT('',(-7.214052307706,-3.413183515105));
#7481 = CARTESIAN_POINT('',(-7.267555948494,-3.457739886536));
#7482 = CARTESIAN_POINT('',(-7.322057952578,-3.501330826995));
#7483 = CARTESIAN_POINT('',(-7.377612887761,-3.54330538211));
#7484 = CARTESIAN_POINT('',(-7.43428183467,-3.582975485347));
#7485 = CARTESIAN_POINT('',(-7.4921237785,-3.619617127571));
#7486 = CARTESIAN_POINT('',(-7.551231697935,-3.65248735324));
#7487 = CARTESIAN_POINT('',(-7.611381926894,-3.680675215524));
#7488 = CARTESIAN_POINT('',(-7.672361690322,-3.703386767676));
#7489 = CARTESIAN_POINT('',(-7.733981478948,-3.719968739137));
#7490 = CARTESIAN_POINT('',(-7.796041518416,-3.729929671698));
#7491 = CARTESIAN_POINT('',(-7.858421444963,-3.732958063353));
#7492 = CARTESIAN_POINT('',(-7.92073229693,-3.728929294612));
#7493 = CARTESIAN_POINT('',(-7.982461452293,-3.718064923274));
#7494 = CARTESIAN_POINT('',(-8.043636590963,-3.700732641981));
#7495 = CARTESIAN_POINT('',(-8.104138451456,-3.677429785253));
#7496 = CARTESIAN_POINT('',(-8.163878060809,-3.648770033344));
#7497 = CARTESIAN_POINT('',(-8.222747944624,-3.615464970634));
#7498 = CARTESIAN_POINT('',(-8.280629793533,-3.578307066265));
#7499 = CARTESIAN_POINT('',(-8.337401408497,-3.538138833111));
#7500 = CARTESIAN_POINT('',(-8.392889082905,-3.495865121843));
#7501 = CARTESIAN_POINT('',(-8.447037970646,-3.452298515958));
#7502 = CARTESIAN_POINT('',(-8.500194400438,-3.407861026858));
#7503 = CARTESIAN_POINT('',(-8.552358351196,-3.363190548342));
#7504 = CARTESIAN_POINT('',(-8.603612961401,-3.318811718463));
#7505 = CARTESIAN_POINT('',(-8.654014904586,-3.275221290585));
#7506 = CARTESIAN_POINT('',(-8.703624512426,-3.232866683638));
#7507 = CARTESIAN_POINT('',(-8.752498327564,-3.192153733185));
#7508 = CARTESIAN_POINT('',(-8.800691630261,-3.153447090989));
#7509 = CARTESIAN_POINT('',(-8.848258246715,-3.117072949257));
#7510 = CARTESIAN_POINT('',(-8.895251004785,-3.083321425798));
#7511 = CARTESIAN_POINT('',(-8.941722182442,-3.052449077531));
#7512 = CARTESIAN_POINT('',(-8.987723293937,-3.024681824957));
#7513 = CARTESIAN_POINT('',(-9.033307557971,-3.000216178286));
#7514 = CARTESIAN_POINT('',(-9.078525885536,-2.979224890061));
#7515 = CARTESIAN_POINT('',(-9.123419218246,-2.961860885575));
#7516 = CARTESIAN_POINT('',(-9.168029094014,-2.948252445252));
#7517 = CARTESIAN_POINT('',(-9.212395570325,-2.938505782692));
#7518 = CARTESIAN_POINT('',(-9.256558104622,-2.932705689396));
#7519 = CARTESIAN_POINT('',(-9.300555610842,-2.930916543926));
#7520 = CARTESIAN_POINT('',(-9.344426648222,-2.933183033012));
#7521 = CARTESIAN_POINT('',(-9.388209747831,-2.939530896762));
#7522 = CARTESIAN_POINT('',(-9.431942949508,-2.949967101907));
#7523 = CARTESIAN_POINT('',(-9.475666304475,-2.964481515122));
#7524 = CARTESIAN_POINT('',(-9.519406322025,-2.983039718732));
#7525 = CARTESIAN_POINT('',(-9.563204249918,-3.005592554712));
#7526 = CARTESIAN_POINT('',(-9.607099870809,-3.03207275991));
#7527 = CARTESIAN_POINT('',(-9.651133426028,-3.062394360664));
#7528 = CARTESIAN_POINT('',(-9.695345297503,-3.096451882032));
#7529 = CARTESIAN_POINT('',(-9.739776355103,-3.134119475634));
#7530 = CARTESIAN_POINT('',(-9.784467973711,-3.1752497311));
#7531 = CARTESIAN_POINT('',(-9.829462849939,-3.219673007045));
#7532 = CARTESIAN_POINT('',(-9.874803147177,-3.267194172959));
#7533 = CARTESIAN_POINT('',(-9.920538936729,-3.317598523202));
#7534 = CARTESIAN_POINT('',(-9.966725515504,-3.370653454979));
#7535 = CARTESIAN_POINT('',(-9.997852273967,-3.407604358165));
#7536 = CARTESIAN_POINT('',(-10.01350849497,-3.426430737443));
#7537 = ( GEOMETRIC_REPRESENTATION_CONTEXT(2) 
PARAMETRIC_REPRESENTATION_CONTEXT() REPRESENTATION_CONTEXT('2D SPACE',''
  ) );
#7538 = ADVANCED_FACE('',(#7539),#6545,.F.);
#7539 = FACE_BOUND('',#7540,.T.);
#7540 = EDGE_LOOP('',(#7541,#7570,#7591,#7592));
#7541 = ORIENTED_EDGE('',*,*,#7542,.F.);
#7542 = EDGE_CURVE('',#7543,#7543,#7545,.T.);
#7543 = VERTEX_POINT('',#7544);
#7544 = CARTESIAN_POINT('',(36.034018715768,33.234018715768,94.5));
#7545 = SURFACE_CURVE('',#7546,(#7551,#7558),.PCURVE_S1.);
#7546 = CIRCLE('',#7547,2.8);
#7547 = AXIS2_PLACEMENT_3D('',#7548,#7549,#7550);
#7548 = CARTESIAN_POINT('',(33.234018715768,33.234018715768,94.5));
#7549 = DIRECTION('',(0.,0.,1.));
#7550 = DIRECTION('',(1.,0.,0.));
#7551 = PCURVE('',#6545,#7552);
#7552 = DEFINITIONAL_REPRESENTATION('',(#7553),#7557);
#7553 = LINE('',#7554,#7555);
#7554 = CARTESIAN_POINT('',(-0.,0.));
#7555 = VECTOR('',#7556,1.);
#7556 = DIRECTION('',(-1.,0.));
#7557 = ( GEOMETRIC_REPRESENTATION_CONTEXT(2) 
PARAMETRIC_REPRESENTATION_CONTEXT() REPRESENTATION_CONTEXT('2D SPACE',''
  ) );
#7558 = PCURVE('',#7559,#7564);
#7559 = PLANE('',#7560);
#7560 = AXIS2_PLACEMENT_3D('',#7561,#7562,#7563);
#7561 = CARTESIAN_POINT('',(33.234018715768,33.234018715768,94.5));
#7562 = DIRECTION('',(0.,0.,1.));
#7563 = DIRECTION('',(1.,0.,-0.));
#7564 = DEFINITIONAL_REPRESENTATION('',(#7565),#7569);
#7565 = CIRCLE('',#7566,2.8);
#7566 = AXIS2_PLACEMENT_2D('',#7567,#7568);
#7567 = CARTESIAN_POINT('',(0.,0.));
#7568 = DIRECTION('',(1.,0.));
#7569 = ( GEOMETRIC_REPRESENTATION_CONTEXT(2) 
PARAMETRIC_REPRESENTATION_CONTEXT() REPRESENTATION_CONTEXT('2D SPACE',''
  ) );
#7570 = ORIENTED_EDGE('',*,*,#7571,.T.);
#7571 = EDGE_CURVE('',#7543,#6525,#7572,.T.);
#7572 = SEAM_CURVE('',#7573,(#7577,#7584),.PCURVE_S1.);
#7573 = LINE('',#7574,#7575);
#7574 = CARTESIAN_POINT('',(36.034018715768,33.234018715768,94.5));
#7575 = VECTOR('',#7576,1.);
#7576 = DIRECTION('',(0.,0.,1.));
#7577 = PCURVE('',#6545,#7578);
#7578 = DEFINITIONAL_REPRESENTATION('',(#7579),#7583);
#7579 = LINE('',#7580,#7581);
#7580 = CARTESIAN_POINT('',(-6.28318530718,0.));
#7581 = VECTOR('',#7582,1.);
#7582 = DIRECTION('',(-0.,-1.));
#7583 = ( GEOMETRIC_REPRESENTATION_CONTEXT(2) 
PARAMETRIC_REPRESENTATION_CONTEXT() REPRESENTATION_CONTEXT('2D SPACE',''
  ) );
#7584 = PCURVE('',#6545,#7585);
#7585 = DEFINITIONAL_REPRESENTATION('',(#7586),#7590);
#7586 = LINE('',#7587,#7588);
#7587 = CARTESIAN_POINT('',(-0.,0.));
#7588 = VECTOR('',#7589,1.);
#7589 = DIRECTION('',(-0.,-1.));
#7590 = ( GEOMETRIC_REPRESENTATION_CONTEXT(2) 
PARAMETRIC_REPRESENTATION_CONTEXT() REPRESENTATION_CONTEXT('2D SPACE',''
  ) );
#7591 = ORIENTED_EDGE('',*,*,#6524,.F.);
#7592 = ORIENTED_EDGE('',*,*,#7571,.F.);
#7593 = ADVANCED_FACE('',(#7594,#7625),#6817,.T.);
#7594 = FACE_BOUND('',#7595,.T.);
#7595 = EDGE_LOOP('',(#7596));
#7596 = ORIENTED_EDGE('',*,*,#7597,.T.);
#7597 = EDGE_CURVE('',#7598,#7598,#7600,.T.);
#7598 = VERTEX_POINT('',#7599);
#7599 = CARTESIAN_POINT('',(21.7,0.,73.));
#7600 = SURFACE_CURVE('',#7601,(#7606,#7613),.PCURVE_S1.);
#7601 = CIRCLE('',#7602,21.7);
#7602 = AXIS2_PLACEMENT_3D('',#7603,#7604,#7605);
#7603 = CARTESIAN_POINT('',(0.,0.,73.));
#7604 = DIRECTION('',(0.,0.,1.));
#7605 = DIRECTION('',(1.,0.,0.));
#7606 = PCURVE('',#6817,#7607);
#7607 = DEFINITIONAL_REPRESENTATION('',(#7608),#7612);
#7608 = CIRCLE('',#7609,21.7);
#7609 = AXIS2_PLACEMENT_2D('',#7610,#7611);
#7610 = CARTESIAN_POINT('',(5.041253944846E-16,-1.130673726555E-15));
#7611 = DIRECTION('',(1.,0.));
#7612 = ( GEOMETRIC_REPRESENTATION_CONTEXT(2) 
PARAMETRIC_REPRESENTATION_CONTEXT() REPRESENTATION_CONTEXT('2D SPACE',''
  ) );
#7613 = PCURVE('',#7614,#7619);
#7614 = CYLINDRICAL_SURFACE('',#7615,21.7);
#7615 = AXIS2_PLACEMENT_3D('',#7616,#7617,#7618);
#7616 = CARTESIAN_POINT('',(0.,0.,62.));
#7617 = DIRECTION('',(-0.,-0.,-1.));
#7618 = DIRECTION('',(1.,0.,0.));
#7619 = DEFINITIONAL_REPRESENTATION('',(#7620),#7624);
#7620 = LINE('',#7621,#7622);
#7621 = CARTESIAN_POINT('',(-0.,-11.));
#7622 = VECTOR('',#7623,1.);
#7623 = DIRECTION('',(-1.,0.));
#7624 = ( GEOMETRIC_REPRESENTATION_CONTEXT(2) 
PARAMETRIC_REPRESENTATION_CONTEXT() REPRESENTATION_CONTEXT('2D SPACE',''
  ) );
#7625 = FACE_BOUND('',#7626,.T.);
#7626 = EDGE_LOOP('',(#7627));
#7627 = ORIENTED_EDGE('',*,*,#6802,.T.);
#7628 = ADVANCED_FACE('',(#7629),#6884,.F.);
#7629 = FACE_BOUND('',#7630,.F.);
#7630 = EDGE_LOOP('',(#7631,#7661,#7682,#7683));
#7631 = ORIENTED_EDGE('',*,*,#7632,.F.);
#7632 = EDGE_CURVE('',#7633,#7635,#7637,.T.);
#7633 = VERTEX_POINT('',#7634);
#7634 = CARTESIAN_POINT('',(4.,-33.85006745447,65.982248482388));
#7635 = VERTEX_POINT('',#7636);
#7636 = CARTESIAN_POINT('',(-4.,-33.85006745447,65.982248482388));
#7637 = SURFACE_CURVE('',#7638,(#7642,#7649),.PCURVE_S1.);
#7638 = LINE('',#7639,#7640);
#7639 = CARTESIAN_POINT('',(4.,-33.85006745447,65.982248482388));
#7640 = VECTOR('',#7641,1.);
#7641 = DIRECTION('',(-1.,0.,0.));
#7642 = PCURVE('',#6884,#7643);
#7643 = DEFINITIONAL_REPRESENTATION('',(#7644),#7648);
#7644 = LINE('',#7645,#7646);
#7645 = CARTESIAN_POINT('',(0.,0.));
#7646 = VECTOR('',#7647,1.);
#7647 = DIRECTION('',(1.,0.));
#7648 = ( GEOMETRIC_REPRESENTATION_CONTEXT(2) 
PARAMETRIC_REPRESENTATION_CONTEXT() REPRESENTATION_CONTEXT('2D SPACE',''
  ) );
#7649 = PCURVE('',#7650,#7655);
#7650 = PLANE('',#7651);
#7651 = AXIS2_PLACEMENT_3D('',#7652,#7653,#7654);
#7652 = CARTESIAN_POINT('',(2.111960602118E-16,-33.98333886432,
    70.424628810919));
#7653 = DIRECTION('',(0.,0.999550303522,2.998650910567E-02));
#7654 = DIRECTION('',(0.,-2.998650910567E-02,0.999550303522));
#7655 = DEFINITIONAL_REPRESENTATION('',(#7656),#7660);
#7656 = LINE('',#7657,#7658);
#7657 = CARTESIAN_POINT('',(-4.44437895009,4.));
#7658 = VECTOR('',#7659,1.);
#7659 = DIRECTION('',(0.,-1.));
#7660 = ( GEOMETRIC_REPRESENTATION_CONTEXT(2) 
PARAMETRIC_REPRESENTATION_CONTEXT() REPRESENTATION_CONTEXT('2D SPACE',''
  ) );
#7661 = ORIENTED_EDGE('',*,*,#7662,.T.);
#7662 = EDGE_CURVE('',#7633,#6870,#7663,.T.);
#7663 = SURFACE_CURVE('',#7664,(#7668,#7675),.PCURVE_S1.);
#7664 = LINE('',#7665,#7666);
#7665 = CARTESIAN_POINT('',(4.,-33.85006745447,65.982248482388));
#7666 = VECTOR('',#7667,1.);
#7667 = DIRECTION('',(0.,-0.999550303522,-2.998650910567E-02));
#7668 = PCURVE('',#6884,#7669);
#7669 = DEFINITIONAL_REPRESENTATION('',(#7670),#7674);
#7670 = LINE('',#7671,#7672);
#7671 = CARTESIAN_POINT('',(0.,0.));
#7672 = VECTOR('',#7673,1.);
#7673 = DIRECTION('',(-0.,-1.));
#7674 = ( GEOMETRIC_REPRESENTATION_CONTEXT(2) 
PARAMETRIC_REPRESENTATION_CONTEXT() REPRESENTATION_CONTEXT('2D SPACE',''
  ) );
#7675 = PCURVE('',#6967,#7676);
#7676 = DEFINITIONAL_REPRESENTATION('',(#7677),#7681);
#7677 = LINE('',#7678,#7679);
#7678 = CARTESIAN_POINT('',(2.,2.553512956638E-15));
#7679 = VECTOR('',#7680,1.);
#7680 = DIRECTION('',(0.,-1.));
#7681 = ( GEOMETRIC_REPRESENTATION_CONTEXT(2) 
PARAMETRIC_REPRESENTATION_CONTEXT() REPRESENTATION_CONTEXT('2D SPACE',''
  ) );
#7682 = ORIENTED_EDGE('',*,*,#6867,.F.);
#7683 = ORIENTED_EDGE('',*,*,#7684,.F.);
#7684 = EDGE_CURVE('',#7635,#6868,#7685,.T.);
#7685 = SURFACE_CURVE('',#7686,(#7690,#7697),.PCURVE_S1.);
#7686 = LINE('',#7687,#7688);
#7687 = CARTESIAN_POINT('',(-4.,-33.85006745447,65.982248482388));
#7688 = VECTOR('',#7689,1.);
#7689 = DIRECTION('',(0.,-0.999550303522,-2.998650910567E-02));
#7690 = PCURVE('',#6884,#7691);
#7691 = DEFINITIONAL_REPRESENTATION('',(#7692),#7696);
#7692 = LINE('',#7693,#7694);
#7693 = CARTESIAN_POINT('',(8.,0.));
#7694 = VECTOR('',#7695,1.);
#7695 = DIRECTION('',(-0.,-1.));
#7696 = ( GEOMETRIC_REPRESENTATION_CONTEXT(2) 
PARAMETRIC_REPRESENTATION_CONTEXT() REPRESENTATION_CONTEXT('2D SPACE',''
  ) );
#7697 = PCURVE('',#6910,#7698);
#7698 = DEFINITIONAL_REPRESENTATION('',(#7699),#7703);
#7699 = LINE('',#7700,#7701);
#7700 = CARTESIAN_POINT('',(0.,0.));
#7701 = VECTOR('',#7702,1.);
#7702 = DIRECTION('',(0.,-1.));
#7703 = ( GEOMETRIC_REPRESENTATION_CONTEXT(2) 
PARAMETRIC_REPRESENTATION_CONTEXT() REPRESENTATION_CONTEXT('2D SPACE',''
  ) );
#7704 = ADVANCED_FACE('',(#7705),#6967,.F.);
#7705 = FACE_BOUND('',#7706,.F.);
#7706 = EDGE_LOOP('',(#7707,#7735,#7756,#7757,#7758,#7781));
#7707 = ORIENTED_EDGE('',*,*,#7708,.T.);
#7708 = EDGE_CURVE('',#7709,#7711,#7713,.T.);
#7709 = VERTEX_POINT('',#7710);
#7710 = CARTESIAN_POINT('',(4.,-34.8501348786,65.954495953642));
#7711 = VERTEX_POINT('',#7712);
#7712 = CARTESIAN_POINT('',(4.,-34.91004047268,67.951349089433));
#7713 = SURFACE_CURVE('',#7714,(#7718,#7724),.PCURVE_S1.);
#7714 = LINE('',#7715,#7716);
#7715 = CARTESIAN_POINT('',(4.,-34.95502023634,69.450674544716));
#7716 = VECTOR('',#7717,1.);
#7717 = DIRECTION('',(4.440892098501E-16,-2.998650910567E-02,
    0.999550303522));
#7718 = PCURVE('',#6967,#7719);
#7719 = DEFINITIONAL_REPRESENTATION('',(#7720),#7723);
#7720 = B_SPLINE_CURVE_WITH_KNOTS('',1,(#7721,#7722),.UNSPECIFIED.,.F.,
  .F.,(2,2),(-3.497751517612,-1.5),.PIECEWISE_BEZIER_KNOTS.);
#7721 = CARTESIAN_POINT('',(1.997751517612,-1.000449898796));
#7722 = CARTESIAN_POINT('',(0.,-1.000449898796));
#7723 = ( GEOMETRIC_REPRESENTATION_CONTEXT(2) 
PARAMETRIC_REPRESENTATION_CONTEXT() REPRESENTATION_CONTEXT('2D SPACE',''
  ) );
#7724 = PCURVE('',#7725,#7730);
#7725 = PLANE('',#7726);
#7726 = AXIS2_PLACEMENT_3D('',#7727,#7728,#7729);
#7727 = CARTESIAN_POINT('',(-3.038755850088E-16,-35.,70.95));
#7728 = DIRECTION('',(-0.,-0.999550303522,-2.998650910567E-02));
#7729 = DIRECTION('',(0.,2.998650910567E-02,-0.999550303522));
#7730 = DEFINITIONAL_REPRESENTATION('',(#7731),#7734);
#7731 = B_SPLINE_CURVE_WITH_KNOTS('',1,(#7732,#7733),.UNSPECIFIED.,.F.,
  .F.,(2,2),(-3.497751517612,-1.5),.PIECEWISE_BEZIER_KNOTS.);
#7732 = CARTESIAN_POINT('',(4.997751517612,4.));
#7733 = CARTESIAN_POINT('',(3.,4.));
#7734 = ( GEOMETRIC_REPRESENTATION_CONTEXT(2) 
PARAMETRIC_REPRESENTATION_CONTEXT() REPRESENTATION_CONTEXT('2D SPACE',''
  ) );
#7735 = ORIENTED_EDGE('',*,*,#7736,.T.);
#7736 = EDGE_CURVE('',#7711,#6922,#7737,.T.);
#7737 = SURFACE_CURVE('',#7738,(#7742,#7749),.PCURVE_S1.);
#7738 = LINE('',#7739,#7740);
#7739 = CARTESIAN_POINT('',(4.,-33.91004047268,67.981349089433));
#7740 = VECTOR('',#7741,1.);
#7741 = DIRECTION('',(0.,-0.999550303522,-2.998650910567E-02));
#7742 = PCURVE('',#6967,#7743);
#7743 = DEFINITIONAL_REPRESENTATION('',(#7744),#7748);
#7744 = LINE('',#7745,#7746);
#7745 = CARTESIAN_POINT('',(0.,0.));
#7746 = VECTOR('',#7747,1.);
#7747 = DIRECTION('',(0.,-1.));
#7748 = ( GEOMETRIC_REPRESENTATION_CONTEXT(2) 
PARAMETRIC_REPRESENTATION_CONTEXT() REPRESENTATION_CONTEXT('2D SPACE',''
  ) );
#7749 = PCURVE('',#6942,#7750);
#7750 = DEFINITIONAL_REPRESENTATION('',(#7751),#7755);
#7751 = LINE('',#7752,#7753);
#7752 = CARTESIAN_POINT('',(4.428594871176,0.));
#7753 = VECTOR('',#7754,1.);
#7754 = DIRECTION('',(0.,-1.));
#7755 = ( GEOMETRIC_REPRESENTATION_CONTEXT(2) 
PARAMETRIC_REPRESENTATION_CONTEXT() REPRESENTATION_CONTEXT('2D SPACE',''
  ) );
#7756 = ORIENTED_EDGE('',*,*,#6954,.F.);
#7757 = ORIENTED_EDGE('',*,*,#7662,.F.);
#7758 = ORIENTED_EDGE('',*,*,#7759,.F.);
#7759 = EDGE_CURVE('',#7760,#7633,#7762,.T.);
#7760 = VERTEX_POINT('',#7761);
#7761 = CARTESIAN_POINT('',(4.,-33.8501348786,65.984495953642));
#7762 = SURFACE_CURVE('',#7763,(#7767,#7774),.PCURVE_S1.);
#7763 = LINE('',#7764,#7765);
#7764 = CARTESIAN_POINT('',(4.,-33.91004047268,67.981349089433));
#7765 = VECTOR('',#7766,1.);
#7766 = DIRECTION('',(-4.440892098501E-16,2.998650910567E-02,
    -0.999550303522));
#7767 = PCURVE('',#6967,#7768);
#7768 = DEFINITIONAL_REPRESENTATION('',(#7769),#7773);
#7769 = LINE('',#7770,#7771);
#7770 = CARTESIAN_POINT('',(0.,0.));
#7771 = VECTOR('',#7772,1.);
#7772 = DIRECTION('',(1.,0.));
#7773 = ( GEOMETRIC_REPRESENTATION_CONTEXT(2) 
PARAMETRIC_REPRESENTATION_CONTEXT() REPRESENTATION_CONTEXT('2D SPACE',''
  ) );
#7774 = PCURVE('',#7650,#7775);
#7775 = DEFINITIONAL_REPRESENTATION('',(#7776),#7780);
#7776 = LINE('',#7777,#7778);
#7777 = CARTESIAN_POINT('',(-2.44437895009,4.));
#7778 = VECTOR('',#7779,1.);
#7779 = DIRECTION('',(-1.,-4.440892098501E-16));
#7780 = ( GEOMETRIC_REPRESENTATION_CONTEXT(2) 
PARAMETRIC_REPRESENTATION_CONTEXT() REPRESENTATION_CONTEXT('2D SPACE',''
  ) );
#7781 = ORIENTED_EDGE('',*,*,#7782,.F.);
#7782 = EDGE_CURVE('',#7709,#7760,#7783,.T.);
#7783 = SURFACE_CURVE('',#7784,(#7788,#7794),.PCURVE_S1.);
#7784 = LINE('',#7785,#7786);
#7785 = CARTESIAN_POINT('',(4.,-46.91157654497,65.592652703651));
#7786 = VECTOR('',#7787,1.);
#7787 = DIRECTION('',(0.,0.999550303522,2.998650910567E-02));
#7788 = PCURVE('',#6967,#7789);
#7789 = DEFINITIONAL_REPRESENTATION('',(#7790),#7793);
#7790 = B_SPLINE_CURVE_WITH_KNOTS('',1,(#7791,#7792),.UNSPECIFIED.,.F.,
  .F.,(2,2),(8.64043736114,13.06731799324),.PIECEWISE_BEZIER_KNOTS.);
#7791 = CARTESIAN_POINT('',(1.997751517612,-4.4268806321));
#7792 = CARTESIAN_POINT('',(1.997751517612,1.7763568394E-15));
#7793 = ( GEOMETRIC_REPRESENTATION_CONTEXT(2) 
PARAMETRIC_REPRESENTATION_CONTEXT() REPRESENTATION_CONTEXT('2D SPACE',''
  ) );
#7794 = PCURVE('',#7192,#7795);
#7795 = DEFINITIONAL_REPRESENTATION('',(#7796),#7799);
#7796 = B_SPLINE_CURVE_WITH_KNOTS('',1,(#7797,#7798),.UNSPECIFIED.,.F.,
  .F.,(2,2),(8.64043736114,13.06731799324),.PIECEWISE_BEZIER_KNOTS.);
#7797 = CARTESIAN_POINT('',(64.,21.70775535438));
#7798 = CARTESIAN_POINT('',(64.,26.13463598648));
#7799 = ( GEOMETRIC_REPRESENTATION_CONTEXT(2) 
PARAMETRIC_REPRESENTATION_CONTEXT() REPRESENTATION_CONTEXT('2D SPACE',''
  ) );
#7800 = ADVANCED_FACE('',(#7801),#6942,.F.);
#7801 = FACE_BOUND('',#7802,.F.);
#7802 = EDGE_LOOP('',(#7803,#7831,#7852,#7853));
#7803 = ORIENTED_EDGE('',*,*,#7804,.F.);
#7804 = EDGE_CURVE('',#7805,#7711,#7807,.T.);
#7805 = VERTEX_POINT('',#7806);
#7806 = CARTESIAN_POINT('',(-4.,-34.91004047268,67.951349089433));
#7807 = SURFACE_CURVE('',#7808,(#7813,#7820),.PCURVE_S1.);
#7808 = CIRCLE('',#7809,5.);
#7809 = AXIS2_PLACEMENT_3D('',#7810,#7811,#7812);
#7810 = CARTESIAN_POINT('',(4.440892098501E-16,-35.,70.95));
#7811 = DIRECTION('',(1.734723475977E-18,0.999550303522,
    2.998650910567E-02));
#7812 = DIRECTION('',(-0.8,1.79919054634E-02,-0.599730182113));
#7813 = PCURVE('',#6942,#7814);
#7814 = DEFINITIONAL_REPRESENTATION('',(#7815),#7819);
#7815 = LINE('',#7816,#7817);
#7816 = CARTESIAN_POINT('',(0.,-1.000449898796));
#7817 = VECTOR('',#7818,1.);
#7818 = DIRECTION('',(1.,0.));
#7819 = ( GEOMETRIC_REPRESENTATION_CONTEXT(2) 
PARAMETRIC_REPRESENTATION_CONTEXT() REPRESENTATION_CONTEXT('2D SPACE',''
  ) );
#7820 = PCURVE('',#7725,#7821);
#7821 = DEFINITIONAL_REPRESENTATION('',(#7822),#7830);
#7822 = ( BOUNDED_CURVE() B_SPLINE_CURVE(2,(#7823,#7824,#7825,#7826,
#7827,#7828,#7829),.UNSPECIFIED.,.T.,.F.) B_SPLINE_CURVE_WITH_KNOTS((1,2
    ,2,2,2,1),(-2.094395102393,0.,2.094395102393,4.188790204786,
6.28318530718,8.377580409573),.UNSPECIFIED.) CURVE() 
GEOMETRIC_REPRESENTATION_ITEM() RATIONAL_B_SPLINE_CURVE((1.,0.5,1.,0.5,
1.,0.5,1.)) REPRESENTATION_ITEM('') );
#7823 = CARTESIAN_POINT('',(3.,-4.));
#7824 = CARTESIAN_POINT('',(-3.928203230276,-9.196152422707));
#7825 = CARTESIAN_POINT('',(-4.964101615138,-0.598076211353));
#7826 = CARTESIAN_POINT('',(-6.,8.));
#7827 = CARTESIAN_POINT('',(1.964101615138,4.598076211353));
#7828 = CARTESIAN_POINT('',(9.928203230276,1.196152422707));
#7829 = CARTESIAN_POINT('',(3.,-4.));
#7830 = ( GEOMETRIC_REPRESENTATION_CONTEXT(2) 
PARAMETRIC_REPRESENTATION_CONTEXT() REPRESENTATION_CONTEXT('2D SPACE',''
  ) );
#7831 = ORIENTED_EDGE('',*,*,#7832,.T.);
#7832 = EDGE_CURVE('',#7805,#6896,#7833,.T.);
#7833 = SURFACE_CURVE('',#7834,(#7838,#7845),.PCURVE_S1.);
#7834 = LINE('',#7835,#7836);
#7835 = CARTESIAN_POINT('',(-4.,-33.91004047268,67.981349089433));
#7836 = VECTOR('',#7837,1.);
#7837 = DIRECTION('',(0.,-0.999550303522,-2.998650910567E-02));
#7838 = PCURVE('',#6942,#7839);
#7839 = DEFINITIONAL_REPRESENTATION('',(#7840),#7844);
#7840 = LINE('',#7841,#7842);
#7841 = CARTESIAN_POINT('',(0.,0.));
#7842 = VECTOR('',#7843,1.);
#7843 = DIRECTION('',(0.,-1.));
#7844 = ( GEOMETRIC_REPRESENTATION_CONTEXT(2) 
PARAMETRIC_REPRESENTATION_CONTEXT() REPRESENTATION_CONTEXT('2D SPACE',''
  ) );
#7845 = PCURVE('',#6910,#7846);
#7846 = DEFINITIONAL_REPRESENTATION('',(#7847),#7851);
#7847 = LINE('',#7848,#7849);
#7848 = CARTESIAN_POINT('',(2.,-2.553512956638E-15));
#7849 = VECTOR('',#7850,1.);
#7850 = DIRECTION('',(0.,-1.));
#7851 = ( GEOMETRIC_REPRESENTATION_CONTEXT(2) 
PARAMETRIC_REPRESENTATION_CONTEXT() REPRESENTATION_CONTEXT('2D SPACE',''
  ) );
#7852 = ORIENTED_EDGE('',*,*,#6921,.T.);
#7853 = ORIENTED_EDGE('',*,*,#7736,.F.);
#7854 = ADVANCED_FACE('',(#7855),#6910,.F.);
#7855 = FACE_BOUND('',#7856,.F.);
#7856 = EDGE_LOOP('',(#7857,#7880,#7881,#7882,#7883,#7904));
#7857 = ORIENTED_EDGE('',*,*,#7858,.F.);
#7858 = EDGE_CURVE('',#7635,#7859,#7861,.T.);
#7859 = VERTEX_POINT('',#7860);
#7860 = CARTESIAN_POINT('',(-4.,-33.8501348786,65.984495953642));
#7861 = SURFACE_CURVE('',#7862,(#7866,#7873),.PCURVE_S1.);
#7862 = LINE('',#7863,#7864);
#7863 = CARTESIAN_POINT('',(-4.,-33.85006745447,65.982248482388));
#7864 = VECTOR('',#7865,1.);
#7865 = DIRECTION('',(0.,-2.998650910567E-02,0.999550303522));
#7866 = PCURVE('',#6910,#7867);
#7867 = DEFINITIONAL_REPRESENTATION('',(#7868),#7872);
#7868 = LINE('',#7869,#7870);
#7869 = CARTESIAN_POINT('',(0.,0.));
#7870 = VECTOR('',#7871,1.);
#7871 = DIRECTION('',(1.,0.));
#7872 = ( GEOMETRIC_REPRESENTATION_CONTEXT(2) 
PARAMETRIC_REPRESENTATION_CONTEXT() REPRESENTATION_CONTEXT('2D SPACE',''
  ) );
#7873 = PCURVE('',#7650,#7874);
#7874 = DEFINITIONAL_REPRESENTATION('',(#7875),#7879);
#7875 = LINE('',#7876,#7877);
#7876 = CARTESIAN_POINT('',(-4.44437895009,-4.));
#7877 = VECTOR('',#7878,1.);
#7878 = DIRECTION('',(1.,0.));
#7879 = ( GEOMETRIC_REPRESENTATION_CONTEXT(2) 
PARAMETRIC_REPRESENTATION_CONTEXT() REPRESENTATION_CONTEXT('2D SPACE',''
  ) );
#7880 = ORIENTED_EDGE('',*,*,#7684,.T.);
#7881 = ORIENTED_EDGE('',*,*,#6895,.F.);
#7882 = ORIENTED_EDGE('',*,*,#7832,.F.);
#7883 = ORIENTED_EDGE('',*,*,#7884,.T.);
#7884 = EDGE_CURVE('',#7805,#7885,#7887,.T.);
#7885 = VERTEX_POINT('',#7886);
#7886 = CARTESIAN_POINT('',(-4.,-34.8501348786,65.954495953642));
#7887 = SURFACE_CURVE('',#7888,(#7892,#7898),.PCURVE_S1.);
#7888 = LINE('',#7889,#7890);
#7889 = CARTESIAN_POINT('',(-4.,-34.92503372723,68.451124241194));
#7890 = VECTOR('',#7891,1.);
#7891 = DIRECTION('',(0.,2.998650910567E-02,-0.999550303522));
#7892 = PCURVE('',#6910,#7893);
#7893 = DEFINITIONAL_REPRESENTATION('',(#7894),#7897);
#7894 = B_SPLINE_CURVE_WITH_KNOTS('',1,(#7895,#7896),.UNSPECIFIED.,.F.,
  .F.,(2,2),(0.5,2.497751517612),.PIECEWISE_BEZIER_KNOTS.);
#7895 = CARTESIAN_POINT('',(2.,-1.000449898796));
#7896 = CARTESIAN_POINT('',(2.248482388162E-03,-1.000449898796));
#7897 = ( GEOMETRIC_REPRESENTATION_CONTEXT(2) 
PARAMETRIC_REPRESENTATION_CONTEXT() REPRESENTATION_CONTEXT('2D SPACE',''
  ) );
#7898 = PCURVE('',#7725,#7899);
#7899 = DEFINITIONAL_REPRESENTATION('',(#7900),#7903);
#7900 = B_SPLINE_CURVE_WITH_KNOTS('',1,(#7901,#7902),.UNSPECIFIED.,.F.,
  .F.,(2,2),(0.5,2.497751517612),.PIECEWISE_BEZIER_KNOTS.);
#7901 = CARTESIAN_POINT('',(3.,-4.));
#7902 = CARTESIAN_POINT('',(4.997751517612,-4.));
#7903 = ( GEOMETRIC_REPRESENTATION_CONTEXT(2) 
PARAMETRIC_REPRESENTATION_CONTEXT() REPRESENTATION_CONTEXT('2D SPACE',''
  ) );
#7904 = ORIENTED_EDGE('',*,*,#7905,.F.);
#7905 = EDGE_CURVE('',#7859,#7885,#7906,.T.);
#7906 = SURFACE_CURVE('',#7907,(#7911,#7917),.PCURVE_S1.);
#7907 = LINE('',#7908,#7909);
#7908 = CARTESIAN_POINT('',(-4.,-46.91157654497,65.592652703651));
#7909 = VECTOR('',#7910,1.);
#7910 = DIRECTION('',(-0.,-0.999550303522,-2.998650910567E-02));
#7911 = PCURVE('',#6910,#7912);
#7912 = DEFINITIONAL_REPRESENTATION('',(#7913),#7916);
#7913 = B_SPLINE_CURVE_WITH_KNOTS('',1,(#7914,#7915),.UNSPECIFIED.,.F.,
  .F.,(2,2),(-13.06731799324,-8.64043736114),.PIECEWISE_BEZIER_KNOTS.);
#7914 = CARTESIAN_POINT('',(2.248482388171E-03,0.));
#7915 = CARTESIAN_POINT('',(2.248482388171E-03,-4.4268806321));
#7916 = ( GEOMETRIC_REPRESENTATION_CONTEXT(2) 
PARAMETRIC_REPRESENTATION_CONTEXT() REPRESENTATION_CONTEXT('2D SPACE',''
  ) );
#7917 = PCURVE('',#7192,#7918);
#7918 = DEFINITIONAL_REPRESENTATION('',(#7919),#7922);
#7919 = B_SPLINE_CURVE_WITH_KNOTS('',1,(#7920,#7921),.UNSPECIFIED.,.F.,
  .F.,(2,2),(-13.06731799324,-8.64043736114),.PIECEWISE_BEZIER_KNOTS.);
#7920 = CARTESIAN_POINT('',(56.,26.13463598648));
#7921 = CARTESIAN_POINT('',(56.,21.70775535438));
#7922 = ( GEOMETRIC_REPRESENTATION_CONTEXT(2) 
PARAMETRIC_REPRESENTATION_CONTEXT() REPRESENTATION_CONTEXT('2D SPACE',''
  ) );
#7923 = ADVANCED_FACE('',(#7924),#6998,.T.);
#7924 = FACE_BOUND('',#7925,.T.);
#7925 = EDGE_LOOP('',(#7926));
#7926 = ORIENTED_EDGE('',*,*,#6981,.T.);
#7927 = ADVANCED_FACE('',(#7928),#7053,.T.);
#7928 = FACE_BOUND('',#7929,.T.);
#7929 = EDGE_LOOP('',(#7930));
#7930 = ORIENTED_EDGE('',*,*,#7036,.T.);
#7931 = ADVANCED_FACE('',(#7932),#7108,.T.);
#7932 = FACE_BOUND('',#7933,.T.);
#7933 = EDGE_LOOP('',(#7934));
#7934 = ORIENTED_EDGE('',*,*,#7091,.T.);
#7935 = ADVANCED_FACE('',(#7936,#8041),#7192,.T.);
#7936 = FACE_BOUND('',#7937,.T.);
#7937 = EDGE_LOOP('',(#7938,#7959,#7960,#7961,#7982,#8001,#8002,#8021,
    #8022));
#7938 = ORIENTED_EDGE('',*,*,#7939,.F.);
#7939 = EDGE_CURVE('',#7228,#7940,#7942,.T.);
#7940 = VERTEX_POINT('',#7941);
#7941 = CARTESIAN_POINT('',(7.484816615536,-34.8501348786,
    65.954495953642));
#7942 = SURFACE_CURVE('',#7943,(#7947,#7953),.PCURVE_S1.);
#7943 = LINE('',#7944,#7945);
#7944 = CARTESIAN_POINT('',(7.484816615536,-34.8501348786,
    65.954495953642));
#7945 = VECTOR('',#7946,1.);
#7946 = DIRECTION('',(0.,0.999550303522,2.998650910567E-02));
#7947 = PCURVE('',#7192,#7948);
#7948 = DEFINITIONAL_REPRESENTATION('',(#7949),#7952);
#7949 = B_SPLINE_CURVE_WITH_KNOTS('',1,(#7950,#7951),.UNSPECIFIED.,.F.,
  .F.,(2,2),(-11.95524135131,6.000000030604E-07),
  .PIECEWISE_BEZIER_KNOTS.);
#7950 = CARTESIAN_POINT('',(67.484816615536,13.178944736369));
#7951 = CARTESIAN_POINT('',(67.484816615536,25.134186687685));
#7952 = ( GEOMETRIC_REPRESENTATION_CONTEXT(2) 
PARAMETRIC_REPRESENTATION_CONTEXT() REPRESENTATION_CONTEXT('2D SPACE',''
  ) );
#7953 = PCURVE('',#7439,#7954);
#7954 = DEFINITIONAL_REPRESENTATION('',(#7955),#7958);
#7955 = B_SPLINE_CURVE_WITH_KNOTS('',1,(#7956,#7957),.UNSPECIFIED.,.F.,
  .F.,(2,2),(-3.426430733304,-4.261339243168E-16),
  .PIECEWISE_BEZIER_KNOTS.);
#7956 = CARTESIAN_POINT('',(-5.694454772911,-3.426430733304));
#7957 = CARTESIAN_POINT('',(-5.694454772911,-1.841668280714E-15));
#7958 = ( GEOMETRIC_REPRESENTATION_CONTEXT(2) 
PARAMETRIC_REPRESENTATION_CONTEXT() REPRESENTATION_CONTEXT('2D SPACE',''
  ) );
#7959 = ORIENTED_EDGE('',*,*,#7227,.T.);
#7960 = ORIENTED_EDGE('',*,*,#7146,.T.);
#7961 = ORIENTED_EDGE('',*,*,#7962,.T.);
#7962 = EDGE_CURVE('',#7149,#7963,#7965,.T.);
#7963 = VERTEX_POINT('',#7964);
#7964 = CARTESIAN_POINT('',(-7.484816615536,-34.8501348786,
    65.954495953642));
#7965 = SURFACE_CURVE('',#7966,(#7970,#7976),.PCURVE_S1.);
#7966 = LINE('',#7967,#7968);
#7967 = CARTESIAN_POINT('',(-7.484816615536,-34.8501348786,
    65.954495953642));
#7968 = VECTOR('',#7969,1.);
#7969 = DIRECTION('',(0.,0.999550303522,2.998650910567E-02));
#7970 = PCURVE('',#7192,#7971);
#7971 = DEFINITIONAL_REPRESENTATION('',(#7972),#7975);
#7972 = B_SPLINE_CURVE_WITH_KNOTS('',1,(#7973,#7974),.UNSPECIFIED.,.F.,
  .F.,(2,2),(-11.95524135131,6.000000030604E-07),
  .PIECEWISE_BEZIER_KNOTS.);
#7973 = CARTESIAN_POINT('',(52.515183384464,13.178944736369));
#7974 = CARTESIAN_POINT('',(52.515183384464,25.134186687685));
#7975 = ( GEOMETRIC_REPRESENTATION_CONTEXT(2) 
PARAMETRIC_REPRESENTATION_CONTEXT() REPRESENTATION_CONTEXT('2D SPACE',''
  ) );
#7976 = PCURVE('',#7439,#7977);
#7977 = DEFINITIONAL_REPRESENTATION('',(#7978),#7981);
#7978 = B_SPLINE_CURVE_WITH_KNOTS('',1,(#7979,#7980),.UNSPECIFIED.,.F.,
  .F.,(2,2),(-3.426430733304,-4.261339243168E-16),
  .PIECEWISE_BEZIER_KNOTS.);
#7979 = CARTESIAN_POINT('',(-10.01350849503,-3.426430733304));
#7980 = CARTESIAN_POINT('',(-10.01350849503,-1.841668280714E-15));
#7981 = ( GEOMETRIC_REPRESENTATION_CONTEXT(2) 
PARAMETRIC_REPRESENTATION_CONTEXT() REPRESENTATION_CONTEXT('2D SPACE',''
  ) );
#7982 = ORIENTED_EDGE('',*,*,#7983,.T.);
#7983 = EDGE_CURVE('',#7963,#7885,#7984,.T.);
#7984 = SURFACE_CURVE('',#7985,(#7989,#7995),.PCURVE_S1.);
#7985 = LINE('',#7986,#7987);
#7986 = CARTESIAN_POINT('',(-30.,-34.8501348786,65.954495953642));
#7987 = VECTOR('',#7988,1.);
#7988 = DIRECTION('',(1.,0.,-0.));
#7989 = PCURVE('',#7192,#7990);
#7990 = DEFINITIONAL_REPRESENTATION('',(#7991),#7994);
#7991 = B_SPLINE_CURVE_WITH_KNOTS('',1,(#7992,#7993),.UNSPECIFIED.,.F.,
  .F.,(2,2),(21.,39.),.PIECEWISE_BEZIER_KNOTS.);
#7992 = CARTESIAN_POINT('',(51.,25.134186087685));
#7993 = CARTESIAN_POINT('',(69.,25.134186087685));
#7994 = ( GEOMETRIC_REPRESENTATION_CONTEXT(2) 
PARAMETRIC_REPRESENTATION_CONTEXT() REPRESENTATION_CONTEXT('2D SPACE',''
  ) );
#7995 = PCURVE('',#7725,#7996);
#7996 = DEFINITIONAL_REPRESENTATION('',(#7997),#8000);
#7997 = B_SPLINE_CURVE_WITH_KNOTS('',1,(#7998,#7999),.UNSPECIFIED.,.F.,
  .F.,(2,2),(21.,39.),.PIECEWISE_BEZIER_KNOTS.);
#7998 = CARTESIAN_POINT('',(4.997751517612,-9.));
#7999 = CARTESIAN_POINT('',(4.997751517612,9.));
#8000 = ( GEOMETRIC_REPRESENTATION_CONTEXT(2) 
PARAMETRIC_REPRESENTATION_CONTEXT() REPRESENTATION_CONTEXT('2D SPACE',''
  ) );
#8001 = ORIENTED_EDGE('',*,*,#7905,.F.);
#8002 = ORIENTED_EDGE('',*,*,#8003,.F.);
#8003 = EDGE_CURVE('',#7760,#7859,#8004,.T.);
#8004 = SURFACE_CURVE('',#8005,(#8009,#8015),.PCURVE_S1.);
#8005 = LINE('',#8006,#8007);
#8006 = CARTESIAN_POINT('',(-30.,-33.8501348786,65.984495953642));
#8007 = VECTOR('',#8008,1.);
#8008 = DIRECTION('',(-1.,0.,0.));
#8009 = PCURVE('',#7192,#8010);
#8010 = DEFINITIONAL_REPRESENTATION('',(#8011),#8014);
#8011 = B_SPLINE_CURVE_WITH_KNOTS('',1,(#8012,#8013),.UNSPECIFIED.,.F.,
  .F.,(2,2),(-35.,-25.),.PIECEWISE_BEZIER_KNOTS.);
#8012 = CARTESIAN_POINT('',(65.,26.13463598648));
#8013 = CARTESIAN_POINT('',(55.,26.13463598648));
#8014 = ( GEOMETRIC_REPRESENTATION_CONTEXT(2) 
PARAMETRIC_REPRESENTATION_CONTEXT() REPRESENTATION_CONTEXT('2D SPACE',''
  ) );
#8015 = PCURVE('',#7650,#8016);
#8016 = DEFINITIONAL_REPRESENTATION('',(#8017),#8020);
#8017 = B_SPLINE_CURVE_WITH_KNOTS('',1,(#8018,#8019),.UNSPECIFIED.,.F.,
  .F.,(2,2),(-35.,-25.),.PIECEWISE_BEZIER_KNOTS.);
#8018 = CARTESIAN_POINT('',(-4.442130467701,5.));
#8019 = CARTESIAN_POINT('',(-4.442130467701,-5.));
#8020 = ( GEOMETRIC_REPRESENTATION_CONTEXT(2) 
PARAMETRIC_REPRESENTATION_CONTEXT() REPRESENTATION_CONTEXT('2D SPACE',''
  ) );
#8021 = ORIENTED_EDGE('',*,*,#7782,.F.);
#8022 = ORIENTED_EDGE('',*,*,#8023,.T.);
#8023 = EDGE_CURVE('',#7709,#7940,#8024,.T.);
#8024 = SURFACE_CURVE('',#8025,(#8029,#8035),.PCURVE_S1.);
#8025 = LINE('',#8026,#8027);
#8026 = CARTESIAN_POINT('',(-30.,-34.8501348786,65.954495953642));
#8027 = VECTOR('',#8028,1.);
#8028 = DIRECTION('',(1.,0.,-0.));
#8029 = PCURVE('',#7192,#8030);
#8030 = DEFINITIONAL_REPRESENTATION('',(#8031),#8034);
#8031 = B_SPLINE_CURVE_WITH_KNOTS('',1,(#8032,#8033),.UNSPECIFIED.,.F.,
  .F.,(2,2),(21.,39.),.PIECEWISE_BEZIER_KNOTS.);
#8032 = CARTESIAN_POINT('',(51.,25.134186087685));
#8033 = CARTESIAN_POINT('',(69.,25.134186087685));
#8034 = ( GEOMETRIC_REPRESENTATION_CONTEXT(2) 
PARAMETRIC_REPRESENTATION_CONTEXT() REPRESENTATION_CONTEXT('2D SPACE',''
  ) );
#8035 = PCURVE('',#7725,#8036);
#8036 = DEFINITIONAL_REPRESENTATION('',(#8037),#8040);
#8037 = B_SPLINE_CURVE_WITH_KNOTS('',1,(#8038,#8039),.UNSPECIFIED.,.F.,
  .F.,(2,2),(21.,39.),.PIECEWISE_BEZIER_KNOTS.);
#8038 = CARTESIAN_POINT('',(4.997751517612,-9.));
#8039 = CARTESIAN_POINT('',(4.997751517612,9.));
#8040 = ( GEOMETRIC_REPRESENTATION_CONTEXT(2) 
PARAMETRIC_REPRESENTATION_CONTEXT() REPRESENTATION_CONTEXT('2D SPACE',''
  ) );
#8041 = FACE_BOUND('',#8042,.T.);
#8042 = EDGE_LOOP('',(#8043));
#8043 = ORIENTED_EDGE('',*,*,#8044,.F.);
#8044 = EDGE_CURVE('',#8045,#8045,#8047,.T.);
#8045 = VERTEX_POINT('',#8046);
#8046 = CARTESIAN_POINT('',(21.7,0.,67.));
#8047 = SURFACE_CURVE('',#8048,(#8053,#8060),.PCURVE_S1.);
#8048 = ELLIPSE('',#8049,21.709762803863,21.7);
#8049 = AXIS2_PLACEMENT_3D('',#8050,#8051,#8052);
#8050 = CARTESIAN_POINT('',(0.,0.,67.));
#8051 = DIRECTION('',(0.,-2.998650910567E-02,0.999550303522));
#8052 = DIRECTION('',(0.,-0.999550303522,-2.998650910567E-02));
#8053 = PCURVE('',#7192,#8054);
#8054 = DEFINITIONAL_REPRESENTATION('',(#8055),#8059);
#8055 = ELLIPSE('',#8056,21.709762803863,21.7);
#8056 = AXIS2_PLACEMENT_2D('',#8057,#8058);
#8057 = CARTESIAN_POINT('',(60.,60.));
#8058 = DIRECTION('',(0.,-1.));
#8059 = ( GEOMETRIC_REPRESENTATION_CONTEXT(2) 
PARAMETRIC_REPRESENTATION_CONTEXT() REPRESENTATION_CONTEXT('2D SPACE',''
  ) );
#8060 = PCURVE('',#7614,#8061);
#8061 = DEFINITIONAL_REPRESENTATION('',(#8062),#8079);
#8062 = B_SPLINE_CURVE_WITH_KNOTS('',8,(#8063,#8064,#8065,#8066,#8067,
    #8068,#8069,#8070,#8071,#8072,#8073,#8074,#8075,#8076,#8077,#8078),
  .UNSPECIFIED.,.F.,.F.,(9,7,9),(1.570796326795,4.712388980385,
    7.853981633974),.UNSPECIFIED.);
#8063 = CARTESIAN_POINT('',(0.,-5.));
#8064 = CARTESIAN_POINT('',(-0.392699081699,-5.255647102186));
#8065 = CARTESIAN_POINT('',(-0.785398163384,-5.511296242771));
#8066 = CARTESIAN_POINT('',(-1.178097245135,-5.706848851813));
#8067 = CARTESIAN_POINT('',(-1.570796326731,-5.782370853605));
#8068 = CARTESIAN_POINT('',(-1.963495408527,-5.706848851798));
#8069 = CARTESIAN_POINT('',(-2.356194490182,-5.511296242775));
#8070 = CARTESIAN_POINT('',(-2.748893571891,-5.255647102186));
#8071 = CARTESIAN_POINT('',(-3.534291735289,-4.744352897814));
#8072 = CARTESIAN_POINT('',(-3.926990816972,-4.488703757221));
#8073 = CARTESIAN_POINT('',(-4.319689898683,-4.293151148186));
#8074 = CARTESIAN_POINT('',(-4.712388980396,-4.217629146355));
#8075 = CARTESIAN_POINT('',(-5.105088062072,-4.293151148187));
#8076 = CARTESIAN_POINT('',(-5.497787143772,-4.488703757221));
#8077 = CARTESIAN_POINT('',(-5.890486225481,-4.744352897814));
#8078 = CARTESIAN_POINT('',(-6.28318530718,-5.));
#8079 = ( GEOMETRIC_REPRESENTATION_CONTEXT(2) 
PARAMETRIC_REPRESENTATION_CONTEXT() REPRESENTATION_CONTEXT('2D SPACE',''
  ) );
#8080 = ADVANCED_FACE('',(#8081),#7439,.T.);
#8081 = FACE_BOUND('',#8082,.F.);
#8082 = EDGE_LOOP('',(#8083,#8105,#8106,#8107));
#8083 = ORIENTED_EDGE('',*,*,#8084,.F.);
#8084 = EDGE_CURVE('',#7940,#7963,#8085,.T.);
#8085 = SURFACE_CURVE('',#8086,(#8091,#8098),.PCURVE_S1.);
#8086 = CIRCLE('',#8087,9.);
#8087 = AXIS2_PLACEMENT_3D('',#8088,#8089,#8090);
#8088 = CARTESIAN_POINT('',(0.,-35.,70.95));
#8089 = DIRECTION('',(0.,-0.999550303522,-2.998650910567E-02));
#8090 = DIRECTION('',(0.831646290615,1.665168015453E-02,-0.555056005151)
  );
#8091 = PCURVE('',#7439,#8092);
#8092 = DEFINITIONAL_REPRESENTATION('',(#8093),#8097);
#8093 = LINE('',#8094,#8095);
#8094 = CARTESIAN_POINT('',(-5.694454772911,0.));
#8095 = VECTOR('',#8096,1.);
#8096 = DIRECTION('',(-1.,0.));
#8097 = ( GEOMETRIC_REPRESENTATION_CONTEXT(2) 
PARAMETRIC_REPRESENTATION_CONTEXT() REPRESENTATION_CONTEXT('2D SPACE',''
  ) );
#8098 = PCURVE('',#7725,#8099);
#8099 = DEFINITIONAL_REPRESENTATION('',(#8100),#8104);
#8100 = CIRCLE('',#8101,9.);
#8101 = AXIS2_PLACEMENT_2D('',#8102,#8103);
#8102 = CARTESIAN_POINT('',(0.,3.038755850088E-16));
#8103 = DIRECTION('',(0.555305724179,0.831646290615));
#8104 = ( GEOMETRIC_REPRESENTATION_CONTEXT(2) 
PARAMETRIC_REPRESENTATION_CONTEXT() REPRESENTATION_CONTEXT('2D SPACE',''
  ) );
#8105 = ORIENTED_EDGE('',*,*,#7939,.F.);
#8106 = ORIENTED_EDGE('',*,*,#7278,.T.);
#8107 = ORIENTED_EDGE('',*,*,#7962,.T.);
#8108 = ADVANCED_FACE('',(#8109),#7559,.T.);
#8109 = FACE_BOUND('',#8110,.T.);
#8110 = EDGE_LOOP('',(#8111));
#8111 = ORIENTED_EDGE('',*,*,#7542,.T.);
#8112 = ADVANCED_FACE('',(#8113),#7614,.T.);
#8113 = FACE_BOUND('',#8114,.F.);
#8114 = EDGE_LOOP('',(#8115,#8116,#8137,#8138));
#8115 = ORIENTED_EDGE('',*,*,#8044,.F.);
#8116 = ORIENTED_EDGE('',*,*,#8117,.T.);
#8117 = EDGE_CURVE('',#8045,#7598,#8118,.T.);
#8118 = SEAM_CURVE('',#8119,(#8123,#8130),.PCURVE_S1.);
#8119 = LINE('',#8120,#8121);
#8120 = CARTESIAN_POINT('',(21.7,0.,62.));
#8121 = VECTOR('',#8122,1.);
#8122 = DIRECTION('',(0.,0.,1.));
#8123 = PCURVE('',#7614,#8124);
#8124 = DEFINITIONAL_REPRESENTATION('',(#8125),#8129);
#8125 = LINE('',#8126,#8127);
#8126 = CARTESIAN_POINT('',(-6.28318530718,0.));
#8127 = VECTOR('',#8128,1.);
#8128 = DIRECTION('',(-0.,-1.));
#8129 = ( GEOMETRIC_REPRESENTATION_CONTEXT(2) 
PARAMETRIC_REPRESENTATION_CONTEXT() REPRESENTATION_CONTEXT('2D SPACE',''
  ) );
#8130 = PCURVE('',#7614,#8131);
#8131 = DEFINITIONAL_REPRESENTATION('',(#8132),#8136);
#8132 = LINE('',#8133,#8134);
#8133 = CARTESIAN_POINT('',(-0.,0.));
#8134 = VECTOR('',#8135,1.);
#8135 = DIRECTION('',(-0.,-1.));
#8136 = ( GEOMETRIC_REPRESENTATION_CONTEXT(2) 
PARAMETRIC_REPRESENTATION_CONTEXT() REPRESENTATION_CONTEXT('2D SPACE',''
  ) );
#8137 = ORIENTED_EDGE('',*,*,#7597,.T.);
#8138 = ORIENTED_EDGE('',*,*,#8117,.F.);
#8139 = ADVANCED_FACE('',(#8140),#7650,.F.);
#8140 = FACE_BOUND('',#8141,.F.);
#8141 = EDGE_LOOP('',(#8142,#8143,#8144,#8145));
#8142 = ORIENTED_EDGE('',*,*,#7759,.T.);
#8143 = ORIENTED_EDGE('',*,*,#7632,.T.);
#8144 = ORIENTED_EDGE('',*,*,#7858,.T.);
#8145 = ORIENTED_EDGE('',*,*,#8003,.F.);
#8146 = ADVANCED_FACE('',(#8147),#7725,.F.);
#8147 = FACE_BOUND('',#8148,.F.);
#8148 = EDGE_LOOP('',(#8149,#8150,#8151,#8152,#8153,#8154));
#8149 = ORIENTED_EDGE('',*,*,#8023,.T.);
#8150 = ORIENTED_EDGE('',*,*,#8084,.T.);
#8151 = ORIENTED_EDGE('',*,*,#7983,.T.);
#8152 = ORIENTED_EDGE('',*,*,#7884,.F.);
#8153 = ORIENTED_EDGE('',*,*,#7804,.T.);
#8154 = ORIENTED_EDGE('',*,*,#7708,.F.);
#8155 = ( GEOMETRIC_REPRESENTATION_CONTEXT(3) 
GLOBAL_UNCERTAINTY_ASSIGNED_CONTEXT((#8159)) 
GLOBAL_UNIT_ASSIGNED_CONTEXT((#8156,#8157,#8158)) REPRESENTATION_CONTEXT
('Context #1','3D Context with UNIT and UNCERTAINTY') );
#8156 = ( LENGTH_UNIT() NAMED_UNIT(*) SI_UNIT(.MILLI.,.METRE.) );
#8157 = ( NAMED_UNIT(*) PLANE_ANGLE_UNIT() SI_UNIT($,.RADIAN.) );
#8158 = ( NAMED_UNIT(*) SI_UNIT($,.STERADIAN.) SOLID_ANGLE_UNIT() );
#8159 = UNCERTAINTY_MEASURE_WITH_UNIT(LENGTH_MEASURE(1.E-07),#8156,
  'distance_accuracy_value','confusion accuracy');
#8160 = CONTEXT_DEPENDENT_SHAPE_REPRESENTATION(#8161,#8163);
#8161 = ( REPRESENTATION_RELATIONSHIP('','',#4306,#10) 
REPRESENTATION_RELATIONSHIP_WITH_TRANSFORMATION(#8162) 
SHAPE_REPRESENTATION_RELATIONSHIP() );
#8162 = ITEM_DEFINED_TRANSFORMATION('','',#11,#23);
#8163 = PRODUCT_DEFINITION_SHAPE('Placement','Placement of an item',
  #8164);
#8164 = NEXT_ASSEMBLY_USAGE_OCCURRENCE('3','P04_catcher','',#5,#4301,$);
#8165 = PRODUCT_RELATED_PRODUCT_CATEGORY('part',$,(#4303));
#8166 = SHAPE_DEFINITION_REPRESENTATION(#8167,#8173);
#8167 = PRODUCT_DEFINITION_SHAPE('','',#8168);
#8168 = PRODUCT_DEFINITION('design','',#8169,#8172);
#8169 = PRODUCT_DEFINITION_FORMATION('','',#8170);
#8170 = PRODUCT('P05_drive_hub','P05_drive_hub','',(#8171));
#8171 = PRODUCT_CONTEXT('',#2,'mechanical');
#8172 = PRODUCT_DEFINITION_CONTEXT('part definition',#2,'design');
#8173 = ADVANCED_BREP_SHAPE_REPRESENTATION('',(#11,#8174),#10372);
#8174 = MANIFOLD_SOLID_BREP('',#8175);
#8175 = CLOSED_SHELL('',(#8176,#8264,#8303,#8338,#9015,#9416,#9546,#9551
    ,#9691,#9697,#9747,#9831,#9836,#9957,#10165,#10240,#10247,#10274,
    #10301,#10328,#10355,#10362,#10367));
#8176 = ADVANCED_FACE('',(#8177),#8191,.T.);
#8177 = FACE_BOUND('',#8178,.F.);
#8178 = EDGE_LOOP('',(#8179,#8209,#8236,#8237));
#8179 = ORIENTED_EDGE('',*,*,#8180,.T.);
#8180 = EDGE_CURVE('',#8181,#8183,#8185,.T.);
#8181 = VERTEX_POINT('',#8182);
#8182 = CARTESIAN_POINT('',(5.,0.,56.));
#8183 = VERTEX_POINT('',#8184);
#8184 = CARTESIAN_POINT('',(5.,0.,58.));
#8185 = SEAM_CURVE('',#8186,(#8190,#8202),.PCURVE_S1.);
#8186 = LINE('',#8187,#8188);
#8187 = CARTESIAN_POINT('',(5.,0.,56.));
#8188 = VECTOR('',#8189,1.);
#8189 = DIRECTION('',(0.,0.,1.));
#8190 = PCURVE('',#8191,#8196);
#8191 = CYLINDRICAL_SURFACE('',#8192,5.);
#8192 = AXIS2_PLACEMENT_3D('',#8193,#8194,#8195);
#8193 = CARTESIAN_POINT('',(0.,0.,56.));
#8194 = DIRECTION('',(-0.,-0.,-1.));
#8195 = DIRECTION('',(1.,0.,0.));
#8196 = DEFINITIONAL_REPRESENTATION('',(#8197),#8201);
#8197 = LINE('',#8198,#8199);
#8198 = CARTESIAN_POINT('',(-0.,0.));
#8199 = VECTOR('',#8200,1.);
#8200 = DIRECTION('',(-0.,-1.));
#8201 = ( GEOMETRIC_REPRESENTATION_CONTEXT(2) 
PARAMETRIC_REPRESENTATION_CONTEXT() REPRESENTATION_CONTEXT('2D SPACE',''
  ) );
#8202 = PCURVE('',#8191,#8203);
#8203 = DEFINITIONAL_REPRESENTATION('',(#8204),#8208);
#8204 = LINE('',#8205,#8206);
#8205 = CARTESIAN_POINT('',(-6.28318530718,0.));
#8206 = VECTOR('',#8207,1.);
#8207 = DIRECTION('',(-0.,-1.));
#8208 = ( GEOMETRIC_REPRESENTATION_CONTEXT(2) 
PARAMETRIC_REPRESENTATION_CONTEXT() REPRESENTATION_CONTEXT('2D SPACE',''
  ) );
#8209 = ORIENTED_EDGE('',*,*,#8210,.T.);
#8210 = EDGE_CURVE('',#8183,#8183,#8211,.T.);
#8211 = SURFACE_CURVE('',#8212,(#8217,#8224),.PCURVE_S1.);
#8212 = CIRCLE('',#8213,5.);
#8213 = AXIS2_PLACEMENT_3D('',#8214,#8215,#8216);
#8214 = CARTESIAN_POINT('',(0.,0.,58.));
#8215 = DIRECTION('',(0.,0.,1.));
#8216 = DIRECTION('',(1.,0.,0.));
#8217 = PCURVE('',#8191,#8218);
#8218 = DEFINITIONAL_REPRESENTATION('',(#8219),#8223);
#8219 = LINE('',#8220,#8221);
#8220 = CARTESIAN_POINT('',(-0.,-2.));
#8221 = VECTOR('',#8222,1.);
#8222 = DIRECTION('',(-1.,0.));
#8223 = ( GEOMETRIC_REPRESENTATION_CONTEXT(2) 
PARAMETRIC_REPRESENTATION_CONTEXT() REPRESENTATION_CONTEXT('2D SPACE',''
  ) );
#8224 = PCURVE('',#8225,#8230);
#8225 = PLANE('',#8226);
#8226 = AXIS2_PLACEMENT_3D('',#8227,#8228,#8229);
#8227 = CARTESIAN_POINT('',(-7.458764359306E-16,-4.490371596874E-16,58.)
  );
#8228 = DIRECTION('',(0.,0.,1.));
#8229 = DIRECTION('',(1.,0.,-0.));
#8230 = DEFINITIONAL_REPRESENTATION('',(#8231),#8235);
#8231 = CIRCLE('',#8232,5.);
#8232 = AXIS2_PLACEMENT_2D('',#8233,#8234);
#8233 = CARTESIAN_POINT('',(7.458764359306E-16,4.490371596874E-16));
#8234 = DIRECTION('',(1.,0.));
#8235 = ( GEOMETRIC_REPRESENTATION_CONTEXT(2) 
PARAMETRIC_REPRESENTATION_CONTEXT() REPRESENTATION_CONTEXT('2D SPACE',''
  ) );
#8236 = ORIENTED_EDGE('',*,*,#8180,.F.);
#8237 = ORIENTED_EDGE('',*,*,#8238,.F.);
#8238 = EDGE_CURVE('',#8181,#8181,#8239,.T.);
#8239 = SURFACE_CURVE('',#8240,(#8245,#8252),.PCURVE_S1.);
#8240 = CIRCLE('',#8241,5.);
#8241 = AXIS2_PLACEMENT_3D('',#8242,#8243,#8244);
#8242 = CARTESIAN_POINT('',(0.,0.,56.));
#8243 = DIRECTION('',(0.,0.,1.));
#8244 = DIRECTION('',(1.,0.,0.));
#8245 = PCURVE('',#8191,#8246);
#8246 = DEFINITIONAL_REPRESENTATION('',(#8247),#8251);
#8247 = LINE('',#8248,#8249);
#8248 = CARTESIAN_POINT('',(-0.,0.));
#8249 = VECTOR('',#8250,1.);
#8250 = DIRECTION('',(-1.,0.));
#8251 = ( GEOMETRIC_REPRESENTATION_CONTEXT(2) 
PARAMETRIC_REPRESENTATION_CONTEXT() REPRESENTATION_CONTEXT('2D SPACE',''
  ) );
#8252 = PCURVE('',#8253,#8258);
#8253 = PLANE('',#8254);
#8254 = AXIS2_PLACEMENT_3D('',#8255,#8256,#8257);
#8255 = CARTESIAN_POINT('',(-2.734880265079E-16,3.428682531579E-16,56.)
  );
#8256 = DIRECTION('',(0.,0.,1.));
#8257 = DIRECTION('',(1.,0.,-0.));
#8258 = DEFINITIONAL_REPRESENTATION('',(#8259),#8263);
#8259 = CIRCLE('',#8260,5.);
#8260 = AXIS2_PLACEMENT_2D('',#8261,#8262);
#8261 = CARTESIAN_POINT('',(2.734880265079E-16,-3.428682531579E-16));
#8262 = DIRECTION('',(1.,0.));
#8263 = ( GEOMETRIC_REPRESENTATION_CONTEXT(2) 
PARAMETRIC_REPRESENTATION_CONTEXT() REPRESENTATION_CONTEXT('2D SPACE',''
  ) );
#8264 = ADVANCED_FACE('',(#8265,#8268),#8253,.F.);
#8265 = FACE_BOUND('',#8266,.F.);
#8266 = EDGE_LOOP('',(#8267));
#8267 = ORIENTED_EDGE('',*,*,#8238,.T.);
#8268 = FACE_BOUND('',#8269,.F.);
#8269 = EDGE_LOOP('',(#8270));
#8270 = ORIENTED_EDGE('',*,*,#8271,.T.);
#8271 = EDGE_CURVE('',#8272,#8272,#8274,.T.);
#8272 = VERTEX_POINT('',#8273);
#8273 = CARTESIAN_POINT('',(2.55,0.,56.));
#8274 = SURFACE_CURVE('',#8275,(#8280,#8291),.PCURVE_S1.);
#8275 = CIRCLE('',#8276,2.55);
#8276 = AXIS2_PLACEMENT_3D('',#8277,#8278,#8279);
#8277 = CARTESIAN_POINT('',(0.,0.,56.));
#8278 = DIRECTION('',(0.,0.,-1.));
#8279 = DIRECTION('',(1.,0.,0.));
#8280 = PCURVE('',#8253,#8281);
#8281 = DEFINITIONAL_REPRESENTATION('',(#8282),#8290);
#8282 = ( BOUNDED_CURVE() B_SPLINE_CURVE(2,(#8283,#8284,#8285,#8286,
#8287,#8288,#8289),.UNSPECIFIED.,.T.,.F.) B_SPLINE_CURVE_WITH_KNOTS((1,2
    ,2,2,2,1),(-2.094395102393,0.,2.094395102393,4.188790204786,
6.28318530718,8.377580409573),.UNSPECIFIED.) CURVE() 
GEOMETRIC_REPRESENTATION_ITEM() RATIONAL_B_SPLINE_CURVE((1.,0.5,1.,0.5,
1.,0.5,1.)) REPRESENTATION_ITEM('') );
#8283 = CARTESIAN_POINT('',(2.55,-3.428682531579E-16));
#8284 = CARTESIAN_POINT('',(2.55,-4.416729559301));
#8285 = CARTESIAN_POINT('',(-1.275,-2.20836477965));
#8286 = CARTESIAN_POINT('',(-5.1,-9.67438120723E-16));
#8287 = CARTESIAN_POINT('',(-1.275,2.20836477965));
#8288 = CARTESIAN_POINT('',(2.55,4.416729559301));
#8289 = CARTESIAN_POINT('',(2.55,-3.428682531579E-16));
#8290 = ( GEOMETRIC_REPRESENTATION_CONTEXT(2) 
PARAMETRIC_REPRESENTATION_CONTEXT() REPRESENTATION_CONTEXT('2D SPACE',''
  ) );
#8291 = PCURVE('',#8292,#8297);
#8292 = CYLINDRICAL_SURFACE('',#8293,2.55);
#8293 = AXIS2_PLACEMENT_3D('',#8294,#8295,#8296);
#8294 = CARTESIAN_POINT('',(0.,0.,55.));
#8295 = DIRECTION('',(-0.,-0.,-1.));
#8296 = DIRECTION('',(1.,0.,0.));
#8297 = DEFINITIONAL_REPRESENTATION('',(#8298),#8302);
#8298 = LINE('',#8299,#8300);
#8299 = CARTESIAN_POINT('',(-6.28318530718,-1.));
#8300 = VECTOR('',#8301,1.);
#8301 = DIRECTION('',(1.,-0.));
#8302 = ( GEOMETRIC_REPRESENTATION_CONTEXT(2) 
PARAMETRIC_REPRESENTATION_CONTEXT() REPRESENTATION_CONTEXT('2D SPACE',''
  ) );
#8303 = ADVANCED_FACE('',(#8304,#8335),#8225,.F.);
#8304 = FACE_BOUND('',#8305,.F.);
#8305 = EDGE_LOOP('',(#8306));
#8306 = ORIENTED_EDGE('',*,*,#8307,.T.);
#8307 = EDGE_CURVE('',#8308,#8308,#8310,.T.);
#8308 = VERTEX_POINT('',#8309);
#8309 = CARTESIAN_POINT('',(11.,0.,58.));
#8310 = SURFACE_CURVE('',#8311,(#8316,#8323),.PCURVE_S1.);
#8311 = CIRCLE('',#8312,11.);
#8312 = AXIS2_PLACEMENT_3D('',#8313,#8314,#8315);
#8313 = CARTESIAN_POINT('',(0.,0.,58.));
#8314 = DIRECTION('',(0.,0.,1.));
#8315 = DIRECTION('',(1.,0.,0.));
#8316 = PCURVE('',#8225,#8317);
#8317 = DEFINITIONAL_REPRESENTATION('',(#8318),#8322);
#8318 = CIRCLE('',#8319,11.);
#8319 = AXIS2_PLACEMENT_2D('',#8320,#8321);
#8320 = CARTESIAN_POINT('',(7.458764359306E-16,4.490371596874E-16));
#8321 = DIRECTION('',(1.,0.));
#8322 = ( GEOMETRIC_REPRESENTATION_CONTEXT(2) 
PARAMETRIC_REPRESENTATION_CONTEXT() REPRESENTATION_CONTEXT('2D SPACE',''
  ) );
#8323 = PCURVE('',#8324,#8329);
#8324 = CYLINDRICAL_SURFACE('',#8325,11.);
#8325 = AXIS2_PLACEMENT_3D('',#8326,#8327,#8328);
#8326 = CARTESIAN_POINT('',(0.,0.,58.));
#8327 = DIRECTION('',(-0.,-0.,-1.));
#8328 = DIRECTION('',(1.,0.,0.));
#8329 = DEFINITIONAL_REPRESENTATION('',(#8330),#8334);
#8330 = LINE('',#8331,#8332);
#8331 = CARTESIAN_POINT('',(-0.,0.));
#8332 = VECTOR('',#8333,1.);
#8333 = DIRECTION('',(-1.,0.));
#8334 = ( GEOMETRIC_REPRESENTATION_CONTEXT(2) 
PARAMETRIC_REPRESENTATION_CONTEXT() REPRESENTATION_CONTEXT('2D SPACE',''
  ) );
#8335 = FACE_BOUND('',#8336,.F.);
#8336 = EDGE_LOOP('',(#8337));
#8337 = ORIENTED_EDGE('',*,*,#8210,.F.);
#8338 = ADVANCED_FACE('',(#8339,#8676),#8292,.F.);
#8339 = FACE_BOUND('',#8340,.T.);
#8340 = EDGE_LOOP('',(#8341,#8342,#8365,#8420,#8446,#8496,#8519,#8550,
    #8551,#8601,#8627,#8675));
#8341 = ORIENTED_EDGE('',*,*,#8271,.T.);
#8342 = ORIENTED_EDGE('',*,*,#8343,.T.);
#8343 = EDGE_CURVE('',#8272,#8344,#8346,.T.);
#8344 = VERTEX_POINT('',#8345);
#8345 = CARTESIAN_POINT('',(2.55,0.,58.75));
#8346 = SEAM_CURVE('',#8347,(#8351,#8358),.PCURVE_S1.);
#8347 = LINE('',#8348,#8349);
#8348 = CARTESIAN_POINT('',(2.55,0.,56.));
#8349 = VECTOR('',#8350,1.);
#8350 = DIRECTION('',(0.,0.,1.));
#8351 = PCURVE('',#8292,#8352);
#8352 = DEFINITIONAL_REPRESENTATION('',(#8353),#8357);
#8353 = LINE('',#8354,#8355);
#8354 = CARTESIAN_POINT('',(-6.28318530718,-1.));
#8355 = VECTOR('',#8356,1.);
#8356 = DIRECTION('',(-0.,-1.));
#8357 = ( GEOMETRIC_REPRESENTATION_CONTEXT(2) 
PARAMETRIC_REPRESENTATION_CONTEXT() REPRESENTATION_CONTEXT('2D SPACE',''
  ) );
#8358 = PCURVE('',#8292,#8359);
#8359 = DEFINITIONAL_REPRESENTATION('',(#8360),#8364);
#8360 = LINE('',#8361,#8362);
#8361 = CARTESIAN_POINT('',(-0.,-1.));
#8362 = VECTOR('',#8363,1.);
#8363 = DIRECTION('',(-0.,-1.));
#8364 = ( GEOMETRIC_REPRESENTATION_CONTEXT(2) 
PARAMETRIC_REPRESENTATION_CONTEXT() REPRESENTATION_CONTEXT('2D SPACE',''
  ) );
#8365 = ORIENTED_EDGE('',*,*,#8366,.T.);
#8366 = EDGE_CURVE('',#8344,#8367,#8369,.T.);
#8367 = VERTEX_POINT('',#8368);
#8368 = CARTESIAN_POINT('',(2.,1.581929201956,59.4));
#8369 = SURFACE_CURVE('',#8370,(#8383,#8399),.PCURVE_S1.);
#8370 = B_SPLINE_CURVE_WITH_KNOTS('',6,(#8371,#8372,#8373,#8374,#8375,
    #8376,#8377,#8378,#8379,#8380,#8381,#8382),.UNSPECIFIED.,.F.,.F.,(7,
    5,7),(0.,0.459405496057,1.),.UNSPECIFIED.);
#8371 = CARTESIAN_POINT('',(2.55,-2.066591473561E-16,58.75));
#8372 = CARTESIAN_POINT('',(2.55,0.154496478533,58.75));
#8373 = CARTESIAN_POINT('',(2.538767052029,0.307367319551,
    58.762730446755));
#8374 = CARTESIAN_POINT('',(2.516746838074,0.456405496939,
    58.787687655989));
#8375 = CARTESIAN_POINT('',(2.48506604586,0.599486118754,58.823709945277
    ));
#8376 = CARTESIAN_POINT('',(2.445518583515,0.734679485744,
    58.868982232664));
#8377 = CARTESIAN_POINT('',(2.347497143314,1.008179271063,
    58.982159989883));
#8378 = CARTESIAN_POINT('',(2.286401895848,1.144240296742,
    59.053242135452));
#8379 = CARTESIAN_POINT('',(2.219523309373,1.268898905905,
    59.131921669063));
#8380 = CARTESIAN_POINT('',(2.148656025404,1.382860476275,
    59.216560910181));
#8381 = CARTESIAN_POINT('',(2.075130166254,1.486943778341,
    59.306087276335));
#8382 = CARTESIAN_POINT('',(1.9999994,1.581929960523,59.40000075));
#8383 = PCURVE('',#8292,#8384);
#8384 = DEFINITIONAL_REPRESENTATION('',(#8385),#8398);
#8385 = B_SPLINE_CURVE_WITH_KNOTS('',6,(#8386,#8387,#8388,#8389,#8390,
    #8391,#8392,#8393,#8394,#8395,#8396,#8397),.UNSPECIFIED.,.F.,.F.,(7,
    5,7),(0.,0.459405496057,1.),.UNSPECIFIED.);
#8386 = CARTESIAN_POINT('',(0.,-3.75));
#8387 = CARTESIAN_POINT('',(-6.05868543265E-02,-3.75));
#8388 = CARTESIAN_POINT('',(-0.120536299327,-3.762730446755));
#8389 = CARTESIAN_POINT('',(-0.179382587603,-3.787687655989));
#8390 = CARTESIAN_POINT('',(-0.236652205122,-3.823709945277));
#8391 = CARTESIAN_POINT('',(-0.291793145228,-3.868982232664));
#8392 = CARTESIAN_POINT('',(-0.405728270005,-3.982159989883));
#8393 = CARTESIAN_POINT('',(-0.4640404161,-4.053242135452));
#8394 = CARTESIAN_POINT('',(-0.519328833021,-4.131921669063));
#8395 = CARTESIAN_POINT('',(-0.571813767429,-4.216560910181));
#8396 = CARTESIAN_POINT('',(-0.621714492807,-4.306087276335));
#8397 = CARTESIAN_POINT('',(-0.669207598145,-4.40000075));
#8398 = ( GEOMETRIC_REPRESENTATION_CONTEXT(2) 
PARAMETRIC_REPRESENTATION_CONTEXT() REPRESENTATION_CONTEXT('2D SPACE',''
  ) );
#8399 = PCURVE('',#8400,#8405);
#8400 = CYLINDRICAL_SURFACE('',#8401,2.25);
#8401 = AXIS2_PLACEMENT_3D('',#8402,#8403,#8404);
#8402 = CARTESIAN_POINT('',(2.,0.,61.));
#8403 = DIRECTION('',(-1.,-0.,-0.));
#8404 = DIRECTION('',(0.,1.,0.));
#8405 = DEFINITIONAL_REPRESENTATION('',(#8406),#8419);
#8406 = B_SPLINE_CURVE_WITH_KNOTS('',6,(#8407,#8408,#8409,#8410,#8411,
    #8412,#8413,#8414,#8415,#8416,#8417,#8418),.UNSPECIFIED.,.F.,.F.,(7,
    5,7),(0.,0.459405496057,1.),.UNSPECIFIED.);
#8407 = CARTESIAN_POINT('',(-4.712388980385,-0.55));
#8408 = CARTESIAN_POINT('',(-4.781054081955,-0.55));
#8409 = CARTESIAN_POINT('',(-4.848996684793,-0.538767052029));
#8410 = CARTESIAN_POINT('',(-4.915818638913,-0.516746838074));
#8411 = CARTESIAN_POINT('',(-4.981096690082,-0.48506604586));
#8412 = CARTESIAN_POINT('',(-5.044310345743,-0.445518583515));
#8413 = CARTESIAN_POINT('',(-5.175862400725,-0.347497143314));
#8414 = CARTESIAN_POINT('',(-5.243818706963,-0.286401895848));
#8415 = CARTESIAN_POINT('',(-5.309029846184,-0.219523309373));
#8416 = CARTESIAN_POINT('',(-5.37187130317,-0.148656025404));
#8417 = CARTESIAN_POINT('',(-5.432742091739,-7.513016625368E-02));
#8418 = CARTESIAN_POINT('',(-5.492108483431,6.000000000173E-07));
#8419 = ( GEOMETRIC_REPRESENTATION_CONTEXT(2) 
PARAMETRIC_REPRESENTATION_CONTEXT() REPRESENTATION_CONTEXT('2D SPACE',''
  ) );
#8420 = ORIENTED_EDGE('',*,*,#8421,.F.);
#8421 = EDGE_CURVE('',#8422,#8367,#8424,.T.);
#8422 = VERTEX_POINT('',#8423);
#8423 = CARTESIAN_POINT('',(2.,1.581929201956,62.6));
#8424 = SURFACE_CURVE('',#8425,(#8429,#8435),.PCURVE_S1.);
#8425 = LINE('',#8426,#8427);
#8426 = CARTESIAN_POINT('',(2.,1.581929201956,55.));
#8427 = VECTOR('',#8428,1.);
#8428 = DIRECTION('',(-0.,-0.,-1.));
#8429 = PCURVE('',#8292,#8430);
#8430 = DEFINITIONAL_REPRESENTATION('',(#8431),#8434);
#8431 = B_SPLINE_CURVE_WITH_KNOTS('',1,(#8432,#8433),.UNSPECIFIED.,.F.,
  .F.,(2,2),(-8.7,-3.3),.PIECEWISE_BEZIER_KNOTS.);
#8432 = CARTESIAN_POINT('',(-0.669207218862,-8.7));
#8433 = CARTESIAN_POINT('',(-0.669207218862,-3.3));
#8434 = ( GEOMETRIC_REPRESENTATION_CONTEXT(2) 
PARAMETRIC_REPRESENTATION_CONTEXT() REPRESENTATION_CONTEXT('2D SPACE',''
  ) );
#8435 = PCURVE('',#8436,#8441);
#8436 = PLANE('',#8437);
#8437 = AXIS2_PLACEMENT_3D('',#8438,#8439,#8440);
#8438 = CARTESIAN_POINT('',(2.,-1.519377925044E-16,61.));
#8439 = DIRECTION('',(1.,0.,0.));
#8440 = DIRECTION('',(0.,0.,1.));
#8441 = DEFINITIONAL_REPRESENTATION('',(#8442),#8445);
#8442 = B_SPLINE_CURVE_WITH_KNOTS('',1,(#8443,#8444),.UNSPECIFIED.,.F.,
  .F.,(2,2),(-8.7,-3.3),.PIECEWISE_BEZIER_KNOTS.);
#8443 = CARTESIAN_POINT('',(2.7,-1.581929201956));
#8444 = CARTESIAN_POINT('',(-2.7,-1.581929201956));
#8445 = ( GEOMETRIC_REPRESENTATION_CONTEXT(2) 
PARAMETRIC_REPRESENTATION_CONTEXT() REPRESENTATION_CONTEXT('2D SPACE',''
  ) );
#8446 = ORIENTED_EDGE('',*,*,#8447,.T.);
#8447 = EDGE_CURVE('',#8422,#8448,#8450,.T.);
#8448 = VERTEX_POINT('',#8449);
#8449 = CARTESIAN_POINT('',(2.55,0.,63.25));
#8450 = SURFACE_CURVE('',#8451,(#8464,#8480),.PCURVE_S1.);
#8451 = B_SPLINE_CURVE_WITH_KNOTS('',6,(#8452,#8453,#8454,#8455,#8456,
    #8457,#8458,#8459,#8460,#8461,#8462,#8463),.UNSPECIFIED.,.F.,.F.,(7,
    5,7),(0.,0.544609145182,1.),.UNSPECIFIED.);
#8452 = CARTESIAN_POINT('',(1.9999994,1.581929960523,62.59999925));
#8453 = CARTESIAN_POINT('',(2.075683793689,1.486243839301,
    62.694604758076));
#8454 = CARTESIAN_POINT('',(2.149741122643,1.381324025047,
    62.784760251257));
#8455 = CARTESIAN_POINT('',(2.221093194389,1.266372469137,
    62.869953011081));
#8456 = CARTESIAN_POINT('',(2.288376662346,1.140553322319,
    62.949080671538));
#8457 = CARTESIAN_POINT('',(2.34974912851,1.003149625712,63.020459615032
    ));
#8458 = CARTESIAN_POINT('',(2.447206636581,0.728869372867,
    63.132949795837));
#8459 = CARTESIAN_POINT('',(2.486151767975,0.594568507405,
    63.177524710669));
#8460 = CARTESIAN_POINT('',(2.517323423863,0.452528359778,
    63.212965866079));
#8461 = CARTESIAN_POINT('',(2.538969532858,0.304668917764,
    63.237499008003));
#8462 = CARTESIAN_POINT('',(2.55,0.153097831024,63.25));
#8463 = CARTESIAN_POINT('',(2.55,3.444319122602E-16,63.25));
#8464 = PCURVE('',#8292,#8465);
#8465 = DEFINITIONAL_REPRESENTATION('',(#8466),#8479);
#8466 = B_SPLINE_CURVE_WITH_KNOTS('',6,(#8467,#8468,#8469,#8470,#8471,
    #8472,#8473,#8474,#8475,#8476,#8477,#8478),.UNSPECIFIED.,.F.,.F.,(7,
    5,7),(0.,0.544609145182,1.),.UNSPECIFIED.);
#8467 = CARTESIAN_POINT('',(-0.669207598145,-7.59999925));
#8468 = CARTESIAN_POINT('',(-0.621364523181,-7.694604758076));
#8469 = CARTESIAN_POINT('',(-0.571077210929,-7.784760251257));
#8470 = CARTESIAN_POINT('',(-0.518165555538,-7.869953011081));
#8471 = CARTESIAN_POINT('',(-0.462405838494,-7.949080671538));
#8472 = CARTESIAN_POINT('',(-0.403573781909,-8.020459615032));
#8473 = CARTESIAN_POINT('',(-0.289424724187,-8.132949795837));
#8474 = CARTESIAN_POINT('',(-0.234683904734,-8.177524710669));
#8475 = CARTESIAN_POINT('',(-0.177851376983,-8.212965866079));
#8476 = CARTESIAN_POINT('',(-0.119478096438,-8.237499008003));
#8477 = CARTESIAN_POINT('',(-6.003836510753E-02,-8.25));
#8478 = CARTESIAN_POINT('',(0.,-8.25));
#8479 = ( GEOMETRIC_REPRESENTATION_CONTEXT(2) 
PARAMETRIC_REPRESENTATION_CONTEXT() REPRESENTATION_CONTEXT('2D SPACE',''
  ) );
#8480 = PCURVE('',#8400,#8481);
#8481 = DEFINITIONAL_REPRESENTATION('',(#8482),#8495);
#8482 = B_SPLINE_CURVE_WITH_KNOTS('',6,(#8483,#8484,#8485,#8486,#8487,
    #8488,#8489,#8490,#8491,#8492,#8493,#8494),.UNSPECIFIED.,.F.,.F.,(7,
    5,7),(0.,0.544609145182,1.),.UNSPECIFIED.);
#8483 = CARTESIAN_POINT('',(-0.791076823749,6.000000000173E-07));
#8484 = CARTESIAN_POINT('',(-0.850880677546,-7.568379368899E-02));
#8485 = CARTESIAN_POINT('',(-0.912212441999,-0.149741122643));
#8486 = CARTESIAN_POINT('',(-0.975548098053,-0.221093194389));
#8487 = CARTESIAN_POINT('',(-1.041294235955,-0.288376662346));
#8488 = CARTESIAN_POINT('',(-1.109833265067,-0.34974912851));
#8489 = CARTESIAN_POINT('',(-1.241589641727,-0.447206636581));
#8490 = CARTESIAN_POINT('',(-1.3043321782,-0.486151767975));
#8491 = CARTESIAN_POINT('',(-1.369105527304,-0.517323423863));
#8492 = CARTESIAN_POINT('',(-1.435387911983,-0.538969532858));
#8493 = CARTESIAN_POINT('',(-1.50275284634,-0.55));
#8494 = CARTESIAN_POINT('',(-1.570796326795,-0.55));
#8495 = ( GEOMETRIC_REPRESENTATION_CONTEXT(2) 
PARAMETRIC_REPRESENTATION_CONTEXT() REPRESENTATION_CONTEXT('2D SPACE',''
  ) );
#8496 = ORIENTED_EDGE('',*,*,#8497,.T.);
#8497 = EDGE_CURVE('',#8448,#8498,#8500,.T.);
#8498 = VERTEX_POINT('',#8499);
#8499 = CARTESIAN_POINT('',(2.55,0.,66.));
#8500 = SEAM_CURVE('',#8501,(#8505,#8512),.PCURVE_S1.);
#8501 = LINE('',#8502,#8503);
#8502 = CARTESIAN_POINT('',(2.55,0.,56.));
#8503 = VECTOR('',#8504,1.);
#8504 = DIRECTION('',(0.,0.,1.));
#8505 = PCURVE('',#8292,#8506);
#8506 = DEFINITIONAL_REPRESENTATION('',(#8507),#8511);
#8507 = LINE('',#8508,#8509);
#8508 = CARTESIAN_POINT('',(-6.28318530718,-1.));
#8509 = VECTOR('',#8510,1.);
#8510 = DIRECTION('',(-0.,-1.));
#8511 = ( GEOMETRIC_REPRESENTATION_CONTEXT(2) 
PARAMETRIC_REPRESENTATION_CONTEXT() REPRESENTATION_CONTEXT('2D SPACE',''
  ) );
#8512 = PCURVE('',#8292,#8513);
#8513 = DEFINITIONAL_REPRESENTATION('',(#8514),#8518);
#8514 = LINE('',#8515,#8516);
#8515 = CARTESIAN_POINT('',(-0.,-1.));
#8516 = VECTOR('',#8517,1.);
#8517 = DIRECTION('',(-0.,-1.));
#8518 = ( GEOMETRIC_REPRESENTATION_CONTEXT(2) 
PARAMETRIC_REPRESENTATION_CONTEXT() REPRESENTATION_CONTEXT('2D SPACE',''
  ) );
#8519 = ORIENTED_EDGE('',*,*,#8520,.F.);
#8520 = EDGE_CURVE('',#8498,#8498,#8521,.T.);
#8521 = SURFACE_CURVE('',#8522,(#8527,#8534),.PCURVE_S1.);
#8522 = CIRCLE('',#8523,2.55);
#8523 = AXIS2_PLACEMENT_3D('',#8524,#8525,#8526);
#8524 = CARTESIAN_POINT('',(0.,0.,66.));
#8525 = DIRECTION('',(0.,0.,-1.));
#8526 = DIRECTION('',(1.,0.,0.));
#8527 = PCURVE('',#8292,#8528);
#8528 = DEFINITIONAL_REPRESENTATION('',(#8529),#8533);
#8529 = LINE('',#8530,#8531);
#8530 = CARTESIAN_POINT('',(-6.28318530718,-11.));
#8531 = VECTOR('',#8532,1.);
#8532 = DIRECTION('',(1.,-0.));
#8533 = ( GEOMETRIC_REPRESENTATION_CONTEXT(2) 
PARAMETRIC_REPRESENTATION_CONTEXT() REPRESENTATION_CONTEXT('2D SPACE',''
  ) );
#8534 = PCURVE('',#8535,#8540);
#8535 = PLANE('',#8536);
#8536 = AXIS2_PLACEMENT_3D('',#8537,#8538,#8539);
#8537 = CARTESIAN_POINT('',(-7.458764359306E-16,-4.490371596874E-16,66.)
  );
#8538 = DIRECTION('',(0.,0.,1.));
#8539 = DIRECTION('',(1.,0.,-0.));
#8540 = DEFINITIONAL_REPRESENTATION('',(#8541),#8549);
#8541 = ( BOUNDED_CURVE() B_SPLINE_CURVE(2,(#8542,#8543,#8544,#8545,
#8546,#8547,#8548),.UNSPECIFIED.,.T.,.F.) B_SPLINE_CURVE_WITH_KNOTS((1,2
    ,2,2,2,1),(-2.094395102393,0.,2.094395102393,4.188790204786,
6.28318530718,8.377580409573),.UNSPECIFIED.) CURVE() 
GEOMETRIC_REPRESENTATION_ITEM() RATIONAL_B_SPLINE_CURVE((1.,0.5,1.,0.5,
1.,0.5,1.)) REPRESENTATION_ITEM('') );
#8542 = CARTESIAN_POINT('',(2.55,4.490371596874E-16));
#8543 = CARTESIAN_POINT('',(2.55,-4.416729559301));
#8544 = CARTESIAN_POINT('',(-1.275,-2.20836477965));
#8545 = CARTESIAN_POINT('',(-5.1,-1.755327078778E-16));
#8546 = CARTESIAN_POINT('',(-1.275,2.20836477965));
#8547 = CARTESIAN_POINT('',(2.55,4.416729559301));
#8548 = CARTESIAN_POINT('',(2.55,4.490371596874E-16));
#8549 = ( GEOMETRIC_REPRESENTATION_CONTEXT(2) 
PARAMETRIC_REPRESENTATION_CONTEXT() REPRESENTATION_CONTEXT('2D SPACE',''
  ) );
#8550 = ORIENTED_EDGE('',*,*,#8497,.F.);
#8551 = ORIENTED_EDGE('',*,*,#8552,.T.);
#8552 = EDGE_CURVE('',#8448,#8553,#8555,.T.);
#8553 = VERTEX_POINT('',#8554);
#8554 = CARTESIAN_POINT('',(2.,-1.581929201956,62.6));
#8555 = SURFACE_CURVE('',#8556,(#8569,#8585),.PCURVE_S1.);
#8556 = B_SPLINE_CURVE_WITH_KNOTS('',6,(#8557,#8558,#8559,#8560,#8561,
    #8562,#8563,#8564,#8565,#8566,#8567,#8568),.UNSPECIFIED.,.F.,.F.,(7,
    5,7),(0.,0.459405496057,1.),.UNSPECIFIED.);
#8557 = CARTESIAN_POINT('',(2.55,0.,63.25));
#8558 = CARTESIAN_POINT('',(2.55,-0.154496478532,63.25));
#8559 = CARTESIAN_POINT('',(2.538767052029,-0.307367319551,
    63.237269553245));
#8560 = CARTESIAN_POINT('',(2.516746838074,-0.456405496939,
    63.212312344011));
#8561 = CARTESIAN_POINT('',(2.48506604586,-0.599486118754,
    63.176290054723));
#8562 = CARTESIAN_POINT('',(2.445518583515,-0.734679485744,
    63.131017767336));
#8563 = CARTESIAN_POINT('',(2.347497143314,-1.008179271063,
    63.017840010117));
#8564 = CARTESIAN_POINT('',(2.286401895848,-1.144240296742,
    62.946757864548));
#8565 = CARTESIAN_POINT('',(2.219523309373,-1.268898905905,
    62.868078330937));
#8566 = CARTESIAN_POINT('',(2.148656025404,-1.382860476275,
    62.783439089819));
#8567 = CARTESIAN_POINT('',(2.075130166254,-1.486943778341,
    62.693912723665));
#8568 = CARTESIAN_POINT('',(1.9999994,-1.581929960523,62.59999925));
#8569 = PCURVE('',#8292,#8570);
#8570 = DEFINITIONAL_REPRESENTATION('',(#8571),#8584);
#8571 = B_SPLINE_CURVE_WITH_KNOTS('',6,(#8572,#8573,#8574,#8575,#8576,
    #8577,#8578,#8579,#8580,#8581,#8582,#8583),.UNSPECIFIED.,.F.,.F.,(7,
    5,7),(0.,0.459405496057,1.),.UNSPECIFIED.);
#8572 = CARTESIAN_POINT('',(-6.28318530718,-8.25));
#8573 = CARTESIAN_POINT('',(-6.222598452853,-8.25));
#8574 = CARTESIAN_POINT('',(-6.162649007853,-8.237269553245));
#8575 = CARTESIAN_POINT('',(-6.103802719577,-8.212312344011));
#8576 = CARTESIAN_POINT('',(-6.046533102057,-8.176290054723));
#8577 = CARTESIAN_POINT('',(-5.991392161952,-8.131017767336));
#8578 = CARTESIAN_POINT('',(-5.877457037174,-8.017840010117));
#8579 = CARTESIAN_POINT('',(-5.81914489108,-7.946757864548));
#8580 = CARTESIAN_POINT('',(-5.763856474159,-7.868078330937));
#8581 = CARTESIAN_POINT('',(-5.711371539751,-7.783439089819));
#8582 = CARTESIAN_POINT('',(-5.661470814373,-7.693912723665));
#8583 = CARTESIAN_POINT('',(-5.613977709034,-7.59999925));
#8584 = ( GEOMETRIC_REPRESENTATION_CONTEXT(2) 
PARAMETRIC_REPRESENTATION_CONTEXT() REPRESENTATION_CONTEXT('2D SPACE',''
  ) );
#8585 = PCURVE('',#8400,#8586);
#8586 = DEFINITIONAL_REPRESENTATION('',(#8587),#8600);
#8587 = B_SPLINE_CURVE_WITH_KNOTS('',6,(#8588,#8589,#8590,#8591,#8592,
    #8593,#8594,#8595,#8596,#8597,#8598,#8599),.UNSPECIFIED.,.F.,.F.,(7,
    5,7),(0.,0.459405496057,1.),.UNSPECIFIED.);
#8588 = CARTESIAN_POINT('',(-1.570796326795,-0.55));
#8589 = CARTESIAN_POINT('',(-1.639461428365,-0.55));
#8590 = CARTESIAN_POINT('',(-1.707404031204,-0.538767052029));
#8591 = CARTESIAN_POINT('',(-1.774225985323,-0.516746838074));
#8592 = CARTESIAN_POINT('',(-1.839504036492,-0.48506604586));
#8593 = CARTESIAN_POINT('',(-1.902717692153,-0.445518583515));
#8594 = CARTESIAN_POINT('',(-2.034269747135,-0.347497143314));
#8595 = CARTESIAN_POINT('',(-2.102226053374,-0.286401895848));
#8596 = CARTESIAN_POINT('',(-2.167437192594,-0.219523309373));
#8597 = CARTESIAN_POINT('',(-2.23027864958,-0.148656025404));
#8598 = CARTESIAN_POINT('',(-2.291149438149,-7.513016625366E-02));
#8599 = CARTESIAN_POINT('',(-2.350515829841,6.000000000173E-07));
#8600 = ( GEOMETRIC_REPRESENTATION_CONTEXT(2) 
PARAMETRIC_REPRESENTATION_CONTEXT() REPRESENTATION_CONTEXT('2D SPACE',''
  ) );
#8601 = ORIENTED_EDGE('',*,*,#8602,.T.);
#8602 = EDGE_CURVE('',#8553,#8603,#8605,.T.);
#8603 = VERTEX_POINT('',#8604);
#8604 = CARTESIAN_POINT('',(2.,-1.581929201956,59.4));
#8605 = SURFACE_CURVE('',#8606,(#8610,#8616),.PCURVE_S1.);
#8606 = LINE('',#8607,#8608);
#8607 = CARTESIAN_POINT('',(2.,-1.581929201956,55.));
#8608 = VECTOR('',#8609,1.);
#8609 = DIRECTION('',(-0.,-0.,-1.));
#8610 = PCURVE('',#8292,#8611);
#8611 = DEFINITIONAL_REPRESENTATION('',(#8612),#8615);
#8612 = B_SPLINE_CURVE_WITH_KNOTS('',1,(#8613,#8614),.UNSPECIFIED.,.F.,
  .F.,(2,2),(-8.7,-3.3),.PIECEWISE_BEZIER_KNOTS.);
#8613 = CARTESIAN_POINT('',(-5.613978088318,-8.7));
#8614 = CARTESIAN_POINT('',(-5.613978088318,-3.3));
#8615 = ( GEOMETRIC_REPRESENTATION_CONTEXT(2) 
PARAMETRIC_REPRESENTATION_CONTEXT() REPRESENTATION_CONTEXT('2D SPACE',''
  ) );
#8616 = PCURVE('',#8617,#8622);
#8617 = PLANE('',#8618);
#8618 = AXIS2_PLACEMENT_3D('',#8619,#8620,#8621);
#8619 = CARTESIAN_POINT('',(2.,-1.519377925044E-16,61.));
#8620 = DIRECTION('',(1.,0.,0.));
#8621 = DIRECTION('',(0.,0.,1.));
#8622 = DEFINITIONAL_REPRESENTATION('',(#8623),#8626);
#8623 = B_SPLINE_CURVE_WITH_KNOTS('',1,(#8624,#8625),.UNSPECIFIED.,.F.,
  .F.,(2,2),(-8.7,-3.3),.PIECEWISE_BEZIER_KNOTS.);
#8624 = CARTESIAN_POINT('',(2.7,1.581929201956));
#8625 = CARTESIAN_POINT('',(-2.7,1.581929201956));
#8626 = ( GEOMETRIC_REPRESENTATION_CONTEXT(2) 
PARAMETRIC_REPRESENTATION_CONTEXT() REPRESENTATION_CONTEXT('2D SPACE',''
  ) );
#8627 = ORIENTED_EDGE('',*,*,#8628,.T.);
#8628 = EDGE_CURVE('',#8603,#8344,#8629,.T.);
#8629 = SURFACE_CURVE('',#8630,(#8643,#8659),.PCURVE_S1.);
#8630 = B_SPLINE_CURVE_WITH_KNOTS('',6,(#8631,#8632,#8633,#8634,#8635,
    #8636,#8637,#8638,#8639,#8640,#8641,#8642),.UNSPECIFIED.,.F.,.F.,(7,
    5,7),(0.,0.544609145182,1.),.UNSPECIFIED.);
#8631 = CARTESIAN_POINT('',(1.9999994,-1.581929960523,59.40000075));
#8632 = CARTESIAN_POINT('',(2.075683793689,-1.486243839301,
    59.305395241924));
#8633 = CARTESIAN_POINT('',(2.149741122643,-1.381324025047,
    59.215239748743));
#8634 = CARTESIAN_POINT('',(2.221093194389,-1.266372469137,
    59.130046988919));
#8635 = CARTESIAN_POINT('',(2.288376662346,-1.14055332232,
    59.050919328462));
#8636 = CARTESIAN_POINT('',(2.34974912851,-1.003149625712,
    58.979540384968));
#8637 = CARTESIAN_POINT('',(2.447206636581,-0.728869372868,
    58.867050204163));
#8638 = CARTESIAN_POINT('',(2.486151767975,-0.594568507406,
    58.822475289331));
#8639 = CARTESIAN_POINT('',(2.517323423863,-0.452528359778,
    58.787034133921));
#8640 = CARTESIAN_POINT('',(2.538969532858,-0.304668917764,
    58.762500991997));
#8641 = CARTESIAN_POINT('',(2.55,-0.153097831024,58.75));
#8642 = CARTESIAN_POINT('',(2.55,-4.440892098501E-16,58.75));
#8643 = PCURVE('',#8292,#8644);
#8644 = DEFINITIONAL_REPRESENTATION('',(#8645),#8658);
#8645 = B_SPLINE_CURVE_WITH_KNOTS('',6,(#8646,#8647,#8648,#8649,#8650,
    #8651,#8652,#8653,#8654,#8655,#8656,#8657),.UNSPECIFIED.,.F.,.F.,(7,
    5,7),(0.,0.544609145182,1.),.UNSPECIFIED.);
#8646 = CARTESIAN_POINT('',(-5.613977709034,-4.40000075));
#8647 = CARTESIAN_POINT('',(-5.661820783998,-4.305395241924));
#8648 = CARTESIAN_POINT('',(-5.71210809625,-4.215239748743));
#8649 = CARTESIAN_POINT('',(-5.765019751642,-4.130046988919));
#8650 = CARTESIAN_POINT('',(-5.820779468686,-4.050919328462));
#8651 = CARTESIAN_POINT('',(-5.879611525271,-3.979540384968));
#8652 = CARTESIAN_POINT('',(-5.993760582992,-3.867050204163));
#8653 = CARTESIAN_POINT('',(-6.048501402445,-3.822475289331));
#8654 = CARTESIAN_POINT('',(-6.105333930196,-3.787034133921));
#8655 = CARTESIAN_POINT('',(-6.163707210742,-3.762500991997));
#8656 = CARTESIAN_POINT('',(-6.223146942072,-3.75));
#8657 = CARTESIAN_POINT('',(-6.28318530718,-3.75));
#8658 = ( GEOMETRIC_REPRESENTATION_CONTEXT(2) 
PARAMETRIC_REPRESENTATION_CONTEXT() REPRESENTATION_CONTEXT('2D SPACE',''
  ) );
#8659 = PCURVE('',#8400,#8660);
#8660 = DEFINITIONAL_REPRESENTATION('',(#8661),#8674);
#8661 = B_SPLINE_CURVE_WITH_KNOTS('',6,(#8662,#8663,#8664,#8665,#8666,
    #8667,#8668,#8669,#8670,#8671,#8672,#8673),.UNSPECIFIED.,.F.,.F.,(7,
    5,7),(0.,0.544609145182,1.),.UNSPECIFIED.);
#8662 = CARTESIAN_POINT('',(-3.932669477339,6.000000000173E-07));
#8663 = CARTESIAN_POINT('',(-3.992473331135,-7.568379368899E-02));
#8664 = CARTESIAN_POINT('',(-4.053805095589,-0.149741122643));
#8665 = CARTESIAN_POINT('',(-4.117140751642,-0.221093194389));
#8666 = CARTESIAN_POINT('',(-4.182886889545,-0.288376662346));
#8667 = CARTESIAN_POINT('',(-4.251425918656,-0.34974912851));
#8668 = CARTESIAN_POINT('',(-4.383182295317,-0.447206636581));
#8669 = CARTESIAN_POINT('',(-4.44592483179,-0.486151767975));
#8670 = CARTESIAN_POINT('',(-4.510698180893,-0.517323423863));
#8671 = CARTESIAN_POINT('',(-4.576980565573,-0.538969532858));
#8672 = CARTESIAN_POINT('',(-4.64434549993,-0.55));
#8673 = CARTESIAN_POINT('',(-4.712388980385,-0.55));
#8674 = ( GEOMETRIC_REPRESENTATION_CONTEXT(2) 
PARAMETRIC_REPRESENTATION_CONTEXT() REPRESENTATION_CONTEXT('2D SPACE',''
  ) );
#8675 = ORIENTED_EDGE('',*,*,#8343,.F.);
#8676 = FACE_BOUND('',#8677,.T.);
#8677 = EDGE_LOOP('',(#8678,#8706,#8851,#8877));
#8678 = ORIENTED_EDGE('',*,*,#8679,.F.);
#8679 = EDGE_CURVE('',#8680,#8682,#8684,.T.);
#8680 = VERTEX_POINT('',#8681);
#8681 = CARTESIAN_POINT('',(-2.,-1.581929201956,62.6));
#8682 = VERTEX_POINT('',#8683);
#8683 = CARTESIAN_POINT('',(-2.,-1.581929201956,59.4));
#8684 = SURFACE_CURVE('',#8685,(#8689,#8695),.PCURVE_S1.);
#8685 = LINE('',#8686,#8687);
#8686 = CARTESIAN_POINT('',(-2.,-1.581929201956,55.));
#8687 = VECTOR('',#8688,1.);
#8688 = DIRECTION('',(-0.,-0.,-1.));
#8689 = PCURVE('',#8292,#8690);
#8690 = DEFINITIONAL_REPRESENTATION('',(#8691),#8694);
#8691 = B_SPLINE_CURVE_WITH_KNOTS('',1,(#8692,#8693),.UNSPECIFIED.,.F.,
  .F.,(2,2),(-8.7,-3.3),.PIECEWISE_BEZIER_KNOTS.);
#8692 = CARTESIAN_POINT('',(-3.810799872452,-8.7));
#8693 = CARTESIAN_POINT('',(-3.810799872452,-3.3));
#8694 = ( GEOMETRIC_REPRESENTATION_CONTEXT(2) 
PARAMETRIC_REPRESENTATION_CONTEXT() REPRESENTATION_CONTEXT('2D SPACE',''
  ) );
#8695 = PCURVE('',#8696,#8701);
#8696 = PLANE('',#8697);
#8697 = AXIS2_PLACEMENT_3D('',#8698,#8699,#8700);
#8698 = CARTESIAN_POINT('',(-2.,3.968671523339E-16,61.));
#8699 = DIRECTION('',(-1.,1.224646799147E-16,0.));
#8700 = DIRECTION('',(0.,0.,1.));
#8701 = DEFINITIONAL_REPRESENTATION('',(#8702),#8705);
#8702 = B_SPLINE_CURVE_WITH_KNOTS('',1,(#8703,#8704),.UNSPECIFIED.,.F.,
  .F.,(2,2),(-8.7,-3.3),.PIECEWISE_BEZIER_KNOTS.);
#8703 = CARTESIAN_POINT('',(2.7,-1.581929201956));
#8704 = CARTESIAN_POINT('',(-2.7,-1.581929201956));
#8705 = ( GEOMETRIC_REPRESENTATION_CONTEXT(2) 
PARAMETRIC_REPRESENTATION_CONTEXT() REPRESENTATION_CONTEXT('2D SPACE',''
  ) );
#8706 = ORIENTED_EDGE('',*,*,#8707,.T.);
#8707 = EDGE_CURVE('',#8680,#8708,#8710,.T.);
#8708 = VERTEX_POINT('',#8709);
#8709 = CARTESIAN_POINT('',(-2.,1.581929201956,62.6));
#8710 = SURFACE_CURVE('',#8711,(#8754,#8800),.PCURVE_S1.);
#8711 = B_SPLINE_CURVE_WITH_KNOTS('',6,(#8712,#8713,#8714,#8715,#8716,
    #8717,#8718,#8719,#8720,#8721,#8722,#8723,#8724,#8725,#8726,#8727,
    #8728,#8729,#8730,#8731,#8732,#8733,#8734,#8735,#8736,#8737,#8738,
    #8739,#8740,#8741,#8742,#8743,#8744,#8745,#8746,#8747,#8748,#8749,
    #8750,#8751,#8752,#8753),.UNSPECIFIED.,.F.,.F.,(7,5,5,5,5,5,5,5,7),(
    0.,0.271853673239,0.357401163095,0.403600061968,0.4977502511,
    0.596638451669,0.644022302714,0.730127092666,1.),.UNSPECIFIED.);
#8712 = CARTESIAN_POINT('',(-1.9999994,-1.581929960523,62.59999925));
#8713 = CARTESIAN_POINT('',(-2.075683793689,-1.486243839301,
    62.694604758076));
#8714 = CARTESIAN_POINT('',(-2.149741122643,-1.381324025047,
    62.784760251257));
#8715 = CARTESIAN_POINT('',(-2.221093194389,-1.266372469137,
    62.869953011081));
#8716 = CARTESIAN_POINT('',(-2.288376662346,-1.14055332232,
    62.949080671538));
#8717 = CARTESIAN_POINT('',(-2.34974912851,-1.003149625712,
    63.020459615032));
#8718 = CARTESIAN_POINT('',(-2.419527525523,-0.806768282144,
    63.1010012239));
#8719 = CARTESIAN_POINT('',(-2.435403119906,-0.75859115415,
    63.119272082009));
#8720 = CARTESIAN_POINT('',(-2.450362321529,-0.70927773209,
    63.136444085885));
#8721 = CARTESIAN_POINT('',(-2.464318085418,-0.658867264473,
    63.152428531814));
#8722 = CARTESIAN_POINT('',(-2.477186161922,-0.607403223914,
    63.167139297057));
#8723 = CARTESIAN_POINT('',(-2.495202966541,-0.526597556048,
    63.187704260943));
#8724 = CARTESIAN_POINT('',(-2.501178396584,-0.497975458973,
    63.1945181523));
#8725 = CARTESIAN_POINT('',(-2.506797577777,-0.469079614598,
    63.200920217803));
#8726 = CARTESIAN_POINT('',(-2.512047362535,-0.43992515785,
    63.206896809645));
#8727 = CARTESIAN_POINT('',(-2.516915264747,-0.4105297599,
    63.212434928322));
#8728 = CARTESIAN_POINT('',(-2.530507562562,-0.320557981759,
    63.22788977973));
#8729 = CARTESIAN_POINT('',(-2.537996294872,-0.259249763963,
    63.236391501404));
#8730 = CARTESIAN_POINT('',(-2.54374621869,-0.197209572029,
    63.242912145285));
#8731 = CARTESIAN_POINT('',(-2.547682119476,-0.134662350674,
    63.247373036907));
#8732 = CARTESIAN_POINT('',(-2.549763364904,-7.183575966393E-02,
    63.249731813103));
#8733 = CARTESIAN_POINT('',(-2.550216278767,5.708290820419E-02,
    63.250245116382));
#8734 = CARTESIAN_POINT('',(-2.54839577827,0.123118057755,
    63.248181842445));
#8735 = CARTESIAN_POINT('',(-2.544523395238,0.188881245045,
    63.243793460258));
#8736 = CARTESIAN_POINT('',(-2.538642429653,0.254107849612,
    63.237125084518));
#8737 = CARTESIAN_POINT('',(-2.530838402061,0.318536425495,
    63.228266143947));
#8738 = CARTESIAN_POINT('',(-2.516638713237,0.412277687819,
    63.21212038779));
#8739 = CARTESIAN_POINT('',(-2.511624994097,0.442411892891,
    63.206416190098));
#8740 = CARTESIAN_POINT('',(-2.506210236608,0.472291707289,
    63.200251460253));
#8741 = CARTESIAN_POINT('',(-2.50040794326,0.501898189948,
    63.193640254196));
#8742 = CARTESIAN_POINT('',(-2.494232332292,0.531215200648,
    63.186597327789));
#8743 = CARTESIAN_POINT('',(-2.475824920479,0.612953302516,
    63.165583475113));
#8744 = CARTESIAN_POINT('',(-2.462773302295,0.664652546347,
    63.150660328094));
#8745 = CARTESIAN_POINT('',(-2.448626623569,0.715280082889,
    63.134453930723));
#8746 = CARTESIAN_POINT('',(-2.433470649178,0.764793185367,
    63.117051897798));
#8747 = CARTESIAN_POINT('',(-2.417393768449,0.813153448858,
    63.098544223947));
#8748 = CARTESIAN_POINT('',(-2.347497143314,1.008179271063,
    63.017840010117));
#8749 = CARTESIAN_POINT('',(-2.286401895848,1.144240296742,
    62.946757864548));
#8750 = CARTESIAN_POINT('',(-2.219523309373,1.268898905905,
    62.868078330937));
#8751 = CARTESIAN_POINT('',(-2.148656025404,1.382860476275,
    62.783439089819));
#8752 = CARTESIAN_POINT('',(-2.075130166254,1.486943778341,
    62.693912723665));
#8753 = CARTESIAN_POINT('',(-1.9999994,1.581929960523,62.59999925));
#8754 = PCURVE('',#8292,#8755);
#8755 = DEFINITIONAL_REPRESENTATION('',(#8756),#8799);
#8756 = B_SPLINE_CURVE_WITH_KNOTS('',6,(#8757,#8758,#8759,#8760,#8761,
    #8762,#8763,#8764,#8765,#8766,#8767,#8768,#8769,#8770,#8771,#8772,
    #8773,#8774,#8775,#8776,#8777,#8778,#8779,#8780,#8781,#8782,#8783,
    #8784,#8785,#8786,#8787,#8788,#8789,#8790,#8791,#8792,#8793,#8794,
    #8795,#8796,#8797,#8798),.UNSPECIFIED.,.F.,.F.,(7,5,5,5,5,5,5,5,7),(
    0.,0.271853673239,0.357401163095,0.403600061968,0.4977502511,
    0.596638451669,0.644022302714,0.730127092666,1.),.UNSPECIFIED.);
#8757 = CARTESIAN_POINT('',(-3.810800251735,-7.59999925));
#8758 = CARTESIAN_POINT('',(-3.762957176771,-7.694604758076));
#8759 = CARTESIAN_POINT('',(-3.712669864519,-7.784760251257));
#8760 = CARTESIAN_POINT('',(-3.659758209127,-7.869953011081));
#8761 = CARTESIAN_POINT('',(-3.603998492084,-7.949080671538));
#8762 = CARTESIAN_POINT('',(-3.545166435499,-8.020459615032));
#8763 = CARTESIAN_POINT('',(-3.463437090823,-8.1010012239));
#8764 = CARTESIAN_POINT('',(-3.443550077438,-8.119272082009));
#8765 = CARTESIAN_POINT('',(-3.42334999484,-8.136444085885));
#8766 = CARTESIAN_POINT('',(-3.402847090639,-8.152428531814));
#8767 = CARTESIAN_POINT('',(-3.382050639813,-8.167139297057));
#8768 = CARTESIAN_POINT('',(-3.349584027363,-8.187704260943));
#8769 = CARTESIAN_POINT('',(-3.338118739796,-8.1945181523));
#8770 = CARTESIAN_POINT('',(-3.326576407194,-8.200920217803));
#8771 = CARTESIAN_POINT('',(-3.314961110722,-8.206896809645));
#8772 = CARTESIAN_POINT('',(-3.303277687519,-8.212434928322));
#8773 = CARTESIAN_POINT('',(-3.267594275822,-8.22788977973));
#8774 = CARTESIAN_POINT('',(-3.243382899648,-8.236391501404));
#8775 = CARTESIAN_POINT('',(-3.218964877138,-8.242912145285));
#8776 = CARTESIAN_POINT('',(-3.194404290181,-8.247373036907));
#8777 = CARTESIAN_POINT('',(-3.169763699127,-8.249731813103));
#8778 = CARTESIAN_POINT('',(-3.119207046794,-8.250245116382));
#8779 = CARTESIAN_POINT('',(-3.093313581862,-8.248181842445));
#8780 = CARTESIAN_POINT('',(-3.067498312165,-8.243793460258));
#8781 = CARTESIAN_POINT('',(-3.041833775528,-8.237125084518));
#8782 = CARTESIAN_POINT('',(-3.016394286205,-8.228266143947));
#8783 = CARTESIAN_POINT('',(-2.979213647271,-8.21212038779));
#8784 = CARTESIAN_POINT('',(-2.967235135455,-8.206416190098));
#8785 = CARTESIAN_POINT('',(-2.955328546435,-8.200251460253));
#8786 = CARTESIAN_POINT('',(-2.943499061594,-8.193640254196));
#8787 = CARTESIAN_POINT('',(-2.931751027948,-8.186597327789));
#8788 = CARTESIAN_POINT('',(-2.898894109314,-8.165583475113));
#8789 = CARTESIAN_POINT('',(-2.87799077178,-8.150660328094));
#8790 = CARTESIAN_POINT('',(-2.857385939486,-8.134453930723));
#8791 = CARTESIAN_POINT('',(-2.837088584535,-8.117051897798));
#8792 = CARTESIAN_POINT('',(-2.817108657183,-8.098544223947));
#8793 = CARTESIAN_POINT('',(-2.735864383585,-8.017840010117));
#8794 = CARTESIAN_POINT('',(-2.67755223749,-7.946757864548));
#8795 = CARTESIAN_POINT('',(-2.622263820569,-7.868078330937));
#8796 = CARTESIAN_POINT('',(-2.569778886161,-7.783439089819));
#8797 = CARTESIAN_POINT('',(-2.519878160783,-7.693912723665));
#8798 = CARTESIAN_POINT('',(-2.472385055444,-7.59999925));
#8799 = ( GEOMETRIC_REPRESENTATION_CONTEXT(2) 
PARAMETRIC_REPRESENTATION_CONTEXT() REPRESENTATION_CONTEXT('2D SPACE',''
  ) );
#8800 = PCURVE('',#8801,#8806);
#8801 = CYLINDRICAL_SURFACE('',#8802,2.25);
#8802 = AXIS2_PLACEMENT_3D('',#8803,#8804,#8805);
#8803 = CARTESIAN_POINT('',(-2.,2.449293598295E-16,61.));
#8804 = DIRECTION('',(1.,-1.224646799147E-16,-0.));
#8805 = DIRECTION('',(-1.224646799147E-16,-1.,0.));
#8806 = DEFINITIONAL_REPRESENTATION('',(#8807),#8850);
#8807 = B_SPLINE_CURVE_WITH_KNOTS('',6,(#8808,#8809,#8810,#8811,#8812,
    #8813,#8814,#8815,#8816,#8817,#8818,#8819,#8820,#8821,#8822,#8823,
    #8824,#8825,#8826,#8827,#8828,#8829,#8830,#8831,#8832,#8833,#8834,
    #8835,#8836,#8837,#8838,#8839,#8840,#8841,#8842,#8843,#8844,#8845,
    #8846,#8847,#8848,#8849),.UNSPECIFIED.,.F.,.F.,(7,5,5,5,5,5,5,5,7),(
    0.,0.271853673239,0.357401163095,0.403600061968,0.4977502511,
    0.596638451669,0.644022302714,0.730127092666,1.),.UNSPECIFIED.);
#8808 = CARTESIAN_POINT('',(-0.791076823749,6.000000000173E-07));
#8809 = CARTESIAN_POINT('',(-0.850880677546,-7.568379368898E-02));
#8810 = CARTESIAN_POINT('',(-0.912212441999,-0.149741122643));
#8811 = CARTESIAN_POINT('',(-0.975548098053,-0.221093194389));
#8812 = CARTESIAN_POINT('',(-1.041294235955,-0.288376662346));
#8813 = CARTESIAN_POINT('',(-1.109833265067,-0.34974912851));
#8814 = CARTESIAN_POINT('',(-1.204169237139,-0.419527525523));
#8815 = CARTESIAN_POINT('',(-1.227061196437,-0.435403119906));
#8816 = CARTESIAN_POINT('',(-1.250255838622,-0.450362321529));
#8817 = CARTESIAN_POINT('',(-1.273745614716,-0.464318085418));
#8818 = CARTESIAN_POINT('',(-1.297524458768,-0.477186161922));
#8819 = CARTESIAN_POINT('',(-1.334582900965,-0.495202966541));
#8820 = CARTESIAN_POINT('',(-1.347657762865,-0.501178396584));
#8821 = CARTESIAN_POINT('',(-1.360809355557,-0.506797577777));
#8822 = CARTESIAN_POINT('',(-1.37403384395,-0.512047362535));
#8823 = CARTESIAN_POINT('',(-1.387326575868,-0.516915264747));
#8824 = CARTESIAN_POINT('',(-1.427899688156,-0.530507562562));
#8825 = CARTESIAN_POINT('',(-1.455394160204,-0.537996294872));
#8826 = CARTESIAN_POINT('',(-1.483096484564,-0.54374621869));
#8827 = CARTESIAN_POINT('',(-1.510942209041,-0.547682119476));
#8828 = CARTESIAN_POINT('',(-1.538869090469,-0.549763364904));
#8829 = CARTESIAN_POINT('',(-1.596166730357,-0.550216278767));
#8830 = CARTESIAN_POINT('',(-1.625511801108,-0.54839577827));
#8831 = CARTESIAN_POINT('',(-1.654777407589,-0.544523395238));
#8832 = CARTESIAN_POINT('',(-1.683891423617,-0.538642429653));
#8833 = CARTESIAN_POINT('',(-1.712779143655,-0.530838402061));
#8834 = CARTESIAN_POINT('',(-1.755055389103,-0.516638713237));
#8835 = CARTESIAN_POINT('',(-1.768684337934,-0.511624994097));
#8836 = CARTESIAN_POINT('',(-1.782241248456,-0.506210236608));
#8837 = CARTESIAN_POINT('',(-1.795721141799,-0.50040794326));
#8838 = CARTESIAN_POINT('',(-1.809119940916,-0.494232332292));
#8839 = CARTESIAN_POINT('',(-1.84662931239,-0.475824920479));
#8840 = CARTESIAN_POINT('',(-1.870534523186,-0.462773302295));
#8841 = CARTESIAN_POINT('',(-1.89414593985,-0.448626623569));
#8842 = CARTESIAN_POINT('',(-1.917457908287,-0.433470649178));
#8843 = CARTESIAN_POINT('',(-1.940463283427,-0.417393768449));
#8844 = CARTESIAN_POINT('',(-2.034269747135,-0.347497143314));
#8845 = CARTESIAN_POINT('',(-2.102226053374,-0.286401895848));
#8846 = CARTESIAN_POINT('',(-2.167437192594,-0.219523309373));
#8847 = CARTESIAN_POINT('',(-2.23027864958,-0.148656025404));
#8848 = CARTESIAN_POINT('',(-2.291149438149,-7.513016625372E-02));
#8849 = CARTESIAN_POINT('',(-2.350515829841,6.000000000173E-07));
#8850 = ( GEOMETRIC_REPRESENTATION_CONTEXT(2) 
PARAMETRIC_REPRESENTATION_CONTEXT() REPRESENTATION_CONTEXT('2D SPACE',''
  ) );
#8851 = ORIENTED_EDGE('',*,*,#8852,.T.);
#8852 = EDGE_CURVE('',#8708,#8853,#8855,.T.);
#8853 = VERTEX_POINT('',#8854);
#8854 = CARTESIAN_POINT('',(-2.,1.581929201956,59.4));
#8855 = SURFACE_CURVE('',#8856,(#8860,#8866),.PCURVE_S1.);
#8856 = LINE('',#8857,#8858);
#8857 = CARTESIAN_POINT('',(-2.,1.581929201956,55.));
#8858 = VECTOR('',#8859,1.);
#8859 = DIRECTION('',(-0.,-0.,-1.));
#8860 = PCURVE('',#8292,#8861);
#8861 = DEFINITIONAL_REPRESENTATION('',(#8862),#8865);
#8862 = B_SPLINE_CURVE_WITH_KNOTS('',1,(#8863,#8864),.UNSPECIFIED.,.F.,
  .F.,(2,2),(-8.7,-3.3),.PIECEWISE_BEZIER_KNOTS.);
#8863 = CARTESIAN_POINT('',(-2.472385434728,-8.7));
#8864 = CARTESIAN_POINT('',(-2.472385434728,-3.3));
#8865 = ( GEOMETRIC_REPRESENTATION_CONTEXT(2) 
PARAMETRIC_REPRESENTATION_CONTEXT() REPRESENTATION_CONTEXT('2D SPACE',''
  ) );
#8866 = PCURVE('',#8867,#8872);
#8867 = PLANE('',#8868);
#8868 = AXIS2_PLACEMENT_3D('',#8869,#8870,#8871);
#8869 = CARTESIAN_POINT('',(-2.,3.968671523339E-16,61.));
#8870 = DIRECTION('',(-1.,1.224646799147E-16,0.));
#8871 = DIRECTION('',(0.,0.,1.));
#8872 = DEFINITIONAL_REPRESENTATION('',(#8873),#8876);
#8873 = B_SPLINE_CURVE_WITH_KNOTS('',1,(#8874,#8875),.UNSPECIFIED.,.F.,
  .F.,(2,2),(-8.7,-3.3),.PIECEWISE_BEZIER_KNOTS.);
#8874 = CARTESIAN_POINT('',(2.7,1.581929201956));
#8875 = CARTESIAN_POINT('',(-2.7,1.581929201956));
#8876 = ( GEOMETRIC_REPRESENTATION_CONTEXT(2) 
PARAMETRIC_REPRESENTATION_CONTEXT() REPRESENTATION_CONTEXT('2D SPACE',''
  ) );
#8877 = ORIENTED_EDGE('',*,*,#8878,.T.);
#8878 = EDGE_CURVE('',#8853,#8682,#8879,.T.);
#8879 = SURFACE_CURVE('',#8880,(#8923,#8969),.PCURVE_S1.);
#8880 = B_SPLINE_CURVE_WITH_KNOTS('',6,(#8881,#8882,#8883,#8884,#8885,
    #8886,#8887,#8888,#8889,#8890,#8891,#8892,#8893,#8894,#8895,#8896,
    #8897,#8898,#8899,#8900,#8901,#8902,#8903,#8904,#8905,#8906,#8907,
    #8908,#8909,#8910,#8911,#8912,#8913,#8914,#8915,#8916,#8917,#8918,
    #8919,#8920,#8921,#8922),.UNSPECIFIED.,.F.,.F.,(7,5,5,5,5,5,5,5,7),(
    0.,0.271853673491,0.357401163426,0.403600062341,0.49775025156,
    0.596638452104,0.644022303098,0.730127092957,1.),.UNSPECIFIED.);
#8881 = CARTESIAN_POINT('',(-1.9999994,1.581929960523,59.40000075));
#8882 = CARTESIAN_POINT('',(-2.075683793689,1.486243839301,
    59.305395241924));
#8883 = CARTESIAN_POINT('',(-2.149741122643,1.381324025047,
    59.215239748743));
#8884 = CARTESIAN_POINT('',(-2.221093194389,1.266372469137,
    59.130046988919));
#8885 = CARTESIAN_POINT('',(-2.288376662346,1.140553322319,
    59.050919328462));
#8886 = CARTESIAN_POINT('',(-2.34974912851,1.003149625712,
    58.979540384968));
#8887 = CARTESIAN_POINT('',(-2.419527525523,0.806768282144,58.8989987761
    ));
#8888 = CARTESIAN_POINT('',(-2.435403119906,0.75859115415,
    58.880727917991));
#8889 = CARTESIAN_POINT('',(-2.450362321529,0.70927773209,
    58.863555914115));
#8890 = CARTESIAN_POINT('',(-2.464318085418,0.658867264473,
    58.847571468186));
#8891 = CARTESIAN_POINT('',(-2.477186161922,0.607403223914,
    58.832860702943));
#8892 = CARTESIAN_POINT('',(-2.495202966541,0.526597556048,
    58.812295739057));
#8893 = CARTESIAN_POINT('',(-2.501178396583,0.497975458973,
    58.805481847701));
#8894 = CARTESIAN_POINT('',(-2.506797577777,0.469079614598,
    58.799079782197));
#8895 = CARTESIAN_POINT('',(-2.512047362535,0.43992515785,
    58.793103190355));
#8896 = CARTESIAN_POINT('',(-2.516915264747,0.4105297599,58.787565071678
    ));
#8897 = CARTESIAN_POINT('',(-2.530507562562,0.320557981759,
    58.77211022027));
#8898 = CARTESIAN_POINT('',(-2.537996294872,0.259249763963,
    58.763608498596));
#8899 = CARTESIAN_POINT('',(-2.54374621869,0.197209572029,
    58.757087854715));
#8900 = CARTESIAN_POINT('',(-2.547682119476,0.134662350674,
    58.752626963093));
#8901 = CARTESIAN_POINT('',(-2.549763364904,7.183575966423E-02,
    58.750268186897));
#8902 = CARTESIAN_POINT('',(-2.550216278767,-5.708290812552E-02,
    58.749754883619));
#8903 = CARTESIAN_POINT('',(-2.548395778274,-0.123118057763,
    58.751818157549));
#8904 = CARTESIAN_POINT('',(-2.544523395234,-0.188881245108,
    58.756206539746));
#8905 = CARTESIAN_POINT('',(-2.538642429646,-0.254107849636,
    58.76287491549));
#8906 = CARTESIAN_POINT('',(-2.530838402068,-0.318536425444,
    58.771733856044));
#8907 = CARTESIAN_POINT('',(-2.516638713237,-0.412277687819,
    58.78787961221));
#8908 = CARTESIAN_POINT('',(-2.511624994097,-0.442411892891,
    58.793583809902));
#8909 = CARTESIAN_POINT('',(-2.506210236608,-0.472291707289,
    58.799748539747));
#8910 = CARTESIAN_POINT('',(-2.50040794326,-0.501898189948,
    58.806359745804));
#8911 = CARTESIAN_POINT('',(-2.494232332292,-0.531215200648,
    58.813402672211));
#8912 = CARTESIAN_POINT('',(-2.475824920479,-0.612953302516,
    58.834416524887));
#8913 = CARTESIAN_POINT('',(-2.462773302295,-0.664652546347,
    58.849339671906));
#8914 = CARTESIAN_POINT('',(-2.448626623569,-0.715280082889,
    58.865546069277));
#8915 = CARTESIAN_POINT('',(-2.433470649178,-0.764793185367,
    58.882948102202));
#8916 = CARTESIAN_POINT('',(-2.417393768449,-0.813153448858,
    58.901455776053));
#8917 = CARTESIAN_POINT('',(-2.347497143314,-1.008179271063,
    58.982159989883));
#8918 = CARTESIAN_POINT('',(-2.286401895848,-1.144240296742,
    59.053242135452));
#8919 = CARTESIAN_POINT('',(-2.219523309373,-1.268898905905,
    59.131921669063));
#8920 = CARTESIAN_POINT('',(-2.148656025404,-1.382860476275,
    59.216560910181));
#8921 = CARTESIAN_POINT('',(-2.075130166254,-1.486943778341,
    59.306087276335));
#8922 = CARTESIAN_POINT('',(-1.9999994,-1.581929960523,59.40000075));
#8923 = PCURVE('',#8292,#8924);
#8924 = DEFINITIONAL_REPRESENTATION('',(#8925),#8968);
#8925 = B_SPLINE_CURVE_WITH_KNOTS('',6,(#8926,#8927,#8928,#8929,#8930,
    #8931,#8932,#8933,#8934,#8935,#8936,#8937,#8938,#8939,#8940,#8941,
    #8942,#8943,#8944,#8945,#8946,#8947,#8948,#8949,#8950,#8951,#8952,
    #8953,#8954,#8955,#8956,#8957,#8958,#8959,#8960,#8961,#8962,#8963,
    #8964,#8965,#8966,#8967),.UNSPECIFIED.,.F.,.F.,(7,5,5,5,5,5,5,5,7),(
    0.,0.271853673491,0.357401163426,0.403600062341,0.49775025156,
    0.596638452104,0.644022303098,0.730127092957,1.),.UNSPECIFIED.);
#8926 = CARTESIAN_POINT('',(-2.472385055444,-4.40000075));
#8927 = CARTESIAN_POINT('',(-2.520228130408,-4.305395241924));
#8928 = CARTESIAN_POINT('',(-2.57051544266,-4.215239748743));
#8929 = CARTESIAN_POINT('',(-2.623427098052,-4.130046988919));
#8930 = CARTESIAN_POINT('',(-2.679186815096,-4.050919328462));
#8931 = CARTESIAN_POINT('',(-2.738018871681,-3.979540384968));
#8932 = CARTESIAN_POINT('',(-2.819748216356,-3.8989987761));
#8933 = CARTESIAN_POINT('',(-2.839635229742,-3.880727917991));
#8934 = CARTESIAN_POINT('',(-2.85983531234,-3.863555914115));
#8935 = CARTESIAN_POINT('',(-2.88033821654,-3.847571468186));
#8936 = CARTESIAN_POINT('',(-2.901134667367,-3.832860702943));
#8937 = CARTESIAN_POINT('',(-2.933601279816,-3.812295739057));
#8938 = CARTESIAN_POINT('',(-2.945066567384,-3.805481847701));
#8939 = CARTESIAN_POINT('',(-2.956608899986,-3.799079782197));
#8940 = CARTESIAN_POINT('',(-2.968224196457,-3.793103190355));
#8941 = CARTESIAN_POINT('',(-2.979907619661,-3.787565071678));
#8942 = CARTESIAN_POINT('',(-3.015591031358,-3.77211022027));
#8943 = CARTESIAN_POINT('',(-3.039802407531,-3.763608498596));
#8944 = CARTESIAN_POINT('',(-3.064220430042,-3.757087854715));
#8945 = CARTESIAN_POINT('',(-3.088781016998,-3.752626963093));
#8946 = CARTESIAN_POINT('',(-3.113421608053,-3.750268186897));
#8947 = CARTESIAN_POINT('',(-3.163978260355,-3.749754883619));
#8948 = CARTESIAN_POINT('',(-3.189871725321,-3.751818157549));
#8949 = CARTESIAN_POINT('',(-3.21568699504,-3.756206539746));
#8950 = CARTESIAN_POINT('',(-3.241351531661,-3.76287491549));
#8951 = CARTESIAN_POINT('',(-3.266791020954,-3.771733856044));
#8952 = CARTESIAN_POINT('',(-3.303971659908,-3.78787961221));
#8953 = CARTESIAN_POINT('',(-3.315950171725,-3.793583809902));
#8954 = CARTESIAN_POINT('',(-3.327856760745,-3.799748539747));
#8955 = CARTESIAN_POINT('',(-3.339686245585,-3.806359745804));
#8956 = CARTESIAN_POINT('',(-3.351434279231,-3.813402672211));
#8957 = CARTESIAN_POINT('',(-3.384291197865,-3.834416524887));
#8958 = CARTESIAN_POINT('',(-3.405194535399,-3.849339671906));
#8959 = CARTESIAN_POINT('',(-3.425799367693,-3.865546069277));
#8960 = CARTESIAN_POINT('',(-3.446096722645,-3.882948102202));
#8961 = CARTESIAN_POINT('',(-3.466076649996,-3.901455776053));
#8962 = CARTESIAN_POINT('',(-3.547320923595,-3.982159989883));
#8963 = CARTESIAN_POINT('',(-3.60563306969,-4.053242135452));
#8964 = CARTESIAN_POINT('',(-3.66092148661,-4.131921669063));
#8965 = CARTESIAN_POINT('',(-3.713406421019,-4.216560910181));
#8966 = CARTESIAN_POINT('',(-3.763307146396,-4.306087276335));
#8967 = CARTESIAN_POINT('',(-3.810800251735,-4.40000075));
#8968 = ( GEOMETRIC_REPRESENTATION_CONTEXT(2) 
PARAMETRIC_REPRESENTATION_CONTEXT() REPRESENTATION_CONTEXT('2D SPACE',''
  ) );
#8969 = PCURVE('',#8801,#8970);
#8970 = DEFINITIONAL_REPRESENTATION('',(#8971),#9014);
#8971 = B_SPLINE_CURVE_WITH_KNOTS('',6,(#8972,#8973,#8974,#8975,#8976,
    #8977,#8978,#8979,#8980,#8981,#8982,#8983,#8984,#8985,#8986,#8987,
    #8988,#8989,#8990,#8991,#8992,#8993,#8994,#8995,#8996,#8997,#8998,
    #8999,#9000,#9001,#9002,#9003,#9004,#9005,#9006,#9007,#9008,#9009,
    #9010,#9011,#9012,#9013),.UNSPECIFIED.,.F.,.F.,(7,5,5,5,5,5,5,5,7),(
    0.,0.271853673491,0.357401163426,0.403600062341,0.49775025156,
    0.596638452104,0.644022303098,0.730127092957,1.),.UNSPECIFIED.);
#8972 = CARTESIAN_POINT('',(-3.932669477339,6.000000000173E-07));
#8973 = CARTESIAN_POINT('',(-3.992473331135,-7.568379368895E-02));
#8974 = CARTESIAN_POINT('',(-4.053805095589,-0.149741122643));
#8975 = CARTESIAN_POINT('',(-4.117140751642,-0.221093194389));
#8976 = CARTESIAN_POINT('',(-4.182886889545,-0.288376662346));
#8977 = CARTESIAN_POINT('',(-4.251425918656,-0.34974912851));
#8978 = CARTESIAN_POINT('',(-4.345761890729,-0.419527525523));
#8979 = CARTESIAN_POINT('',(-4.368653850027,-0.435403119906));
#8980 = CARTESIAN_POINT('',(-4.391848492212,-0.450362321529));
#8981 = CARTESIAN_POINT('',(-4.415338268306,-0.464318085418));
#8982 = CARTESIAN_POINT('',(-4.439117112357,-0.477186161922));
#8983 = CARTESIAN_POINT('',(-4.476175554554,-0.495202966541));
#8984 = CARTESIAN_POINT('',(-4.489250416455,-0.501178396583));
#8985 = CARTESIAN_POINT('',(-4.502402009146,-0.506797577777));
#8986 = CARTESIAN_POINT('',(-4.51562649754,-0.512047362535));
#8987 = CARTESIAN_POINT('',(-4.528919229458,-0.516915264747));
#8988 = CARTESIAN_POINT('',(-4.569492341746,-0.530507562562));
#8989 = CARTESIAN_POINT('',(-4.596986813794,-0.537996294872));
#8990 = CARTESIAN_POINT('',(-4.624689138154,-0.54374621869));
#8991 = CARTESIAN_POINT('',(-4.65253486263,-0.547682119476));
#8992 = CARTESIAN_POINT('',(-4.680461744058,-0.549763364904));
#8993 = CARTESIAN_POINT('',(-4.737759383912,-0.550216278767));
#8994 = CARTESIAN_POINT('',(-4.767104454701,-0.548395778274));
#8995 = CARTESIAN_POINT('',(-4.796370061207,-0.544523395234));
#8996 = CARTESIAN_POINT('',(-4.825484077218,-0.538642429646));
#8997 = CARTESIAN_POINT('',(-4.854371797222,-0.530838402068));
#8998 = CARTESIAN_POINT('',(-4.896648042693,-0.516638713237));
#8999 = CARTESIAN_POINT('',(-4.910276991524,-0.511624994097));
#9000 = CARTESIAN_POINT('',(-4.923833902046,-0.506210236608));
#9001 = CARTESIAN_POINT('',(-4.937313795389,-0.50040794326));
#9002 = CARTESIAN_POINT('',(-4.950712594505,-0.494232332292));
#9003 = CARTESIAN_POINT('',(-4.98822196598,-0.475824920479));
#9004 = CARTESIAN_POINT('',(-5.012127176776,-0.462773302295));
#9005 = CARTESIAN_POINT('',(-5.03573859344,-0.448626623569));
#9006 = CARTESIAN_POINT('',(-5.059050561876,-0.433470649178));
#9007 = CARTESIAN_POINT('',(-5.082055937017,-0.417393768449));
#9008 = CARTESIAN_POINT('',(-5.175862400725,-0.347497143314));
#9009 = CARTESIAN_POINT('',(-5.243818706963,-0.286401895848));
#9010 = CARTESIAN_POINT('',(-5.309029846184,-0.219523309373));
#9011 = CARTESIAN_POINT('',(-5.37187130317,-0.148656025404));
#9012 = CARTESIAN_POINT('',(-5.432742091739,-7.51301662537E-02));
#9013 = CARTESIAN_POINT('',(-5.492108483431,6.000000000173E-07));
#9014 = ( GEOMETRIC_REPRESENTATION_CONTEXT(2) 
PARAMETRIC_REPRESENTATION_CONTEXT() REPRESENTATION_CONTEXT('2D SPACE',''
  ) );
#9015 = ADVANCED_FACE('',(#9016),#8324,.T.);
#9016 = FACE_BOUND('',#9017,.F.);
#9017 = EDGE_LOOP('',(#9018,#9019,#9042,#9103,#9135,#9168,#9283,#9315,
    #9343,#9415));
#9018 = ORIENTED_EDGE('',*,*,#8307,.F.);
#9019 = ORIENTED_EDGE('',*,*,#9020,.T.);
#9020 = EDGE_CURVE('',#8308,#9021,#9023,.T.);
#9021 = VERTEX_POINT('',#9022);
#9022 = CARTESIAN_POINT('',(11.,0.,58.2));
#9023 = SEAM_CURVE('',#9024,(#9028,#9035),.PCURVE_S1.);
#9024 = LINE('',#9025,#9026);
#9025 = CARTESIAN_POINT('',(11.,0.,58.));
#9026 = VECTOR('',#9027,1.);
#9027 = DIRECTION('',(0.,0.,1.));
#9028 = PCURVE('',#8324,#9029);
#9029 = DEFINITIONAL_REPRESENTATION('',(#9030),#9034);
#9030 = LINE('',#9031,#9032);
#9031 = CARTESIAN_POINT('',(-6.28318530718,0.));
#9032 = VECTOR('',#9033,1.);
#9033 = DIRECTION('',(-0.,-1.));
#9034 = ( GEOMETRIC_REPRESENTATION_CONTEXT(2) 
PARAMETRIC_REPRESENTATION_CONTEXT() REPRESENTATION_CONTEXT('2D SPACE',''
  ) );
#9035 = PCURVE('',#8324,#9036);
#9036 = DEFINITIONAL_REPRESENTATION('',(#9037),#9041);
#9037 = LINE('',#9038,#9039);
#9038 = CARTESIAN_POINT('',(-0.,0.));
#9039 = VECTOR('',#9040,1.);
#9040 = DIRECTION('',(-0.,-1.));
#9041 = ( GEOMETRIC_REPRESENTATION_CONTEXT(2) 
PARAMETRIC_REPRESENTATION_CONTEXT() REPRESENTATION_CONTEXT('2D SPACE',''
  ) );
#9042 = ORIENTED_EDGE('',*,*,#9043,.T.);
#9043 = EDGE_CURVE('',#9021,#9044,#9046,.T.);
#9044 = VERTEX_POINT('',#9045);
#9045 = CARTESIAN_POINT('',(10.637668917578,2.8,61.));
#9046 = SURFACE_CURVE('',#9047,(#9062,#9080),.PCURVE_S1.);
#9047 = B_SPLINE_CURVE_WITH_KNOTS('',7,(#9048,#9049,#9050,#9051,#9052,
    #9053,#9054,#9055,#9056,#9057,#9058,#9059,#9060,#9061),
  .UNSPECIFIED.,.F.,.F.,(8,6,8),(0.,0.448097891776,1.),.UNSPECIFIED.);
#9048 = CARTESIAN_POINT('',(11.,-2.571758278209E-16,58.2));
#9049 = CARTESIAN_POINT('',(11.,0.344714875215,58.2));
#9050 = CARTESIAN_POINT('',(10.987396548489,0.680057232547,
    58.249511217854));
#9051 = CARTESIAN_POINT('',(10.963426505156,0.997788698647,
    58.343691660514));
#9052 = CARTESIAN_POINT('',(10.930977724359,1.291005994202,
    58.476293721574));
#9053 = CARTESIAN_POINT('',(10.89395974183,1.554308167077,
    58.639618651789));
#9054 = CARTESIAN_POINT('',(10.85615010272,1.784254286254,58.82445631161
    ));
#9055 = CARTESIAN_POINT('',(10.776259285116,2.220865804985,
    59.26106783034));
#9056 = CARTESIAN_POINT('',(10.733798805734,2.417554824872,
    59.526186956356));
#9057 = CARTESIAN_POINT('',(10.696771815999,2.571982473597,
    59.807189204114));
#9058 = CARTESIAN_POINT('',(10.667601396497,2.686283577584,
    60.098677185646));
#9059 = CARTESIAN_POINT('',(10.647668082498,2.762010953677,
    60.396652001564));
#9060 = CARTESIAN_POINT('',(10.637668917578,2.8,60.69805089258));
#9061 = CARTESIAN_POINT('',(10.637668917578,2.8,61.));
#9062 = PCURVE('',#8324,#9063);
#9063 = DEFINITIONAL_REPRESENTATION('',(#9064),#9079);
#9064 = B_SPLINE_CURVE_WITH_KNOTS('',7,(#9065,#9066,#9067,#9068,#9069,
    #9070,#9071,#9072,#9073,#9074,#9075,#9076,#9077,#9078),
  .UNSPECIFIED.,.F.,.F.,(8,6,8),(0.,0.448097891776,1.),.UNSPECIFIED.);
#9065 = CARTESIAN_POINT('',(0.,-0.2));
#9066 = CARTESIAN_POINT('',(-3.133771592861E-02,-0.2));
#9067 = CARTESIAN_POINT('',(-6.182342017221E-02,-0.249511217854));
#9068 = CARTESIAN_POINT('',(-9.075817220583E-02,-0.343691660514));
#9069 = CARTESIAN_POINT('',(-0.117553339196,-0.476293721574));
#9070 = CARTESIAN_POINT('',(-0.14171450336,-0.639618651789));
#9071 = CARTESIAN_POINT('',(-0.162895937335,-0.82445631161));
#9072 = CARTESIAN_POINT('',(-0.20324689368,-1.26106783034));
#9073 = CARTESIAN_POINT('',(-0.221530463933,-1.526186956356));
#9074 = CARTESIAN_POINT('',(-0.235963957727,-1.807189204114));
#9075 = CARTESIAN_POINT('',(-0.246687640073,-2.098677185646));
#9076 = CARTESIAN_POINT('',(-0.253806471648,-2.396652001564));
#9077 = CARTESIAN_POINT('',(-0.257377646322,-2.69805089258));
#9078 = CARTESIAN_POINT('',(-0.257377646322,-3.));
#9079 = ( GEOMETRIC_REPRESENTATION_CONTEXT(2) 
PARAMETRIC_REPRESENTATION_CONTEXT() REPRESENTATION_CONTEXT('2D SPACE',''
  ) );
#9080 = PCURVE('',#9081,#9086);
#9081 = CYLINDRICAL_SURFACE('',#9082,2.8);
#9082 = AXIS2_PLACEMENT_3D('',#9083,#9084,#9085);
#9083 = CARTESIAN_POINT('',(5.,0.,61.));
#9084 = DIRECTION('',(-1.,-0.,-0.));
#9085 = DIRECTION('',(0.,1.,0.));
#9086 = DEFINITIONAL_REPRESENTATION('',(#9087),#9102);
#9087 = B_SPLINE_CURVE_WITH_KNOTS('',7,(#9088,#9089,#9090,#9091,#9092,
    #9093,#9094,#9095,#9096,#9097,#9098,#9099,#9100,#9101),
  .UNSPECIFIED.,.F.,.F.,(8,6,8),(0.,0.448097891776,1.),.UNSPECIFIED.);
#9088 = CARTESIAN_POINT('',(-4.712388980385,-6.));
#9089 = CARTESIAN_POINT('',(-4.835501435818,-6.));
#9090 = CARTESIAN_POINT('',(-4.955266460024,-5.987396548489));
#9091 = CARTESIAN_POINT('',(-5.071790149086,-5.963426505156));
#9092 = CARTESIAN_POINT('',(-5.184907782368,-5.930977724359));
#9093 = CARTESIAN_POINT('',(-5.294222861602,-5.89395974183));
#9094 = CARTESIAN_POINT('',(-5.398971647476,-5.85615010272));
#9095 = CARTESIAN_POINT('',(-5.619493765789,-5.776259285116));
#9096 = CARTESIAN_POINT('',(-5.736118313839,-5.733798805734));
#9097 = CARTESIAN_POINT('',(-5.849023246734,-5.696771815999));
#9098 = CARTESIAN_POINT('',(-5.959235105683,-5.667601396497));
#9099 = CARTESIAN_POINT('',(-6.067704103596,-5.647668082498));
#9100 = CARTESIAN_POINT('',(-6.175346340244,-5.637668917578));
#9101 = CARTESIAN_POINT('',(-6.28318530718,-5.637668917578));
#9102 = ( GEOMETRIC_REPRESENTATION_CONTEXT(2) 
PARAMETRIC_REPRESENTATION_CONTEXT() REPRESENTATION_CONTEXT('2D SPACE',''
  ) );
#9103 = ORIENTED_EDGE('',*,*,#9104,.T.);
#9104 = EDGE_CURVE('',#9044,#9105,#9107,.T.);
#9105 = VERTEX_POINT('',#9106);
#9106 = CARTESIAN_POINT('',(10.684568311354,2.615339366124,62.));
#9107 = SURFACE_CURVE('',#9108,(#9115,#9125),.PCURVE_S1.);
#9108 = B_SPLINE_CURVE_WITH_KNOTS('',5,(#9109,#9110,#9111,#9112,#9113,
    #9114),.UNSPECIFIED.,.F.,.F.,(6,6),(0.,1.),
  .PIECEWISE_BEZIER_KNOTS.);
#9109 = CARTESIAN_POINT('',(10.637668917578,2.8,61.));
#9110 = CARTESIAN_POINT('',(10.637668917578,2.8,61.202714300528));
#9111 = CARTESIAN_POINT('',(10.642497965529,2.781654965816,
    61.405400858081));
#9112 = CARTESIAN_POINT('',(10.652151304457,2.744974433687,
    61.606774499953));
#9113 = CARTESIAN_POINT('',(10.666366989694,2.689698084246,
    61.805526851026));
#9114 = CARTESIAN_POINT('',(10.68456836751,2.615339136709,62.0000006));
#9115 = PCURVE('',#8324,#9116);
#9116 = DEFINITIONAL_REPRESENTATION('',(#9117),#9124);
#9117 = B_SPLINE_CURVE_WITH_KNOTS('',5,(#9118,#9119,#9120,#9121,#9122,
    #9123),.UNSPECIFIED.,.F.,.F.,(6,6),(0.,1.),
  .PIECEWISE_BEZIER_KNOTS.);
#9118 = CARTESIAN_POINT('',(-0.257377646322,-3.));
#9119 = CARTESIAN_POINT('',(-0.257377646322,-3.202714300528));
#9120 = CARTESIAN_POINT('',(-0.255653124178,-3.405400858081));
#9121 = CARTESIAN_POINT('',(-0.252204894384,-3.606774499953));
#9122 = CARTESIAN_POINT('',(-0.247016585669,-3.805526851026));
#9123 = CARTESIAN_POINT('',(-0.24005711431,-4.0000006));
#9124 = ( GEOMETRIC_REPRESENTATION_CONTEXT(2) 
PARAMETRIC_REPRESENTATION_CONTEXT() REPRESENTATION_CONTEXT('2D SPACE',''
  ) );
#9125 = PCURVE('',#9081,#9126);
#9126 = DEFINITIONAL_REPRESENTATION('',(#9127),#9134);
#9127 = B_SPLINE_CURVE_WITH_KNOTS('',5,(#9128,#9129,#9130,#9131,#9132,
    #9133),.UNSPECIFIED.,.F.,.F.,(6,6),(0.,1.),
  .PIECEWISE_BEZIER_KNOTS.);
#9128 = CARTESIAN_POINT('',(0.,-5.637668917578));
#9129 = CARTESIAN_POINT('',(-7.239796447438E-02,-5.637668917578));
#9130 = CARTESIAN_POINT('',(-0.144785871324,-5.642497965529));
#9131 = CARTESIAN_POINT('',(-0.217496155742,-5.652151304457));
#9132 = CARTESIAN_POINT('',(-0.290848547784,-5.666366989694));
#9133 = CARTESIAN_POINT('',(-0.365207450706,-5.68456836751));
#9134 = ( GEOMETRIC_REPRESENTATION_CONTEXT(2) 
PARAMETRIC_REPRESENTATION_CONTEXT() REPRESENTATION_CONTEXT('2D SPACE',''
  ) );
#9135 = ORIENTED_EDGE('',*,*,#9136,.F.);
#9136 = EDGE_CURVE('',#9137,#9105,#9139,.T.);
#9137 = VERTEX_POINT('',#9138);
#9138 = CARTESIAN_POINT('',(-10.68456831135,2.615339366124,62.));
#9139 = SURFACE_CURVE('',#9140,(#9145,#9152),.PCURVE_S1.);
#9140 = CIRCLE('',#9141,11.);
#9141 = AXIS2_PLACEMENT_3D('',#9142,#9143,#9144);
#9142 = CARTESIAN_POINT('',(0.,0.,62.));
#9143 = DIRECTION('',(0.,0.,-1.));
#9144 = DIRECTION('',(1.,0.,0.));
#9145 = PCURVE('',#8324,#9146);
#9146 = DEFINITIONAL_REPRESENTATION('',(#9147),#9151);
#9147 = LINE('',#9148,#9149);
#9148 = CARTESIAN_POINT('',(-6.28318530718,-4.));
#9149 = VECTOR('',#9150,1.);
#9150 = DIRECTION('',(1.,-0.));
#9151 = ( GEOMETRIC_REPRESENTATION_CONTEXT(2) 
PARAMETRIC_REPRESENTATION_CONTEXT() REPRESENTATION_CONTEXT('2D SPACE',''
  ) );
#9152 = PCURVE('',#9153,#9158);
#9153 = PLANE('',#9154);
#9154 = AXIS2_PLACEMENT_3D('',#9155,#9156,#9157);
#9155 = CARTESIAN_POINT('',(-6.077511700175E-16,4.807142605466E-16,62.)
  );
#9156 = DIRECTION('',(0.,0.,1.));
#9157 = DIRECTION('',(1.,0.,-0.));
#9158 = DEFINITIONAL_REPRESENTATION('',(#9159),#9167);
#9159 = ( BOUNDED_CURVE() B_SPLINE_CURVE(2,(#9160,#9161,#9162,#9163,
#9164,#9165,#9166),.UNSPECIFIED.,.T.,.F.) B_SPLINE_CURVE_WITH_KNOTS((1,2
    ,2,2,2,1),(-2.094395102393,0.,2.094395102393,4.188790204786,
6.28318530718,8.377580409573),.UNSPECIFIED.) CURVE() 
GEOMETRIC_REPRESENTATION_ITEM() RATIONAL_B_SPLINE_CURVE((1.,0.5,1.,0.5,
1.,0.5,1.)) REPRESENTATION_ITEM('') );
#9160 = CARTESIAN_POINT('',(11.,-4.807142605466E-16));
#9161 = CARTESIAN_POINT('',(11.,-19.05255888325));
#9162 = CARTESIAN_POINT('',(-5.5,-9.526279441629));
#9163 = CARTESIAN_POINT('',(-22.,-3.174937218671E-15));
#9164 = CARTESIAN_POINT('',(-5.5,9.526279441629));
#9165 = CARTESIAN_POINT('',(11.,19.052558883258));
#9166 = CARTESIAN_POINT('',(11.,-4.807142605466E-16));
#9167 = ( GEOMETRIC_REPRESENTATION_CONTEXT(2) 
PARAMETRIC_REPRESENTATION_CONTEXT() REPRESENTATION_CONTEXT('2D SPACE',''
  ) );
#9168 = ORIENTED_EDGE('',*,*,#9169,.T.);
#9169 = EDGE_CURVE('',#9137,#9170,#9172,.T.);
#9170 = VERTEX_POINT('',#9171);
#9171 = CARTESIAN_POINT('',(-10.63766891757,-2.8,61.));
#9172 = SURFACE_CURVE('',#9173,(#9206,#9242),.PCURVE_S1.);
#9173 = B_SPLINE_CURVE_WITH_KNOTS('',7,(#9174,#9175,#9176,#9177,#9178,
    #9179,#9180,#9181,#9182,#9183,#9184,#9185,#9186,#9187,#9188,#9189,
    #9190,#9191,#9192,#9193,#9194,#9195,#9196,#9197,#9198,#9199,#9200,
    #9201,#9202,#9203,#9204,#9205),.UNSPECIFIED.,.F.,.F.,(8,6,6,6,6,8),(
    0.,0.114596854164,0.360562336393,0.558429255896,0.756296175399,1.),
  .UNSPECIFIED.);
#9174 = CARTESIAN_POINT('',(-10.68456836751,2.615339136709,62.0000006));
#9175 = CARTESIAN_POINT('',(-10.67181922219,2.667423821581,
    61.863781566962));
#9176 = CARTESIAN_POINT('',(-10.66089522693,2.710770064273,
    61.725603575605));
#9177 = CARTESIAN_POINT('',(-10.65195176046,2.745509121828,
    61.585913150899));
#9178 = CARTESIAN_POINT('',(-10.64510257324,2.771742332002,
    61.445110552629));
#9179 = CARTESIAN_POINT('',(-10.64042232418,2.789539193686,
    61.30356389238));
#9180 = CARTESIAN_POINT('',(-10.63794911727,2.798935447335,
    61.161623250515));
#9181 = CARTESIAN_POINT('',(-10.63712452393,2.802068297914,
    60.714877218103));
#9182 = CARTESIAN_POINT('',(-10.64674873782,2.765500739628,
    60.410522796633));
#9183 = CARTESIAN_POINT('',(-10.6665194828,2.690517692525,60.10952939406
    ));
#9184 = CARTESIAN_POINT('',(-10.69574035308,2.576280132771,
    59.815029513446));
#9185 = CARTESIAN_POINT('',(-10.73301020949,2.421205167244,
    59.531113287476));
#9186 = CARTESIAN_POINT('',(-10.7758500966,2.223102062222,
    59.263304087577));
#9187 = CARTESIAN_POINT('',(-10.85615010272,1.784254286254,
    58.82445631161));
#9188 = CARTESIAN_POINT('',(-10.89395974183,1.554308167078,
    58.63961865179));
#9189 = CARTESIAN_POINT('',(-10.93097772435,1.2910059942,58.476293721574
    ));
#9190 = CARTESIAN_POINT('',(-10.96342650515,0.997788698648,
    58.343691660514));
#9191 = CARTESIAN_POINT('',(-10.98739654848,0.680057232546,
    58.249511217854));
#9192 = CARTESIAN_POINT('',(-11.,0.344714875215,58.2));
#9193 = CARTESIAN_POINT('',(-11.,-0.344714875215,58.2));
#9194 = CARTESIAN_POINT('',(-10.98739654848,-0.680057232547,
    58.249511217854));
#9195 = CARTESIAN_POINT('',(-10.96342650515,-0.997788698647,
    58.343691660514));
#9196 = CARTESIAN_POINT('',(-10.93097772435,-1.291005994202,
    58.476293721574));
#9197 = CARTESIAN_POINT('',(-10.89395974183,-1.554308167078,
    58.639618651789));
#9198 = CARTESIAN_POINT('',(-10.85615010272,-1.784254286254,
    58.82445631161));
#9199 = CARTESIAN_POINT('',(-10.77625928511,-2.220865804985,
    59.26106783034));
#9200 = CARTESIAN_POINT('',(-10.73379880573,-2.417554824872,
    59.526186956356));
#9201 = CARTESIAN_POINT('',(-10.69677181599,-2.571982473598,
    59.807189204113));
#9202 = CARTESIAN_POINT('',(-10.66760139649,-2.686283577584,
    60.098677185647));
#9203 = CARTESIAN_POINT('',(-10.64766808249,-2.762010953677,
    60.396652001563));
#9204 = CARTESIAN_POINT('',(-10.63766891757,-2.8,60.698050892581));
#9205 = CARTESIAN_POINT('',(-10.63766891757,-2.8,61.));
#9206 = PCURVE('',#8324,#9207);
#9207 = DEFINITIONAL_REPRESENTATION('',(#9208),#9241);
#9208 = B_SPLINE_CURVE_WITH_KNOTS('',7,(#9209,#9210,#9211,#9212,#9213,
    #9214,#9215,#9216,#9217,#9218,#9219,#9220,#9221,#9222,#9223,#9224,
    #9225,#9226,#9227,#9228,#9229,#9230,#9231,#9232,#9233,#9234,#9235,
    #9236,#9237,#9238,#9239,#9240),.UNSPECIFIED.,.F.,.F.,(8,6,6,6,6,8),(
    0.,0.114596854164,0.360562336393,0.558429255896,0.756296175399,1.),
  .UNSPECIFIED.);
#9209 = CARTESIAN_POINT('',(-2.90153553928,-4.0000006));
#9210 = CARTESIAN_POINT('',(-2.896660781304,-3.863781566962));
#9211 = CARTESIAN_POINT('',(-2.892597087565,-3.725603575605));
#9212 = CARTESIAN_POINT('',(-2.889336072234,-3.585913150899));
#9213 = CARTESIAN_POINT('',(-2.886871295104,-3.445110552629));
#9214 = CARTESIAN_POINT('',(-2.885198371295,-3.30356389238));
#9215 = CARTESIAN_POINT('',(-2.88431508097,-3.161623250515));
#9216 = CARTESIAN_POINT('',(-2.884020576106,-2.714877218103));
#9217 = CARTESIAN_POINT('',(-2.887458104223,-2.410522796633));
#9218 = CARTESIAN_POINT('',(-2.894507738886,-2.10952939406));
#9219 = CARTESIAN_POINT('',(-2.905226997029,-1.815029513446));
#9220 = CARTESIAN_POINT('',(-2.919722856054,-1.531113287476));
#9221 = CARTESIAN_POINT('',(-2.9381390885,-1.263304087577));
#9222 = CARTESIAN_POINT('',(-2.978696716255,-0.82445631161));
#9223 = CARTESIAN_POINT('',(-2.99987815023,-0.63961865179));
#9224 = CARTESIAN_POINT('',(-3.024039314394,-0.476293721574));
#9225 = CARTESIAN_POINT('',(-3.050834481384,-0.343691660514));
#9226 = CARTESIAN_POINT('',(-3.079769233418,-0.249511217853));
#9227 = CARTESIAN_POINT('',(-3.110254937661,-0.2));
#9228 = CARTESIAN_POINT('',(-3.172930369518,-0.2));
#9229 = CARTESIAN_POINT('',(-3.203416073762,-0.249511217853));
#9230 = CARTESIAN_POINT('',(-3.232350825796,-0.343691660514));
#9231 = CARTESIAN_POINT('',(-3.259145992786,-0.476293721574));
#9232 = CARTESIAN_POINT('',(-3.28330715695,-0.639618651789));
#9233 = CARTESIAN_POINT('',(-3.304488590925,-0.82445631161));
#9234 = CARTESIAN_POINT('',(-3.344839547269,-1.26106783034));
#9235 = CARTESIAN_POINT('',(-3.363123117523,-1.526186956356));
#9236 = CARTESIAN_POINT('',(-3.377556611317,-1.807189204113));
#9237 = CARTESIAN_POINT('',(-3.388280293663,-2.098677185648));
#9238 = CARTESIAN_POINT('',(-3.395399125238,-2.396652001563));
#9239 = CARTESIAN_POINT('',(-3.398970299912,-2.698050892581));
#9240 = CARTESIAN_POINT('',(-3.398970299912,-3.));
#9241 = ( GEOMETRIC_REPRESENTATION_CONTEXT(2) 
PARAMETRIC_REPRESENTATION_CONTEXT() REPRESENTATION_CONTEXT('2D SPACE',''
  ) );
#9242 = PCURVE('',#9243,#9248);
#9243 = CYLINDRICAL_SURFACE('',#9244,2.8);
#9244 = AXIS2_PLACEMENT_3D('',#9245,#9246,#9247);
#9245 = CARTESIAN_POINT('',(-5.,6.123233995737E-16,61.));
#9246 = DIRECTION('',(1.,-1.224646799147E-16,-0.));
#9247 = DIRECTION('',(-1.224646799147E-16,-1.,0.));
#9248 = DEFINITIONAL_REPRESENTATION('',(#9249),#9282);
#9249 = B_SPLINE_CURVE_WITH_KNOTS('',7,(#9250,#9251,#9252,#9253,#9254,
    #9255,#9256,#9257,#9258,#9259,#9260,#9261,#9262,#9263,#9264,#9265,
    #9266,#9267,#9268,#9269,#9270,#9271,#9272,#9273,#9274,#9275,#9276,
    #9277,#9278,#9279,#9280,#9281),.UNSPECIFIED.,.F.,.F.,(8,6,6,6,6,8),(
    0.,0.114596854164,0.360562336393,0.558429255896,0.756296175399,1.),
  .UNSPECIFIED.);
#9250 = CARTESIAN_POINT('',(-2.776385202884,-5.68456836751));
#9251 = CARTESIAN_POINT('',(-2.828469856505,-5.671819222193));
#9252 = CARTESIAN_POINT('',(-2.880093485655,-5.660895226935));
#9253 = CARTESIAN_POINT('',(-2.93135430278,-5.651951760461));
#9254 = CARTESIAN_POINT('',(-2.982344644132,-5.645102573243));
#9255 = CARTESIAN_POINT('',(-3.033153452473,-5.640422324181));
#9256 = CARTESIAN_POINT('',(-3.083868759787,-5.637949117277));
#9257 = CARTESIAN_POINT('',(-3.243424837283,-5.637124523931));
#9258 = CARTESIAN_POINT('',(-3.352028353893,-5.646748737828));
#9259 = CARTESIAN_POINT('',(-3.461442888026,-5.666519482801));
#9260 = CARTESIAN_POINT('',(-3.572606794278,-5.695740353082));
#9261 = CARTESIAN_POINT('',(-3.686493685723,-5.733010209499));
#9262 = CARTESIAN_POINT('',(-3.804154714511,-5.775850096601));
#9263 = CARTESIAN_POINT('',(-4.025806313293,-5.85615010272));
#9264 = CARTESIAN_POINT('',(-4.130555099167,-5.89395974183));
#9265 = CARTESIAN_POINT('',(-4.239870178402,-5.930977724359));
#9266 = CARTESIAN_POINT('',(-4.352987811683,-5.963426505156));
#9267 = CARTESIAN_POINT('',(-4.469511500746,-5.987396548489));
#9268 = CARTESIAN_POINT('',(-4.589276524951,-6.));
#9269 = CARTESIAN_POINT('',(-4.835501435819,-6.));
#9270 = CARTESIAN_POINT('',(-4.955266460024,-5.987396548489));
#9271 = CARTESIAN_POINT('',(-5.071790149086,-5.963426505156));
#9272 = CARTESIAN_POINT('',(-5.184907782368,-5.930977724359));
#9273 = CARTESIAN_POINT('',(-5.294222861602,-5.89395974183));
#9274 = CARTESIAN_POINT('',(-5.398971647476,-5.85615010272));
#9275 = CARTESIAN_POINT('',(-5.619493765789,-5.776259285116));
#9276 = CARTESIAN_POINT('',(-5.736118313838,-5.733798805735));
#9277 = CARTESIAN_POINT('',(-5.849023246734,-5.696771815999));
#9278 = CARTESIAN_POINT('',(-5.959235105683,-5.667601396497));
#9279 = CARTESIAN_POINT('',(-6.067704103596,-5.647668082498));
#9280 = CARTESIAN_POINT('',(-6.175346340244,-5.637668917578));
#9281 = CARTESIAN_POINT('',(-6.28318530718,-5.637668917578));
#9282 = ( GEOMETRIC_REPRESENTATION_CONTEXT(2) 
PARAMETRIC_REPRESENTATION_CONTEXT() REPRESENTATION_CONTEXT('2D SPACE',''
  ) );
#9283 = ORIENTED_EDGE('',*,*,#9284,.T.);
#9284 = EDGE_CURVE('',#9170,#9285,#9287,.T.);
#9285 = VERTEX_POINT('',#9286);
#9286 = CARTESIAN_POINT('',(-10.68456831135,-2.615339366124,62.));
#9287 = SURFACE_CURVE('',#9288,(#9295,#9305),.PCURVE_S1.);
#9288 = B_SPLINE_CURVE_WITH_KNOTS('',5,(#9289,#9290,#9291,#9292,#9293,
    #9294),.UNSPECIFIED.,.F.,.F.,(6,6),(0.,1.),
  .PIECEWISE_BEZIER_KNOTS.);
#9289 = CARTESIAN_POINT('',(-10.63766891757,-2.8,61.));
#9290 = CARTESIAN_POINT('',(-10.63766891757,-2.8,61.202714300528));
#9291 = CARTESIAN_POINT('',(-10.64249796552,-2.781654965816,
    61.405400858081));
#9292 = CARTESIAN_POINT('',(-10.65215130445,-2.744974433687,
    61.606774499953));
#9293 = CARTESIAN_POINT('',(-10.66636698969,-2.689698084246,
    61.805526851026));
#9294 = CARTESIAN_POINT('',(-10.68456836751,-2.615339136709,62.0000006)
  );
#9295 = PCURVE('',#8324,#9296);
#9296 = DEFINITIONAL_REPRESENTATION('',(#9297),#9304);
#9297 = B_SPLINE_CURVE_WITH_KNOTS('',5,(#9298,#9299,#9300,#9301,#9302,
    #9303),.UNSPECIFIED.,.F.,.F.,(6,6),(0.,1.),
  .PIECEWISE_BEZIER_KNOTS.);
#9298 = CARTESIAN_POINT('',(-3.398970299912,-3.));
#9299 = CARTESIAN_POINT('',(-3.398970299912,-3.202714300528));
#9300 = CARTESIAN_POINT('',(-3.397245777767,-3.405400858081));
#9301 = CARTESIAN_POINT('',(-3.393797547974,-3.606774499953));
#9302 = CARTESIAN_POINT('',(-3.388609239258,-3.805526851026));
#9303 = CARTESIAN_POINT('',(-3.381649767899,-4.0000006));
#9304 = ( GEOMETRIC_REPRESENTATION_CONTEXT(2) 
PARAMETRIC_REPRESENTATION_CONTEXT() REPRESENTATION_CONTEXT('2D SPACE',''
  ) );
#9305 = PCURVE('',#9243,#9306);
#9306 = DEFINITIONAL_REPRESENTATION('',(#9307),#9314);
#9307 = B_SPLINE_CURVE_WITH_KNOTS('',5,(#9308,#9309,#9310,#9311,#9312,
    #9313),.UNSPECIFIED.,.F.,.F.,(6,6),(0.,1.),
  .PIECEWISE_BEZIER_KNOTS.);
#9308 = CARTESIAN_POINT('',(0.,-5.637668917578));
#9309 = CARTESIAN_POINT('',(-7.239796447438E-02,-5.637668917578));
#9310 = CARTESIAN_POINT('',(-0.144785871324,-5.642497965529));
#9311 = CARTESIAN_POINT('',(-0.217496155742,-5.652151304457));
#9312 = CARTESIAN_POINT('',(-0.290848547784,-5.666366989694));
#9313 = CARTESIAN_POINT('',(-0.365207450706,-5.68456836751));
#9314 = ( GEOMETRIC_REPRESENTATION_CONTEXT(2) 
PARAMETRIC_REPRESENTATION_CONTEXT() REPRESENTATION_CONTEXT('2D SPACE',''
  ) );
#9315 = ORIENTED_EDGE('',*,*,#9316,.F.);
#9316 = EDGE_CURVE('',#9317,#9285,#9319,.T.);
#9317 = VERTEX_POINT('',#9318);
#9318 = CARTESIAN_POINT('',(10.684568311354,-2.615339366124,62.));
#9319 = SURFACE_CURVE('',#9320,(#9325,#9332),.PCURVE_S1.);
#9320 = CIRCLE('',#9321,11.);
#9321 = AXIS2_PLACEMENT_3D('',#9322,#9323,#9324);
#9322 = CARTESIAN_POINT('',(0.,0.,62.));
#9323 = DIRECTION('',(0.,0.,-1.));
#9324 = DIRECTION('',(1.,0.,0.));
#9325 = PCURVE('',#8324,#9326);
#9326 = DEFINITIONAL_REPRESENTATION('',(#9327),#9331);
#9327 = LINE('',#9328,#9329);
#9328 = CARTESIAN_POINT('',(-6.28318530718,-4.));
#9329 = VECTOR('',#9330,1.);
#9330 = DIRECTION('',(1.,-0.));
#9331 = ( GEOMETRIC_REPRESENTATION_CONTEXT(2) 
PARAMETRIC_REPRESENTATION_CONTEXT() REPRESENTATION_CONTEXT('2D SPACE',''
  ) );
#9332 = PCURVE('',#9153,#9333);
#9333 = DEFINITIONAL_REPRESENTATION('',(#9334),#9342);
#9334 = ( BOUNDED_CURVE() B_SPLINE_CURVE(2,(#9335,#9336,#9337,#9338,
#9339,#9340,#9341),.UNSPECIFIED.,.T.,.F.) B_SPLINE_CURVE_WITH_KNOTS((1,2
    ,2,2,2,1),(-2.094395102393,0.,2.094395102393,4.188790204786,
6.28318530718,8.377580409573),.UNSPECIFIED.) CURVE() 
GEOMETRIC_REPRESENTATION_ITEM() RATIONAL_B_SPLINE_CURVE((1.,0.5,1.,0.5,
1.,0.5,1.)) REPRESENTATION_ITEM('') );
#9335 = CARTESIAN_POINT('',(11.,-4.807142605466E-16));
#9336 = CARTESIAN_POINT('',(11.,-19.05255888325));
#9337 = CARTESIAN_POINT('',(-5.5,-9.526279441629));
#9338 = CARTESIAN_POINT('',(-22.,-3.174937218671E-15));
#9339 = CARTESIAN_POINT('',(-5.5,9.526279441629));
#9340 = CARTESIAN_POINT('',(11.,19.052558883258));
#9341 = CARTESIAN_POINT('',(11.,-4.807142605466E-16));
#9342 = ( GEOMETRIC_REPRESENTATION_CONTEXT(2) 
PARAMETRIC_REPRESENTATION_CONTEXT() REPRESENTATION_CONTEXT('2D SPACE',''
  ) );
#9343 = ORIENTED_EDGE('',*,*,#9344,.T.);
#9344 = EDGE_CURVE('',#9317,#9021,#9345,.T.);
#9345 = SURFACE_CURVE('',#9346,(#9367,#9391),.PCURVE_S1.);
#9346 = B_SPLINE_CURVE_WITH_KNOTS('',7,(#9347,#9348,#9349,#9350,#9351,
    #9352,#9353,#9354,#9355,#9356,#9357,#9358,#9359,#9360,#9361,#9362,
    #9363,#9364,#9365,#9366),.UNSPECIFIED.,.F.,.F.,(8,6,6,8),(0.,
    0.205212848484,0.645672364801,1.),.UNSPECIFIED.);
#9347 = CARTESIAN_POINT('',(10.68456836751,-2.615339136709,62.0000006));
#9348 = CARTESIAN_POINT('',(10.671819221669,-2.667423823722,
    61.863781561361));
#9349 = CARTESIAN_POINT('',(10.660895227187,-2.71077006326,
    61.725603581903));
#9350 = CARTESIAN_POINT('',(10.651951760877,-2.745509120137,
    61.585913155557));
#9351 = CARTESIAN_POINT('',(10.645102573205,-2.771742332147,
    61.445110547412));
#9352 = CARTESIAN_POINT('',(10.640422323855,-2.789539195005,
    61.303563886224));
#9353 = CARTESIAN_POINT('',(10.637949117289,-2.79893544729,
    61.161623256931));
#9354 = CARTESIAN_POINT('',(10.637124523931,-2.802068297914,
    60.714877218103));
#9355 = CARTESIAN_POINT('',(10.646748737828,-2.765500739627,
    60.410522796632));
#9356 = CARTESIAN_POINT('',(10.666519482801,-2.690517692526,
    60.10952939406));
#9357 = CARTESIAN_POINT('',(10.695740353082,-2.57628013277,
    59.815029513446));
#9358 = CARTESIAN_POINT('',(10.733010209499,-2.421205167245,
    59.531113287476));
#9359 = CARTESIAN_POINT('',(10.775850096601,-2.223102062221,
    59.263304087577));
#9360 = CARTESIAN_POINT('',(10.85615010272,-1.784254286254,
    58.82445631161));
#9361 = CARTESIAN_POINT('',(10.89395974183,-1.554308167077,
    58.639618651789));
#9362 = CARTESIAN_POINT('',(10.930977724359,-1.291005994202,
    58.476293721574));
#9363 = CARTESIAN_POINT('',(10.963426505156,-0.997788698646,
    58.343691660513));
#9364 = CARTESIAN_POINT('',(10.987396548488,-0.680057232547,
    58.249511217854));
#9365 = CARTESIAN_POINT('',(11.,-0.344714875215,58.2));
#9366 = CARTESIAN_POINT('',(11.,-1.7763568394E-15,58.2));
#9367 = PCURVE('',#8324,#9368);
#9368 = DEFINITIONAL_REPRESENTATION('',(#9369),#9390);
#9369 = B_SPLINE_CURVE_WITH_KNOTS('',7,(#9370,#9371,#9372,#9373,#9374,
    #9375,#9376,#9377,#9378,#9379,#9380,#9381,#9382,#9383,#9384,#9385,
    #9386,#9387,#9388,#9389),.UNSPECIFIED.,.F.,.F.,(8,6,6,8),(0.,
    0.205212848484,0.645672364801,1.),.UNSPECIFIED.);
#9370 = CARTESIAN_POINT('',(-6.04312819287,-4.0000006));
#9371 = CARTESIAN_POINT('',(-6.038253434693,-3.863781561361));
#9372 = CARTESIAN_POINT('',(-6.03418974125,-3.725603581903));
#9373 = CARTESIAN_POINT('',(-6.030928725982,-3.585913155557));
#9374 = CARTESIAN_POINT('',(-6.02846394868,-3.445110547412));
#9375 = CARTESIAN_POINT('',(-6.026791024761,-3.303563886224));
#9376 = CARTESIAN_POINT('',(-6.025907734564,-3.161623256931));
#9377 = CARTESIAN_POINT('',(-6.025613229696,-2.714877218103));
#9378 = CARTESIAN_POINT('',(-6.029050757813,-2.410522796632));
#9379 = CARTESIAN_POINT('',(-6.036100392476,-2.109529394061));
#9380 = CARTESIAN_POINT('',(-6.046819650618,-1.815029513446));
#9381 = CARTESIAN_POINT('',(-6.061315509644,-1.531113287476));
#9382 = CARTESIAN_POINT('',(-6.07973174209,-1.263304087577));
#9383 = CARTESIAN_POINT('',(-6.120289369844,-0.82445631161));
#9384 = CARTESIAN_POINT('',(-6.14147080382,-0.639618651789));
#9385 = CARTESIAN_POINT('',(-6.165631967984,-0.476293721575));
#9386 = CARTESIAN_POINT('',(-6.192427134974,-0.343691660513));
#9387 = CARTESIAN_POINT('',(-6.221361887007,-0.249511217854));
#9388 = CARTESIAN_POINT('',(-6.251847591251,-0.2));
#9389 = CARTESIAN_POINT('',(-6.28318530718,-0.2));
#9390 = ( GEOMETRIC_REPRESENTATION_CONTEXT(2) 
PARAMETRIC_REPRESENTATION_CONTEXT() REPRESENTATION_CONTEXT('2D SPACE',''
  ) );
#9391 = PCURVE('',#9081,#9392);
#9392 = DEFINITIONAL_REPRESENTATION('',(#9393),#9414);
#9393 = B_SPLINE_CURVE_WITH_KNOTS('',7,(#9394,#9395,#9396,#9397,#9398,
    #9399,#9400,#9401,#9402,#9403,#9404,#9405,#9406,#9407,#9408,#9409,
    #9410,#9411,#9412,#9413),.UNSPECIFIED.,.F.,.F.,(8,6,6,8),(0.,
    0.205212848484,0.645672364801,1.),.UNSPECIFIED.);
#9394 = CARTESIAN_POINT('',(-2.776385202884,-5.68456836751));
#9395 = CARTESIAN_POINT('',(-2.828469858647,-5.671819221669));
#9396 = CARTESIAN_POINT('',(-2.880093483349,-5.660895227187));
#9397 = CARTESIAN_POINT('',(-2.93135430101,-5.651951760877));
#9398 = CARTESIAN_POINT('',(-2.982344645997,-5.645102573205));
#9399 = CARTESIAN_POINT('',(-3.033153454749,-5.640422323855));
#9400 = CARTESIAN_POINT('',(-3.083868757496,-5.637949117289));
#9401 = CARTESIAN_POINT('',(-3.243424837283,-5.637124523931));
#9402 = CARTESIAN_POINT('',(-3.352028353893,-5.646748737828));
#9403 = CARTESIAN_POINT('',(-3.461442888026,-5.666519482801));
#9404 = CARTESIAN_POINT('',(-3.572606794278,-5.695740353082));
#9405 = CARTESIAN_POINT('',(-3.686493685723,-5.733010209499));
#9406 = CARTESIAN_POINT('',(-3.804154714511,-5.775850096601));
#9407 = CARTESIAN_POINT('',(-4.025806313293,-5.85615010272));
#9408 = CARTESIAN_POINT('',(-4.130555099167,-5.89395974183));
#9409 = CARTESIAN_POINT('',(-4.239870178401,-5.930977724359));
#9410 = CARTESIAN_POINT('',(-4.352987811684,-5.963426505156));
#9411 = CARTESIAN_POINT('',(-4.469511500746,-5.987396548489));
#9412 = CARTESIAN_POINT('',(-4.589276524951,-6.));
#9413 = CARTESIAN_POINT('',(-4.712388980385,-6.));
#9414 = ( GEOMETRIC_REPRESENTATION_CONTEXT(2) 
PARAMETRIC_REPRESENTATION_CONTEXT() REPRESENTATION_CONTEXT('2D SPACE',''
  ) );
#9415 = ORIENTED_EDGE('',*,*,#9020,.F.);
#9416 = ADVANCED_FACE('',(#9417),#8400,.F.);
#9417 = FACE_BOUND('',#9418,.T.);
#9418 = EDGE_LOOP('',(#9419,#9444,#9466,#9467,#9468,#9490,#9491,#9492,
    #9514,#9515));
#9419 = ORIENTED_EDGE('',*,*,#9420,.F.);
#9420 = EDGE_CURVE('',#9421,#9423,#9425,.T.);
#9421 = VERTEX_POINT('',#9422);
#9422 = CARTESIAN_POINT('',(2.,2.25,61.));
#9423 = VERTEX_POINT('',#9424);
#9424 = CARTESIAN_POINT('',(5.,2.25,61.));
#9425 = SEAM_CURVE('',#9426,(#9430,#9437),.PCURVE_S1.);
#9426 = LINE('',#9427,#9428);
#9427 = CARTESIAN_POINT('',(2.,2.25,61.));
#9428 = VECTOR('',#9429,1.);
#9429 = DIRECTION('',(1.,0.,0.));
#9430 = PCURVE('',#8400,#9431);
#9431 = DEFINITIONAL_REPRESENTATION('',(#9432),#9436);
#9432 = LINE('',#9433,#9434);
#9433 = CARTESIAN_POINT('',(-6.28318530718,0.));
#9434 = VECTOR('',#9435,1.);
#9435 = DIRECTION('',(-0.,-1.));
#9436 = ( GEOMETRIC_REPRESENTATION_CONTEXT(2) 
PARAMETRIC_REPRESENTATION_CONTEXT() REPRESENTATION_CONTEXT('2D SPACE',''
  ) );
#9437 = PCURVE('',#8400,#9438);
#9438 = DEFINITIONAL_REPRESENTATION('',(#9439),#9443);
#9439 = LINE('',#9440,#9441);
#9440 = CARTESIAN_POINT('',(-0.,0.));
#9441 = VECTOR('',#9442,1.);
#9442 = DIRECTION('',(-0.,-1.));
#9443 = ( GEOMETRIC_REPRESENTATION_CONTEXT(2) 
PARAMETRIC_REPRESENTATION_CONTEXT() REPRESENTATION_CONTEXT('2D SPACE',''
  ) );
#9444 = ORIENTED_EDGE('',*,*,#9445,.F.);
#9445 = EDGE_CURVE('',#8367,#9421,#9446,.T.);
#9446 = SURFACE_CURVE('',#9447,(#9452,#9459),.PCURVE_S1.);
#9447 = CIRCLE('',#9448,2.25);
#9448 = AXIS2_PLACEMENT_3D('',#9449,#9450,#9451);
#9449 = CARTESIAN_POINT('',(2.,0.,61.));
#9450 = DIRECTION('',(1.,0.,0.));
#9451 = DIRECTION('',(0.,1.,0.));
#9452 = PCURVE('',#8400,#9453);
#9453 = DEFINITIONAL_REPRESENTATION('',(#9454),#9458);
#9454 = LINE('',#9455,#9456);
#9455 = CARTESIAN_POINT('',(-0.,0.));
#9456 = VECTOR('',#9457,1.);
#9457 = DIRECTION('',(-1.,0.));
#9458 = ( GEOMETRIC_REPRESENTATION_CONTEXT(2) 
PARAMETRIC_REPRESENTATION_CONTEXT() REPRESENTATION_CONTEXT('2D SPACE',''
  ) );
#9459 = PCURVE('',#8436,#9460);
#9460 = DEFINITIONAL_REPRESENTATION('',(#9461),#9465);
#9461 = CIRCLE('',#9462,2.25);
#9462 = AXIS2_PLACEMENT_2D('',#9463,#9464);
#9463 = CARTESIAN_POINT('',(0.,-1.519377925044E-16));
#9464 = DIRECTION('',(0.,-1.));
#9465 = ( GEOMETRIC_REPRESENTATION_CONTEXT(2) 
PARAMETRIC_REPRESENTATION_CONTEXT() REPRESENTATION_CONTEXT('2D SPACE',''
  ) );
#9466 = ORIENTED_EDGE('',*,*,#8366,.F.);
#9467 = ORIENTED_EDGE('',*,*,#8628,.F.);
#9468 = ORIENTED_EDGE('',*,*,#9469,.F.);
#9469 = EDGE_CURVE('',#8553,#8603,#9470,.T.);
#9470 = SURFACE_CURVE('',#9471,(#9476,#9483),.PCURVE_S1.);
#9471 = CIRCLE('',#9472,2.25);
#9472 = AXIS2_PLACEMENT_3D('',#9473,#9474,#9475);
#9473 = CARTESIAN_POINT('',(2.,0.,61.));
#9474 = DIRECTION('',(1.,0.,0.));
#9475 = DIRECTION('',(0.,1.,0.));
#9476 = PCURVE('',#8400,#9477);
#9477 = DEFINITIONAL_REPRESENTATION('',(#9478),#9482);
#9478 = LINE('',#9479,#9480);
#9479 = CARTESIAN_POINT('',(-0.,0.));
#9480 = VECTOR('',#9481,1.);
#9481 = DIRECTION('',(-1.,0.));
#9482 = ( GEOMETRIC_REPRESENTATION_CONTEXT(2) 
PARAMETRIC_REPRESENTATION_CONTEXT() REPRESENTATION_CONTEXT('2D SPACE',''
  ) );
#9483 = PCURVE('',#8617,#9484);
#9484 = DEFINITIONAL_REPRESENTATION('',(#9485),#9489);
#9485 = CIRCLE('',#9486,2.25);
#9486 = AXIS2_PLACEMENT_2D('',#9487,#9488);
#9487 = CARTESIAN_POINT('',(0.,-1.519377925044E-16));
#9488 = DIRECTION('',(0.,-1.));
#9489 = ( GEOMETRIC_REPRESENTATION_CONTEXT(2) 
PARAMETRIC_REPRESENTATION_CONTEXT() REPRESENTATION_CONTEXT('2D SPACE',''
  ) );
#9490 = ORIENTED_EDGE('',*,*,#8552,.F.);
#9491 = ORIENTED_EDGE('',*,*,#8447,.F.);
#9492 = ORIENTED_EDGE('',*,*,#9493,.F.);
#9493 = EDGE_CURVE('',#9421,#8422,#9494,.T.);
#9494 = SURFACE_CURVE('',#9495,(#9500,#9507),.PCURVE_S1.);
#9495 = CIRCLE('',#9496,2.25);
#9496 = AXIS2_PLACEMENT_3D('',#9497,#9498,#9499);
#9497 = CARTESIAN_POINT('',(2.,0.,61.));
#9498 = DIRECTION('',(1.,0.,0.));
#9499 = DIRECTION('',(0.,1.,0.));
#9500 = PCURVE('',#8400,#9501);
#9501 = DEFINITIONAL_REPRESENTATION('',(#9502),#9506);
#9502 = LINE('',#9503,#9504);
#9503 = CARTESIAN_POINT('',(-0.,0.));
#9504 = VECTOR('',#9505,1.);
#9505 = DIRECTION('',(-1.,0.));
#9506 = ( GEOMETRIC_REPRESENTATION_CONTEXT(2) 
PARAMETRIC_REPRESENTATION_CONTEXT() REPRESENTATION_CONTEXT('2D SPACE',''
  ) );
#9507 = PCURVE('',#8436,#9508);
#9508 = DEFINITIONAL_REPRESENTATION('',(#9509),#9513);
#9509 = CIRCLE('',#9510,2.25);
#9510 = AXIS2_PLACEMENT_2D('',#9511,#9512);
#9511 = CARTESIAN_POINT('',(0.,-1.519377925044E-16));
#9512 = DIRECTION('',(0.,-1.));
#9513 = ( GEOMETRIC_REPRESENTATION_CONTEXT(2) 
PARAMETRIC_REPRESENTATION_CONTEXT() REPRESENTATION_CONTEXT('2D SPACE',''
  ) );
#9514 = ORIENTED_EDGE('',*,*,#9420,.T.);
#9515 = ORIENTED_EDGE('',*,*,#9516,.F.);
#9516 = EDGE_CURVE('',#9423,#9423,#9517,.T.);
#9517 = SURFACE_CURVE('',#9518,(#9523,#9530),.PCURVE_S1.);
#9518 = CIRCLE('',#9519,2.25);
#9519 = AXIS2_PLACEMENT_3D('',#9520,#9521,#9522);
#9520 = CARTESIAN_POINT('',(5.,0.,61.));
#9521 = DIRECTION('',(-1.,0.,0.));
#9522 = DIRECTION('',(0.,1.,0.));
#9523 = PCURVE('',#8400,#9524);
#9524 = DEFINITIONAL_REPRESENTATION('',(#9525),#9529);
#9525 = LINE('',#9526,#9527);
#9526 = CARTESIAN_POINT('',(-6.28318530718,-3.));
#9527 = VECTOR('',#9528,1.);
#9528 = DIRECTION('',(1.,-0.));
#9529 = ( GEOMETRIC_REPRESENTATION_CONTEXT(2) 
PARAMETRIC_REPRESENTATION_CONTEXT() REPRESENTATION_CONTEXT('2D SPACE',''
  ) );
#9530 = PCURVE('',#9531,#9536);
#9531 = PLANE('',#9532);
#9532 = AXIS2_PLACEMENT_3D('',#9533,#9534,#9535);
#9533 = CARTESIAN_POINT('',(5.,-3.662786069302E-16,61.));
#9534 = DIRECTION('',(1.,0.,0.));
#9535 = DIRECTION('',(0.,0.,1.));
#9536 = DEFINITIONAL_REPRESENTATION('',(#9537),#9545);
#9537 = ( BOUNDED_CURVE() B_SPLINE_CURVE(2,(#9538,#9539,#9540,#9541,
#9542,#9543,#9544),.UNSPECIFIED.,.T.,.F.) B_SPLINE_CURVE_WITH_KNOTS((1,2
    ,2,2,2,1),(-2.094395102393,0.,2.094395102393,4.188790204786,
6.28318530718,8.377580409573),.UNSPECIFIED.) CURVE() 
GEOMETRIC_REPRESENTATION_ITEM() RATIONAL_B_SPLINE_CURVE((1.,0.5,1.,0.5,
1.,0.5,1.)) REPRESENTATION_ITEM('') );
#9538 = CARTESIAN_POINT('',(0.,-2.25));
#9539 = CARTESIAN_POINT('',(-3.89711431703,-2.25));
#9540 = CARTESIAN_POINT('',(-1.948557158515,1.125));
#9541 = CARTESIAN_POINT('',(-5.510910596163E-16,4.5));
#9542 = CARTESIAN_POINT('',(1.948557158515,1.125));
#9543 = CARTESIAN_POINT('',(3.89711431703,-2.25));
#9544 = CARTESIAN_POINT('',(0.,-2.25));
#9545 = ( GEOMETRIC_REPRESENTATION_CONTEXT(2) 
PARAMETRIC_REPRESENTATION_CONTEXT() REPRESENTATION_CONTEXT('2D SPACE',''
  ) );
#9546 = ADVANCED_FACE('',(#9547),#8617,.T.);
#9547 = FACE_BOUND('',#9548,.T.);
#9548 = EDGE_LOOP('',(#9549,#9550));
#9549 = ORIENTED_EDGE('',*,*,#8602,.F.);
#9550 = ORIENTED_EDGE('',*,*,#9469,.T.);
#9551 = ADVANCED_FACE('',(#9552,#9583,#9618,#9653,#9656),#8535,.T.);
#9552 = FACE_BOUND('',#9553,.T.);
#9553 = EDGE_LOOP('',(#9554));
#9554 = ORIENTED_EDGE('',*,*,#9555,.T.);
#9555 = EDGE_CURVE('',#9556,#9556,#9558,.T.);
#9556 = VERTEX_POINT('',#9557);
#9557 = CARTESIAN_POINT('',(18.,0.,66.));
#9558 = SURFACE_CURVE('',#9559,(#9564,#9571),.PCURVE_S1.);
#9559 = CIRCLE('',#9560,18.);
#9560 = AXIS2_PLACEMENT_3D('',#9561,#9562,#9563);
#9561 = CARTESIAN_POINT('',(0.,0.,66.));
#9562 = DIRECTION('',(0.,0.,1.));
#9563 = DIRECTION('',(1.,0.,0.));
#9564 = PCURVE('',#8535,#9565);
#9565 = DEFINITIONAL_REPRESENTATION('',(#9566),#9570);
#9566 = CIRCLE('',#9567,18.);
#9567 = AXIS2_PLACEMENT_2D('',#9568,#9569);
#9568 = CARTESIAN_POINT('',(7.458764359306E-16,4.490371596874E-16));
#9569 = DIRECTION('',(1.,0.));
#9570 = ( GEOMETRIC_REPRESENTATION_CONTEXT(2) 
PARAMETRIC_REPRESENTATION_CONTEXT() REPRESENTATION_CONTEXT('2D SPACE',''
  ) );
#9571 = PCURVE('',#9572,#9577);
#9572 = CYLINDRICAL_SURFACE('',#9573,18.);
#9573 = AXIS2_PLACEMENT_3D('',#9574,#9575,#9576);
#9574 = CARTESIAN_POINT('',(0.,0.,62.));
#9575 = DIRECTION('',(-0.,-0.,-1.));
#9576 = DIRECTION('',(1.,0.,0.));
#9577 = DEFINITIONAL_REPRESENTATION('',(#9578),#9582);
#9578 = LINE('',#9579,#9580);
#9579 = CARTESIAN_POINT('',(-0.,-4.));
#9580 = VECTOR('',#9581,1.);
#9581 = DIRECTION('',(-1.,0.));
#9582 = ( GEOMETRIC_REPRESENTATION_CONTEXT(2) 
PARAMETRIC_REPRESENTATION_CONTEXT() REPRESENTATION_CONTEXT('2D SPACE',''
  ) );
#9583 = FACE_BOUND('',#9584,.T.);
#9584 = EDGE_LOOP('',(#9585));
#9585 = ORIENTED_EDGE('',*,*,#9586,.T.);
#9586 = EDGE_CURVE('',#9587,#9587,#9589,.T.);
#9587 = VERTEX_POINT('',#9588);
#9588 = CARTESIAN_POINT('',(-10.30736835487,-7.25,66.));
#9589 = SURFACE_CURVE('',#9590,(#9595,#9606),.PCURVE_S1.);
#9590 = CIRCLE('',#9591,2.25);
#9591 = AXIS2_PLACEMENT_3D('',#9592,#9593,#9594);
#9592 = CARTESIAN_POINT('',(-12.55736835487,-7.25,66.));
#9593 = DIRECTION('',(0.,0.,-1.));
#9594 = DIRECTION('',(1.,0.,0.));
#9595 = PCURVE('',#8535,#9596);
#9596 = DEFINITIONAL_REPRESENTATION('',(#9597),#9605);
#9597 = ( BOUNDED_CURVE() B_SPLINE_CURVE(2,(#9598,#9599,#9600,#9601,
#9602,#9603,#9604),.UNSPECIFIED.,.T.,.F.) B_SPLINE_CURVE_WITH_KNOTS((1,2
    ,2,2,2,1),(-2.094395102393,0.,2.094395102393,4.188790204786,
6.28318530718,8.377580409573),.UNSPECIFIED.) CURVE() 
GEOMETRIC_REPRESENTATION_ITEM() RATIONAL_B_SPLINE_CURVE((1.,0.5,1.,0.5,
1.,0.5,1.)) REPRESENTATION_ITEM('') );
#9598 = CARTESIAN_POINT('',(-10.30736835487,-7.25));
#9599 = CARTESIAN_POINT('',(-10.30736835487,-11.14711431703));
#9600 = CARTESIAN_POINT('',(-13.68236835487,-9.198557158515));
#9601 = CARTESIAN_POINT('',(-17.05736835487,-7.25));
#9602 = CARTESIAN_POINT('',(-13.68236835487,-5.301442841485));
#9603 = CARTESIAN_POINT('',(-10.30736835487,-3.35288568297));
#9604 = CARTESIAN_POINT('',(-10.30736835487,-7.25));
#9605 = ( GEOMETRIC_REPRESENTATION_CONTEXT(2) 
PARAMETRIC_REPRESENTATION_CONTEXT() REPRESENTATION_CONTEXT('2D SPACE',''
  ) );
#9606 = PCURVE('',#9607,#9612);
#9607 = CYLINDRICAL_SURFACE('',#9608,2.25);
#9608 = AXIS2_PLACEMENT_3D('',#9609,#9610,#9611);
#9609 = CARTESIAN_POINT('',(-12.55736835487,-7.25,61.));
#9610 = DIRECTION('',(-0.,-0.,-1.));
#9611 = DIRECTION('',(1.,0.,0.));
#9612 = DEFINITIONAL_REPRESENTATION('',(#9613),#9617);
#9613 = LINE('',#9614,#9615);
#9614 = CARTESIAN_POINT('',(-6.28318530718,-5.));
#9615 = VECTOR('',#9616,1.);
#9616 = DIRECTION('',(1.,-0.));
#9617 = ( GEOMETRIC_REPRESENTATION_CONTEXT(2) 
PARAMETRIC_REPRESENTATION_CONTEXT() REPRESENTATION_CONTEXT('2D SPACE',''
  ) );
#9618 = FACE_BOUND('',#9619,.T.);
#9619 = EDGE_LOOP('',(#9620));
#9620 = ORIENTED_EDGE('',*,*,#9621,.T.);
#9621 = EDGE_CURVE('',#9622,#9622,#9624,.T.);
#9622 = VERTEX_POINT('',#9623);
#9623 = CARTESIAN_POINT('',(14.807368354874,-7.25,66.));
#9624 = SURFACE_CURVE('',#9625,(#9630,#9641),.PCURVE_S1.);
#9625 = CIRCLE('',#9626,2.25);
#9626 = AXIS2_PLACEMENT_3D('',#9627,#9628,#9629);
#9627 = CARTESIAN_POINT('',(12.557368354874,-7.25,66.));
#9628 = DIRECTION('',(0.,0.,-1.));
#9629 = DIRECTION('',(1.,0.,0.));
#9630 = PCURVE('',#8535,#9631);
#9631 = DEFINITIONAL_REPRESENTATION('',(#9632),#9640);
#9632 = ( BOUNDED_CURVE() B_SPLINE_CURVE(2,(#9633,#9634,#9635,#9636,
#9637,#9638,#9639),.UNSPECIFIED.,.T.,.F.) B_SPLINE_CURVE_WITH_KNOTS((1,2
    ,2,2,2,1),(-2.094395102393,0.,2.094395102393,4.188790204786,
6.28318530718,8.377580409573),.UNSPECIFIED.) CURVE() 
GEOMETRIC_REPRESENTATION_ITEM() RATIONAL_B_SPLINE_CURVE((1.,0.5,1.,0.5,
1.,0.5,1.)) REPRESENTATION_ITEM('') );
#9633 = CARTESIAN_POINT('',(14.807368354874,-7.25));
#9634 = CARTESIAN_POINT('',(14.807368354874,-11.14711431703));
#9635 = CARTESIAN_POINT('',(11.432368354874,-9.198557158515));
#9636 = CARTESIAN_POINT('',(8.057368354874,-7.25));
#9637 = CARTESIAN_POINT('',(11.432368354874,-5.301442841485));
#9638 = CARTESIAN_POINT('',(14.807368354874,-3.35288568297));
#9639 = CARTESIAN_POINT('',(14.807368354874,-7.25));
#9640 = ( GEOMETRIC_REPRESENTATION_CONTEXT(2) 
PARAMETRIC_REPRESENTATION_CONTEXT() REPRESENTATION_CONTEXT('2D SPACE',''
  ) );
#9641 = PCURVE('',#9642,#9647);
#9642 = CYLINDRICAL_SURFACE('',#9643,2.25);
#9643 = AXIS2_PLACEMENT_3D('',#9644,#9645,#9646);
#9644 = CARTESIAN_POINT('',(12.557368354874,-7.25,61.));
#9645 = DIRECTION('',(-0.,-0.,-1.));
#9646 = DIRECTION('',(1.,0.,0.));
#9647 = DEFINITIONAL_REPRESENTATION('',(#9648),#9652);
#9648 = LINE('',#9649,#9650);
#9649 = CARTESIAN_POINT('',(-6.28318530718,-5.));
#9650 = VECTOR('',#9651,1.);
#9651 = DIRECTION('',(1.,-0.));
#9652 = ( GEOMETRIC_REPRESENTATION_CONTEXT(2) 
PARAMETRIC_REPRESENTATION_CONTEXT() REPRESENTATION_CONTEXT('2D SPACE',''
  ) );
#9653 = FACE_BOUND('',#9654,.T.);
#9654 = EDGE_LOOP('',(#9655));
#9655 = ORIENTED_EDGE('',*,*,#8520,.T.);
#9656 = FACE_BOUND('',#9657,.T.);
#9657 = EDGE_LOOP('',(#9658));
#9658 = ORIENTED_EDGE('',*,*,#9659,.T.);
#9659 = EDGE_CURVE('',#9660,#9660,#9662,.T.);
#9660 = VERTEX_POINT('',#9661);
#9661 = CARTESIAN_POINT('',(2.25,14.5,66.));
#9662 = SURFACE_CURVE('',#9663,(#9668,#9679),.PCURVE_S1.);
#9663 = CIRCLE('',#9664,2.25);
#9664 = AXIS2_PLACEMENT_3D('',#9665,#9666,#9667);
#9665 = CARTESIAN_POINT('',(8.878689293818E-16,14.5,66.));
#9666 = DIRECTION('',(0.,0.,-1.));
#9667 = DIRECTION('',(1.,0.,0.));
#9668 = PCURVE('',#8535,#9669);
#9669 = DEFINITIONAL_REPRESENTATION('',(#9670),#9678);
#9670 = ( BOUNDED_CURVE() B_SPLINE_CURVE(2,(#9671,#9672,#9673,#9674,
#9675,#9676,#9677),.UNSPECIFIED.,.T.,.F.) B_SPLINE_CURVE_WITH_KNOTS((1,2
    ,2,2,2,1),(-2.094395102393,0.,2.094395102393,4.188790204786,
6.28318530718,8.377580409573),.UNSPECIFIED.) CURVE() 
GEOMETRIC_REPRESENTATION_ITEM() RATIONAL_B_SPLINE_CURVE((1.,0.5,1.,0.5,
1.,0.5,1.)) REPRESENTATION_ITEM('') );
#9671 = CARTESIAN_POINT('',(2.25,14.5));
#9672 = CARTESIAN_POINT('',(2.25,10.60288568297));
#9673 = CARTESIAN_POINT('',(-1.125,12.551442841485));
#9674 = CARTESIAN_POINT('',(-4.5,14.5));
#9675 = CARTESIAN_POINT('',(-1.125,16.448557158515));
#9676 = CARTESIAN_POINT('',(2.25,18.39711431703));
#9677 = CARTESIAN_POINT('',(2.25,14.5));
#9678 = ( GEOMETRIC_REPRESENTATION_CONTEXT(2) 
PARAMETRIC_REPRESENTATION_CONTEXT() REPRESENTATION_CONTEXT('2D SPACE',''
  ) );
#9679 = PCURVE('',#9680,#9685);
#9680 = CYLINDRICAL_SURFACE('',#9681,2.25);
#9681 = AXIS2_PLACEMENT_3D('',#9682,#9683,#9684);
#9682 = CARTESIAN_POINT('',(8.878689293818E-16,14.5,61.));
#9683 = DIRECTION('',(-0.,-0.,-1.));
#9684 = DIRECTION('',(1.,0.,0.));
#9685 = DEFINITIONAL_REPRESENTATION('',(#9686),#9690);
#9686 = LINE('',#9687,#9688);
#9687 = CARTESIAN_POINT('',(-6.28318530718,-5.));
#9688 = VECTOR('',#9689,1.);
#9689 = DIRECTION('',(1.,-0.));
#9690 = ( GEOMETRIC_REPRESENTATION_CONTEXT(2) 
PARAMETRIC_REPRESENTATION_CONTEXT() REPRESENTATION_CONTEXT('2D SPACE',''
  ) );
#9691 = ADVANCED_FACE('',(#9692),#8436,.T.);
#9692 = FACE_BOUND('',#9693,.T.);
#9693 = EDGE_LOOP('',(#9694,#9695,#9696));
#9694 = ORIENTED_EDGE('',*,*,#9445,.T.);
#9695 = ORIENTED_EDGE('',*,*,#9493,.T.);
#9696 = ORIENTED_EDGE('',*,*,#8421,.T.);
#9697 = ADVANCED_FACE('',(#9698),#8696,.T.);
#9698 = FACE_BOUND('',#9699,.T.);
#9699 = EDGE_LOOP('',(#9700,#9724,#9746));
#9700 = ORIENTED_EDGE('',*,*,#9701,.T.);
#9701 = EDGE_CURVE('',#8682,#9702,#9704,.T.);
#9702 = VERTEX_POINT('',#9703);
#9703 = CARTESIAN_POINT('',(-2.,-2.25,61.));
#9704 = SURFACE_CURVE('',#9705,(#9710,#9717),.PCURVE_S1.);
#9705 = CIRCLE('',#9706,2.25);
#9706 = AXIS2_PLACEMENT_3D('',#9707,#9708,#9709);
#9707 = CARTESIAN_POINT('',(-2.,2.449293598295E-16,61.));
#9708 = DIRECTION('',(-1.,1.224646799147E-16,0.));
#9709 = DIRECTION('',(-1.224646799147E-16,-1.,0.));
#9710 = PCURVE('',#8696,#9711);
#9711 = DEFINITIONAL_REPRESENTATION('',(#9712),#9716);
#9712 = CIRCLE('',#9713,2.25);
#9713 = AXIS2_PLACEMENT_2D('',#9714,#9715);
#9714 = CARTESIAN_POINT('',(0.,-1.519377925044E-16));
#9715 = DIRECTION('',(0.,-1.));
#9716 = ( GEOMETRIC_REPRESENTATION_CONTEXT(2) 
PARAMETRIC_REPRESENTATION_CONTEXT() REPRESENTATION_CONTEXT('2D SPACE',''
  ) );
#9717 = PCURVE('',#8801,#9718);
#9718 = DEFINITIONAL_REPRESENTATION('',(#9719),#9723);
#9719 = LINE('',#9720,#9721);
#9720 = CARTESIAN_POINT('',(-0.,0.));
#9721 = VECTOR('',#9722,1.);
#9722 = DIRECTION('',(-1.,0.));
#9723 = ( GEOMETRIC_REPRESENTATION_CONTEXT(2) 
PARAMETRIC_REPRESENTATION_CONTEXT() REPRESENTATION_CONTEXT('2D SPACE',''
  ) );
#9724 = ORIENTED_EDGE('',*,*,#9725,.T.);
#9725 = EDGE_CURVE('',#9702,#8680,#9726,.T.);
#9726 = SURFACE_CURVE('',#9727,(#9732,#9739),.PCURVE_S1.);
#9727 = CIRCLE('',#9728,2.25);
#9728 = AXIS2_PLACEMENT_3D('',#9729,#9730,#9731);
#9729 = CARTESIAN_POINT('',(-2.,2.449293598295E-16,61.));
#9730 = DIRECTION('',(-1.,1.224646799147E-16,0.));
#9731 = DIRECTION('',(-1.224646799147E-16,-1.,0.));
#9732 = PCURVE('',#8696,#9733);
#9733 = DEFINITIONAL_REPRESENTATION('',(#9734),#9738);
#9734 = CIRCLE('',#9735,2.25);
#9735 = AXIS2_PLACEMENT_2D('',#9736,#9737);
#9736 = CARTESIAN_POINT('',(0.,-1.519377925044E-16));
#9737 = DIRECTION('',(0.,-1.));
#9738 = ( GEOMETRIC_REPRESENTATION_CONTEXT(2) 
PARAMETRIC_REPRESENTATION_CONTEXT() REPRESENTATION_CONTEXT('2D SPACE',''
  ) );
#9739 = PCURVE('',#8801,#9740);
#9740 = DEFINITIONAL_REPRESENTATION('',(#9741),#9745);
#9741 = LINE('',#9742,#9743);
#9742 = CARTESIAN_POINT('',(-0.,0.));
#9743 = VECTOR('',#9744,1.);
#9744 = DIRECTION('',(-1.,0.));
#9745 = ( GEOMETRIC_REPRESENTATION_CONTEXT(2) 
PARAMETRIC_REPRESENTATION_CONTEXT() REPRESENTATION_CONTEXT('2D SPACE',''
  ) );
#9746 = ORIENTED_EDGE('',*,*,#8679,.T.);
#9747 = ADVANCED_FACE('',(#9748),#8801,.F.);
#9748 = FACE_BOUND('',#9749,.T.);
#9749 = EDGE_LOOP('',(#9750,#9773,#9774,#9775,#9797,#9798,#9799,#9800));
#9750 = ORIENTED_EDGE('',*,*,#9751,.F.);
#9751 = EDGE_CURVE('',#9702,#9752,#9754,.T.);
#9752 = VERTEX_POINT('',#9753);
#9753 = CARTESIAN_POINT('',(-5.,-2.25,61.));
#9754 = SEAM_CURVE('',#9755,(#9759,#9766),.PCURVE_S1.);
#9755 = LINE('',#9756,#9757);
#9756 = CARTESIAN_POINT('',(-2.,-2.25,61.));
#9757 = VECTOR('',#9758,1.);
#9758 = DIRECTION('',(-1.,1.224646799147E-16,0.));
#9759 = PCURVE('',#8801,#9760);
#9760 = DEFINITIONAL_REPRESENTATION('',(#9761),#9765);
#9761 = LINE('',#9762,#9763);
#9762 = CARTESIAN_POINT('',(-6.28318530718,0.));
#9763 = VECTOR('',#9764,1.);
#9764 = DIRECTION('',(-0.,-1.));
#9765 = ( GEOMETRIC_REPRESENTATION_CONTEXT(2) 
PARAMETRIC_REPRESENTATION_CONTEXT() REPRESENTATION_CONTEXT('2D SPACE',''
  ) );
#9766 = PCURVE('',#8801,#9767);
#9767 = DEFINITIONAL_REPRESENTATION('',(#9768),#9772);
#9768 = LINE('',#9769,#9770);
#9769 = CARTESIAN_POINT('',(-0.,0.));
#9770 = VECTOR('',#9771,1.);
#9771 = DIRECTION('',(-0.,-1.));
#9772 = ( GEOMETRIC_REPRESENTATION_CONTEXT(2) 
PARAMETRIC_REPRESENTATION_CONTEXT() REPRESENTATION_CONTEXT('2D SPACE',''
  ) );
#9773 = ORIENTED_EDGE('',*,*,#9701,.F.);
#9774 = ORIENTED_EDGE('',*,*,#8878,.F.);
#9775 = ORIENTED_EDGE('',*,*,#9776,.F.);
#9776 = EDGE_CURVE('',#8708,#8853,#9777,.T.);
#9777 = SURFACE_CURVE('',#9778,(#9783,#9790),.PCURVE_S1.);
#9778 = CIRCLE('',#9779,2.25);
#9779 = AXIS2_PLACEMENT_3D('',#9780,#9781,#9782);
#9780 = CARTESIAN_POINT('',(-2.,2.449293598295E-16,61.));
#9781 = DIRECTION('',(-1.,1.224646799147E-16,0.));
#9782 = DIRECTION('',(-1.224646799147E-16,-1.,0.));
#9783 = PCURVE('',#8801,#9784);
#9784 = DEFINITIONAL_REPRESENTATION('',(#9785),#9789);
#9785 = LINE('',#9786,#9787);
#9786 = CARTESIAN_POINT('',(-0.,0.));
#9787 = VECTOR('',#9788,1.);
#9788 = DIRECTION('',(-1.,0.));
#9789 = ( GEOMETRIC_REPRESENTATION_CONTEXT(2) 
PARAMETRIC_REPRESENTATION_CONTEXT() REPRESENTATION_CONTEXT('2D SPACE',''
  ) );
#9790 = PCURVE('',#8867,#9791);
#9791 = DEFINITIONAL_REPRESENTATION('',(#9792),#9796);
#9792 = CIRCLE('',#9793,2.25);
#9793 = AXIS2_PLACEMENT_2D('',#9794,#9795);
#9794 = CARTESIAN_POINT('',(0.,-1.519377925044E-16));
#9795 = DIRECTION('',(0.,-1.));
#9796 = ( GEOMETRIC_REPRESENTATION_CONTEXT(2) 
PARAMETRIC_REPRESENTATION_CONTEXT() REPRESENTATION_CONTEXT('2D SPACE',''
  ) );
#9797 = ORIENTED_EDGE('',*,*,#8707,.F.);
#9798 = ORIENTED_EDGE('',*,*,#9725,.F.);
#9799 = ORIENTED_EDGE('',*,*,#9751,.T.);
#9800 = ORIENTED_EDGE('',*,*,#9801,.F.);
#9801 = EDGE_CURVE('',#9752,#9752,#9802,.T.);
#9802 = SURFACE_CURVE('',#9803,(#9808,#9815),.PCURVE_S1.);
#9803 = CIRCLE('',#9804,2.25);
#9804 = AXIS2_PLACEMENT_3D('',#9805,#9806,#9807);
#9805 = CARTESIAN_POINT('',(-5.,6.123233995737E-16,61.));
#9806 = DIRECTION('',(1.,-1.224646799147E-16,-0.));
#9807 = DIRECTION('',(-1.224646799147E-16,-1.,0.));
#9808 = PCURVE('',#8801,#9809);
#9809 = DEFINITIONAL_REPRESENTATION('',(#9810),#9814);
#9810 = LINE('',#9811,#9812);
#9811 = CARTESIAN_POINT('',(-6.28318530718,-3.));
#9812 = VECTOR('',#9813,1.);
#9813 = DIRECTION('',(1.,-0.));
#9814 = ( GEOMETRIC_REPRESENTATION_CONTEXT(2) 
PARAMETRIC_REPRESENTATION_CONTEXT() REPRESENTATION_CONTEXT('2D SPACE',''
  ) );
#9815 = PCURVE('',#9816,#9821);
#9816 = PLANE('',#9817);
#9817 = AXIS2_PLACEMENT_3D('',#9818,#9819,#9820);
#9818 = CARTESIAN_POINT('',(-5.,9.786020065039E-16,61.));
#9819 = DIRECTION('',(-1.,1.224646799147E-16,0.));
#9820 = DIRECTION('',(0.,0.,1.));
#9821 = DEFINITIONAL_REPRESENTATION('',(#9822),#9830);
#9822 = ( BOUNDED_CURVE() B_SPLINE_CURVE(2,(#9823,#9824,#9825,#9826,
#9827,#9828,#9829),.UNSPECIFIED.,.T.,.F.) B_SPLINE_CURVE_WITH_KNOTS((1,2
    ,2,2,2,1),(-2.094395102393,0.,2.094395102393,4.188790204786,
6.28318530718,8.377580409573),.UNSPECIFIED.) CURVE() 
GEOMETRIC_REPRESENTATION_ITEM() RATIONAL_B_SPLINE_CURVE((1.,0.5,1.,0.5,
1.,0.5,1.)) REPRESENTATION_ITEM('') );
#9823 = CARTESIAN_POINT('',(0.,-2.25));
#9824 = CARTESIAN_POINT('',(-3.89711431703,-2.25));
#9825 = CARTESIAN_POINT('',(-1.948557158515,1.125));
#9826 = CARTESIAN_POINT('',(-5.510910596163E-16,4.5));
#9827 = CARTESIAN_POINT('',(1.948557158515,1.125));
#9828 = CARTESIAN_POINT('',(3.89711431703,-2.25));
#9829 = CARTESIAN_POINT('',(0.,-2.25));
#9830 = ( GEOMETRIC_REPRESENTATION_CONTEXT(2) 
PARAMETRIC_REPRESENTATION_CONTEXT() REPRESENTATION_CONTEXT('2D SPACE',''
  ) );
#9831 = ADVANCED_FACE('',(#9832),#8867,.T.);
#9832 = FACE_BOUND('',#9833,.T.);
#9833 = EDGE_LOOP('',(#9834,#9835));
#9834 = ORIENTED_EDGE('',*,*,#8852,.F.);
#9835 = ORIENTED_EDGE('',*,*,#9776,.T.);
#9836 = ADVANCED_FACE('',(#9837),#9081,.F.);
#9837 = FACE_BOUND('',#9838,.T.);
#9838 = EDGE_LOOP('',(#9839,#9863,#9884,#9885,#9906,#9935,#9954,#9955,
    #9956));
#9839 = ORIENTED_EDGE('',*,*,#9840,.F.);
#9840 = EDGE_CURVE('',#9841,#9841,#9843,.T.);
#9841 = VERTEX_POINT('',#9842);
#9842 = CARTESIAN_POINT('',(5.,2.8,61.));
#9843 = SURFACE_CURVE('',#9844,(#9849,#9856),.PCURVE_S1.);
#9844 = CIRCLE('',#9845,2.8);
#9845 = AXIS2_PLACEMENT_3D('',#9846,#9847,#9848);
#9846 = CARTESIAN_POINT('',(5.,0.,61.));
#9847 = DIRECTION('',(1.,0.,0.));
#9848 = DIRECTION('',(0.,1.,0.));
#9849 = PCURVE('',#9081,#9850);
#9850 = DEFINITIONAL_REPRESENTATION('',(#9851),#9855);
#9851 = LINE('',#9852,#9853);
#9852 = CARTESIAN_POINT('',(-0.,0.));
#9853 = VECTOR('',#9854,1.);
#9854 = DIRECTION('',(-1.,0.));
#9855 = ( GEOMETRIC_REPRESENTATION_CONTEXT(2) 
PARAMETRIC_REPRESENTATION_CONTEXT() REPRESENTATION_CONTEXT('2D SPACE',''
  ) );
#9856 = PCURVE('',#9531,#9857);
#9857 = DEFINITIONAL_REPRESENTATION('',(#9858),#9862);
#9858 = CIRCLE('',#9859,2.8);
#9859 = AXIS2_PLACEMENT_2D('',#9860,#9861);
#9860 = CARTESIAN_POINT('',(0.,-3.662786069302E-16));
#9861 = DIRECTION('',(0.,-1.));
#9862 = ( GEOMETRIC_REPRESENTATION_CONTEXT(2) 
PARAMETRIC_REPRESENTATION_CONTEXT() REPRESENTATION_CONTEXT('2D SPACE',''
  ) );
#9863 = ORIENTED_EDGE('',*,*,#9864,.T.);
#9864 = EDGE_CURVE('',#9841,#9044,#9865,.T.);
#9865 = SEAM_CURVE('',#9866,(#9870,#9877),.PCURVE_S1.);
#9866 = LINE('',#9867,#9868);
#9867 = CARTESIAN_POINT('',(5.,2.8,61.));
#9868 = VECTOR('',#9869,1.);
#9869 = DIRECTION('',(1.,0.,0.));
#9870 = PCURVE('',#9081,#9871);
#9871 = DEFINITIONAL_REPRESENTATION('',(#9872),#9876);
#9872 = LINE('',#9873,#9874);
#9873 = CARTESIAN_POINT('',(-6.28318530718,0.));
#9874 = VECTOR('',#9875,1.);
#9875 = DIRECTION('',(-0.,-1.));
#9876 = ( GEOMETRIC_REPRESENTATION_CONTEXT(2) 
PARAMETRIC_REPRESENTATION_CONTEXT() REPRESENTATION_CONTEXT('2D SPACE',''
  ) );
#9877 = PCURVE('',#9081,#9878);
#9878 = DEFINITIONAL_REPRESENTATION('',(#9879),#9883);
#9879 = LINE('',#9880,#9881);
#9880 = CARTESIAN_POINT('',(-0.,0.));
#9881 = VECTOR('',#9882,1.);
#9882 = DIRECTION('',(-0.,-1.));
#9883 = ( GEOMETRIC_REPRESENTATION_CONTEXT(2) 
PARAMETRIC_REPRESENTATION_CONTEXT() REPRESENTATION_CONTEXT('2D SPACE',''
  ) );
#9884 = ORIENTED_EDGE('',*,*,#9104,.T.);
#9885 = ORIENTED_EDGE('',*,*,#9886,.F.);
#9886 = EDGE_CURVE('',#9887,#9105,#9889,.T.);
#9887 = VERTEX_POINT('',#9888);
#9888 = CARTESIAN_POINT('',(13.,2.615339366124,62.));
#9889 = SURFACE_CURVE('',#9890,(#9894,#9900),.PCURVE_S1.);
#9890 = LINE('',#9891,#9892);
#9891 = CARTESIAN_POINT('',(5.,2.615339366124,62.));
#9892 = VECTOR('',#9893,1.);
#9893 = DIRECTION('',(-1.,-0.,-0.));
#9894 = PCURVE('',#9081,#9895);
#9895 = DEFINITIONAL_REPRESENTATION('',(#9896),#9899);
#9896 = B_SPLINE_CURVE_WITH_KNOTS('',1,(#9897,#9898),.UNSPECIFIED.,.F.,
  .F.,(2,2),(-8.0000006,5.999999999062E-07),.PIECEWISE_BEZIER_KNOTS.);
#9897 = CARTESIAN_POINT('',(-0.36520722129,-8.0000006));
#9898 = CARTESIAN_POINT('',(-0.36520722129,5.999999999062E-07));
#9899 = ( GEOMETRIC_REPRESENTATION_CONTEXT(2) 
PARAMETRIC_REPRESENTATION_CONTEXT() REPRESENTATION_CONTEXT('2D SPACE',''
  ) );
#9900 = PCURVE('',#9153,#9901);
#9901 = DEFINITIONAL_REPRESENTATION('',(#9902),#9905);
#9902 = B_SPLINE_CURVE_WITH_KNOTS('',1,(#9903,#9904),.UNSPECIFIED.,.F.,
  .F.,(2,2),(-8.0000006,5.999999999062E-07),.PIECEWISE_BEZIER_KNOTS.);
#9903 = CARTESIAN_POINT('',(13.0000006,2.615339366124));
#9904 = CARTESIAN_POINT('',(4.9999994,2.615339366124));
#9905 = ( GEOMETRIC_REPRESENTATION_CONTEXT(2) 
PARAMETRIC_REPRESENTATION_CONTEXT() REPRESENTATION_CONTEXT('2D SPACE',''
  ) );
#9906 = ORIENTED_EDGE('',*,*,#9907,.T.);
#9907 = EDGE_CURVE('',#9887,#9908,#9910,.T.);
#9908 = VERTEX_POINT('',#9909);
#9909 = CARTESIAN_POINT('',(13.,-2.615339366124,62.));
#9910 = SURFACE_CURVE('',#9911,(#9916,#9923),.PCURVE_S1.);
#9911 = CIRCLE('',#9912,2.8);
#9912 = AXIS2_PLACEMENT_3D('',#9913,#9914,#9915);
#9913 = CARTESIAN_POINT('',(13.,0.,61.));
#9914 = DIRECTION('',(1.,0.,0.));
#9915 = DIRECTION('',(0.,1.,0.));
#9916 = PCURVE('',#9081,#9917);
#9917 = DEFINITIONAL_REPRESENTATION('',(#9918),#9922);
#9918 = LINE('',#9919,#9920);
#9919 = CARTESIAN_POINT('',(-0.,-8.));
#9920 = VECTOR('',#9921,1.);
#9921 = DIRECTION('',(-1.,0.));
#9922 = ( GEOMETRIC_REPRESENTATION_CONTEXT(2) 
PARAMETRIC_REPRESENTATION_CONTEXT() REPRESENTATION_CONTEXT('2D SPACE',''
  ) );
#9923 = PCURVE('',#9924,#9929);
#9924 = PLANE('',#9925);
#9925 = AXIS2_PLACEMENT_3D('',#9926,#9927,#9928);
#9926 = CARTESIAN_POINT('',(13.,-3.662786069302E-16,61.));
#9927 = DIRECTION('',(1.,0.,0.));
#9928 = DIRECTION('',(0.,0.,1.));
#9929 = DEFINITIONAL_REPRESENTATION('',(#9930),#9934);
#9930 = CIRCLE('',#9931,2.8);
#9931 = AXIS2_PLACEMENT_2D('',#9932,#9933);
#9932 = CARTESIAN_POINT('',(0.,-3.662786069302E-16));
#9933 = DIRECTION('',(0.,-1.));
#9934 = ( GEOMETRIC_REPRESENTATION_CONTEXT(2) 
PARAMETRIC_REPRESENTATION_CONTEXT() REPRESENTATION_CONTEXT('2D SPACE',''
  ) );
#9935 = ORIENTED_EDGE('',*,*,#9936,.T.);
#9936 = EDGE_CURVE('',#9908,#9317,#9937,.T.);
#9937 = SURFACE_CURVE('',#9938,(#9942,#9948),.PCURVE_S1.);
#9938 = LINE('',#9939,#9940);
#9939 = CARTESIAN_POINT('',(5.,-2.615339366124,62.));
#9940 = VECTOR('',#9941,1.);
#9941 = DIRECTION('',(-1.,-0.,-0.));
#9942 = PCURVE('',#9081,#9943);
#9943 = DEFINITIONAL_REPRESENTATION('',(#9944),#9947);
#9944 = B_SPLINE_CURVE_WITH_KNOTS('',1,(#9945,#9946),.UNSPECIFIED.,.F.,
  .F.,(2,2),(-8.0000006,5.999999999062E-07),.PIECEWISE_BEZIER_KNOTS.);
#9945 = CARTESIAN_POINT('',(-2.776385432299,-8.0000006));
#9946 = CARTESIAN_POINT('',(-2.776385432299,5.999999999062E-07));
#9947 = ( GEOMETRIC_REPRESENTATION_CONTEXT(2) 
PARAMETRIC_REPRESENTATION_CONTEXT() REPRESENTATION_CONTEXT('2D SPACE',''
  ) );
#9948 = PCURVE('',#9153,#9949);
#9949 = DEFINITIONAL_REPRESENTATION('',(#9950),#9953);
#9950 = B_SPLINE_CURVE_WITH_KNOTS('',1,(#9951,#9952),.UNSPECIFIED.,.F.,
  .F.,(2,2),(-8.0000006,5.999999999062E-07),.PIECEWISE_BEZIER_KNOTS.);
#9951 = CARTESIAN_POINT('',(13.0000006,-2.615339366124));
#9952 = CARTESIAN_POINT('',(4.9999994,-2.615339366124));
#9953 = ( GEOMETRIC_REPRESENTATION_CONTEXT(2) 
PARAMETRIC_REPRESENTATION_CONTEXT() REPRESENTATION_CONTEXT('2D SPACE',''
  ) );
#9954 = ORIENTED_EDGE('',*,*,#9344,.T.);
#9955 = ORIENTED_EDGE('',*,*,#9043,.T.);
#9956 = ORIENTED_EDGE('',*,*,#9864,.F.);
#9957 = ADVANCED_FACE('',(#9958,#9984,#10014,#10044,#10135),#9153,.F.);
#9958 = FACE_BOUND('',#9959,.F.);
#9959 = EDGE_LOOP('',(#9960));
#9960 = ORIENTED_EDGE('',*,*,#9961,.T.);
#9961 = EDGE_CURVE('',#9962,#9962,#9964,.T.);
#9962 = VERTEX_POINT('',#9963);
#9963 = CARTESIAN_POINT('',(18.,0.,62.));
#9964 = SURFACE_CURVE('',#9965,(#9970,#9977),.PCURVE_S1.);
#9965 = CIRCLE('',#9966,18.);
#9966 = AXIS2_PLACEMENT_3D('',#9967,#9968,#9969);
#9967 = CARTESIAN_POINT('',(0.,0.,62.));
#9968 = DIRECTION('',(0.,0.,1.));
#9969 = DIRECTION('',(1.,0.,0.));
#9970 = PCURVE('',#9153,#9971);
#9971 = DEFINITIONAL_REPRESENTATION('',(#9972),#9976);
#9972 = CIRCLE('',#9973,18.);
#9973 = AXIS2_PLACEMENT_2D('',#9974,#9975);
#9974 = CARTESIAN_POINT('',(6.077511700175E-16,-4.807142605466E-16));
#9975 = DIRECTION('',(1.,0.));
#9976 = ( GEOMETRIC_REPRESENTATION_CONTEXT(2) 
PARAMETRIC_REPRESENTATION_CONTEXT() REPRESENTATION_CONTEXT('2D SPACE',''
  ) );
#9977 = PCURVE('',#9572,#9978);
#9978 = DEFINITIONAL_REPRESENTATION('',(#9979),#9983);
#9979 = LINE('',#9980,#9981);
#9980 = CARTESIAN_POINT('',(-0.,0.));
#9981 = VECTOR('',#9982,1.);
#9982 = DIRECTION('',(-1.,0.));
#9983 = ( GEOMETRIC_REPRESENTATION_CONTEXT(2) 
PARAMETRIC_REPRESENTATION_CONTEXT() REPRESENTATION_CONTEXT('2D SPACE',''
  ) );
#9984 = FACE_BOUND('',#9985,.F.);
#9985 = EDGE_LOOP('',(#9986));
#9986 = ORIENTED_EDGE('',*,*,#9987,.T.);
#9987 = EDGE_CURVE('',#9988,#9988,#9990,.T.);
#9988 = VERTEX_POINT('',#9989);
#9989 = CARTESIAN_POINT('',(-10.30736835487,-7.25,62.));
#9990 = SURFACE_CURVE('',#9991,(#9996,#10007),.PCURVE_S1.);
#9991 = CIRCLE('',#9992,2.25);
#9992 = AXIS2_PLACEMENT_3D('',#9993,#9994,#9995);
#9993 = CARTESIAN_POINT('',(-12.55736835487,-7.25,62.));
#9994 = DIRECTION('',(0.,0.,-1.));
#9995 = DIRECTION('',(1.,0.,0.));
#9996 = PCURVE('',#9153,#9997);
#9997 = DEFINITIONAL_REPRESENTATION('',(#9998),#10006);
#9998 = ( BOUNDED_CURVE() B_SPLINE_CURVE(2,(#9999,#10000,#10001,#10002,
    #10003,#10004,#10005),.UNSPECIFIED.,.T.,.F.) 
B_SPLINE_CURVE_WITH_KNOTS((1,2,2,2,2,1),(-2.094395102393,0.,
    2.094395102393,4.188790204786,6.28318530718,8.377580409573),
.UNSPECIFIED.) CURVE() GEOMETRIC_REPRESENTATION_ITEM() 
RATIONAL_B_SPLINE_CURVE((1.,0.5,1.,0.5,1.,0.5,1.)) REPRESENTATION_ITEM(
  '') );
#9999 = CARTESIAN_POINT('',(-10.30736835487,-7.25));
#10000 = CARTESIAN_POINT('',(-10.30736835487,-11.14711431703));
#10001 = CARTESIAN_POINT('',(-13.68236835487,-9.198557158515));
#10002 = CARTESIAN_POINT('',(-17.05736835487,-7.25));
#10003 = CARTESIAN_POINT('',(-13.68236835487,-5.301442841485));
#10004 = CARTESIAN_POINT('',(-10.30736835487,-3.35288568297));
#10005 = CARTESIAN_POINT('',(-10.30736835487,-7.25));
#10006 = ( GEOMETRIC_REPRESENTATION_CONTEXT(2) 
PARAMETRIC_REPRESENTATION_CONTEXT() REPRESENTATION_CONTEXT('2D SPACE',''
  ) );
#10007 = PCURVE('',#9607,#10008);
#10008 = DEFINITIONAL_REPRESENTATION('',(#10009),#10013);
#10009 = LINE('',#10010,#10011);
#10010 = CARTESIAN_POINT('',(-6.28318530718,-1.));
#10011 = VECTOR('',#10012,1.);
#10012 = DIRECTION('',(1.,-0.));
#10013 = ( GEOMETRIC_REPRESENTATION_CONTEXT(2) 
PARAMETRIC_REPRESENTATION_CONTEXT() REPRESENTATION_CONTEXT('2D SPACE',''
  ) );
#10014 = FACE_BOUND('',#10015,.F.);
#10015 = EDGE_LOOP('',(#10016));
#10016 = ORIENTED_EDGE('',*,*,#10017,.T.);
#10017 = EDGE_CURVE('',#10018,#10018,#10020,.T.);
#10018 = VERTEX_POINT('',#10019);
#10019 = CARTESIAN_POINT('',(14.807368354874,-7.25,62.));
#10020 = SURFACE_CURVE('',#10021,(#10026,#10037),.PCURVE_S1.);
#10021 = CIRCLE('',#10022,2.25);
#10022 = AXIS2_PLACEMENT_3D('',#10023,#10024,#10025);
#10023 = CARTESIAN_POINT('',(12.557368354874,-7.25,62.));
#10024 = DIRECTION('',(0.,0.,-1.));
#10025 = DIRECTION('',(1.,0.,0.));
#10026 = PCURVE('',#9153,#10027);
#10027 = DEFINITIONAL_REPRESENTATION('',(#10028),#10036);
#10028 = ( BOUNDED_CURVE() B_SPLINE_CURVE(2,(#10029,#10030,#10031,#10032
    ,#10033,#10034,#10035),.UNSPECIFIED.,.T.,.F.) 
B_SPLINE_CURVE_WITH_KNOTS((1,2,2,2,2,1),(-2.094395102393,0.,
    2.094395102393,4.188790204786,6.28318530718,8.377580409573),
.UNSPECIFIED.) CURVE() GEOMETRIC_REPRESENTATION_ITEM() 
RATIONAL_B_SPLINE_CURVE((1.,0.5,1.,0.5,1.,0.5,1.)) REPRESENTATION_ITEM(
  '') );
#10029 = CARTESIAN_POINT('',(14.807368354874,-7.25));
#10030 = CARTESIAN_POINT('',(14.807368354874,-11.14711431703));
#10031 = CARTESIAN_POINT('',(11.432368354874,-9.198557158515));
#10032 = CARTESIAN_POINT('',(8.057368354874,-7.25));
#10033 = CARTESIAN_POINT('',(11.432368354874,-5.301442841485));
#10034 = CARTESIAN_POINT('',(14.807368354874,-3.35288568297));
#10035 = CARTESIAN_POINT('',(14.807368354874,-7.25));
#10036 = ( GEOMETRIC_REPRESENTATION_CONTEXT(2) 
PARAMETRIC_REPRESENTATION_CONTEXT() REPRESENTATION_CONTEXT('2D SPACE',''
  ) );
#10037 = PCURVE('',#9642,#10038);
#10038 = DEFINITIONAL_REPRESENTATION('',(#10039),#10043);
#10039 = LINE('',#10040,#10041);
#10040 = CARTESIAN_POINT('',(-6.28318530718,-1.));
#10041 = VECTOR('',#10042,1.);
#10042 = DIRECTION('',(1.,-0.));
#10043 = ( GEOMETRIC_REPRESENTATION_CONTEXT(2) 
PARAMETRIC_REPRESENTATION_CONTEXT() REPRESENTATION_CONTEXT('2D SPACE',''
  ) );
#10044 = FACE_BOUND('',#10045,.F.);
#10045 = EDGE_LOOP('',(#10046,#10065,#10066,#10067,#10088,#10114,#10133,
    #10134));
#10046 = ORIENTED_EDGE('',*,*,#10047,.F.);
#10047 = EDGE_CURVE('',#9908,#9887,#10048,.T.);
#10048 = SURFACE_CURVE('',#10049,(#10053,#10059),.PCURVE_S1.);
#10049 = LINE('',#10050,#10051);
#10050 = CARTESIAN_POINT('',(13.,5.721782680821E-17,62.));
#10051 = VECTOR('',#10052,1.);
#10052 = DIRECTION('',(0.,1.,0.));
#10053 = PCURVE('',#9153,#10054);
#10054 = DEFINITIONAL_REPRESENTATION('',(#10055),#10058);
#10055 = B_SPLINE_CURVE_WITH_KNOTS('',1,(#10056,#10057),.UNSPECIFIED.,
  .F.,.F.,(2,2),(-2.8,2.8),.PIECEWISE_BEZIER_KNOTS.);
#10056 = CARTESIAN_POINT('',(13.,-2.8));
#10057 = CARTESIAN_POINT('',(13.,2.8));
#10058 = ( GEOMETRIC_REPRESENTATION_CONTEXT(2) 
PARAMETRIC_REPRESENTATION_CONTEXT() REPRESENTATION_CONTEXT('2D SPACE',''
  ) );
#10059 = PCURVE('',#9924,#10060);
#10060 = DEFINITIONAL_REPRESENTATION('',(#10061),#10064);
#10061 = B_SPLINE_CURVE_WITH_KNOTS('',1,(#10062,#10063),.UNSPECIFIED.,
  .F.,.F.,(2,2),(-2.8,2.8),.PIECEWISE_BEZIER_KNOTS.);
#10062 = CARTESIAN_POINT('',(1.,2.8));
#10063 = CARTESIAN_POINT('',(1.,-2.8));
#10064 = ( GEOMETRIC_REPRESENTATION_CONTEXT(2) 
PARAMETRIC_REPRESENTATION_CONTEXT() REPRESENTATION_CONTEXT('2D SPACE',''
  ) );
#10065 = ORIENTED_EDGE('',*,*,#9936,.T.);
#10066 = ORIENTED_EDGE('',*,*,#9316,.T.);
#10067 = ORIENTED_EDGE('',*,*,#10068,.F.);
#10068 = EDGE_CURVE('',#10069,#9285,#10071,.T.);
#10069 = VERTEX_POINT('',#10070);
#10070 = CARTESIAN_POINT('',(-13.,-2.615339366124,62.));
#10071 = SURFACE_CURVE('',#10072,(#10076,#10082),.PCURVE_S1.);
#10072 = LINE('',#10073,#10074);
#10073 = CARTESIAN_POINT('',(-5.,-2.615339366124,62.));
#10074 = VECTOR('',#10075,1.);
#10075 = DIRECTION('',(1.,-1.224646799147E-16,-0.));
#10076 = PCURVE('',#9153,#10077);
#10077 = DEFINITIONAL_REPRESENTATION('',(#10078),#10081);
#10078 = B_SPLINE_CURVE_WITH_KNOTS('',1,(#10079,#10080),.UNSPECIFIED.,
  .F.,.F.,(2,2),(-8.0000006,5.999999999062E-07),
  .PIECEWISE_BEZIER_KNOTS.);
#10079 = CARTESIAN_POINT('',(-13.0000006,-2.615339366124));
#10080 = CARTESIAN_POINT('',(-4.9999994,-2.615339366124));
#10081 = ( GEOMETRIC_REPRESENTATION_CONTEXT(2) 
PARAMETRIC_REPRESENTATION_CONTEXT() REPRESENTATION_CONTEXT('2D SPACE',''
  ) );
#10082 = PCURVE('',#9243,#10083);
#10083 = DEFINITIONAL_REPRESENTATION('',(#10084),#10087);
#10084 = B_SPLINE_CURVE_WITH_KNOTS('',1,(#10085,#10086),.UNSPECIFIED.,
  .F.,.F.,(2,2),(-8.0000006,5.999999999062E-07),
  .PIECEWISE_BEZIER_KNOTS.);
#10085 = CARTESIAN_POINT('',(-0.36520722129,-8.0000006));
#10086 = CARTESIAN_POINT('',(-0.36520722129,6.000000002265E-07));
#10087 = ( GEOMETRIC_REPRESENTATION_CONTEXT(2) 
PARAMETRIC_REPRESENTATION_CONTEXT() REPRESENTATION_CONTEXT('2D SPACE',''
  ) );
#10088 = ORIENTED_EDGE('',*,*,#10089,.F.);
#10089 = EDGE_CURVE('',#10090,#10069,#10092,.T.);
#10090 = VERTEX_POINT('',#10091);
#10091 = CARTESIAN_POINT('',(-13.,2.615339366124,62.));
#10092 = SURFACE_CURVE('',#10093,(#10097,#10103),.PCURVE_S1.);
#10093 = LINE('',#10094,#10095);
#10094 = CARTESIAN_POINT('',(-13.,2.01553727263E-15,62.));
#10095 = VECTOR('',#10096,1.);
#10096 = DIRECTION('',(-1.224646799147E-16,-1.,0.));
#10097 = PCURVE('',#9153,#10098);
#10098 = DEFINITIONAL_REPRESENTATION('',(#10099),#10102);
#10099 = B_SPLINE_CURVE_WITH_KNOTS('',1,(#10100,#10101),.UNSPECIFIED.,
  .F.,.F.,(2,2),(-2.8,2.8),.PIECEWISE_BEZIER_KNOTS.);
#10100 = CARTESIAN_POINT('',(-13.,2.8));
#10101 = CARTESIAN_POINT('',(-13.,-2.8));
#10102 = ( GEOMETRIC_REPRESENTATION_CONTEXT(2) 
PARAMETRIC_REPRESENTATION_CONTEXT() REPRESENTATION_CONTEXT('2D SPACE',''
  ) );
#10103 = PCURVE('',#10104,#10109);
#10104 = PLANE('',#10105);
#10105 = AXIS2_PLACEMENT_3D('',#10106,#10107,#10108);
#10106 = CARTESIAN_POINT('',(-13.,1.958319445822E-15,61.));
#10107 = DIRECTION('',(-1.,1.224646799147E-16,0.));
#10108 = DIRECTION('',(0.,0.,1.));
#10109 = DEFINITIONAL_REPRESENTATION('',(#10110),#10113);
#10110 = B_SPLINE_CURVE_WITH_KNOTS('',1,(#10111,#10112),.UNSPECIFIED.,
  .F.,.F.,(2,2),(-2.8,2.8),.PIECEWISE_BEZIER_KNOTS.);
#10111 = CARTESIAN_POINT('',(1.,2.8));
#10112 = CARTESIAN_POINT('',(1.,-2.8));
#10113 = ( GEOMETRIC_REPRESENTATION_CONTEXT(2) 
PARAMETRIC_REPRESENTATION_CONTEXT() REPRESENTATION_CONTEXT('2D SPACE',''
  ) );
#10114 = ORIENTED_EDGE('',*,*,#10115,.T.);
#10115 = EDGE_CURVE('',#10090,#9137,#10116,.T.);
#10116 = SURFACE_CURVE('',#10117,(#10121,#10127),.PCURVE_S1.);
#10117 = LINE('',#10118,#10119);
#10118 = CARTESIAN_POINT('',(-5.,2.615339366124,62.));
#10119 = VECTOR('',#10120,1.);
#10120 = DIRECTION('',(1.,-1.224646799147E-16,-0.));
#10121 = PCURVE('',#9153,#10122);
#10122 = DEFINITIONAL_REPRESENTATION('',(#10123),#10126);
#10123 = B_SPLINE_CURVE_WITH_KNOTS('',1,(#10124,#10125),.UNSPECIFIED.,
  .F.,.F.,(2,2),(-8.0000006,5.999999999062E-07),
  .PIECEWISE_BEZIER_KNOTS.);
#10124 = CARTESIAN_POINT('',(-13.0000006,2.615339366124));
#10125 = CARTESIAN_POINT('',(-4.9999994,2.615339366124));
#10126 = ( GEOMETRIC_REPRESENTATION_CONTEXT(2) 
PARAMETRIC_REPRESENTATION_CONTEXT() REPRESENTATION_CONTEXT('2D SPACE',''
  ) );
#10127 = PCURVE('',#9243,#10128);
#10128 = DEFINITIONAL_REPRESENTATION('',(#10129),#10132);
#10129 = B_SPLINE_CURVE_WITH_KNOTS('',1,(#10130,#10131),.UNSPECIFIED.,
  .F.,.F.,(2,2),(-8.0000006,5.999999999062E-07),
  .PIECEWISE_BEZIER_KNOTS.);
#10130 = CARTESIAN_POINT('',(-2.776385432299,-8.0000006));
#10131 = CARTESIAN_POINT('',(-2.776385432299,5.999999995859E-07));
#10132 = ( GEOMETRIC_REPRESENTATION_CONTEXT(2) 
PARAMETRIC_REPRESENTATION_CONTEXT() REPRESENTATION_CONTEXT('2D SPACE',''
  ) );
#10133 = ORIENTED_EDGE('',*,*,#9136,.T.);
#10134 = ORIENTED_EDGE('',*,*,#9886,.F.);
#10135 = FACE_BOUND('',#10136,.F.);
#10136 = EDGE_LOOP('',(#10137));
#10137 = ORIENTED_EDGE('',*,*,#10138,.T.);
#10138 = EDGE_CURVE('',#10139,#10139,#10141,.T.);
#10139 = VERTEX_POINT('',#10140);
#10140 = CARTESIAN_POINT('',(2.25,14.5,62.));
#10141 = SURFACE_CURVE('',#10142,(#10147,#10158),.PCURVE_S1.);
#10142 = CIRCLE('',#10143,2.25);
#10143 = AXIS2_PLACEMENT_3D('',#10144,#10145,#10146);
#10144 = CARTESIAN_POINT('',(8.878689293818E-16,14.5,62.));
#10145 = DIRECTION('',(0.,0.,-1.));
#10146 = DIRECTION('',(1.,0.,0.));
#10147 = PCURVE('',#9153,#10148);
#10148 = DEFINITIONAL_REPRESENTATION('',(#10149),#10157);
#10149 = ( BOUNDED_CURVE() B_SPLINE_CURVE(2,(#10150,#10151,#10152,#10153
    ,#10154,#10155,#10156),.UNSPECIFIED.,.T.,.F.) 
B_SPLINE_CURVE_WITH_KNOTS((1,2,2,2,2,1),(-2.094395102393,0.,
    2.094395102393,4.188790204786,6.28318530718,8.377580409573),
.UNSPECIFIED.) CURVE() GEOMETRIC_REPRESENTATION_ITEM() 
RATIONAL_B_SPLINE_CURVE((1.,0.5,1.,0.5,1.,0.5,1.)) REPRESENTATION_ITEM(
  '') );
#10150 = CARTESIAN_POINT('',(2.25,14.5));
#10151 = CARTESIAN_POINT('',(2.25,10.60288568297));
#10152 = CARTESIAN_POINT('',(-1.125,12.551442841485));
#10153 = CARTESIAN_POINT('',(-4.5,14.5));
#10154 = CARTESIAN_POINT('',(-1.125,16.448557158515));
#10155 = CARTESIAN_POINT('',(2.25,18.39711431703));
#10156 = CARTESIAN_POINT('',(2.25,14.5));
#10157 = ( GEOMETRIC_REPRESENTATION_CONTEXT(2) 
PARAMETRIC_REPRESENTATION_CONTEXT() REPRESENTATION_CONTEXT('2D SPACE',''
  ) );
#10158 = PCURVE('',#9680,#10159);
#10159 = DEFINITIONAL_REPRESENTATION('',(#10160),#10164);
#10160 = LINE('',#10161,#10162);
#10161 = CARTESIAN_POINT('',(-6.28318530718,-1.));
#10162 = VECTOR('',#10163,1.);
#10163 = DIRECTION('',(1.,-0.));
#10164 = ( GEOMETRIC_REPRESENTATION_CONTEXT(2) 
PARAMETRIC_REPRESENTATION_CONTEXT() REPRESENTATION_CONTEXT('2D SPACE',''
  ) );
#10165 = ADVANCED_FACE('',(#10166),#9243,.F.);
#10166 = FACE_BOUND('',#10167,.T.);
#10167 = EDGE_LOOP('',(#10168,#10192,#10213,#10214,#10215,#10237,#10238,
    #10239));
#10168 = ORIENTED_EDGE('',*,*,#10169,.F.);
#10169 = EDGE_CURVE('',#10170,#10170,#10172,.T.);
#10170 = VERTEX_POINT('',#10171);
#10171 = CARTESIAN_POINT('',(-5.,-2.8,61.));
#10172 = SURFACE_CURVE('',#10173,(#10178,#10185),.PCURVE_S1.);
#10173 = CIRCLE('',#10174,2.8);
#10174 = AXIS2_PLACEMENT_3D('',#10175,#10176,#10177);
#10175 = CARTESIAN_POINT('',(-5.,6.123233995737E-16,61.));
#10176 = DIRECTION('',(-1.,1.224646799147E-16,0.));
#10177 = DIRECTION('',(-1.224646799147E-16,-1.,0.));
#10178 = PCURVE('',#9243,#10179);
#10179 = DEFINITIONAL_REPRESENTATION('',(#10180),#10184);
#10180 = LINE('',#10181,#10182);
#10181 = CARTESIAN_POINT('',(-0.,0.));
#10182 = VECTOR('',#10183,1.);
#10183 = DIRECTION('',(-1.,0.));
#10184 = ( GEOMETRIC_REPRESENTATION_CONTEXT(2) 
PARAMETRIC_REPRESENTATION_CONTEXT() REPRESENTATION_CONTEXT('2D SPACE',''
  ) );
#10185 = PCURVE('',#9816,#10186);
#10186 = DEFINITIONAL_REPRESENTATION('',(#10187),#10191);
#10187 = CIRCLE('',#10188,2.8);
#10188 = AXIS2_PLACEMENT_2D('',#10189,#10190);
#10189 = CARTESIAN_POINT('',(0.,-3.662786069302E-16));
#10190 = DIRECTION('',(0.,-1.));
#10191 = ( GEOMETRIC_REPRESENTATION_CONTEXT(2) 
PARAMETRIC_REPRESENTATION_CONTEXT() REPRESENTATION_CONTEXT('2D SPACE',''
  ) );
#10192 = ORIENTED_EDGE('',*,*,#10193,.T.);
#10193 = EDGE_CURVE('',#10170,#9170,#10194,.T.);
#10194 = SEAM_CURVE('',#10195,(#10199,#10206),.PCURVE_S1.);
#10195 = LINE('',#10196,#10197);
#10196 = CARTESIAN_POINT('',(-5.,-2.8,61.));
#10197 = VECTOR('',#10198,1.);
#10198 = DIRECTION('',(-1.,1.224646799147E-16,0.));
#10199 = PCURVE('',#9243,#10200);
#10200 = DEFINITIONAL_REPRESENTATION('',(#10201),#10205);
#10201 = LINE('',#10202,#10203);
#10202 = CARTESIAN_POINT('',(-6.28318530718,0.));
#10203 = VECTOR('',#10204,1.);
#10204 = DIRECTION('',(-0.,-1.));
#10205 = ( GEOMETRIC_REPRESENTATION_CONTEXT(2) 
PARAMETRIC_REPRESENTATION_CONTEXT() REPRESENTATION_CONTEXT('2D SPACE',''
  ) );
#10206 = PCURVE('',#9243,#10207);
#10207 = DEFINITIONAL_REPRESENTATION('',(#10208),#10212);
#10208 = LINE('',#10209,#10210);
#10209 = CARTESIAN_POINT('',(-0.,0.));
#10210 = VECTOR('',#10211,1.);
#10211 = DIRECTION('',(-0.,-1.));
#10212 = ( GEOMETRIC_REPRESENTATION_CONTEXT(2) 
PARAMETRIC_REPRESENTATION_CONTEXT() REPRESENTATION_CONTEXT('2D SPACE',''
  ) );
#10213 = ORIENTED_EDGE('',*,*,#9284,.T.);
#10214 = ORIENTED_EDGE('',*,*,#10068,.F.);
#10215 = ORIENTED_EDGE('',*,*,#10216,.T.);
#10216 = EDGE_CURVE('',#10069,#10090,#10217,.T.);
#10217 = SURFACE_CURVE('',#10218,(#10223,#10230),.PCURVE_S1.);
#10218 = CIRCLE('',#10219,2.8);
#10219 = AXIS2_PLACEMENT_3D('',#10220,#10221,#10222);
#10220 = CARTESIAN_POINT('',(-13.,1.592040838892E-15,61.));
#10221 = DIRECTION('',(-1.,1.224646799147E-16,0.));
#10222 = DIRECTION('',(-1.224646799147E-16,-1.,0.));
#10223 = PCURVE('',#9243,#10224);
#10224 = DEFINITIONAL_REPRESENTATION('',(#10225),#10229);
#10225 = LINE('',#10226,#10227);
#10226 = CARTESIAN_POINT('',(-0.,-8.));
#10227 = VECTOR('',#10228,1.);
#10228 = DIRECTION('',(-1.,0.));
#10229 = ( GEOMETRIC_REPRESENTATION_CONTEXT(2) 
PARAMETRIC_REPRESENTATION_CONTEXT() REPRESENTATION_CONTEXT('2D SPACE',''
  ) );
#10230 = PCURVE('',#10104,#10231);
#10231 = DEFINITIONAL_REPRESENTATION('',(#10232),#10236);
#10232 = CIRCLE('',#10233,2.8);
#10233 = AXIS2_PLACEMENT_2D('',#10234,#10235);
#10234 = CARTESIAN_POINT('',(0.,-3.662786069302E-16));
#10235 = DIRECTION('',(0.,-1.));
#10236 = ( GEOMETRIC_REPRESENTATION_CONTEXT(2) 
PARAMETRIC_REPRESENTATION_CONTEXT() REPRESENTATION_CONTEXT('2D SPACE',''
  ) );
#10237 = ORIENTED_EDGE('',*,*,#10115,.T.);
#10238 = ORIENTED_EDGE('',*,*,#9169,.T.);
#10239 = ORIENTED_EDGE('',*,*,#10193,.F.);
#10240 = ADVANCED_FACE('',(#10241,#10244),#9531,.T.);
#10241 = FACE_BOUND('',#10242,.T.);
#10242 = EDGE_LOOP('',(#10243));
#10243 = ORIENTED_EDGE('',*,*,#9840,.T.);
#10244 = FACE_BOUND('',#10245,.T.);
#10245 = EDGE_LOOP('',(#10246));
#10246 = ORIENTED_EDGE('',*,*,#9516,.T.);
#10247 = ADVANCED_FACE('',(#10248),#9572,.T.);
#10248 = FACE_BOUND('',#10249,.F.);
#10249 = EDGE_LOOP('',(#10250,#10271,#10272,#10273));
#10250 = ORIENTED_EDGE('',*,*,#10251,.T.);
#10251 = EDGE_CURVE('',#9962,#9556,#10252,.T.);
#10252 = SEAM_CURVE('',#10253,(#10257,#10264),.PCURVE_S1.);
#10253 = LINE('',#10254,#10255);
#10254 = CARTESIAN_POINT('',(18.,0.,62.));
#10255 = VECTOR('',#10256,1.);
#10256 = DIRECTION('',(0.,0.,1.));
#10257 = PCURVE('',#9572,#10258);
#10258 = DEFINITIONAL_REPRESENTATION('',(#10259),#10263);
#10259 = LINE('',#10260,#10261);
#10260 = CARTESIAN_POINT('',(-0.,0.));
#10261 = VECTOR('',#10262,1.);
#10262 = DIRECTION('',(-0.,-1.));
#10263 = ( GEOMETRIC_REPRESENTATION_CONTEXT(2) 
PARAMETRIC_REPRESENTATION_CONTEXT() REPRESENTATION_CONTEXT('2D SPACE',''
  ) );
#10264 = PCURVE('',#9572,#10265);
#10265 = DEFINITIONAL_REPRESENTATION('',(#10266),#10270);
#10266 = LINE('',#10267,#10268);
#10267 = CARTESIAN_POINT('',(-6.28318530718,0.));
#10268 = VECTOR('',#10269,1.);
#10269 = DIRECTION('',(-0.,-1.));
#10270 = ( GEOMETRIC_REPRESENTATION_CONTEXT(2) 
PARAMETRIC_REPRESENTATION_CONTEXT() REPRESENTATION_CONTEXT('2D SPACE',''
  ) );
#10271 = ORIENTED_EDGE('',*,*,#9555,.T.);
#10272 = ORIENTED_EDGE('',*,*,#10251,.F.);
#10273 = ORIENTED_EDGE('',*,*,#9961,.F.);
#10274 = ADVANCED_FACE('',(#10275),#9607,.F.);
#10275 = FACE_BOUND('',#10276,.T.);
#10276 = EDGE_LOOP('',(#10277,#10278,#10299,#10300));
#10277 = ORIENTED_EDGE('',*,*,#9987,.T.);
#10278 = ORIENTED_EDGE('',*,*,#10279,.T.);
#10279 = EDGE_CURVE('',#9988,#9587,#10280,.T.);
#10280 = SEAM_CURVE('',#10281,(#10285,#10292),.PCURVE_S1.);
#10281 = LINE('',#10282,#10283);
#10282 = CARTESIAN_POINT('',(-10.30736835487,-7.25,61.));
#10283 = VECTOR('',#10284,1.);
#10284 = DIRECTION('',(0.,0.,1.));
#10285 = PCURVE('',#9607,#10286);
#10286 = DEFINITIONAL_REPRESENTATION('',(#10287),#10291);
#10287 = LINE('',#10288,#10289);
#10288 = CARTESIAN_POINT('',(-6.28318530718,0.));
#10289 = VECTOR('',#10290,1.);
#10290 = DIRECTION('',(-0.,-1.));
#10291 = ( GEOMETRIC_REPRESENTATION_CONTEXT(2) 
PARAMETRIC_REPRESENTATION_CONTEXT() REPRESENTATION_CONTEXT('2D SPACE',''
  ) );
#10292 = PCURVE('',#9607,#10293);
#10293 = DEFINITIONAL_REPRESENTATION('',(#10294),#10298);
#10294 = LINE('',#10295,#10296);
#10295 = CARTESIAN_POINT('',(-0.,0.));
#10296 = VECTOR('',#10297,1.);
#10297 = DIRECTION('',(-0.,-1.));
#10298 = ( GEOMETRIC_REPRESENTATION_CONTEXT(2) 
PARAMETRIC_REPRESENTATION_CONTEXT() REPRESENTATION_CONTEXT('2D SPACE',''
  ) );
#10299 = ORIENTED_EDGE('',*,*,#9586,.F.);
#10300 = ORIENTED_EDGE('',*,*,#10279,.F.);
#10301 = ADVANCED_FACE('',(#10302),#9642,.F.);
#10302 = FACE_BOUND('',#10303,.T.);
#10303 = EDGE_LOOP('',(#10304,#10305,#10326,#10327));
#10304 = ORIENTED_EDGE('',*,*,#10017,.T.);
#10305 = ORIENTED_EDGE('',*,*,#10306,.T.);
#10306 = EDGE_CURVE('',#10018,#9622,#10307,.T.);
#10307 = SEAM_CURVE('',#10308,(#10312,#10319),.PCURVE_S1.);
#10308 = LINE('',#10309,#10310);
#10309 = CARTESIAN_POINT('',(14.807368354874,-7.25,61.));
#10310 = VECTOR('',#10311,1.);
#10311 = DIRECTION('',(0.,0.,1.));
#10312 = PCURVE('',#9642,#10313);
#10313 = DEFINITIONAL_REPRESENTATION('',(#10314),#10318);
#10314 = LINE('',#10315,#10316);
#10315 = CARTESIAN_POINT('',(-6.28318530718,0.));
#10316 = VECTOR('',#10317,1.);
#10317 = DIRECTION('',(-0.,-1.));
#10318 = ( GEOMETRIC_REPRESENTATION_CONTEXT(2) 
PARAMETRIC_REPRESENTATION_CONTEXT() REPRESENTATION_CONTEXT('2D SPACE',''
  ) );
#10319 = PCURVE('',#9642,#10320);
#10320 = DEFINITIONAL_REPRESENTATION('',(#10321),#10325);
#10321 = LINE('',#10322,#10323);
#10322 = CARTESIAN_POINT('',(-0.,0.));
#10323 = VECTOR('',#10324,1.);
#10324 = DIRECTION('',(-0.,-1.));
#10325 = ( GEOMETRIC_REPRESENTATION_CONTEXT(2) 
PARAMETRIC_REPRESENTATION_CONTEXT() REPRESENTATION_CONTEXT('2D SPACE',''
  ) );
#10326 = ORIENTED_EDGE('',*,*,#9621,.F.);
#10327 = ORIENTED_EDGE('',*,*,#10306,.F.);
#10328 = ADVANCED_FACE('',(#10329),#9680,.F.);
#10329 = FACE_BOUND('',#10330,.T.);
#10330 = EDGE_LOOP('',(#10331,#10332,#10353,#10354));
#10331 = ORIENTED_EDGE('',*,*,#10138,.T.);
#10332 = ORIENTED_EDGE('',*,*,#10333,.T.);
#10333 = EDGE_CURVE('',#10139,#9660,#10334,.T.);
#10334 = SEAM_CURVE('',#10335,(#10339,#10346),.PCURVE_S1.);
#10335 = LINE('',#10336,#10337);
#10336 = CARTESIAN_POINT('',(2.25,14.5,61.));
#10337 = VECTOR('',#10338,1.);
#10338 = DIRECTION('',(0.,0.,1.));
#10339 = PCURVE('',#9680,#10340);
#10340 = DEFINITIONAL_REPRESENTATION('',(#10341),#10345);
#10341 = LINE('',#10342,#10343);
#10342 = CARTESIAN_POINT('',(-6.28318530718,0.));
#10343 = VECTOR('',#10344,1.);
#10344 = DIRECTION('',(-0.,-1.));
#10345 = ( GEOMETRIC_REPRESENTATION_CONTEXT(2) 
PARAMETRIC_REPRESENTATION_CONTEXT() REPRESENTATION_CONTEXT('2D SPACE',''
  ) );
#10346 = PCURVE('',#9680,#10347);
#10347 = DEFINITIONAL_REPRESENTATION('',(#10348),#10352);
#10348 = LINE('',#10349,#10350);
#10349 = CARTESIAN_POINT('',(-0.,0.));
#10350 = VECTOR('',#10351,1.);
#10351 = DIRECTION('',(-0.,-1.));
#10352 = ( GEOMETRIC_REPRESENTATION_CONTEXT(2) 
PARAMETRIC_REPRESENTATION_CONTEXT() REPRESENTATION_CONTEXT('2D SPACE',''
  ) );
#10353 = ORIENTED_EDGE('',*,*,#9659,.F.);
#10354 = ORIENTED_EDGE('',*,*,#10333,.F.);
#10355 = ADVANCED_FACE('',(#10356,#10359),#9816,.T.);
#10356 = FACE_BOUND('',#10357,.T.);
#10357 = EDGE_LOOP('',(#10358));
#10358 = ORIENTED_EDGE('',*,*,#10169,.T.);
#10359 = FACE_BOUND('',#10360,.T.);
#10360 = EDGE_LOOP('',(#10361));
#10361 = ORIENTED_EDGE('',*,*,#9801,.T.);
#10362 = ADVANCED_FACE('',(#10363),#9924,.F.);
#10363 = FACE_BOUND('',#10364,.F.);
#10364 = EDGE_LOOP('',(#10365,#10366));
#10365 = ORIENTED_EDGE('',*,*,#10047,.T.);
#10366 = ORIENTED_EDGE('',*,*,#9907,.T.);
#10367 = ADVANCED_FACE('',(#10368),#10104,.F.);
#10368 = FACE_BOUND('',#10369,.F.);
#10369 = EDGE_LOOP('',(#10370,#10371));
#10370 = ORIENTED_EDGE('',*,*,#10089,.T.);
#10371 = ORIENTED_EDGE('',*,*,#10216,.T.);
#10372 = ( GEOMETRIC_REPRESENTATION_CONTEXT(3) 
GLOBAL_UNCERTAINTY_ASSIGNED_CONTEXT((#10376)) 
GLOBAL_UNIT_ASSIGNED_CONTEXT((#10373,#10374,#10375)) 
REPRESENTATION_CONTEXT('Context #1',
  '3D Context with UNIT and UNCERTAINTY') );
#10373 = ( LENGTH_UNIT() NAMED_UNIT(*) SI_UNIT(.MILLI.,.METRE.) );
#10374 = ( NAMED_UNIT(*) PLANE_ANGLE_UNIT() SI_UNIT($,.RADIAN.) );
#10375 = ( NAMED_UNIT(*) SI_UNIT($,.STERADIAN.) SOLID_ANGLE_UNIT() );
#10376 = UNCERTAINTY_MEASURE_WITH_UNIT(LENGTH_MEASURE(1.E-07),#10373,
  'distance_accuracy_value','confusion accuracy');
#10377 = CONTEXT_DEPENDENT_SHAPE_REPRESENTATION(#10378,#10380);
#10378 = ( REPRESENTATION_RELATIONSHIP('','',#8173,#10) 
REPRESENTATION_RELATIONSHIP_WITH_TRANSFORMATION(#10379) 
SHAPE_REPRESENTATION_RELATIONSHIP() );
#10379 = ITEM_DEFINED_TRANSFORMATION('','',#11,#27);
#10380 = PRODUCT_DEFINITION_SHAPE('Placement','Placement of an item',
  #10381);
#10381 = NEXT_ASSEMBLY_USAGE_OCCURRENCE('4','P05_drive_hub','',#5,#8168,
  $);
#10382 = PRODUCT_RELATED_PRODUCT_CATEGORY('part',$,(#8170));
#10383 = SHAPE_DEFINITION_REPRESENTATION(#10384,#10390);
#10384 = PRODUCT_DEFINITION_SHAPE('','',#10385);
#10385 = PRODUCT_DEFINITION('design','',#10386,#10389);
#10386 = PRODUCT_DEFINITION_FORMATION('','',#10387);
#10387 = PRODUCT('P06_bowl','P06_bowl','',(#10388));
#10388 = PRODUCT_CONTEXT('',#2,'mechanical');
#10389 = PRODUCT_DEFINITION_CONTEXT('part definition',#2,'design');
#10390 = ADVANCED_BREP_SHAPE_REPRESENTATION('',(#11,#10391),#11621);
#10391 = MANIFOLD_SOLID_BREP('',#10392);
#10392 = CLOSED_SHELL('',(#10393,#10570,#10625,#10680,#10735,#10790,
    #10845,#10884,#10888,#10892,#10896,#10900,#10959,#10994,#11049,
    #11084,#11139,#11194,#11249,#11284,#11339,#11395,#11450,#11506,
    #11561,#11617));
#10393 = ADVANCED_FACE('',(#10394,#10430,#10465,#10500,#10535),#10407,
  .F.);
#10394 = FACE_BOUND('',#10395,.T.);
#10395 = EDGE_LOOP('',(#10396));
#10396 = ORIENTED_EDGE('',*,*,#10397,.F.);
#10397 = EDGE_CURVE('',#10398,#10398,#10400,.T.);
#10398 = VERTEX_POINT('',#10399);
#10399 = CARTESIAN_POINT('',(18.,0.,66.));
#10400 = SURFACE_CURVE('',#10401,(#10406,#10418),.PCURVE_S1.);
#10401 = CIRCLE('',#10402,18.);
#10402 = AXIS2_PLACEMENT_3D('',#10403,#10404,#10405);
#10403 = CARTESIAN_POINT('',(0.,0.,66.));
#10404 = DIRECTION('',(0.,0.,1.));
#10405 = DIRECTION('',(1.,0.,-0.));
#10406 = PCURVE('',#10407,#10412);
#10407 = PLANE('',#10408);
#10408 = AXIS2_PLACEMENT_3D('',#10409,#10410,#10411);
#10409 = CARTESIAN_POINT('',(0.,0.,66.));
#10410 = DIRECTION('',(0.,0.,1.));
#10411 = DIRECTION('',(1.,0.,-0.));
#10412 = DEFINITIONAL_REPRESENTATION('',(#10413),#10417);
#10413 = CIRCLE('',#10414,18.);
#10414 = AXIS2_PLACEMENT_2D('',#10415,#10416);
#10415 = CARTESIAN_POINT('',(0.,0.));
#10416 = DIRECTION('',(1.,-0.));
#10417 = ( GEOMETRIC_REPRESENTATION_CONTEXT(2) 
PARAMETRIC_REPRESENTATION_CONTEXT() REPRESENTATION_CONTEXT('2D SPACE',''
  ) );
#10418 = PCURVE('',#10419,#10424);
#10419 = CYLINDRICAL_SURFACE('',#10420,18.);
#10420 = AXIS2_PLACEMENT_3D('',#10421,#10422,#10423);
#10421 = CARTESIAN_POINT('',(0.,0.,66.));
#10422 = DIRECTION('',(0.,0.,1.));
#10423 = DIRECTION('',(1.,0.,-0.));
#10424 = DEFINITIONAL_REPRESENTATION('',(#10425),#10429);
#10425 = LINE('',#10426,#10427);
#10426 = CARTESIAN_POINT('',(0.,0.));
#10427 = VECTOR('',#10428,1.);
#10428 = DIRECTION('',(1.,0.));
#10429 = ( GEOMETRIC_REPRESENTATION_CONTEXT(2) 
PARAMETRIC_REPRESENTATION_CONTEXT() REPRESENTATION_CONTEXT('2D SPACE',''
  ) );
#10430 = FACE_BOUND('',#10431,.T.);
#10431 = EDGE_LOOP('',(#10432));
#10432 = ORIENTED_EDGE('',*,*,#10433,.F.);
#10433 = EDGE_CURVE('',#10434,#10434,#10436,.T.);
#10434 = VERTEX_POINT('',#10435);
#10435 = CARTESIAN_POINT('',(15.357368354874,-7.25,66.));
#10436 = SURFACE_CURVE('',#10437,(#10442,#10453),.PCURVE_S1.);
#10437 = CIRCLE('',#10438,2.8);
#10438 = AXIS2_PLACEMENT_3D('',#10439,#10440,#10441);
#10439 = CARTESIAN_POINT('',(12.557368354874,-7.25,66.));
#10440 = DIRECTION('',(0.,0.,-1.));
#10441 = DIRECTION('',(1.,0.,0.));
#10442 = PCURVE('',#10407,#10443);
#10443 = DEFINITIONAL_REPRESENTATION('',(#10444),#10452);
#10444 = ( BOUNDED_CURVE() B_SPLINE_CURVE(2,(#10445,#10446,#10447,#10448
    ,#10449,#10450,#10451),.UNSPECIFIED.,.T.,.F.) 
B_SPLINE_CURVE_WITH_KNOTS((1,2,2,2,2,1),(-2.094395102393,0.,
    2.094395102393,4.188790204786,6.28318530718,8.377580409573),
.UNSPECIFIED.) CURVE() GEOMETRIC_REPRESENTATION_ITEM() 
RATIONAL_B_SPLINE_CURVE((1.,0.5,1.,0.5,1.,0.5,1.)) REPRESENTATION_ITEM(
  '') );
#10445 = CARTESIAN_POINT('',(15.357368354874,-7.25));
#10446 = CARTESIAN_POINT('',(15.357368354874,-12.09974226119));
#10447 = CARTESIAN_POINT('',(11.157368354874,-9.674871130596));
#10448 = CARTESIAN_POINT('',(6.957368354874,-7.25));
#10449 = CARTESIAN_POINT('',(11.157368354874,-4.825128869404));
#10450 = CARTESIAN_POINT('',(15.357368354874,-2.400257738807));
#10451 = CARTESIAN_POINT('',(15.357368354874,-7.25));
#10452 = ( GEOMETRIC_REPRESENTATION_CONTEXT(2) 
PARAMETRIC_REPRESENTATION_CONTEXT() REPRESENTATION_CONTEXT('2D SPACE',''
  ) );
#10453 = PCURVE('',#10454,#10459);
#10454 = CYLINDRICAL_SURFACE('',#10455,2.8);
#10455 = AXIS2_PLACEMENT_3D('',#10456,#10457,#10458);
#10456 = CARTESIAN_POINT('',(12.557368354874,-7.25,65.9));
#10457 = DIRECTION('',(-0.,-0.,-1.));
#10458 = DIRECTION('',(1.,0.,0.));
#10459 = DEFINITIONAL_REPRESENTATION('',(#10460),#10464);
#10460 = LINE('',#10461,#10462);
#10461 = CARTESIAN_POINT('',(-6.28318530718,-9.999999999999E-02));
#10462 = VECTOR('',#10463,1.);
#10463 = DIRECTION('',(1.,-0.));
#10464 = ( GEOMETRIC_REPRESENTATION_CONTEXT(2) 
PARAMETRIC_REPRESENTATION_CONTEXT() REPRESENTATION_CONTEXT('2D SPACE',''
  ) );
#10465 = FACE_BOUND('',#10466,.T.);
#10466 = EDGE_LOOP('',(#10467));
#10467 = ORIENTED_EDGE('',*,*,#10468,.F.);
#10468 = EDGE_CURVE('',#10469,#10469,#10471,.T.);
#10469 = VERTEX_POINT('',#10470);
#10470 = CARTESIAN_POINT('',(3.,0.,66.));
#10471 = SURFACE_CURVE('',#10472,(#10477,#10488),.PCURVE_S1.);
#10472 = CIRCLE('',#10473,3.);
#10473 = AXIS2_PLACEMENT_3D('',#10474,#10475,#10476);
#10474 = CARTESIAN_POINT('',(0.,0.,66.));
#10475 = DIRECTION('',(0.,0.,-1.));
#10476 = DIRECTION('',(1.,0.,0.));
#10477 = PCURVE('',#10407,#10478);
#10478 = DEFINITIONAL_REPRESENTATION('',(#10479),#10487);
#10479 = ( BOUNDED_CURVE() B_SPLINE_CURVE(2,(#10480,#10481,#10482,#10483
    ,#10484,#10485,#10486),.UNSPECIFIED.,.T.,.F.) 
B_SPLINE_CURVE_WITH_KNOTS((1,2,2,2,2,1),(-2.094395102393,0.,
    2.094395102393,4.188790204786,6.28318530718,8.377580409573),
.UNSPECIFIED.) CURVE() GEOMETRIC_REPRESENTATION_ITEM() 
RATIONAL_B_SPLINE_CURVE((1.,0.5,1.,0.5,1.,0.5,1.)) REPRESENTATION_ITEM(
  '') );
#10480 = CARTESIAN_POINT('',(3.,0.));
#10481 = CARTESIAN_POINT('',(3.,-5.196152422707));
#10482 = CARTESIAN_POINT('',(-1.5,-2.598076211353));
#10483 = CARTESIAN_POINT('',(-6.,-7.347880794884E-16));
#10484 = CARTESIAN_POINT('',(-1.5,2.598076211353));
#10485 = CARTESIAN_POINT('',(3.,5.196152422707));
#10486 = CARTESIAN_POINT('',(3.,0.));
#10487 = ( GEOMETRIC_REPRESENTATION_CONTEXT(2) 
PARAMETRIC_REPRESENTATION_CONTEXT() REPRESENTATION_CONTEXT('2D SPACE',''
  ) );
#10488 = PCURVE('',#10489,#10494);
#10489 = CYLINDRICAL_SURFACE('',#10490,3.);
#10490 = AXIS2_PLACEMENT_3D('',#10491,#10492,#10493);
#10491 = CARTESIAN_POINT('',(0.,0.,65.9));
#10492 = DIRECTION('',(-0.,-0.,-1.));
#10493 = DIRECTION('',(1.,0.,0.));
#10494 = DEFINITIONAL_REPRESENTATION('',(#10495),#10499);
#10495 = LINE('',#10496,#10497);
#10496 = CARTESIAN_POINT('',(-6.28318530718,-9.999999999999E-02));
#10497 = VECTOR('',#10498,1.);
#10498 = DIRECTION('',(1.,-0.));
#10499 = ( GEOMETRIC_REPRESENTATION_CONTEXT(2) 
PARAMETRIC_REPRESENTATION_CONTEXT() REPRESENTATION_CONTEXT('2D SPACE',''
  ) );
#10500 = FACE_BOUND('',#10501,.T.);
#10501 = EDGE_LOOP('',(#10502));
#10502 = ORIENTED_EDGE('',*,*,#10503,.F.);
#10503 = EDGE_CURVE('',#10504,#10504,#10506,.T.);
#10504 = VERTEX_POINT('',#10505);
#10505 = CARTESIAN_POINT('',(-9.757368354874,-7.25,66.));
#10506 = SURFACE_CURVE('',#10507,(#10512,#10523),.PCURVE_S1.);
#10507 = CIRCLE('',#10508,2.8);
#10508 = AXIS2_PLACEMENT_3D('',#10509,#10510,#10511);
#10509 = CARTESIAN_POINT('',(-12.55736835487,-7.25,66.));
#10510 = DIRECTION('',(0.,0.,-1.));
#10511 = DIRECTION('',(1.,0.,0.));
#10512 = PCURVE('',#10407,#10513);
#10513 = DEFINITIONAL_REPRESENTATION('',(#10514),#10522);
#10514 = ( BOUNDED_CURVE() B_SPLINE_CURVE(2,(#10515,#10516,#10517,#10518
    ,#10519,#10520,#10521),.UNSPECIFIED.,.T.,.F.) 
B_SPLINE_CURVE_WITH_KNOTS((1,2,2,2,2,1),(-2.094395102393,0.,
    2.094395102393,4.188790204786,6.28318530718,8.377580409573),
.UNSPECIFIED.) CURVE() GEOMETRIC_REPRESENTATION_ITEM() 
RATIONAL_B_SPLINE_CURVE((1.,0.5,1.,0.5,1.,0.5,1.)) REPRESENTATION_ITEM(
  '') );
#10515 = CARTESIAN_POINT('',(-9.757368354874,-7.25));
#10516 = CARTESIAN_POINT('',(-9.757368354874,-12.09974226119));
#10517 = CARTESIAN_POINT('',(-13.95736835487,-9.674871130596));
#10518 = CARTESIAN_POINT('',(-18.15736835487,-7.25));
#10519 = CARTESIAN_POINT('',(-13.95736835487,-4.825128869404));
#10520 = CARTESIAN_POINT('',(-9.757368354874,-2.400257738807));
#10521 = CARTESIAN_POINT('',(-9.757368354874,-7.25));
#10522 = ( GEOMETRIC_REPRESENTATION_CONTEXT(2) 
PARAMETRIC_REPRESENTATION_CONTEXT() REPRESENTATION_CONTEXT('2D SPACE',''
  ) );
#10523 = PCURVE('',#10524,#10529);
#10524 = CYLINDRICAL_SURFACE('',#10525,2.8);
#10525 = AXIS2_PLACEMENT_3D('',#10526,#10527,#10528);
#10526 = CARTESIAN_POINT('',(-12.55736835487,-7.25,65.9));
#10527 = DIRECTION('',(-0.,-0.,-1.));
#10528 = DIRECTION('',(1.,0.,0.));
#10529 = DEFINITIONAL_REPRESENTATION('',(#10530),#10534);
#10530 = LINE('',#10531,#10532);
#10531 = CARTESIAN_POINT('',(-6.28318530718,-9.999999999999E-02));
#10532 = VECTOR('',#10533,1.);
#10533 = DIRECTION('',(1.,-0.));
#10534 = ( GEOMETRIC_REPRESENTATION_CONTEXT(2) 
PARAMETRIC_REPRESENTATION_CONTEXT() REPRESENTATION_CONTEXT('2D SPACE',''
  ) );
#10535 = FACE_BOUND('',#10536,.T.);
#10536 = EDGE_LOOP('',(#10537));
#10537 = ORIENTED_EDGE('',*,*,#10538,.F.);
#10538 = EDGE_CURVE('',#10539,#10539,#10541,.T.);
#10539 = VERTEX_POINT('',#10540);
#10540 = CARTESIAN_POINT('',(2.8,14.5,66.));
#10541 = SURFACE_CURVE('',#10542,(#10547,#10558),.PCURVE_S1.);
#10542 = CIRCLE('',#10543,2.8);
#10543 = AXIS2_PLACEMENT_3D('',#10544,#10545,#10546);
#10544 = CARTESIAN_POINT('',(8.878689293818E-16,14.5,66.));
#10545 = DIRECTION('',(0.,0.,-1.));
#10546 = DIRECTION('',(1.,0.,0.));
#10547 = PCURVE('',#10407,#10548);
#10548 = DEFINITIONAL_REPRESENTATION('',(#10549),#10557);
#10549 = ( BOUNDED_CURVE() B_SPLINE_CURVE(2,(#10550,#10551,#10552,#10553
    ,#10554,#10555,#10556),.UNSPECIFIED.,.T.,.F.) 
B_SPLINE_CURVE_WITH_KNOTS((1,2,2,2,2,1),(-2.094395102393,0.,
    2.094395102393,4.188790204786,6.28318530718,8.377580409573),
.UNSPECIFIED.) CURVE() GEOMETRIC_REPRESENTATION_ITEM() 
RATIONAL_B_SPLINE_CURVE((1.,0.5,1.,0.5,1.,0.5,1.)) REPRESENTATION_ITEM(
  '') );
#10550 = CARTESIAN_POINT('',(2.8,14.5));
#10551 = CARTESIAN_POINT('',(2.8,9.650257738807));
#10552 = CARTESIAN_POINT('',(-1.4,12.075128869404));
#10553 = CARTESIAN_POINT('',(-5.6,14.5));
#10554 = CARTESIAN_POINT('',(-1.4,16.924871130596));
#10555 = CARTESIAN_POINT('',(2.8,19.349742261193));
#10556 = CARTESIAN_POINT('',(2.8,14.5));
#10557 = ( GEOMETRIC_REPRESENTATION_CONTEXT(2) 
PARAMETRIC_REPRESENTATION_CONTEXT() REPRESENTATION_CONTEXT('2D SPACE',''
  ) );
#10558 = PCURVE('',#10559,#10564);
#10559 = CYLINDRICAL_SURFACE('',#10560,2.8);
#10560 = AXIS2_PLACEMENT_3D('',#10561,#10562,#10563);
#10561 = CARTESIAN_POINT('',(8.878689293818E-16,14.5,65.9));
#10562 = DIRECTION('',(-0.,-0.,-1.));
#10563 = DIRECTION('',(1.,0.,0.));
#10564 = DEFINITIONAL_REPRESENTATION('',(#10565),#10569);
#10565 = LINE('',#10566,#10567);
#10566 = CARTESIAN_POINT('',(-6.28318530718,-9.999999999999E-02));
#10567 = VECTOR('',#10568,1.);
#10568 = DIRECTION('',(1.,-0.));
#10569 = ( GEOMETRIC_REPRESENTATION_CONTEXT(2) 
PARAMETRIC_REPRESENTATION_CONTEXT() REPRESENTATION_CONTEXT('2D SPACE',''
  ) );
#10570 = ADVANCED_FACE('',(#10571),#10419,.T.);
#10571 = FACE_BOUND('',#10572,.T.);
#10572 = EDGE_LOOP('',(#10573,#10574,#10597,#10624));
#10573 = ORIENTED_EDGE('',*,*,#10397,.T.);
#10574 = ORIENTED_EDGE('',*,*,#10575,.T.);
#10575 = EDGE_CURVE('',#10398,#10576,#10578,.T.);
#10576 = VERTEX_POINT('',#10577);
#10577 = CARTESIAN_POINT('',(18.,0.,74.));
#10578 = SEAM_CURVE('',#10579,(#10583,#10590),.PCURVE_S1.);
#10579 = LINE('',#10580,#10581);
#10580 = CARTESIAN_POINT('',(18.,0.,66.));
#10581 = VECTOR('',#10582,1.);
#10582 = DIRECTION('',(0.,0.,1.));
#10583 = PCURVE('',#10419,#10584);
#10584 = DEFINITIONAL_REPRESENTATION('',(#10585),#10589);
#10585 = LINE('',#10586,#10587);
#10586 = CARTESIAN_POINT('',(0.,0.));
#10587 = VECTOR('',#10588,1.);
#10588 = DIRECTION('',(0.,1.));
#10589 = ( GEOMETRIC_REPRESENTATION_CONTEXT(2) 
PARAMETRIC_REPRESENTATION_CONTEXT() REPRESENTATION_CONTEXT('2D SPACE',''
  ) );
#10590 = PCURVE('',#10419,#10591);
#10591 = DEFINITIONAL_REPRESENTATION('',(#10592),#10596);
#10592 = LINE('',#10593,#10594);
#10593 = CARTESIAN_POINT('',(6.28318530718,0.));
#10594 = VECTOR('',#10595,1.);
#10595 = DIRECTION('',(0.,1.));
#10596 = ( GEOMETRIC_REPRESENTATION_CONTEXT(2) 
PARAMETRIC_REPRESENTATION_CONTEXT() REPRESENTATION_CONTEXT('2D SPACE',''
  ) );
#10597 = ORIENTED_EDGE('',*,*,#10598,.F.);
#10598 = EDGE_CURVE('',#10576,#10576,#10599,.T.);
#10599 = SURFACE_CURVE('',#10600,(#10605,#10612),.PCURVE_S1.);
#10600 = CIRCLE('',#10601,18.);
#10601 = AXIS2_PLACEMENT_3D('',#10602,#10603,#10604);
#10602 = CARTESIAN_POINT('',(0.,0.,74.));
#10603 = DIRECTION('',(0.,0.,1.));
#10604 = DIRECTION('',(1.,0.,-0.));
#10605 = PCURVE('',#10419,#10606);
#10606 = DEFINITIONAL_REPRESENTATION('',(#10607),#10611);
#10607 = LINE('',#10608,#10609);
#10608 = CARTESIAN_POINT('',(0.,8.));
#10609 = VECTOR('',#10610,1.);
#10610 = DIRECTION('',(1.,0.));
#10611 = ( GEOMETRIC_REPRESENTATION_CONTEXT(2) 
PARAMETRIC_REPRESENTATION_CONTEXT() REPRESENTATION_CONTEXT('2D SPACE',''
  ) );
#10612 = PCURVE('',#10613,#10618);
#10613 = PLANE('',#10614);
#10614 = AXIS2_PLACEMENT_3D('',#10615,#10616,#10617);
#10615 = CARTESIAN_POINT('',(-8.415016200243E-16,2.304645920836E-15,74.)
  );
#10616 = DIRECTION('',(0.,0.,1.));
#10617 = DIRECTION('',(1.,0.,-0.));
#10618 = DEFINITIONAL_REPRESENTATION('',(#10619),#10623);
#10619 = CIRCLE('',#10620,18.);
#10620 = AXIS2_PLACEMENT_2D('',#10621,#10622);
#10621 = CARTESIAN_POINT('',(8.415016200243E-16,-2.304645920836E-15));
#10622 = DIRECTION('',(1.,0.));
#10623 = ( GEOMETRIC_REPRESENTATION_CONTEXT(2) 
PARAMETRIC_REPRESENTATION_CONTEXT() REPRESENTATION_CONTEXT('2D SPACE',''
  ) );
#10624 = ORIENTED_EDGE('',*,*,#10575,.F.);
#10625 = ADVANCED_FACE('',(#10626),#10454,.F.);
#10626 = FACE_BOUND('',#10627,.T.);
#10627 = EDGE_LOOP('',(#10628,#10629,#10652,#10679));
#10628 = ORIENTED_EDGE('',*,*,#10433,.T.);
#10629 = ORIENTED_EDGE('',*,*,#10630,.T.);
#10630 = EDGE_CURVE('',#10434,#10631,#10633,.T.);
#10631 = VERTEX_POINT('',#10632);
#10632 = CARTESIAN_POINT('',(15.357368354874,-7.25,72.5));
#10633 = SEAM_CURVE('',#10634,(#10638,#10645),.PCURVE_S1.);
#10634 = LINE('',#10635,#10636);
#10635 = CARTESIAN_POINT('',(15.357368354874,-7.25,65.9));
#10636 = VECTOR('',#10637,1.);
#10637 = DIRECTION('',(0.,0.,1.));
#10638 = PCURVE('',#10454,#10639);
#10639 = DEFINITIONAL_REPRESENTATION('',(#10640),#10644);
#10640 = LINE('',#10641,#10642);
#10641 = CARTESIAN_POINT('',(-6.28318530718,0.));
#10642 = VECTOR('',#10643,1.);
#10643 = DIRECTION('',(-0.,-1.));
#10644 = ( GEOMETRIC_REPRESENTATION_CONTEXT(2) 
PARAMETRIC_REPRESENTATION_CONTEXT() REPRESENTATION_CONTEXT('2D SPACE',''
  ) );
#10645 = PCURVE('',#10454,#10646);
#10646 = DEFINITIONAL_REPRESENTATION('',(#10647),#10651);
#10647 = LINE('',#10648,#10649);
#10648 = CARTESIAN_POINT('',(-0.,0.));
#10649 = VECTOR('',#10650,1.);
#10650 = DIRECTION('',(-0.,-1.));
#10651 = ( GEOMETRIC_REPRESENTATION_CONTEXT(2) 
PARAMETRIC_REPRESENTATION_CONTEXT() REPRESENTATION_CONTEXT('2D SPACE',''
  ) );
#10652 = ORIENTED_EDGE('',*,*,#10653,.T.);
#10653 = EDGE_CURVE('',#10631,#10631,#10654,.T.);
#10654 = SURFACE_CURVE('',#10655,(#10660,#10667),.PCURVE_S1.);
#10655 = CIRCLE('',#10656,2.8);
#10656 = AXIS2_PLACEMENT_3D('',#10657,#10658,#10659);
#10657 = CARTESIAN_POINT('',(12.557368354874,-7.25,72.5));
#10658 = DIRECTION('',(0.,0.,1.));
#10659 = DIRECTION('',(1.,0.,0.));
#10660 = PCURVE('',#10454,#10661);
#10661 = DEFINITIONAL_REPRESENTATION('',(#10662),#10666);
#10662 = LINE('',#10663,#10664);
#10663 = CARTESIAN_POINT('',(-0.,-6.6));
#10664 = VECTOR('',#10665,1.);
#10665 = DIRECTION('',(-1.,0.));
#10666 = ( GEOMETRIC_REPRESENTATION_CONTEXT(2) 
PARAMETRIC_REPRESENTATION_CONTEXT() REPRESENTATION_CONTEXT('2D SPACE',''
  ) );
#10667 = PCURVE('',#10668,#10673);
#10668 = PLANE('',#10669);
#10669 = AXIS2_PLACEMENT_3D('',#10670,#10671,#10672);
#10670 = CARTESIAN_POINT('',(12.557368354874,-7.25,72.5));
#10671 = DIRECTION('',(0.,0.,1.));
#10672 = DIRECTION('',(1.,0.,-0.));
#10673 = DEFINITIONAL_REPRESENTATION('',(#10674),#10678);
#10674 = CIRCLE('',#10675,2.8);
#10675 = AXIS2_PLACEMENT_2D('',#10676,#10677);
#10676 = CARTESIAN_POINT('',(0.,8.881784197001E-16));
#10677 = DIRECTION('',(1.,0.));
#10678 = ( GEOMETRIC_REPRESENTATION_CONTEXT(2) 
PARAMETRIC_REPRESENTATION_CONTEXT() REPRESENTATION_CONTEXT('2D SPACE',''
  ) );
#10679 = ORIENTED_EDGE('',*,*,#10630,.F.);
#10680 = ADVANCED_FACE('',(#10681),#10489,.F.);
#10681 = FACE_BOUND('',#10682,.T.);
#10682 = EDGE_LOOP('',(#10683,#10684,#10707,#10734));
#10683 = ORIENTED_EDGE('',*,*,#10468,.T.);
#10684 = ORIENTED_EDGE('',*,*,#10685,.T.);
#10685 = EDGE_CURVE('',#10469,#10686,#10688,.T.);
#10686 = VERTEX_POINT('',#10687);
#10687 = CARTESIAN_POINT('',(3.,0.,72.9));
#10688 = SEAM_CURVE('',#10689,(#10693,#10700),.PCURVE_S1.);
#10689 = LINE('',#10690,#10691);
#10690 = CARTESIAN_POINT('',(3.,0.,65.9));
#10691 = VECTOR('',#10692,1.);
#10692 = DIRECTION('',(0.,0.,1.));
#10693 = PCURVE('',#10489,#10694);
#10694 = DEFINITIONAL_REPRESENTATION('',(#10695),#10699);
#10695 = LINE('',#10696,#10697);
#10696 = CARTESIAN_POINT('',(-6.28318530718,0.));
#10697 = VECTOR('',#10698,1.);
#10698 = DIRECTION('',(-0.,-1.));
#10699 = ( GEOMETRIC_REPRESENTATION_CONTEXT(2) 
PARAMETRIC_REPRESENTATION_CONTEXT() REPRESENTATION_CONTEXT('2D SPACE',''
  ) );
#10700 = PCURVE('',#10489,#10701);
#10701 = DEFINITIONAL_REPRESENTATION('',(#10702),#10706);
#10702 = LINE('',#10703,#10704);
#10703 = CARTESIAN_POINT('',(-0.,0.));
#10704 = VECTOR('',#10705,1.);
#10705 = DIRECTION('',(-0.,-1.));
#10706 = ( GEOMETRIC_REPRESENTATION_CONTEXT(2) 
PARAMETRIC_REPRESENTATION_CONTEXT() REPRESENTATION_CONTEXT('2D SPACE',''
  ) );
#10707 = ORIENTED_EDGE('',*,*,#10708,.T.);
#10708 = EDGE_CURVE('',#10686,#10686,#10709,.T.);
#10709 = SURFACE_CURVE('',#10710,(#10715,#10722),.PCURVE_S1.);
#10710 = CIRCLE('',#10711,3.);
#10711 = AXIS2_PLACEMENT_3D('',#10712,#10713,#10714);
#10712 = CARTESIAN_POINT('',(0.,0.,72.9));
#10713 = DIRECTION('',(0.,0.,1.));
#10714 = DIRECTION('',(1.,0.,0.));
#10715 = PCURVE('',#10489,#10716);
#10716 = DEFINITIONAL_REPRESENTATION('',(#10717),#10721);
#10717 = LINE('',#10718,#10719);
#10718 = CARTESIAN_POINT('',(-0.,-7.));
#10719 = VECTOR('',#10720,1.);
#10720 = DIRECTION('',(-1.,0.));
#10721 = ( GEOMETRIC_REPRESENTATION_CONTEXT(2) 
PARAMETRIC_REPRESENTATION_CONTEXT() REPRESENTATION_CONTEXT('2D SPACE',''
  ) );
#10722 = PCURVE('',#10723,#10728);
#10723 = PLANE('',#10724);
#10724 = AXIS2_PLACEMENT_3D('',#10725,#10726,#10727);
#10725 = CARTESIAN_POINT('',(-1.709300165674E-16,-8.51133553645E-18,72.9
    ));
#10726 = DIRECTION('',(0.,0.,1.));
#10727 = DIRECTION('',(1.,0.,-0.));
#10728 = DEFINITIONAL_REPRESENTATION('',(#10729),#10733);
#10729 = CIRCLE('',#10730,3.);
#10730 = AXIS2_PLACEMENT_2D('',#10731,#10732);
#10731 = CARTESIAN_POINT('',(1.709300165674E-16,8.51133553645E-18));
#10732 = DIRECTION('',(1.,0.));
#10733 = ( GEOMETRIC_REPRESENTATION_CONTEXT(2) 
PARAMETRIC_REPRESENTATION_CONTEXT() REPRESENTATION_CONTEXT('2D SPACE',''
  ) );
#10734 = ORIENTED_EDGE('',*,*,#10685,.F.);
#10735 = ADVANCED_FACE('',(#10736),#10524,.F.);
#10736 = FACE_BOUND('',#10737,.T.);
#10737 = EDGE_LOOP('',(#10738,#10739,#10762,#10789));
#10738 = ORIENTED_EDGE('',*,*,#10503,.T.);
#10739 = ORIENTED_EDGE('',*,*,#10740,.T.);
#10740 = EDGE_CURVE('',#10504,#10741,#10743,.T.);
#10741 = VERTEX_POINT('',#10742);
#10742 = CARTESIAN_POINT('',(-9.757368354874,-7.25,72.5));
#10743 = SEAM_CURVE('',#10744,(#10748,#10755),.PCURVE_S1.);
#10744 = LINE('',#10745,#10746);
#10745 = CARTESIAN_POINT('',(-9.757368354874,-7.25,65.9));
#10746 = VECTOR('',#10747,1.);
#10747 = DIRECTION('',(0.,0.,1.));
#10748 = PCURVE('',#10524,#10749);
#10749 = DEFINITIONAL_REPRESENTATION('',(#10750),#10754);
#10750 = LINE('',#10751,#10752);
#10751 = CARTESIAN_POINT('',(-6.28318530718,0.));
#10752 = VECTOR('',#10753,1.);
#10753 = DIRECTION('',(-0.,-1.));
#10754 = ( GEOMETRIC_REPRESENTATION_CONTEXT(2) 
PARAMETRIC_REPRESENTATION_CONTEXT() REPRESENTATION_CONTEXT('2D SPACE',''
  ) );
#10755 = PCURVE('',#10524,#10756);
#10756 = DEFINITIONAL_REPRESENTATION('',(#10757),#10761);
#10757 = LINE('',#10758,#10759);
#10758 = CARTESIAN_POINT('',(-0.,0.));
#10759 = VECTOR('',#10760,1.);
#10760 = DIRECTION('',(-0.,-1.));
#10761 = ( GEOMETRIC_REPRESENTATION_CONTEXT(2) 
PARAMETRIC_REPRESENTATION_CONTEXT() REPRESENTATION_CONTEXT('2D SPACE',''
  ) );
#10762 = ORIENTED_EDGE('',*,*,#10763,.T.);
#10763 = EDGE_CURVE('',#10741,#10741,#10764,.T.);
#10764 = SURFACE_CURVE('',#10765,(#10770,#10777),.PCURVE_S1.);
#10765 = CIRCLE('',#10766,2.8);
#10766 = AXIS2_PLACEMENT_3D('',#10767,#10768,#10769);
#10767 = CARTESIAN_POINT('',(-12.55736835487,-7.25,72.5));
#10768 = DIRECTION('',(0.,0.,1.));
#10769 = DIRECTION('',(1.,0.,0.));
#10770 = PCURVE('',#10524,#10771);
#10771 = DEFINITIONAL_REPRESENTATION('',(#10772),#10776);
#10772 = LINE('',#10773,#10774);
#10773 = CARTESIAN_POINT('',(-0.,-6.6));
#10774 = VECTOR('',#10775,1.);
#10775 = DIRECTION('',(-1.,0.));
#10776 = ( GEOMETRIC_REPRESENTATION_CONTEXT(2) 
PARAMETRIC_REPRESENTATION_CONTEXT() REPRESENTATION_CONTEXT('2D SPACE',''
  ) );
#10777 = PCURVE('',#10778,#10783);
#10778 = PLANE('',#10779);
#10779 = AXIS2_PLACEMENT_3D('',#10780,#10781,#10782);
#10780 = CARTESIAN_POINT('',(-12.55736835487,-7.25,72.5));
#10781 = DIRECTION('',(0.,0.,1.));
#10782 = DIRECTION('',(1.,0.,-0.));
#10783 = DEFINITIONAL_REPRESENTATION('',(#10784),#10788);
#10784 = CIRCLE('',#10785,2.8);
#10785 = AXIS2_PLACEMENT_2D('',#10786,#10787);
#10786 = CARTESIAN_POINT('',(0.,-8.881784197001E-16));
#10787 = DIRECTION('',(1.,0.));
#10788 = ( GEOMETRIC_REPRESENTATION_CONTEXT(2) 
PARAMETRIC_REPRESENTATION_CONTEXT() REPRESENTATION_CONTEXT('2D SPACE',''
  ) );
#10789 = ORIENTED_EDGE('',*,*,#10740,.F.);
#10790 = ADVANCED_FACE('',(#10791),#10559,.F.);
#10791 = FACE_BOUND('',#10792,.T.);
#10792 = EDGE_LOOP('',(#10793,#10794,#10817,#10844));
#10793 = ORIENTED_EDGE('',*,*,#10538,.T.);
#10794 = ORIENTED_EDGE('',*,*,#10795,.T.);
#10795 = EDGE_CURVE('',#10539,#10796,#10798,.T.);
#10796 = VERTEX_POINT('',#10797);
#10797 = CARTESIAN_POINT('',(2.8,14.5,72.5));
#10798 = SEAM_CURVE('',#10799,(#10803,#10810),.PCURVE_S1.);
#10799 = LINE('',#10800,#10801);
#10800 = CARTESIAN_POINT('',(2.8,14.5,65.9));
#10801 = VECTOR('',#10802,1.);
#10802 = DIRECTION('',(0.,0.,1.));
#10803 = PCURVE('',#10559,#10804);
#10804 = DEFINITIONAL_REPRESENTATION('',(#10805),#10809);
#10805 = LINE('',#10806,#10807);
#10806 = CARTESIAN_POINT('',(-6.28318530718,0.));
#10807 = VECTOR('',#10808,1.);
#10808 = DIRECTION('',(-0.,-1.));
#10809 = ( GEOMETRIC_REPRESENTATION_CONTEXT(2) 
PARAMETRIC_REPRESENTATION_CONTEXT() REPRESENTATION_CONTEXT('2D SPACE',''
  ) );
#10810 = PCURVE('',#10559,#10811);
#10811 = DEFINITIONAL_REPRESENTATION('',(#10812),#10816);
#10812 = LINE('',#10813,#10814);
#10813 = CARTESIAN_POINT('',(-0.,0.));
#10814 = VECTOR('',#10815,1.);
#10815 = DIRECTION('',(-0.,-1.));
#10816 = ( GEOMETRIC_REPRESENTATION_CONTEXT(2) 
PARAMETRIC_REPRESENTATION_CONTEXT() REPRESENTATION_CONTEXT('2D SPACE',''
  ) );
#10817 = ORIENTED_EDGE('',*,*,#10818,.T.);
#10818 = EDGE_CURVE('',#10796,#10796,#10819,.T.);
#10819 = SURFACE_CURVE('',#10820,(#10825,#10832),.PCURVE_S1.);
#10820 = CIRCLE('',#10821,2.8);
#10821 = AXIS2_PLACEMENT_3D('',#10822,#10823,#10824);
#10822 = CARTESIAN_POINT('',(8.878689293818E-16,14.5,72.5));
#10823 = DIRECTION('',(0.,0.,1.));
#10824 = DIRECTION('',(1.,0.,0.));
#10825 = PCURVE('',#10559,#10826);
#10826 = DEFINITIONAL_REPRESENTATION('',(#10827),#10831);
#10827 = LINE('',#10828,#10829);
#10828 = CARTESIAN_POINT('',(-0.,-6.6));
#10829 = VECTOR('',#10830,1.);
#10830 = DIRECTION('',(-1.,0.));
#10831 = ( GEOMETRIC_REPRESENTATION_CONTEXT(2) 
PARAMETRIC_REPRESENTATION_CONTEXT() REPRESENTATION_CONTEXT('2D SPACE',''
  ) );
#10832 = PCURVE('',#10833,#10838);
#10833 = PLANE('',#10834);
#10834 = AXIS2_PLACEMENT_3D('',#10835,#10836,#10837);
#10835 = CARTESIAN_POINT('',(6.71510779372E-16,14.5,72.5));
#10836 = DIRECTION('',(0.,0.,1.));
#10837 = DIRECTION('',(1.,0.,-0.));
#10838 = DEFINITIONAL_REPRESENTATION('',(#10839),#10843);
#10839 = CIRCLE('',#10840,2.8);
#10840 = AXIS2_PLACEMENT_2D('',#10841,#10842);
#10841 = CARTESIAN_POINT('',(2.163581500098E-16,1.7763568394E-15));
#10842 = DIRECTION('',(1.,0.));
#10843 = ( GEOMETRIC_REPRESENTATION_CONTEXT(2) 
PARAMETRIC_REPRESENTATION_CONTEXT() REPRESENTATION_CONTEXT('2D SPACE',''
  ) );
#10844 = ORIENTED_EDGE('',*,*,#10795,.F.);
#10845 = ADVANCED_FACE('',(#10846,#10881),#10613,.F.);
#10846 = FACE_BOUND('',#10847,.F.);
#10847 = EDGE_LOOP('',(#10848));
#10848 = ORIENTED_EDGE('',*,*,#10849,.F.);
#10849 = EDGE_CURVE('',#10850,#10850,#10852,.T.);
#10850 = VERTEX_POINT('',#10851);
#10851 = CARTESIAN_POINT('',(23.,0.,74.));
#10852 = SURFACE_CURVE('',#10853,(#10858,#10869),.PCURVE_S1.);
#10853 = CIRCLE('',#10854,23.);
#10854 = AXIS2_PLACEMENT_3D('',#10855,#10856,#10857);
#10855 = CARTESIAN_POINT('',(0.,0.,74.));
#10856 = DIRECTION('',(0.,0.,-1.));
#10857 = DIRECTION('',(1.,0.,0.));
#10858 = PCURVE('',#10613,#10859);
#10859 = DEFINITIONAL_REPRESENTATION('',(#10860),#10868);
#10860 = ( BOUNDED_CURVE() B_SPLINE_CURVE(2,(#10861,#10862,#10863,#10864
    ,#10865,#10866,#10867),.UNSPECIFIED.,.T.,.F.) 
B_SPLINE_CURVE_WITH_KNOTS((1,2,2,2,2,1),(-2.094395102393,0.,
    2.094395102393,4.188790204786,6.28318530718,8.377580409573),
.UNSPECIFIED.) CURVE() GEOMETRIC_REPRESENTATION_ITEM() 
RATIONAL_B_SPLINE_CURVE((1.,0.5,1.,0.5,1.,0.5,1.)) REPRESENTATION_ITEM(
  '') );
#10861 = CARTESIAN_POINT('',(23.,-2.304645920836E-15));
#10862 = CARTESIAN_POINT('',(23.,-39.83716857408));
#10863 = CARTESIAN_POINT('',(-11.5,-19.91858428704));
#10864 = CARTESIAN_POINT('',(-46.,-7.938021196914E-15));
#10865 = CARTESIAN_POINT('',(-11.5,19.918584287042));
#10866 = CARTESIAN_POINT('',(23.,39.837168574084));
#10867 = CARTESIAN_POINT('',(23.,-2.304645920836E-15));
#10868 = ( GEOMETRIC_REPRESENTATION_CONTEXT(2) 
PARAMETRIC_REPRESENTATION_CONTEXT() REPRESENTATION_CONTEXT('2D SPACE',''
  ) );
#10869 = PCURVE('',#10870,#10875);
#10870 = CYLINDRICAL_SURFACE('',#10871,23.);
#10871 = AXIS2_PLACEMENT_3D('',#10872,#10873,#10874);
#10872 = CARTESIAN_POINT('',(0.,0.,69.));
#10873 = DIRECTION('',(-0.,-0.,-1.));
#10874 = DIRECTION('',(1.,0.,0.));
#10875 = DEFINITIONAL_REPRESENTATION('',(#10876),#10880);
#10876 = LINE('',#10877,#10878);
#10877 = CARTESIAN_POINT('',(-6.28318530718,-5.));
#10878 = VECTOR('',#10879,1.);
#10879 = DIRECTION('',(1.,-0.));
#10880 = ( GEOMETRIC_REPRESENTATION_CONTEXT(2) 
PARAMETRIC_REPRESENTATION_CONTEXT() REPRESENTATION_CONTEXT('2D SPACE',''
  ) );
#10881 = FACE_BOUND('',#10882,.F.);
#10882 = EDGE_LOOP('',(#10883));
#10883 = ORIENTED_EDGE('',*,*,#10598,.F.);
#10884 = ADVANCED_FACE('',(#10885),#10668,.F.);
#10885 = FACE_BOUND('',#10886,.F.);
#10886 = EDGE_LOOP('',(#10887));
#10887 = ORIENTED_EDGE('',*,*,#10653,.T.);
#10888 = ADVANCED_FACE('',(#10889),#10723,.F.);
#10889 = FACE_BOUND('',#10890,.F.);
#10890 = EDGE_LOOP('',(#10891));
#10891 = ORIENTED_EDGE('',*,*,#10708,.T.);
#10892 = ADVANCED_FACE('',(#10893),#10778,.F.);
#10893 = FACE_BOUND('',#10894,.F.);
#10894 = EDGE_LOOP('',(#10895));
#10895 = ORIENTED_EDGE('',*,*,#10763,.T.);
#10896 = ADVANCED_FACE('',(#10897),#10833,.F.);
#10897 = FACE_BOUND('',#10898,.F.);
#10898 = EDGE_LOOP('',(#10899));
#10899 = ORIENTED_EDGE('',*,*,#10818,.T.);
#10900 = ADVANCED_FACE('',(#10901),#10870,.F.);
#10901 = FACE_BOUND('',#10902,.T.);
#10902 = EDGE_LOOP('',(#10903,#10926,#10957,#10958));
#10903 = ORIENTED_EDGE('',*,*,#10904,.F.);
#10904 = EDGE_CURVE('',#10905,#10850,#10907,.T.);
#10905 = VERTEX_POINT('',#10906);
#10906 = CARTESIAN_POINT('',(23.,0.,70.));
#10907 = SEAM_CURVE('',#10908,(#10912,#10919),.PCURVE_S1.);
#10908 = LINE('',#10909,#10910);
#10909 = CARTESIAN_POINT('',(23.,0.,69.));
#10910 = VECTOR('',#10911,1.);
#10911 = DIRECTION('',(0.,0.,1.));
#10912 = PCURVE('',#10870,#10913);
#10913 = DEFINITIONAL_REPRESENTATION('',(#10914),#10918);
#10914 = LINE('',#10915,#10916);
#10915 = CARTESIAN_POINT('',(-6.28318530718,0.));
#10916 = VECTOR('',#10917,1.);
#10917 = DIRECTION('',(-0.,-1.));
#10918 = ( GEOMETRIC_REPRESENTATION_CONTEXT(2) 
PARAMETRIC_REPRESENTATION_CONTEXT() REPRESENTATION_CONTEXT('2D SPACE',''
  ) );
#10919 = PCURVE('',#10870,#10920);
#10920 = DEFINITIONAL_REPRESENTATION('',(#10921),#10925);
#10921 = LINE('',#10922,#10923);
#10922 = CARTESIAN_POINT('',(-0.,0.));
#10923 = VECTOR('',#10924,1.);
#10924 = DIRECTION('',(-0.,-1.));
#10925 = ( GEOMETRIC_REPRESENTATION_CONTEXT(2) 
PARAMETRIC_REPRESENTATION_CONTEXT() REPRESENTATION_CONTEXT('2D SPACE',''
  ) );
#10926 = ORIENTED_EDGE('',*,*,#10927,.T.);
#10927 = EDGE_CURVE('',#10905,#10905,#10928,.T.);
#10928 = SURFACE_CURVE('',#10929,(#10934,#10941),.PCURVE_S1.);
#10929 = CIRCLE('',#10930,23.);
#10930 = AXIS2_PLACEMENT_3D('',#10931,#10932,#10933);
#10931 = CARTESIAN_POINT('',(0.,0.,70.));
#10932 = DIRECTION('',(0.,0.,-1.));
#10933 = DIRECTION('',(1.,0.,0.));
#10934 = PCURVE('',#10870,#10935);
#10935 = DEFINITIONAL_REPRESENTATION('',(#10936),#10940);
#10936 = LINE('',#10937,#10938);
#10937 = CARTESIAN_POINT('',(-6.28318530718,-1.));
#10938 = VECTOR('',#10939,1.);
#10939 = DIRECTION('',(1.,-0.));
#10940 = ( GEOMETRIC_REPRESENTATION_CONTEXT(2) 
PARAMETRIC_REPRESENTATION_CONTEXT() REPRESENTATION_CONTEXT('2D SPACE',''
  ) );
#10941 = PCURVE('',#10942,#10947);
#10942 = PLANE('',#10943);
#10943 = AXIS2_PLACEMENT_3D('',#10944,#10945,#10946);
#10944 = CARTESIAN_POINT('',(-8.415016200243E-16,2.304645920836E-15,70.)
  );
#10945 = DIRECTION('',(0.,0.,1.));
#10946 = DIRECTION('',(1.,0.,-0.));
#10947 = DEFINITIONAL_REPRESENTATION('',(#10948),#10956);
#10948 = ( BOUNDED_CURVE() B_SPLINE_CURVE(2,(#10949,#10950,#10951,#10952
    ,#10953,#10954,#10955),.UNSPECIFIED.,.T.,.F.) 
B_SPLINE_CURVE_WITH_KNOTS((1,2,2,2,2,1),(-2.094395102393,0.,
    2.094395102393,4.188790204786,6.28318530718,8.377580409573),
.UNSPECIFIED.) CURVE() GEOMETRIC_REPRESENTATION_ITEM() 
RATIONAL_B_SPLINE_CURVE((1.,0.5,1.,0.5,1.,0.5,1.)) REPRESENTATION_ITEM(
  '') );
#10949 = CARTESIAN_POINT('',(23.,-2.304645920836E-15));
#10950 = CARTESIAN_POINT('',(23.,-39.83716857408));
#10951 = CARTESIAN_POINT('',(-11.5,-19.91858428704));
#10952 = CARTESIAN_POINT('',(-46.,-7.938021196914E-15));
#10953 = CARTESIAN_POINT('',(-11.5,19.918584287042));
#10954 = CARTESIAN_POINT('',(23.,39.837168574084));
#10955 = CARTESIAN_POINT('',(23.,-2.304645920836E-15));
#10956 = ( GEOMETRIC_REPRESENTATION_CONTEXT(2) 
PARAMETRIC_REPRESENTATION_CONTEXT() REPRESENTATION_CONTEXT('2D SPACE',''
  ) );
#10957 = ORIENTED_EDGE('',*,*,#10904,.T.);
#10958 = ORIENTED_EDGE('',*,*,#10849,.F.);
#10959 = ADVANCED_FACE('',(#10960,#10991),#10942,.F.);
#10960 = FACE_BOUND('',#10961,.F.);
#10961 = EDGE_LOOP('',(#10962));
#10962 = ORIENTED_EDGE('',*,*,#10963,.T.);
#10963 = EDGE_CURVE('',#10964,#10964,#10966,.T.);
#10964 = VERTEX_POINT('',#10965);
#10965 = CARTESIAN_POINT('',(26.,0.,70.));
#10966 = SURFACE_CURVE('',#10967,(#10972,#10979),.PCURVE_S1.);
#10967 = CIRCLE('',#10968,26.);
#10968 = AXIS2_PLACEMENT_3D('',#10969,#10970,#10971);
#10969 = CARTESIAN_POINT('',(0.,0.,70.));
#10970 = DIRECTION('',(0.,0.,1.));
#10971 = DIRECTION('',(1.,0.,0.));
#10972 = PCURVE('',#10942,#10973);
#10973 = DEFINITIONAL_REPRESENTATION('',(#10974),#10978);
#10974 = CIRCLE('',#10975,26.);
#10975 = AXIS2_PLACEMENT_2D('',#10976,#10977);
#10976 = CARTESIAN_POINT('',(8.415016200243E-16,-2.304645920836E-15));
#10977 = DIRECTION('',(1.,0.));
#10978 = ( GEOMETRIC_REPRESENTATION_CONTEXT(2) 
PARAMETRIC_REPRESENTATION_CONTEXT() REPRESENTATION_CONTEXT('2D SPACE',''
  ) );
#10979 = PCURVE('',#10980,#10985);
#10980 = CYLINDRICAL_SURFACE('',#10981,26.);
#10981 = AXIS2_PLACEMENT_3D('',#10982,#10983,#10984);
#10982 = CARTESIAN_POINT('',(0.,0.,70.));
#10983 = DIRECTION('',(-0.,-0.,-1.));
#10984 = DIRECTION('',(1.,0.,0.));
#10985 = DEFINITIONAL_REPRESENTATION('',(#10986),#10990);
#10986 = LINE('',#10987,#10988);
#10987 = CARTESIAN_POINT('',(-0.,0.));
#10988 = VECTOR('',#10989,1.);
#10989 = DIRECTION('',(-1.,0.));
#10990 = ( GEOMETRIC_REPRESENTATION_CONTEXT(2) 
PARAMETRIC_REPRESENTATION_CONTEXT() REPRESENTATION_CONTEXT('2D SPACE',''
  ) );
#10991 = FACE_BOUND('',#10992,.F.);
#10992 = EDGE_LOOP('',(#10993));
#10993 = ORIENTED_EDGE('',*,*,#10927,.T.);
#10994 = ADVANCED_FACE('',(#10995),#10980,.T.);
#10995 = FACE_BOUND('',#10996,.F.);
#10996 = EDGE_LOOP('',(#10997,#10998,#11021,#11048));
#10997 = ORIENTED_EDGE('',*,*,#10963,.F.);
#10998 = ORIENTED_EDGE('',*,*,#10999,.F.);
#10999 = EDGE_CURVE('',#11000,#10964,#11002,.T.);
#11000 = VERTEX_POINT('',#11001);
#11001 = CARTESIAN_POINT('',(26.,0.,77.));
#11002 = SEAM_CURVE('',#11003,(#11007,#11014),.PCURVE_S1.);
#11003 = LINE('',#11004,#11005);
#11004 = CARTESIAN_POINT('',(26.,0.,77.));
#11005 = VECTOR('',#11006,1.);
#11006 = DIRECTION('',(0.,0.,-1.));
#11007 = PCURVE('',#10980,#11008);
#11008 = DEFINITIONAL_REPRESENTATION('',(#11009),#11013);
#11009 = LINE('',#11010,#11011);
#11010 = CARTESIAN_POINT('',(-0.,-7.));
#11011 = VECTOR('',#11012,1.);
#11012 = DIRECTION('',(0.,1.));
#11013 = ( GEOMETRIC_REPRESENTATION_CONTEXT(2) 
PARAMETRIC_REPRESENTATION_CONTEXT() REPRESENTATION_CONTEXT('2D SPACE',''
  ) );
#11014 = PCURVE('',#10980,#11015);
#11015 = DEFINITIONAL_REPRESENTATION('',(#11016),#11020);
#11016 = LINE('',#11017,#11018);
#11017 = CARTESIAN_POINT('',(-6.28318530718,-7.));
#11018 = VECTOR('',#11019,1.);
#11019 = DIRECTION('',(0.,1.));
#11020 = ( GEOMETRIC_REPRESENTATION_CONTEXT(2) 
PARAMETRIC_REPRESENTATION_CONTEXT() REPRESENTATION_CONTEXT('2D SPACE',''
  ) );
#11021 = ORIENTED_EDGE('',*,*,#11022,.T.);
#11022 = EDGE_CURVE('',#11000,#11000,#11023,.T.);
#11023 = SURFACE_CURVE('',#11024,(#11029,#11036),.PCURVE_S1.);
#11024 = CIRCLE('',#11025,26.);
#11025 = AXIS2_PLACEMENT_3D('',#11026,#11027,#11028);
#11026 = CARTESIAN_POINT('',(0.,0.,77.));
#11027 = DIRECTION('',(0.,0.,1.));
#11028 = DIRECTION('',(1.,0.,0.));
#11029 = PCURVE('',#10980,#11030);
#11030 = DEFINITIONAL_REPRESENTATION('',(#11031),#11035);
#11031 = LINE('',#11032,#11033);
#11032 = CARTESIAN_POINT('',(-0.,-7.));
#11033 = VECTOR('',#11034,1.);
#11034 = DIRECTION('',(-1.,0.));
#11035 = ( GEOMETRIC_REPRESENTATION_CONTEXT(2) 
PARAMETRIC_REPRESENTATION_CONTEXT() REPRESENTATION_CONTEXT('2D SPACE',''
  ) );
#11036 = PCURVE('',#11037,#11042);
#11037 = PLANE('',#11038);
#11038 = AXIS2_PLACEMENT_3D('',#11039,#11040,#11041);
#11039 = CARTESIAN_POINT('',(-8.415016200243E-16,2.304645920836E-15,77.)
  );
#11040 = DIRECTION('',(0.,0.,1.));
#11041 = DIRECTION('',(1.,0.,-0.));
#11042 = DEFINITIONAL_REPRESENTATION('',(#11043),#11047);
#11043 = CIRCLE('',#11044,26.);
#11044 = AXIS2_PLACEMENT_2D('',#11045,#11046);
#11045 = CARTESIAN_POINT('',(8.415016200243E-16,-2.304645920836E-15));
#11046 = DIRECTION('',(1.,0.));
#11047 = ( GEOMETRIC_REPRESENTATION_CONTEXT(2) 
PARAMETRIC_REPRESENTATION_CONTEXT() REPRESENTATION_CONTEXT('2D SPACE',''
  ) );
#11048 = ORIENTED_EDGE('',*,*,#10999,.T.);
#11049 = ADVANCED_FACE('',(#11050,#11053),#11037,.T.);
#11050 = FACE_BOUND('',#11051,.T.);
#11051 = EDGE_LOOP('',(#11052));
#11052 = ORIENTED_EDGE('',*,*,#11022,.T.);
#11053 = FACE_BOUND('',#11054,.T.);
#11054 = EDGE_LOOP('',(#11055));
#11055 = ORIENTED_EDGE('',*,*,#11056,.F.);
#11056 = EDGE_CURVE('',#11057,#11057,#11059,.T.);
#11057 = VERTEX_POINT('',#11058);
#11058 = CARTESIAN_POINT('',(13.,0.,77.));
#11059 = SURFACE_CURVE('',#11060,(#11065,#11072),.PCURVE_S1.);
#11060 = CIRCLE('',#11061,13.);
#11061 = AXIS2_PLACEMENT_3D('',#11062,#11063,#11064);
#11062 = CARTESIAN_POINT('',(0.,0.,77.));
#11063 = DIRECTION('',(0.,0.,1.));
#11064 = DIRECTION('',(1.,0.,-0.));
#11065 = PCURVE('',#11037,#11066);
#11066 = DEFINITIONAL_REPRESENTATION('',(#11067),#11071);
#11067 = CIRCLE('',#11068,13.);
#11068 = AXIS2_PLACEMENT_2D('',#11069,#11070);
#11069 = CARTESIAN_POINT('',(8.415016200243E-16,-2.304645920836E-15));
#11070 = DIRECTION('',(1.,0.));
#11071 = ( GEOMETRIC_REPRESENTATION_CONTEXT(2) 
PARAMETRIC_REPRESENTATION_CONTEXT() REPRESENTATION_CONTEXT('2D SPACE',''
  ) );
#11072 = PCURVE('',#11073,#11078);
#11073 = CYLINDRICAL_SURFACE('',#11074,13.);
#11074 = AXIS2_PLACEMENT_3D('',#11075,#11076,#11077);
#11075 = CARTESIAN_POINT('',(0.,0.,74.));
#11076 = DIRECTION('',(0.,0.,1.));
#11077 = DIRECTION('',(1.,0.,-0.));
#11078 = DEFINITIONAL_REPRESENTATION('',(#11079),#11083);
#11079 = LINE('',#11080,#11081);
#11080 = CARTESIAN_POINT('',(0.,3.));
#11081 = VECTOR('',#11082,1.);
#11082 = DIRECTION('',(1.,0.));
#11083 = ( GEOMETRIC_REPRESENTATION_CONTEXT(2) 
PARAMETRIC_REPRESENTATION_CONTEXT() REPRESENTATION_CONTEXT('2D SPACE',''
  ) );
#11084 = ADVANCED_FACE('',(#11085),#11073,.T.);
#11085 = FACE_BOUND('',#11086,.T.);
#11086 = EDGE_LOOP('',(#11087,#11088,#11111,#11138));
#11087 = ORIENTED_EDGE('',*,*,#11056,.T.);
#11088 = ORIENTED_EDGE('',*,*,#11089,.T.);
#11089 = EDGE_CURVE('',#11057,#11090,#11092,.T.);
#11090 = VERTEX_POINT('',#11091);
#11091 = CARTESIAN_POINT('',(13.,0.,82.));
#11092 = SEAM_CURVE('',#11093,(#11097,#11104),.PCURVE_S1.);
#11093 = LINE('',#11094,#11095);
#11094 = CARTESIAN_POINT('',(13.,0.,74.));
#11095 = VECTOR('',#11096,1.);
#11096 = DIRECTION('',(0.,0.,1.));
#11097 = PCURVE('',#11073,#11098);
#11098 = DEFINITIONAL_REPRESENTATION('',(#11099),#11103);
#11099 = LINE('',#11100,#11101);
#11100 = CARTESIAN_POINT('',(0.,0.));
#11101 = VECTOR('',#11102,1.);
#11102 = DIRECTION('',(0.,1.));
#11103 = ( GEOMETRIC_REPRESENTATION_CONTEXT(2) 
PARAMETRIC_REPRESENTATION_CONTEXT() REPRESENTATION_CONTEXT('2D SPACE',''
  ) );
#11104 = PCURVE('',#11073,#11105);
#11105 = DEFINITIONAL_REPRESENTATION('',(#11106),#11110);
#11106 = LINE('',#11107,#11108);
#11107 = CARTESIAN_POINT('',(6.28318530718,0.));
#11108 = VECTOR('',#11109,1.);
#11109 = DIRECTION('',(0.,1.));
#11110 = ( GEOMETRIC_REPRESENTATION_CONTEXT(2) 
PARAMETRIC_REPRESENTATION_CONTEXT() REPRESENTATION_CONTEXT('2D SPACE',''
  ) );
#11111 = ORIENTED_EDGE('',*,*,#11112,.F.);
#11112 = EDGE_CURVE('',#11090,#11090,#11113,.T.);
#11113 = SURFACE_CURVE('',#11114,(#11119,#11126),.PCURVE_S1.);
#11114 = CIRCLE('',#11115,13.);
#11115 = AXIS2_PLACEMENT_3D('',#11116,#11117,#11118);
#11116 = CARTESIAN_POINT('',(0.,0.,82.));
#11117 = DIRECTION('',(0.,0.,1.));
#11118 = DIRECTION('',(1.,0.,-0.));
#11119 = PCURVE('',#11073,#11120);
#11120 = DEFINITIONAL_REPRESENTATION('',(#11121),#11125);
#11121 = LINE('',#11122,#11123);
#11122 = CARTESIAN_POINT('',(0.,8.));
#11123 = VECTOR('',#11124,1.);
#11124 = DIRECTION('',(1.,0.));
#11125 = ( GEOMETRIC_REPRESENTATION_CONTEXT(2) 
PARAMETRIC_REPRESENTATION_CONTEXT() REPRESENTATION_CONTEXT('2D SPACE',''
  ) );
#11126 = PCURVE('',#11127,#11132);
#11127 = CONICAL_SURFACE('',#11128,13.,1.150132977662);
#11128 = AXIS2_PLACEMENT_3D('',#11129,#11130,#11131);
#11129 = CARTESIAN_POINT('',(0.,0.,82.));
#11130 = DIRECTION('',(0.,0.,1.));
#11131 = DIRECTION('',(1.,0.,-0.));
#11132 = DEFINITIONAL_REPRESENTATION('',(#11133),#11137);
#11133 = LINE('',#11134,#11135);
#11134 = CARTESIAN_POINT('',(0.,0.));
#11135 = VECTOR('',#11136,1.);
#11136 = DIRECTION('',(1.,0.));
#11137 = ( GEOMETRIC_REPRESENTATION_CONTEXT(2) 
PARAMETRIC_REPRESENTATION_CONTEXT() REPRESENTATION_CONTEXT('2D SPACE',''
  ) );
#11138 = ORIENTED_EDGE('',*,*,#11089,.F.);
#11139 = ADVANCED_FACE('',(#11140),#11127,.T.);
#11140 = FACE_BOUND('',#11141,.T.);
#11141 = EDGE_LOOP('',(#11142,#11143,#11166,#11193));
#11142 = ORIENTED_EDGE('',*,*,#11112,.T.);
#11143 = ORIENTED_EDGE('',*,*,#11144,.T.);
#11144 = EDGE_CURVE('',#11090,#11145,#11147,.T.);
#11145 = VERTEX_POINT('',#11146);
#11146 = CARTESIAN_POINT('',(32.,0.,90.5));
#11147 = SEAM_CURVE('',#11148,(#11152,#11159),.PCURVE_S1.);
#11148 = LINE('',#11149,#11150);
#11149 = CARTESIAN_POINT('',(13.,0.,82.));
#11150 = VECTOR('',#11151,1.);
#11151 = DIRECTION('',(0.912818251895,0.,0.408366060058));
#11152 = PCURVE('',#11127,#11153);
#11153 = DEFINITIONAL_REPRESENTATION('',(#11154),#11158);
#11154 = LINE('',#11155,#11156);
#11155 = CARTESIAN_POINT('',(0.,0.));
#11156 = VECTOR('',#11157,1.);
#11157 = DIRECTION('',(0.,1.));
#11158 = ( GEOMETRIC_REPRESENTATION_CONTEXT(2) 
PARAMETRIC_REPRESENTATION_CONTEXT() REPRESENTATION_CONTEXT('2D SPACE',''
  ) );
#11159 = PCURVE('',#11127,#11160);
#11160 = DEFINITIONAL_REPRESENTATION('',(#11161),#11165);
#11161 = LINE('',#11162,#11163);
#11162 = CARTESIAN_POINT('',(6.28318530718,0.));
#11163 = VECTOR('',#11164,1.);
#11164 = DIRECTION('',(0.,1.));
#11165 = ( GEOMETRIC_REPRESENTATION_CONTEXT(2) 
PARAMETRIC_REPRESENTATION_CONTEXT() REPRESENTATION_CONTEXT('2D SPACE',''
  ) );
#11166 = ORIENTED_EDGE('',*,*,#11167,.F.);
#11167 = EDGE_CURVE('',#11145,#11145,#11168,.T.);
#11168 = SURFACE_CURVE('',#11169,(#11174,#11181),.PCURVE_S1.);
#11169 = CIRCLE('',#11170,32.);
#11170 = AXIS2_PLACEMENT_3D('',#11171,#11172,#11173);
#11171 = CARTESIAN_POINT('',(0.,0.,90.5));
#11172 = DIRECTION('',(0.,0.,1.));
#11173 = DIRECTION('',(1.,0.,-0.));
#11174 = PCURVE('',#11127,#11175);
#11175 = DEFINITIONAL_REPRESENTATION('',(#11176),#11180);
#11176 = LINE('',#11177,#11178);
#11177 = CARTESIAN_POINT('',(0.,8.5));
#11178 = VECTOR('',#11179,1.);
#11179 = DIRECTION('',(1.,0.));
#11180 = ( GEOMETRIC_REPRESENTATION_CONTEXT(2) 
PARAMETRIC_REPRESENTATION_CONTEXT() REPRESENTATION_CONTEXT('2D SPACE',''
  ) );
#11181 = PCURVE('',#11182,#11187);
#11182 = CYLINDRICAL_SURFACE('',#11183,32.);
#11183 = AXIS2_PLACEMENT_3D('',#11184,#11185,#11186);
#11184 = CARTESIAN_POINT('',(0.,0.,90.5));
#11185 = DIRECTION('',(0.,0.,1.));
#11186 = DIRECTION('',(1.,0.,-0.));
#11187 = DEFINITIONAL_REPRESENTATION('',(#11188),#11192);
#11188 = LINE('',#11189,#11190);
#11189 = CARTESIAN_POINT('',(0.,0.));
#11190 = VECTOR('',#11191,1.);
#11191 = DIRECTION('',(1.,0.));
#11192 = ( GEOMETRIC_REPRESENTATION_CONTEXT(2) 
PARAMETRIC_REPRESENTATION_CONTEXT() REPRESENTATION_CONTEXT('2D SPACE',''
  ) );
#11193 = ORIENTED_EDGE('',*,*,#11144,.F.);
#11194 = ADVANCED_FACE('',(#11195),#11182,.T.);
#11195 = FACE_BOUND('',#11196,.T.);
#11196 = EDGE_LOOP('',(#11197,#11198,#11221,#11248));
#11197 = ORIENTED_EDGE('',*,*,#11167,.T.);
#11198 = ORIENTED_EDGE('',*,*,#11199,.T.);
#11199 = EDGE_CURVE('',#11145,#11200,#11202,.T.);
#11200 = VERTEX_POINT('',#11201);
#11201 = CARTESIAN_POINT('',(32.,0.,97.));
#11202 = SEAM_CURVE('',#11203,(#11207,#11214),.PCURVE_S1.);
#11203 = LINE('',#11204,#11205);
#11204 = CARTESIAN_POINT('',(32.,0.,90.5));
#11205 = VECTOR('',#11206,1.);
#11206 = DIRECTION('',(0.,0.,1.));
#11207 = PCURVE('',#11182,#11208);
#11208 = DEFINITIONAL_REPRESENTATION('',(#11209),#11213);
#11209 = LINE('',#11210,#11211);
#11210 = CARTESIAN_POINT('',(0.,0.));
#11211 = VECTOR('',#11212,1.);
#11212 = DIRECTION('',(0.,1.));
#11213 = ( GEOMETRIC_REPRESENTATION_CONTEXT(2) 
PARAMETRIC_REPRESENTATION_CONTEXT() REPRESENTATION_CONTEXT('2D SPACE',''
  ) );
#11214 = PCURVE('',#11182,#11215);
#11215 = DEFINITIONAL_REPRESENTATION('',(#11216),#11220);
#11216 = LINE('',#11217,#11218);
#11217 = CARTESIAN_POINT('',(6.28318530718,0.));
#11218 = VECTOR('',#11219,1.);
#11219 = DIRECTION('',(0.,1.));
#11220 = ( GEOMETRIC_REPRESENTATION_CONTEXT(2) 
PARAMETRIC_REPRESENTATION_CONTEXT() REPRESENTATION_CONTEXT('2D SPACE',''
  ) );
#11221 = ORIENTED_EDGE('',*,*,#11222,.F.);
#11222 = EDGE_CURVE('',#11200,#11200,#11223,.T.);
#11223 = SURFACE_CURVE('',#11224,(#11229,#11236),.PCURVE_S1.);
#11224 = CIRCLE('',#11225,32.);
#11225 = AXIS2_PLACEMENT_3D('',#11226,#11227,#11228);
#11226 = CARTESIAN_POINT('',(0.,0.,97.));
#11227 = DIRECTION('',(0.,0.,1.));
#11228 = DIRECTION('',(1.,0.,-0.));
#11229 = PCURVE('',#11182,#11230);
#11230 = DEFINITIONAL_REPRESENTATION('',(#11231),#11235);
#11231 = LINE('',#11232,#11233);
#11232 = CARTESIAN_POINT('',(0.,6.5));
#11233 = VECTOR('',#11234,1.);
#11234 = DIRECTION('',(1.,0.));
#11235 = ( GEOMETRIC_REPRESENTATION_CONTEXT(2) 
PARAMETRIC_REPRESENTATION_CONTEXT() REPRESENTATION_CONTEXT('2D SPACE',''
  ) );
#11236 = PCURVE('',#11237,#11242);
#11237 = PLANE('',#11238);
#11238 = AXIS2_PLACEMENT_3D('',#11239,#11240,#11241);
#11239 = CARTESIAN_POINT('',(0.,0.,97.));
#11240 = DIRECTION('',(0.,0.,1.));
#11241 = DIRECTION('',(1.,0.,-0.));
#11242 = DEFINITIONAL_REPRESENTATION('',(#11243),#11247);
#11243 = CIRCLE('',#11244,32.);
#11244 = AXIS2_PLACEMENT_2D('',#11245,#11246);
#11245 = CARTESIAN_POINT('',(0.,0.));
#11246 = DIRECTION('',(1.,0.));
#11247 = ( GEOMETRIC_REPRESENTATION_CONTEXT(2) 
PARAMETRIC_REPRESENTATION_CONTEXT() REPRESENTATION_CONTEXT('2D SPACE',''
  ) );
#11248 = ORIENTED_EDGE('',*,*,#11199,.F.);
#11249 = ADVANCED_FACE('',(#11250,#11253),#11237,.T.);
#11250 = FACE_BOUND('',#11251,.T.);
#11251 = EDGE_LOOP('',(#11252));
#11252 = ORIENTED_EDGE('',*,*,#11222,.T.);
#11253 = FACE_BOUND('',#11254,.T.);
#11254 = EDGE_LOOP('',(#11255));
#11255 = ORIENTED_EDGE('',*,*,#11256,.F.);
#11256 = EDGE_CURVE('',#11257,#11257,#11259,.T.);
#11257 = VERTEX_POINT('',#11258);
#11258 = CARTESIAN_POINT('',(30.,0.,97.));
#11259 = SURFACE_CURVE('',#11260,(#11265,#11272),.PCURVE_S1.);
#11260 = CIRCLE('',#11261,30.);
#11261 = AXIS2_PLACEMENT_3D('',#11262,#11263,#11264);
#11262 = CARTESIAN_POINT('',(0.,0.,97.));
#11263 = DIRECTION('',(0.,0.,1.));
#11264 = DIRECTION('',(1.,0.,-0.));
#11265 = PCURVE('',#11237,#11266);
#11266 = DEFINITIONAL_REPRESENTATION('',(#11267),#11271);
#11267 = CIRCLE('',#11268,30.);
#11268 = AXIS2_PLACEMENT_2D('',#11269,#11270);
#11269 = CARTESIAN_POINT('',(0.,0.));
#11270 = DIRECTION('',(1.,0.));
#11271 = ( GEOMETRIC_REPRESENTATION_CONTEXT(2) 
PARAMETRIC_REPRESENTATION_CONTEXT() REPRESENTATION_CONTEXT('2D SPACE',''
  ) );
#11272 = PCURVE('',#11273,#11278);
#11273 = CYLINDRICAL_SURFACE('',#11274,30.);
#11274 = AXIS2_PLACEMENT_3D('',#11275,#11276,#11277);
#11275 = CARTESIAN_POINT('',(0.,0.,97.));
#11276 = DIRECTION('',(-0.,-0.,-1.));
#11277 = DIRECTION('',(1.,0.,0.));
#11278 = DEFINITIONAL_REPRESENTATION('',(#11279),#11283);
#11279 = LINE('',#11280,#11281);
#11280 = CARTESIAN_POINT('',(-0.,0.));
#11281 = VECTOR('',#11282,1.);
#11282 = DIRECTION('',(-1.,0.));
#11283 = ( GEOMETRIC_REPRESENTATION_CONTEXT(2) 
PARAMETRIC_REPRESENTATION_CONTEXT() REPRESENTATION_CONTEXT('2D SPACE',''
  ) );
#11284 = ADVANCED_FACE('',(#11285),#11273,.F.);
#11285 = FACE_BOUND('',#11286,.T.);
#11286 = EDGE_LOOP('',(#11287,#11288,#11311,#11338));
#11287 = ORIENTED_EDGE('',*,*,#11256,.T.);
#11288 = ORIENTED_EDGE('',*,*,#11289,.T.);
#11289 = EDGE_CURVE('',#11257,#11290,#11292,.T.);
#11290 = VERTEX_POINT('',#11291);
#11291 = CARTESIAN_POINT('',(30.,0.,95.4));
#11292 = SEAM_CURVE('',#11293,(#11297,#11304),.PCURVE_S1.);
#11293 = LINE('',#11294,#11295);
#11294 = CARTESIAN_POINT('',(30.,0.,97.));
#11295 = VECTOR('',#11296,1.);
#11296 = DIRECTION('',(0.,0.,-1.));
#11297 = PCURVE('',#11273,#11298);
#11298 = DEFINITIONAL_REPRESENTATION('',(#11299),#11303);
#11299 = LINE('',#11300,#11301);
#11300 = CARTESIAN_POINT('',(-0.,0.));
#11301 = VECTOR('',#11302,1.);
#11302 = DIRECTION('',(-0.,1.));
#11303 = ( GEOMETRIC_REPRESENTATION_CONTEXT(2) 
PARAMETRIC_REPRESENTATION_CONTEXT() REPRESENTATION_CONTEXT('2D SPACE',''
  ) );
#11304 = PCURVE('',#11273,#11305);
#11305 = DEFINITIONAL_REPRESENTATION('',(#11306),#11310);
#11306 = LINE('',#11307,#11308);
#11307 = CARTESIAN_POINT('',(-6.28318530718,0.));
#11308 = VECTOR('',#11309,1.);
#11309 = DIRECTION('',(-0.,1.));
#11310 = ( GEOMETRIC_REPRESENTATION_CONTEXT(2) 
PARAMETRIC_REPRESENTATION_CONTEXT() REPRESENTATION_CONTEXT('2D SPACE',''
  ) );
#11311 = ORIENTED_EDGE('',*,*,#11312,.F.);
#11312 = EDGE_CURVE('',#11290,#11290,#11313,.T.);
#11313 = SURFACE_CURVE('',#11314,(#11319,#11326),.PCURVE_S1.);
#11314 = CIRCLE('',#11315,30.);
#11315 = AXIS2_PLACEMENT_3D('',#11316,#11317,#11318);
#11316 = CARTESIAN_POINT('',(0.,0.,95.4));
#11317 = DIRECTION('',(0.,0.,1.));
#11318 = DIRECTION('',(1.,0.,-0.));
#11319 = PCURVE('',#11273,#11320);
#11320 = DEFINITIONAL_REPRESENTATION('',(#11321),#11325);
#11321 = LINE('',#11322,#11323);
#11322 = CARTESIAN_POINT('',(-0.,1.6));
#11323 = VECTOR('',#11324,1.);
#11324 = DIRECTION('',(-1.,0.));
#11325 = ( GEOMETRIC_REPRESENTATION_CONTEXT(2) 
PARAMETRIC_REPRESENTATION_CONTEXT() REPRESENTATION_CONTEXT('2D SPACE',''
  ) );
#11326 = PCURVE('',#11327,#11332);
#11327 = TOROIDAL_SURFACE('',#11328,28.811290322581,1.206781479831);
#11328 = AXIS2_PLACEMENT_3D('',#11329,#11330,#11331);
#11329 = CARTESIAN_POINT('',(0.,0.,95.191935483871));
#11330 = DIRECTION('',(-0.,-0.,-1.));
#11331 = DIRECTION('',(1.,0.,-0.));
#11332 = DEFINITIONAL_REPRESENTATION('',(#11333),#11337);
#11333 = LINE('',#11334,#11335);
#11334 = CARTESIAN_POINT('',(-0.,6.109906727585));
#11335 = VECTOR('',#11336,1.);
#11336 = DIRECTION('',(-1.,0.));
#11337 = ( GEOMETRIC_REPRESENTATION_CONTEXT(2) 
PARAMETRIC_REPRESENTATION_CONTEXT() REPRESENTATION_CONTEXT('2D SPACE',''
  ) );
#11338 = ORIENTED_EDGE('',*,*,#11289,.F.);
#11339 = ADVANCED_FACE('',(#11340),#11327,.F.);
#11340 = FACE_BOUND('',#11341,.T.);
#11341 = EDGE_LOOP('',(#11342,#11343,#11367,#11394));
#11342 = ORIENTED_EDGE('',*,*,#11312,.T.);
#11343 = ORIENTED_EDGE('',*,*,#11344,.T.);
#11344 = EDGE_CURVE('',#11290,#11345,#11347,.T.);
#11345 = VERTEX_POINT('',#11346);
#11346 = CARTESIAN_POINT('',(29.,0.,94.));
#11347 = SEAM_CURVE('',#11348,(#11353,#11360),.PCURVE_S1.);
#11348 = CIRCLE('',#11349,1.206781479831);
#11349 = AXIS2_PLACEMENT_3D('',#11350,#11351,#11352);
#11350 = CARTESIAN_POINT('',(28.811290322581,0.,95.191935483871));
#11351 = DIRECTION('',(0.,1.,0.));
#11352 = DIRECTION('',(0.985024793044,-0.,0.172412752107));
#11353 = PCURVE('',#11327,#11354);
#11354 = DEFINITIONAL_REPRESENTATION('',(#11355),#11359);
#11355 = LINE('',#11356,#11357);
#11356 = CARTESIAN_POINT('',(-0.,6.109906727585));
#11357 = VECTOR('',#11358,1.);
#11358 = DIRECTION('',(-0.,1.));
#11359 = ( GEOMETRIC_REPRESENTATION_CONTEXT(2) 
PARAMETRIC_REPRESENTATION_CONTEXT() REPRESENTATION_CONTEXT('2D SPACE',''
  ) );
#11360 = PCURVE('',#11327,#11361);
#11361 = DEFINITIONAL_REPRESENTATION('',(#11362),#11366);
#11362 = LINE('',#11363,#11364);
#11363 = CARTESIAN_POINT('',(-6.28318530718,6.109906727585));
#11364 = VECTOR('',#11365,1.);
#11365 = DIRECTION('',(-0.,1.));
#11366 = ( GEOMETRIC_REPRESENTATION_CONTEXT(2) 
PARAMETRIC_REPRESENTATION_CONTEXT() REPRESENTATION_CONTEXT('2D SPACE',''
  ) );
#11367 = ORIENTED_EDGE('',*,*,#11368,.F.);
#11368 = EDGE_CURVE('',#11345,#11345,#11369,.T.);
#11369 = SURFACE_CURVE('',#11370,(#11375,#11382),.PCURVE_S1.);
#11370 = CIRCLE('',#11371,29.);
#11371 = AXIS2_PLACEMENT_3D('',#11372,#11373,#11374);
#11372 = CARTESIAN_POINT('',(0.,0.,94.));
#11373 = DIRECTION('',(0.,0.,1.));
#11374 = DIRECTION('',(1.,0.,-0.));
#11375 = PCURVE('',#11327,#11376);
#11376 = DEFINITIONAL_REPRESENTATION('',(#11377),#11381);
#11377 = LINE('',#11378,#11379);
#11378 = CARTESIAN_POINT('',(-0.,7.69696285874));
#11379 = VECTOR('',#11380,1.);
#11380 = DIRECTION('',(-1.,0.));
#11381 = ( GEOMETRIC_REPRESENTATION_CONTEXT(2) 
PARAMETRIC_REPRESENTATION_CONTEXT() REPRESENTATION_CONTEXT('2D SPACE',''
  ) );
#11382 = PCURVE('',#11383,#11388);
#11383 = CONICAL_SURFACE('',#11384,29.,1.217805938968);
#11384 = AXIS2_PLACEMENT_3D('',#11385,#11386,#11387);
#11385 = CARTESIAN_POINT('',(0.,0.,94.));
#11386 = DIRECTION('',(0.,0.,1.));
#11387 = DIRECTION('',(1.,0.,0.));
#11388 = DEFINITIONAL_REPRESENTATION('',(#11389),#11393);
#11389 = LINE('',#11390,#11391);
#11390 = CARTESIAN_POINT('',(0.,-0.));
#11391 = VECTOR('',#11392,1.);
#11392 = DIRECTION('',(1.,-0.));
#11393 = ( GEOMETRIC_REPRESENTATION_CONTEXT(2) 
PARAMETRIC_REPRESENTATION_CONTEXT() REPRESENTATION_CONTEXT('2D SPACE',''
  ) );
#11394 = ORIENTED_EDGE('',*,*,#11344,.F.);
#11395 = ADVANCED_FACE('',(#11396),#11383,.F.);
#11396 = FACE_BOUND('',#11397,.T.);
#11397 = EDGE_LOOP('',(#11398,#11399,#11422,#11449));
#11398 = ORIENTED_EDGE('',*,*,#11368,.T.);
#11399 = ORIENTED_EDGE('',*,*,#11400,.T.);
#11400 = EDGE_CURVE('',#11345,#11401,#11403,.T.);
#11401 = VERTEX_POINT('',#11402);
#11402 = CARTESIAN_POINT('',(10.,0.,87.));
#11403 = SEAM_CURVE('',#11404,(#11408,#11415),.PCURVE_S1.);
#11404 = LINE('',#11405,#11406);
#11405 = CARTESIAN_POINT('',(29.,0.,94.));
#11406 = VECTOR('',#11407,1.);
#11407 = DIRECTION('',(-0.938343116817,0.,-0.345705358827));
#11408 = PCURVE('',#11383,#11409);
#11409 = DEFINITIONAL_REPRESENTATION('',(#11410),#11414);
#11410 = LINE('',#11411,#11412);
#11411 = CARTESIAN_POINT('',(0.,-0.));
#11412 = VECTOR('',#11413,1.);
#11413 = DIRECTION('',(0.,-1.));
#11414 = ( GEOMETRIC_REPRESENTATION_CONTEXT(2) 
PARAMETRIC_REPRESENTATION_CONTEXT() REPRESENTATION_CONTEXT('2D SPACE',''
  ) );
#11415 = PCURVE('',#11383,#11416);
#11416 = DEFINITIONAL_REPRESENTATION('',(#11417),#11421);
#11417 = LINE('',#11418,#11419);
#11418 = CARTESIAN_POINT('',(6.28318530718,-0.));
#11419 = VECTOR('',#11420,1.);
#11420 = DIRECTION('',(0.,-1.));
#11421 = ( GEOMETRIC_REPRESENTATION_CONTEXT(2) 
PARAMETRIC_REPRESENTATION_CONTEXT() REPRESENTATION_CONTEXT('2D SPACE',''
  ) );
#11422 = ORIENTED_EDGE('',*,*,#11423,.F.);
#11423 = EDGE_CURVE('',#11401,#11401,#11424,.T.);
#11424 = SURFACE_CURVE('',#11425,(#11430,#11437),.PCURVE_S1.);
#11425 = CIRCLE('',#11426,10.);
#11426 = AXIS2_PLACEMENT_3D('',#11427,#11428,#11429);
#11427 = CARTESIAN_POINT('',(0.,0.,87.));
#11428 = DIRECTION('',(0.,0.,1.));
#11429 = DIRECTION('',(1.,0.,-0.));
#11430 = PCURVE('',#11383,#11431);
#11431 = DEFINITIONAL_REPRESENTATION('',(#11432),#11436);
#11432 = LINE('',#11433,#11434);
#11433 = CARTESIAN_POINT('',(0.,-7.));
#11434 = VECTOR('',#11435,1.);
#11435 = DIRECTION('',(1.,-0.));
#11436 = ( GEOMETRIC_REPRESENTATION_CONTEXT(2) 
PARAMETRIC_REPRESENTATION_CONTEXT() REPRESENTATION_CONTEXT('2D SPACE',''
  ) );
#11437 = PCURVE('',#11438,#11443);
#11438 = TOROIDAL_SURFACE('',#11439,10.607142857143,2.607387464063);
#11439 = AXIS2_PLACEMENT_3D('',#11440,#11441,#11442);
#11440 = CARTESIAN_POINT('',(0.,0.,84.464285714286));
#11441 = DIRECTION('',(0.,0.,1.));
#11442 = DIRECTION('',(1.,0.,-0.));
#11443 = DEFINITIONAL_REPRESENTATION('',(#11444),#11448);
#11444 = LINE('',#11445,#11446);
#11445 = CARTESIAN_POINT('',(0.,1.805808542516));
#11446 = VECTOR('',#11447,1.);
#11447 = DIRECTION('',(1.,0.));
#11448 = ( GEOMETRIC_REPRESENTATION_CONTEXT(2) 
PARAMETRIC_REPRESENTATION_CONTEXT() REPRESENTATION_CONTEXT('2D SPACE',''
  ) );
#11449 = ORIENTED_EDGE('',*,*,#11400,.F.);
#11450 = ADVANCED_FACE('',(#11451),#11438,.T.);
#11451 = FACE_BOUND('',#11452,.T.);
#11452 = EDGE_LOOP('',(#11453,#11454,#11478,#11505));
#11453 = ORIENTED_EDGE('',*,*,#11423,.T.);
#11454 = ORIENTED_EDGE('',*,*,#11455,.T.);
#11455 = EDGE_CURVE('',#11401,#11456,#11458,.T.);
#11456 = VERTEX_POINT('',#11457);
#11457 = CARTESIAN_POINT('',(8.,0.,84.5));
#11458 = SEAM_CURVE('',#11459,(#11464,#11471),.PCURVE_S1.);
#11459 = CIRCLE('',#11460,2.607387464063);
#11460 = AXIS2_PLACEMENT_3D('',#11461,#11462,#11463);
#11461 = CARTESIAN_POINT('',(10.607142857143,0.,84.464285714286));
#11462 = DIRECTION('',(0.,-1.,0.));
#11463 = DIRECTION('',(-0.232854865459,0.,0.972511496915));
#11464 = PCURVE('',#11438,#11465);
#11465 = DEFINITIONAL_REPRESENTATION('',(#11466),#11470);
#11466 = LINE('',#11467,#11468);
#11467 = CARTESIAN_POINT('',(0.,1.805808542516));
#11468 = VECTOR('',#11469,1.);
#11469 = DIRECTION('',(0.,1.));
#11470 = ( GEOMETRIC_REPRESENTATION_CONTEXT(2) 
PARAMETRIC_REPRESENTATION_CONTEXT() REPRESENTATION_CONTEXT('2D SPACE',''
  ) );
#11471 = PCURVE('',#11438,#11472);
#11472 = DEFINITIONAL_REPRESENTATION('',(#11473),#11477);
#11473 = LINE('',#11474,#11475);
#11474 = CARTESIAN_POINT('',(6.28318530718,1.805808542516));
#11475 = VECTOR('',#11476,1.);
#11476 = DIRECTION('',(0.,1.));
#11477 = ( GEOMETRIC_REPRESENTATION_CONTEXT(2) 
PARAMETRIC_REPRESENTATION_CONTEXT() REPRESENTATION_CONTEXT('2D SPACE',''
  ) );
#11478 = ORIENTED_EDGE('',*,*,#11479,.F.);
#11479 = EDGE_CURVE('',#11456,#11456,#11480,.T.);
#11480 = SURFACE_CURVE('',#11481,(#11486,#11493),.PCURVE_S1.);
#11481 = CIRCLE('',#11482,8.);
#11482 = AXIS2_PLACEMENT_3D('',#11483,#11484,#11485);
#11483 = CARTESIAN_POINT('',(0.,0.,84.5));
#11484 = DIRECTION('',(0.,0.,1.));
#11485 = DIRECTION('',(1.,0.,-0.));
#11486 = PCURVE('',#11438,#11487);
#11487 = DEFINITIONAL_REPRESENTATION('',(#11488),#11492);
#11488 = LINE('',#11489,#11490);
#11489 = CARTESIAN_POINT('',(0.,3.127894880217));
#11490 = VECTOR('',#11491,1.);
#11491 = DIRECTION('',(1.,0.));
#11492 = ( GEOMETRIC_REPRESENTATION_CONTEXT(2) 
PARAMETRIC_REPRESENTATION_CONTEXT() REPRESENTATION_CONTEXT('2D SPACE',''
  ) );
#11493 = PCURVE('',#11494,#11499);
#11494 = CYLINDRICAL_SURFACE('',#11495,8.);
#11495 = AXIS2_PLACEMENT_3D('',#11496,#11497,#11498);
#11496 = CARTESIAN_POINT('',(0.,0.,84.5));
#11497 = DIRECTION('',(-0.,-0.,-1.));
#11498 = DIRECTION('',(1.,0.,0.));
#11499 = DEFINITIONAL_REPRESENTATION('',(#11500),#11504);
#11500 = LINE('',#11501,#11502);
#11501 = CARTESIAN_POINT('',(-0.,0.));
#11502 = VECTOR('',#11503,1.);
#11503 = DIRECTION('',(-1.,0.));
#11504 = ( GEOMETRIC_REPRESENTATION_CONTEXT(2) 
PARAMETRIC_REPRESENTATION_CONTEXT() REPRESENTATION_CONTEXT('2D SPACE',''
  ) );
#11505 = ORIENTED_EDGE('',*,*,#11455,.F.);
#11506 = ADVANCED_FACE('',(#11507),#11494,.F.);
#11507 = FACE_BOUND('',#11508,.T.);
#11508 = EDGE_LOOP('',(#11509,#11510,#11533,#11560));
#11509 = ORIENTED_EDGE('',*,*,#11479,.T.);
#11510 = ORIENTED_EDGE('',*,*,#11511,.T.);
#11511 = EDGE_CURVE('',#11456,#11512,#11514,.T.);
#11512 = VERTEX_POINT('',#11513);
#11513 = CARTESIAN_POINT('',(8.,0.,77.));
#11514 = SEAM_CURVE('',#11515,(#11519,#11526),.PCURVE_S1.);
#11515 = LINE('',#11516,#11517);
#11516 = CARTESIAN_POINT('',(8.,0.,84.5));
#11517 = VECTOR('',#11518,1.);
#11518 = DIRECTION('',(3.552713678801E-16,0.,-1.));
#11519 = PCURVE('',#11494,#11520);
#11520 = DEFINITIONAL_REPRESENTATION('',(#11521),#11525);
#11521 = LINE('',#11522,#11523);
#11522 = CARTESIAN_POINT('',(-0.,0.));
#11523 = VECTOR('',#11524,1.);
#11524 = DIRECTION('',(-0.,1.));
#11525 = ( GEOMETRIC_REPRESENTATION_CONTEXT(2) 
PARAMETRIC_REPRESENTATION_CONTEXT() REPRESENTATION_CONTEXT('2D SPACE',''
  ) );
#11526 = PCURVE('',#11494,#11527);
#11527 = DEFINITIONAL_REPRESENTATION('',(#11528),#11532);
#11528 = LINE('',#11529,#11530);
#11529 = CARTESIAN_POINT('',(-6.28318530718,0.));
#11530 = VECTOR('',#11531,1.);
#11531 = DIRECTION('',(-0.,1.));
#11532 = ( GEOMETRIC_REPRESENTATION_CONTEXT(2) 
PARAMETRIC_REPRESENTATION_CONTEXT() REPRESENTATION_CONTEXT('2D SPACE',''
  ) );
#11533 = ORIENTED_EDGE('',*,*,#11534,.F.);
#11534 = EDGE_CURVE('',#11512,#11512,#11535,.T.);
#11535 = SURFACE_CURVE('',#11536,(#11541,#11548),.PCURVE_S1.);
#11536 = CIRCLE('',#11537,8.);
#11537 = AXIS2_PLACEMENT_3D('',#11538,#11539,#11540);
#11538 = CARTESIAN_POINT('',(0.,0.,77.));
#11539 = DIRECTION('',(0.,0.,1.));
#11540 = DIRECTION('',(1.,0.,-0.));
#11541 = PCURVE('',#11494,#11542);
#11542 = DEFINITIONAL_REPRESENTATION('',(#11543),#11547);
#11543 = LINE('',#11544,#11545);
#11544 = CARTESIAN_POINT('',(-0.,7.5));
#11545 = VECTOR('',#11546,1.);
#11546 = DIRECTION('',(-1.,0.));
#11547 = ( GEOMETRIC_REPRESENTATION_CONTEXT(2) 
PARAMETRIC_REPRESENTATION_CONTEXT() REPRESENTATION_CONTEXT('2D SPACE',''
  ) );
#11548 = PCURVE('',#11549,#11554);
#11549 = TOROIDAL_SURFACE('',#11550,6.975,1.02530483272);
#11550 = AXIS2_PLACEMENT_3D('',#11551,#11552,#11553);
#11551 = CARTESIAN_POINT('',(0.,0.,77.025));
#11552 = DIRECTION('',(-0.,-0.,-1.));
#11553 = DIRECTION('',(1.,0.,-0.));
#11554 = DEFINITIONAL_REPRESENTATION('',(#11555),#11559);
#11555 = LINE('',#11556,#11557);
#11556 = CARTESIAN_POINT('',(-0.,2.438540917272E-02));
#11557 = VECTOR('',#11558,1.);
#11558 = DIRECTION('',(-1.,0.));
#11559 = ( GEOMETRIC_REPRESENTATION_CONTEXT(2) 
PARAMETRIC_REPRESENTATION_CONTEXT() REPRESENTATION_CONTEXT('2D SPACE',''
  ) );
#11560 = ORIENTED_EDGE('',*,*,#11511,.F.);
#11561 = ADVANCED_FACE('',(#11562),#11549,.F.);
#11562 = FACE_BOUND('',#11563,.T.);
#11563 = EDGE_LOOP('',(#11564,#11565,#11589,#11616));
#11564 = ORIENTED_EDGE('',*,*,#11534,.T.);
#11565 = ORIENTED_EDGE('',*,*,#11566,.T.);
#11566 = EDGE_CURVE('',#11512,#11567,#11569,.T.);
#11567 = VERTEX_POINT('',#11568);
#11568 = CARTESIAN_POINT('',(7.,0.,76.));
#11569 = SEAM_CURVE('',#11570,(#11575,#11582),.PCURVE_S1.);
#11570 = CIRCLE('',#11571,1.02530483272);
#11571 = AXIS2_PLACEMENT_3D('',#11572,#11573,#11574);
#11572 = CARTESIAN_POINT('',(6.975,0.,77.025));
#11573 = DIRECTION('',(0.,1.,0.));
#11574 = DIRECTION('',(0.999702690643,0.,-2.438299245471E-02));
#11575 = PCURVE('',#11549,#11576);
#11576 = DEFINITIONAL_REPRESENTATION('',(#11577),#11581);
#11577 = LINE('',#11578,#11579);
#11578 = CARTESIAN_POINT('',(-0.,2.438540917272E-02));
#11579 = VECTOR('',#11580,1.);
#11580 = DIRECTION('',(-0.,1.));
#11581 = ( GEOMETRIC_REPRESENTATION_CONTEXT(2) 
PARAMETRIC_REPRESENTATION_CONTEXT() REPRESENTATION_CONTEXT('2D SPACE',''
  ) );
#11582 = PCURVE('',#11549,#11583);
#11583 = DEFINITIONAL_REPRESENTATION('',(#11584),#11588);
#11584 = LINE('',#11585,#11586);
#11585 = CARTESIAN_POINT('',(-6.28318530718,2.438540917272E-02));
#11586 = VECTOR('',#11587,1.);
#11587 = DIRECTION('',(-0.,1.));
#11588 = ( GEOMETRIC_REPRESENTATION_CONTEXT(2) 
PARAMETRIC_REPRESENTATION_CONTEXT() REPRESENTATION_CONTEXT('2D SPACE',''
  ) );
#11589 = ORIENTED_EDGE('',*,*,#11590,.F.);
#11590 = EDGE_CURVE('',#11567,#11567,#11591,.T.);
#11591 = SURFACE_CURVE('',#11592,(#11597,#11604),.PCURVE_S1.);
#11592 = CIRCLE('',#11593,7.);
#11593 = AXIS2_PLACEMENT_3D('',#11594,#11595,#11596);
#11594 = CARTESIAN_POINT('',(0.,0.,76.));
#11595 = DIRECTION('',(0.,0.,1.));
#11596 = DIRECTION('',(1.,0.,-0.));
#11597 = PCURVE('',#11549,#11598);
#11598 = DEFINITIONAL_REPRESENTATION('',(#11599),#11603);
#11599 = LINE('',#11600,#11601);
#11600 = CARTESIAN_POINT('',(-0.,1.546410917622));
#11601 = VECTOR('',#11602,1.);
#11602 = DIRECTION('',(-1.,0.));
#11603 = ( GEOMETRIC_REPRESENTATION_CONTEXT(2) 
PARAMETRIC_REPRESENTATION_CONTEXT() REPRESENTATION_CONTEXT('2D SPACE',''
  ) );
#11604 = PCURVE('',#11605,#11610);
#11605 = PLANE('',#11606);
#11606 = AXIS2_PLACEMENT_3D('',#11607,#11608,#11609);
#11607 = CARTESIAN_POINT('',(0.,0.,76.));
#11608 = DIRECTION('',(0.,0.,1.));
#11609 = DIRECTION('',(1.,0.,-0.));
#11610 = DEFINITIONAL_REPRESENTATION('',(#11611),#11615);
#11611 = CIRCLE('',#11612,7.);
#11612 = AXIS2_PLACEMENT_2D('',#11613,#11614);
#11613 = CARTESIAN_POINT('',(0.,0.));
#11614 = DIRECTION('',(1.,0.));
#11615 = ( GEOMETRIC_REPRESENTATION_CONTEXT(2) 
PARAMETRIC_REPRESENTATION_CONTEXT() REPRESENTATION_CONTEXT('2D SPACE',''
  ) );
#11616 = ORIENTED_EDGE('',*,*,#11566,.F.);
#11617 = ADVANCED_FACE('',(#11618),#11605,.T.);
#11618 = FACE_BOUND('',#11619,.T.);
#11619 = EDGE_LOOP('',(#11620));
#11620 = ORIENTED_EDGE('',*,*,#11590,.T.);
#11621 = ( GEOMETRIC_REPRESENTATION_CONTEXT(3) 
GLOBAL_UNCERTAINTY_ASSIGNED_CONTEXT((#11625)) 
GLOBAL_UNIT_ASSIGNED_CONTEXT((#11622,#11623,#11624)) 
REPRESENTATION_CONTEXT('Context #1',
  '3D Context with UNIT and UNCERTAINTY') );
#11622 = ( LENGTH_UNIT() NAMED_UNIT(*) SI_UNIT(.MILLI.,.METRE.) );
#11623 = ( NAMED_UNIT(*) PLANE_ANGLE_UNIT() SI_UNIT($,.RADIAN.) );
#11624 = ( NAMED_UNIT(*) SI_UNIT($,.STERADIAN.) SOLID_ANGLE_UNIT() );
#11625 = UNCERTAINTY_MEASURE_WITH_UNIT(LENGTH_MEASURE(1.E-07),#11622,
  'distance_accuracy_value','confusion accuracy');
#11626 = CONTEXT_DEPENDENT_SHAPE_REPRESENTATION(#11627,#11629);
#11627 = ( REPRESENTATION_RELATIONSHIP('','',#10390,#10) 
REPRESENTATION_RELATIONSHIP_WITH_TRANSFORMATION(#11628) 
SHAPE_REPRESENTATION_RELATIONSHIP() );
#11628 = ITEM_DEFINED_TRANSFORMATION('','',#11,#31);
#11629 = PRODUCT_DEFINITION_SHAPE('Placement','Placement of an item',
  #11630);
#11630 = NEXT_ASSEMBLY_USAGE_OCCURRENCE('5','P06_bowl','',#5,#10385,$);
#11631 = PRODUCT_RELATED_PRODUCT_CATEGORY('part',$,(#10387));
#11632 = SHAPE_DEFINITION_REPRESENTATION(#11633,#11639);
#11633 = PRODUCT_DEFINITION_SHAPE('','',#11634);
#11634 = PRODUCT_DEFINITION('design','',#11635,#11638);
#11635 = PRODUCT_DEFINITION_FORMATION('','',#11636);
#11636 = PRODUCT('P08_lid','P08_lid','',(#11637));
#11637 = PRODUCT_CONTEXT('',#2,'mechanical');
#11638 = PRODUCT_DEFINITION_CONTEXT('part definition',#2,'design');
#11639 = ADVANCED_BREP_SHAPE_REPRESENTATION('',(#11,#11640),#12954);
#11640 = MANIFOLD_SOLID_BREP('',#11641);
#11641 = CLOSED_SHELL('',(#11642,#11764,#12212,#12260,#12633,#12658,
    #12683,#12708,#12733,#12758,#12765,#12792,#12819,#12846,#12873,
    #12900,#12927));
#11642 = ADVANCED_FACE('',(#11643),#11658,.T.);
#11643 = FACE_BOUND('',#11644,.F.);
#11644 = EDGE_LOOP('',(#11645,#11681,#11707,#11740));
#11645 = ORIENTED_EDGE('',*,*,#11646,.F.);
#11646 = EDGE_CURVE('',#11647,#11649,#11651,.T.);
#11647 = VERTEX_POINT('',#11648);
#11648 = CARTESIAN_POINT('',(26.279966030308,34.034737922392,101.));
#11649 = VERTEX_POINT('',#11650);
#11650 = CARTESIAN_POINT('',(-26.2799660303,34.034737922391,101.));
#11651 = SURFACE_CURVE('',#11652,(#11657,#11669),.PCURVE_S1.);
#11652 = CIRCLE('',#11653,43.);
#11653 = AXIS2_PLACEMENT_3D('',#11654,#11655,#11656);
#11654 = CARTESIAN_POINT('',(0.,0.,101.));
#11655 = DIRECTION('',(0.,-0.,1.));
#11656 = DIRECTION('',(0.611162000705,0.791505533079,0.));
#11657 = PCURVE('',#11658,#11663);
#11658 = CYLINDRICAL_SURFACE('',#11659,43.);
#11659 = AXIS2_PLACEMENT_3D('',#11660,#11661,#11662);
#11660 = CARTESIAN_POINT('',(0.,0.,101.));
#11661 = DIRECTION('',(-0.,-0.,-1.));
#11662 = DIRECTION('',(1.,0.,0.));
#11663 = DEFINITIONAL_REPRESENTATION('',(#11664),#11668);
#11664 = LINE('',#11665,#11666);
#11665 = CARTESIAN_POINT('',(-0.913268477331,0.));
#11666 = VECTOR('',#11667,1.);
#11667 = DIRECTION('',(-1.,0.));
#11668 = ( GEOMETRIC_REPRESENTATION_CONTEXT(2) 
PARAMETRIC_REPRESENTATION_CONTEXT() REPRESENTATION_CONTEXT('2D SPACE',''
  ) );
#11669 = PCURVE('',#11670,#11675);
#11670 = PLANE('',#11671);
#11671 = AXIS2_PLACEMENT_3D('',#11672,#11673,#11674);
#11672 = CARTESIAN_POINT('',(-1.017629866076E-15,2.315192385526E-15,101.
    ));
#11673 = DIRECTION('',(0.,0.,1.));
#11674 = DIRECTION('',(1.,0.,-0.));
#11675 = DEFINITIONAL_REPRESENTATION('',(#11676),#11680);
#11676 = CIRCLE('',#11677,43.);
#11677 = AXIS2_PLACEMENT_2D('',#11678,#11679);
#11678 = CARTESIAN_POINT('',(1.017629866076E-15,-2.315192385526E-15));
#11679 = DIRECTION('',(0.611162000705,0.791505533079));
#11680 = ( GEOMETRIC_REPRESENTATION_CONTEXT(2) 
PARAMETRIC_REPRESENTATION_CONTEXT() REPRESENTATION_CONTEXT('2D SPACE',''
  ) );
#11681 = ORIENTED_EDGE('',*,*,#11682,.F.);
#11682 = EDGE_CURVE('',#11683,#11647,#11685,.T.);
#11683 = VERTEX_POINT('',#11684);
#11684 = CARTESIAN_POINT('',(26.279966030308,34.034737922392,104.));
#11685 = SURFACE_CURVE('',#11686,(#11690,#11696),.PCURVE_S1.);
#11686 = LINE('',#11687,#11688);
#11687 = CARTESIAN_POINT('',(26.279966030308,34.034737922391,101.));
#11688 = VECTOR('',#11689,1.);
#11689 = DIRECTION('',(-0.,-0.,-1.));
#11690 = PCURVE('',#11658,#11691);
#11691 = DEFINITIONAL_REPRESENTATION('',(#11692),#11695);
#11692 = B_SPLINE_CURVE_WITH_KNOTS('',1,(#11693,#11694),.UNSPECIFIED.,
  .F.,.F.,(2,2),(-3.,0.),.PIECEWISE_BEZIER_KNOTS.);
#11693 = CARTESIAN_POINT('',(-0.913268477331,-3.));
#11694 = CARTESIAN_POINT('',(-0.913268477331,0.));
#11695 = ( GEOMETRIC_REPRESENTATION_CONTEXT(2) 
PARAMETRIC_REPRESENTATION_CONTEXT() REPRESENTATION_CONTEXT('2D SPACE',''
  ) );
#11696 = PCURVE('',#11697,#11702);
#11697 = CYLINDRICAL_SURFACE('',#11698,7.);
#11698 = AXIS2_PLACEMENT_3D('',#11699,#11700,#11701);
#11699 = CARTESIAN_POINT('',(33.234018715768,33.234018715768,101.));
#11700 = DIRECTION('',(-0.,-0.,-1.));
#11701 = DIRECTION('',(1.,0.,0.));
#11702 = DEFINITIONAL_REPRESENTATION('',(#11703),#11706);
#11703 = B_SPLINE_CURVE_WITH_KNOTS('',1,(#11704,#11705),.UNSPECIFIED.,
  .F.,.F.,(2,2),(-3.,0.),.PIECEWISE_BEZIER_KNOTS.);
#11704 = CARTESIAN_POINT('',(-9.310138565493,-3.));
#11705 = CARTESIAN_POINT('',(-9.310138565493,0.));
#11706 = ( GEOMETRIC_REPRESENTATION_CONTEXT(2) 
PARAMETRIC_REPRESENTATION_CONTEXT() REPRESENTATION_CONTEXT('2D SPACE',''
  ) );
#11707 = ORIENTED_EDGE('',*,*,#11708,.F.);
#11708 = EDGE_CURVE('',#11709,#11683,#11711,.T.);
#11709 = VERTEX_POINT('',#11710);
#11710 = CARTESIAN_POINT('',(-26.2799660303,34.034737922391,104.));
#11711 = SURFACE_CURVE('',#11712,(#11717,#11724),.PCURVE_S1.);
#11712 = CIRCLE('',#11713,43.);
#11713 = AXIS2_PLACEMENT_3D('',#11714,#11715,#11716);
#11714 = CARTESIAN_POINT('',(0.,0.,104.));
#11715 = DIRECTION('',(0.,0.,-1.));
#11716 = DIRECTION('',(0.791505533079,0.611162000705,0.));
#11717 = PCURVE('',#11658,#11718);
#11718 = DEFINITIONAL_REPRESENTATION('',(#11719),#11723);
#11719 = LINE('',#11720,#11721);
#11720 = CARTESIAN_POINT('',(-6.940713156644,-3.));
#11721 = VECTOR('',#11722,1.);
#11722 = DIRECTION('',(1.,-0.));
#11723 = ( GEOMETRIC_REPRESENTATION_CONTEXT(2) 
PARAMETRIC_REPRESENTATION_CONTEXT() REPRESENTATION_CONTEXT('2D SPACE',''
  ) );
#11724 = PCURVE('',#11725,#11730);
#11725 = PLANE('',#11726);
#11726 = AXIS2_PLACEMENT_3D('',#11727,#11728,#11729);
#11727 = CARTESIAN_POINT('',(-1.017629866076E-15,2.315192385526E-15,104.
    ));
#11728 = DIRECTION('',(0.,0.,1.));
#11729 = DIRECTION('',(1.,0.,-0.));
#11730 = DEFINITIONAL_REPRESENTATION('',(#11731),#11739);
#11731 = ( BOUNDED_CURVE() B_SPLINE_CURVE(2,(#11732,#11733,#11734,#11735
    ,#11736,#11737,#11738),.UNSPECIFIED.,.T.,.F.) 
B_SPLINE_CURVE_WITH_KNOTS((1,2,2,2,2,1),(-2.094395102393,0.,
    2.094395102393,4.188790204786,6.28318530718,8.377580409573),
.UNSPECIFIED.) CURVE() GEOMETRIC_REPRESENTATION_ITEM() 
RATIONAL_B_SPLINE_CURVE((1.,0.5,1.,0.5,1.,0.5,1.)) REPRESENTATION_ITEM(
  '') );
#11732 = CARTESIAN_POINT('',(34.034737922391,26.279966030308));
#11733 = CARTESIAN_POINT('',(79.552974308069,-32.66992927356));
#11734 = CARTESIAN_POINT('',(5.741749231644,-42.61493066709));
#11735 = CARTESIAN_POINT('',(-68.06947584478,-52.55993206061));
#11736 = CARTESIAN_POINT('',(-39.77648715403,16.334964636782));
#11737 = CARTESIAN_POINT('',(-11.48349846328,85.229861334181));
#11738 = CARTESIAN_POINT('',(34.034737922391,26.279966030308));
#11739 = ( GEOMETRIC_REPRESENTATION_CONTEXT(2) 
PARAMETRIC_REPRESENTATION_CONTEXT() REPRESENTATION_CONTEXT('2D SPACE',''
  ) );
#11740 = ORIENTED_EDGE('',*,*,#11741,.T.);
#11741 = EDGE_CURVE('',#11709,#11649,#11742,.T.);
#11742 = SURFACE_CURVE('',#11743,(#11747,#11753),.PCURVE_S1.);
#11743 = LINE('',#11744,#11745);
#11744 = CARTESIAN_POINT('',(-26.2799660303,34.034737922391,101.));
#11745 = VECTOR('',#11746,1.);
#11746 = DIRECTION('',(-0.,-0.,-1.));
#11747 = PCURVE('',#11658,#11748);
#11748 = DEFINITIONAL_REPRESENTATION('',(#11749),#11752);
#11749 = B_SPLINE_CURVE_WITH_KNOTS('',1,(#11750,#11751),.UNSPECIFIED.,
  .F.,.F.,(2,2),(-3.0000006,6.000000070117E-07),
  .PIECEWISE_BEZIER_KNOTS.);
#11750 = CARTESIAN_POINT('',(-2.228324176259,-3.0000006));
#11751 = CARTESIAN_POINT('',(-2.228324176259,6.000000070117E-07));
#11752 = ( GEOMETRIC_REPRESENTATION_CONTEXT(2) 
PARAMETRIC_REPRESENTATION_CONTEXT() REPRESENTATION_CONTEXT('2D SPACE',''
  ) );
#11753 = PCURVE('',#11754,#11759);
#11754 = CYLINDRICAL_SURFACE('',#11755,7.);
#11755 = AXIS2_PLACEMENT_3D('',#11756,#11757,#11758);
#11756 = CARTESIAN_POINT('',(-33.23401871576,33.234018715768,101.));
#11757 = DIRECTION('',(-0.,-0.,-1.));
#11758 = DIRECTION('',(1.,0.,0.));
#11759 = DEFINITIONAL_REPRESENTATION('',(#11760),#11763);
#11760 = B_SPLINE_CURVE_WITH_KNOTS('',1,(#11761,#11762),.UNSPECIFIED.,
  .F.,.F.,(2,2),(-3.0000006,6.000000070117E-07),
  .PIECEWISE_BEZIER_KNOTS.);
#11761 = CARTESIAN_POINT('',(-0.114639395276,-3.0000006));
#11762 = CARTESIAN_POINT('',(-0.114639395276,6.000000070117E-07));
#11763 = ( GEOMETRIC_REPRESENTATION_CONTEXT(2) 
PARAMETRIC_REPRESENTATION_CONTEXT() REPRESENTATION_CONTEXT('2D SPACE',''
  ) );
#11764 = ADVANCED_FACE('',(#11765,#11967,#12002,#12037,#12072,#12107,
    #12142,#12177),#11670,.F.);
#11765 = FACE_BOUND('',#11766,.F.);
#11766 = EDGE_LOOP('',(#11767,#11795,#11796,#11820,#11849,#11878,#11907,
    #11940));
#11767 = ORIENTED_EDGE('',*,*,#11768,.F.);
#11768 = EDGE_CURVE('',#11647,#11769,#11771,.T.);
#11769 = VERTEX_POINT('',#11770);
#11770 = CARTESIAN_POINT('',(34.034737922391,26.279966030308,101.));
#11771 = SURFACE_CURVE('',#11772,(#11777,#11788),.PCURVE_S1.);
#11772 = CIRCLE('',#11773,7.);
#11773 = AXIS2_PLACEMENT_3D('',#11774,#11775,#11776);
#11774 = CARTESIAN_POINT('',(33.234018715768,33.234018715768,101.));
#11775 = DIRECTION('',(0.,0.,-1.));
#11776 = DIRECTION('',(-0.993436097923,0.114388458089,0.));
#11777 = PCURVE('',#11670,#11778);
#11778 = DEFINITIONAL_REPRESENTATION('',(#11779),#11787);
#11779 = ( BOUNDED_CURVE() B_SPLINE_CURVE(2,(#11780,#11781,#11782,#11783
    ,#11784,#11785,#11786),.UNSPECIFIED.,.T.,.F.) 
B_SPLINE_CURVE_WITH_KNOTS((1,2,2,2,2,1),(-2.094395102393,0.,
    2.094395102393,4.188790204786,6.28318530718,8.377580409573),
.UNSPECIFIED.) CURVE() GEOMETRIC_REPRESENTATION_ITEM() 
RATIONAL_B_SPLINE_CURVE((1.,0.5,1.,0.5,1.,0.5,1.)) REPRESENTATION_ITEM(
  '') );
#11780 = CARTESIAN_POINT('',(26.279966030308,34.034737922391));
#11781 = CARTESIAN_POINT('',(27.666852378777,46.079510492118));
#11782 = CARTESIAN_POINT('',(37.404488232732,38.856045397319));
#11783 = CARTESIAN_POINT('',(47.142124086686,31.63258030252));
#11784 = CARTESIAN_POINT('',(36.017601884263,26.811272827593));
#11785 = CARTESIAN_POINT('',(24.89307968184,21.989965352665));
#11786 = CARTESIAN_POINT('',(26.279966030308,34.034737922391));
#11787 = ( GEOMETRIC_REPRESENTATION_CONTEXT(2) 
PARAMETRIC_REPRESENTATION_CONTEXT() REPRESENTATION_CONTEXT('2D SPACE',''
  ) );
#11788 = PCURVE('',#11697,#11789);
#11789 = DEFINITIONAL_REPRESENTATION('',(#11790),#11794);
#11790 = LINE('',#11791,#11792);
#11791 = CARTESIAN_POINT('',(-9.310138565493,0.));
#11792 = VECTOR('',#11793,1.);
#11793 = DIRECTION('',(1.,-0.));
#11794 = ( GEOMETRIC_REPRESENTATION_CONTEXT(2) 
PARAMETRIC_REPRESENTATION_CONTEXT() REPRESENTATION_CONTEXT('2D SPACE',''
  ) );
#11795 = ORIENTED_EDGE('',*,*,#11646,.T.);
#11796 = ORIENTED_EDGE('',*,*,#11797,.T.);
#11797 = EDGE_CURVE('',#11649,#11798,#11800,.T.);
#11798 = VERTEX_POINT('',#11799);
#11799 = CARTESIAN_POINT('',(-34.03473792239,26.279966030308,101.));
#11800 = SURFACE_CURVE('',#11801,(#11806,#11813),.PCURVE_S1.);
#11801 = CIRCLE('',#11802,7.);
#11802 = AXIS2_PLACEMENT_3D('',#11803,#11804,#11805);
#11803 = CARTESIAN_POINT('',(-33.23401871576,33.234018715768,101.));
#11804 = DIRECTION('',(0.,0.,1.));
#11805 = DIRECTION('',(1.,0.,0.));
#11806 = PCURVE('',#11670,#11807);
#11807 = DEFINITIONAL_REPRESENTATION('',(#11808),#11812);
#11808 = CIRCLE('',#11809,7.);
#11809 = AXIS2_PLACEMENT_2D('',#11810,#11811);
#11810 = CARTESIAN_POINT('',(-33.23401871576,33.234018715768));
#11811 = DIRECTION('',(1.,0.));
#11812 = ( GEOMETRIC_REPRESENTATION_CONTEXT(2) 
PARAMETRIC_REPRESENTATION_CONTEXT() REPRESENTATION_CONTEXT('2D SPACE',''
  ) );
#11813 = PCURVE('',#11754,#11814);
#11814 = DEFINITIONAL_REPRESENTATION('',(#11815),#11819);
#11815 = LINE('',#11816,#11817);
#11816 = CARTESIAN_POINT('',(-0.,0.));
#11817 = VECTOR('',#11818,1.);
#11818 = DIRECTION('',(-1.,0.));
#11819 = ( GEOMETRIC_REPRESENTATION_CONTEXT(2) 
PARAMETRIC_REPRESENTATION_CONTEXT() REPRESENTATION_CONTEXT('2D SPACE',''
  ) );
#11820 = ORIENTED_EDGE('',*,*,#11821,.T.);
#11821 = EDGE_CURVE('',#11798,#11822,#11824,.T.);
#11822 = VERTEX_POINT('',#11823);
#11823 = CARTESIAN_POINT('',(-34.03473792239,-26.2799660303,101.));
#11824 = SURFACE_CURVE('',#11825,(#11830,#11837),.PCURVE_S1.);
#11825 = CIRCLE('',#11826,43.);
#11826 = AXIS2_PLACEMENT_3D('',#11827,#11828,#11829);
#11827 = CARTESIAN_POINT('',(0.,0.,101.));
#11828 = DIRECTION('',(0.,-0.,1.));
#11829 = DIRECTION('',(0.611162000705,0.791505533079,0.));
#11830 = PCURVE('',#11670,#11831);
#11831 = DEFINITIONAL_REPRESENTATION('',(#11832),#11836);
#11832 = CIRCLE('',#11833,43.);
#11833 = AXIS2_PLACEMENT_2D('',#11834,#11835);
#11834 = CARTESIAN_POINT('',(1.017629866076E-15,-2.315192385526E-15));
#11835 = DIRECTION('',(0.611162000705,0.791505533079));
#11836 = ( GEOMETRIC_REPRESENTATION_CONTEXT(2) 
PARAMETRIC_REPRESENTATION_CONTEXT() REPRESENTATION_CONTEXT('2D SPACE',''
  ) );
#11837 = PCURVE('',#11838,#11843);
#11838 = CYLINDRICAL_SURFACE('',#11839,43.);
#11839 = AXIS2_PLACEMENT_3D('',#11840,#11841,#11842);
#11840 = CARTESIAN_POINT('',(0.,0.,101.));
#11841 = DIRECTION('',(-0.,-0.,-1.));
#11842 = DIRECTION('',(1.,0.,0.));
#11843 = DEFINITIONAL_REPRESENTATION('',(#11844),#11848);
#11844 = LINE('',#11845,#11846);
#11845 = CARTESIAN_POINT('',(-0.913268477331,0.));
#11846 = VECTOR('',#11847,1.);
#11847 = DIRECTION('',(-1.,0.));
#11848 = ( GEOMETRIC_REPRESENTATION_CONTEXT(2) 
PARAMETRIC_REPRESENTATION_CONTEXT() REPRESENTATION_CONTEXT('2D SPACE',''
  ) );
#11849 = ORIENTED_EDGE('',*,*,#11850,.T.);
#11850 = EDGE_CURVE('',#11822,#11851,#11853,.T.);
#11851 = VERTEX_POINT('',#11852);
#11852 = CARTESIAN_POINT('',(-26.2799660303,-34.03473792239,101.));
#11853 = SURFACE_CURVE('',#11854,(#11859,#11866),.PCURVE_S1.);
#11854 = CIRCLE('',#11855,7.);
#11855 = AXIS2_PLACEMENT_3D('',#11856,#11857,#11858);
#11856 = CARTESIAN_POINT('',(-33.23401871576,-33.23401871576,101.));
#11857 = DIRECTION('',(0.,0.,1.));
#11858 = DIRECTION('',(1.,0.,0.));
#11859 = PCURVE('',#11670,#11860);
#11860 = DEFINITIONAL_REPRESENTATION('',(#11861),#11865);
#11861 = CIRCLE('',#11862,7.);
#11862 = AXIS2_PLACEMENT_2D('',#11863,#11864);
#11863 = CARTESIAN_POINT('',(-33.23401871576,-33.23401871576));
#11864 = DIRECTION('',(1.,0.));
#11865 = ( GEOMETRIC_REPRESENTATION_CONTEXT(2) 
PARAMETRIC_REPRESENTATION_CONTEXT() REPRESENTATION_CONTEXT('2D SPACE',''
  ) );
#11866 = PCURVE('',#11867,#11872);
#11867 = CYLINDRICAL_SURFACE('',#11868,7.);
#11868 = AXIS2_PLACEMENT_3D('',#11869,#11870,#11871);
#11869 = CARTESIAN_POINT('',(-33.23401871576,-33.23401871576,101.));
#11870 = DIRECTION('',(-0.,-0.,-1.));
#11871 = DIRECTION('',(1.,0.,0.));
#11872 = DEFINITIONAL_REPRESENTATION('',(#11873),#11877);
#11873 = LINE('',#11874,#11875);
#11874 = CARTESIAN_POINT('',(-0.,0.));
#11875 = VECTOR('',#11876,1.);
#11876 = DIRECTION('',(-1.,0.));
#11877 = ( GEOMETRIC_REPRESENTATION_CONTEXT(2) 
PARAMETRIC_REPRESENTATION_CONTEXT() REPRESENTATION_CONTEXT('2D SPACE',''
  ) );
#11878 = ORIENTED_EDGE('',*,*,#11879,.T.);
#11879 = EDGE_CURVE('',#11851,#11880,#11882,.T.);
#11880 = VERTEX_POINT('',#11881);
#11881 = CARTESIAN_POINT('',(26.279966030308,-34.03473792239,101.));
#11882 = SURFACE_CURVE('',#11883,(#11888,#11895),.PCURVE_S1.);
#11883 = CIRCLE('',#11884,43.);
#11884 = AXIS2_PLACEMENT_3D('',#11885,#11886,#11887);
#11885 = CARTESIAN_POINT('',(0.,0.,101.));
#11886 = DIRECTION('',(0.,-0.,1.));
#11887 = DIRECTION('',(0.611162000705,0.791505533079,0.));
#11888 = PCURVE('',#11670,#11889);
#11889 = DEFINITIONAL_REPRESENTATION('',(#11890),#11894);
#11890 = CIRCLE('',#11891,43.);
#11891 = AXIS2_PLACEMENT_2D('',#11892,#11893);
#11892 = CARTESIAN_POINT('',(1.017629866076E-15,-2.315192385526E-15));
#11893 = DIRECTION('',(0.611162000705,0.791505533079));
#11894 = ( GEOMETRIC_REPRESENTATION_CONTEXT(2) 
PARAMETRIC_REPRESENTATION_CONTEXT() REPRESENTATION_CONTEXT('2D SPACE',''
  ) );
#11895 = PCURVE('',#11896,#11901);
#11896 = CYLINDRICAL_SURFACE('',#11897,43.);
#11897 = AXIS2_PLACEMENT_3D('',#11898,#11899,#11900);
#11898 = CARTESIAN_POINT('',(0.,0.,101.));
#11899 = DIRECTION('',(-0.,-0.,-1.));
#11900 = DIRECTION('',(1.,0.,0.));
#11901 = DEFINITIONAL_REPRESENTATION('',(#11902),#11906);
#11902 = LINE('',#11903,#11904);
#11903 = CARTESIAN_POINT('',(-0.913268477331,0.));
#11904 = VECTOR('',#11905,1.);
#11905 = DIRECTION('',(-1.,0.));
#11906 = ( GEOMETRIC_REPRESENTATION_CONTEXT(2) 
PARAMETRIC_REPRESENTATION_CONTEXT() REPRESENTATION_CONTEXT('2D SPACE',''
  ) );
#11907 = ORIENTED_EDGE('',*,*,#11908,.F.);
#11908 = EDGE_CURVE('',#11909,#11880,#11911,.T.);
#11909 = VERTEX_POINT('',#11910);
#11910 = CARTESIAN_POINT('',(34.034737922391,-26.2799660303,101.));
#11911 = SURFACE_CURVE('',#11912,(#11917,#11928),.PCURVE_S1.);
#11912 = CIRCLE('',#11913,7.);
#11913 = AXIS2_PLACEMENT_3D('',#11914,#11915,#11916);
#11914 = CARTESIAN_POINT('',(33.234018715768,-33.23401871576,101.));
#11915 = DIRECTION('',(0.,0.,-1.));
#11916 = DIRECTION('',(0.114388458089,0.993436097923,0.));
#11917 = PCURVE('',#11670,#11918);
#11918 = DEFINITIONAL_REPRESENTATION('',(#11919),#11927);
#11919 = ( BOUNDED_CURVE() B_SPLINE_CURVE(2,(#11920,#11921,#11922,#11923
    ,#11924,#11925,#11926),.UNSPECIFIED.,.T.,.F.) 
B_SPLINE_CURVE_WITH_KNOTS((1,2,2,2,2,1),(-2.094395102393,0.,
    2.094395102393,4.188790204786,6.28318530718,8.377580409573),
.UNSPECIFIED.) CURVE() GEOMETRIC_REPRESENTATION_ITEM() 
RATIONAL_B_SPLINE_CURVE((1.,0.5,1.,0.5,1.,0.5,1.)) REPRESENTATION_ITEM(
  '') );
#11920 = CARTESIAN_POINT('',(34.034737922391,-26.2799660303));
#11921 = CARTESIAN_POINT('',(46.079510492118,-27.66685237877));
#11922 = CARTESIAN_POINT('',(38.856045397319,-37.40448823273));
#11923 = CARTESIAN_POINT('',(31.632580302521,-47.14212408668));
#11924 = CARTESIAN_POINT('',(26.811272827593,-36.01760188426));
#11925 = CARTESIAN_POINT('',(21.989965352665,-24.89307968184));
#11926 = CARTESIAN_POINT('',(34.034737922391,-26.2799660303));
#11927 = ( GEOMETRIC_REPRESENTATION_CONTEXT(2) 
PARAMETRIC_REPRESENTATION_CONTEXT() REPRESENTATION_CONTEXT('2D SPACE',''
  ) );
#11928 = PCURVE('',#11929,#11934);
#11929 = CYLINDRICAL_SURFACE('',#11930,7.);
#11930 = AXIS2_PLACEMENT_3D('',#11931,#11932,#11933);
#11931 = CARTESIAN_POINT('',(33.234018715768,-33.23401871576,101.));
#11932 = DIRECTION('',(-0.,-0.,-1.));
#11933 = DIRECTION('',(1.,0.,0.));
#11934 = DEFINITIONAL_REPRESENTATION('',(#11935),#11939);
#11935 = LINE('',#11936,#11937);
#11936 = CARTESIAN_POINT('',(-7.739342238698,0.));
#11937 = VECTOR('',#11938,1.);
#11938 = DIRECTION('',(1.,-0.));
#11939 = ( GEOMETRIC_REPRESENTATION_CONTEXT(2) 
PARAMETRIC_REPRESENTATION_CONTEXT() REPRESENTATION_CONTEXT('2D SPACE',''
  ) );
#11940 = ORIENTED_EDGE('',*,*,#11941,.T.);
#11941 = EDGE_CURVE('',#11909,#11769,#11942,.T.);
#11942 = SURFACE_CURVE('',#11943,(#11948,#11955),.PCURVE_S1.);
#11943 = CIRCLE('',#11944,43.);
#11944 = AXIS2_PLACEMENT_3D('',#11945,#11946,#11947);
#11945 = CARTESIAN_POINT('',(0.,0.,101.));
#11946 = DIRECTION('',(0.,-0.,1.));
#11947 = DIRECTION('',(0.611162000705,0.791505533079,0.));
#11948 = PCURVE('',#11670,#11949);
#11949 = DEFINITIONAL_REPRESENTATION('',(#11950),#11954);
#11950 = CIRCLE('',#11951,43.);
#11951 = AXIS2_PLACEMENT_2D('',#11952,#11953);
#11952 = CARTESIAN_POINT('',(1.017629866076E-15,-2.315192385526E-15));
#11953 = DIRECTION('',(0.611162000705,0.791505533079));
#11954 = ( GEOMETRIC_REPRESENTATION_CONTEXT(2) 
PARAMETRIC_REPRESENTATION_CONTEXT() REPRESENTATION_CONTEXT('2D SPACE',''
  ) );
#11955 = PCURVE('',#11956,#11961);
#11956 = CYLINDRICAL_SURFACE('',#11957,43.);
#11957 = AXIS2_PLACEMENT_3D('',#11958,#11959,#11960);
#11958 = CARTESIAN_POINT('',(0.,0.,101.));
#11959 = DIRECTION('',(-0.,-0.,-1.));
#11960 = DIRECTION('',(1.,0.,0.));
#11961 = DEFINITIONAL_REPRESENTATION('',(#11962),#11966);
#11962 = LINE('',#11963,#11964);
#11963 = CARTESIAN_POINT('',(-0.913268477331,0.));
#11964 = VECTOR('',#11965,1.);
#11965 = DIRECTION('',(-1.,0.));
#11966 = ( GEOMETRIC_REPRESENTATION_CONTEXT(2) 
PARAMETRIC_REPRESENTATION_CONTEXT() REPRESENTATION_CONTEXT('2D SPACE',''
  ) );
#11967 = FACE_BOUND('',#11968,.F.);
#11968 = EDGE_LOOP('',(#11969));
#11969 = ORIENTED_EDGE('',*,*,#11970,.T.);
#11970 = EDGE_CURVE('',#11971,#11971,#11973,.T.);
#11971 = VERTEX_POINT('',#11972);
#11972 = CARTESIAN_POINT('',(-30.98401871576,-33.23401871576,101.));
#11973 = SURFACE_CURVE('',#11974,(#11979,#11990),.PCURVE_S1.);
#11974 = CIRCLE('',#11975,2.25);
#11975 = AXIS2_PLACEMENT_3D('',#11976,#11977,#11978);
#11976 = CARTESIAN_POINT('',(-33.23401871576,-33.23401871576,101.));
#11977 = DIRECTION('',(0.,0.,-1.));
#11978 = DIRECTION('',(1.,0.,0.));
#11979 = PCURVE('',#11670,#11980);
#11980 = DEFINITIONAL_REPRESENTATION('',(#11981),#11989);
#11981 = ( BOUNDED_CURVE() B_SPLINE_CURVE(2,(#11982,#11983,#11984,#11985
    ,#11986,#11987,#11988),.UNSPECIFIED.,.T.,.F.) 
B_SPLINE_CURVE_WITH_KNOTS((1,2,2,2,2,1),(-2.094395102393,0.,
    2.094395102393,4.188790204786,6.28318530718,8.377580409573),
.UNSPECIFIED.) CURVE() GEOMETRIC_REPRESENTATION_ITEM() 
RATIONAL_B_SPLINE_CURVE((1.,0.5,1.,0.5,1.,0.5,1.)) REPRESENTATION_ITEM(
  '') );
#11982 = CARTESIAN_POINT('',(-30.98401871576,-33.23401871576));
#11983 = CARTESIAN_POINT('',(-30.98401871576,-37.13113303279));
#11984 = CARTESIAN_POINT('',(-34.35901871576,-35.18257587428));
#11985 = CARTESIAN_POINT('',(-37.73401871576,-33.23401871576));
#11986 = CARTESIAN_POINT('',(-34.35901871576,-31.28546155725));
#11987 = CARTESIAN_POINT('',(-30.98401871576,-29.33690439873));
#11988 = CARTESIAN_POINT('',(-30.98401871576,-33.23401871576));
#11989 = ( GEOMETRIC_REPRESENTATION_CONTEXT(2) 
PARAMETRIC_REPRESENTATION_CONTEXT() REPRESENTATION_CONTEXT('2D SPACE',''
  ) );
#11990 = PCURVE('',#11991,#11996);
#11991 = CYLINDRICAL_SURFACE('',#11992,2.25);
#11992 = AXIS2_PLACEMENT_3D('',#11993,#11994,#11995);
#11993 = CARTESIAN_POINT('',(-33.23401871576,-33.23401871576,100.));
#11994 = DIRECTION('',(-0.,-0.,-1.));
#11995 = DIRECTION('',(1.,0.,0.));
#11996 = DEFINITIONAL_REPRESENTATION('',(#11997),#12001);
#11997 = LINE('',#11998,#11999);
#11998 = CARTESIAN_POINT('',(-6.28318530718,-1.));
#11999 = VECTOR('',#12000,1.);
#12000 = DIRECTION('',(1.,-0.));
#12001 = ( GEOMETRIC_REPRESENTATION_CONTEXT(2) 
PARAMETRIC_REPRESENTATION_CONTEXT() REPRESENTATION_CONTEXT('2D SPACE',''
  ) );
#12002 = FACE_BOUND('',#12003,.F.);
#12003 = EDGE_LOOP('',(#12004));
#12004 = ORIENTED_EDGE('',*,*,#12005,.T.);
#12005 = EDGE_CURVE('',#12006,#12006,#12008,.T.);
#12006 = VERTEX_POINT('',#12007);
#12007 = CARTESIAN_POINT('',(35.484018715768,-33.23401871576,101.));
#12008 = SURFACE_CURVE('',#12009,(#12014,#12025),.PCURVE_S1.);
#12009 = CIRCLE('',#12010,2.25);
#12010 = AXIS2_PLACEMENT_3D('',#12011,#12012,#12013);
#12011 = CARTESIAN_POINT('',(33.234018715768,-33.23401871576,101.));
#12012 = DIRECTION('',(0.,0.,-1.));
#12013 = DIRECTION('',(1.,0.,0.));
#12014 = PCURVE('',#11670,#12015);
#12015 = DEFINITIONAL_REPRESENTATION('',(#12016),#12024);
#12016 = ( BOUNDED_CURVE() B_SPLINE_CURVE(2,(#12017,#12018,#12019,#12020
    ,#12021,#12022,#12023),.UNSPECIFIED.,.T.,.F.) 
B_SPLINE_CURVE_WITH_KNOTS((1,2,2,2,2,1),(-2.094395102393,0.,
    2.094395102393,4.188790204786,6.28318530718,8.377580409573),
.UNSPECIFIED.) CURVE() GEOMETRIC_REPRESENTATION_ITEM() 
RATIONAL_B_SPLINE_CURVE((1.,0.5,1.,0.5,1.,0.5,1.)) REPRESENTATION_ITEM(
  '') );
#12017 = CARTESIAN_POINT('',(35.484018715768,-33.23401871576));
#12018 = CARTESIAN_POINT('',(35.484018715768,-37.13113303279));
#12019 = CARTESIAN_POINT('',(32.109018715768,-35.18257587428));
#12020 = CARTESIAN_POINT('',(28.734018715768,-33.23401871576));
#12021 = CARTESIAN_POINT('',(32.109018715768,-31.28546155725));
#12022 = CARTESIAN_POINT('',(35.484018715768,-29.33690439873));
#12023 = CARTESIAN_POINT('',(35.484018715768,-33.23401871576));
#12024 = ( GEOMETRIC_REPRESENTATION_CONTEXT(2) 
PARAMETRIC_REPRESENTATION_CONTEXT() REPRESENTATION_CONTEXT('2D SPACE',''
  ) );
#12025 = PCURVE('',#12026,#12031);
#12026 = CYLINDRICAL_SURFACE('',#12027,2.25);
#12027 = AXIS2_PLACEMENT_3D('',#12028,#12029,#12030);
#12028 = CARTESIAN_POINT('',(33.234018715768,-33.23401871576,100.));
#12029 = DIRECTION('',(-0.,-0.,-1.));
#12030 = DIRECTION('',(1.,0.,0.));
#12031 = DEFINITIONAL_REPRESENTATION('',(#12032),#12036);
#12032 = LINE('',#12033,#12034);
#12033 = CARTESIAN_POINT('',(-6.28318530718,-1.));
#12034 = VECTOR('',#12035,1.);
#12035 = DIRECTION('',(1.,-0.));
#12036 = ( GEOMETRIC_REPRESENTATION_CONTEXT(2) 
PARAMETRIC_REPRESENTATION_CONTEXT() REPRESENTATION_CONTEXT('2D SPACE',''
  ) );
#12037 = FACE_BOUND('',#12038,.F.);
#12038 = EDGE_LOOP('',(#12039));
#12039 = ORIENTED_EDGE('',*,*,#12040,.T.);
#12040 = EDGE_CURVE('',#12041,#12041,#12043,.T.);
#12041 = VERTEX_POINT('',#12042);
#12042 = CARTESIAN_POINT('',(-19.85,0.,101.));
#12043 = SURFACE_CURVE('',#12044,(#12049,#12060),.PCURVE_S1.);
#12044 = CIRCLE('',#12045,2.15);
#12045 = AXIS2_PLACEMENT_3D('',#12046,#12047,#12048);
#12046 = CARTESIAN_POINT('',(-22.,0.,101.));
#12047 = DIRECTION('',(0.,0.,-1.));
#12048 = DIRECTION('',(1.,0.,0.));
#12049 = PCURVE('',#11670,#12050);
#12050 = DEFINITIONAL_REPRESENTATION('',(#12051),#12059);
#12051 = ( BOUNDED_CURVE() B_SPLINE_CURVE(2,(#12052,#12053,#12054,#12055
    ,#12056,#12057,#12058),.UNSPECIFIED.,.T.,.F.) 
B_SPLINE_CURVE_WITH_KNOTS((1,2,2,2,2,1),(-2.094395102393,0.,
    2.094395102393,4.188790204786,6.28318530718,8.377580409573),
.UNSPECIFIED.) CURVE() GEOMETRIC_REPRESENTATION_ITEM() 
RATIONAL_B_SPLINE_CURVE((1.,0.5,1.,0.5,1.,0.5,1.)) REPRESENTATION_ITEM(
  '') );
#12052 = CARTESIAN_POINT('',(-19.85,-2.315192385526E-15));
#12053 = CARTESIAN_POINT('',(-19.85,-3.723909236273));
#12054 = CARTESIAN_POINT('',(-23.075,-1.861954618137));
#12055 = CARTESIAN_POINT('',(-26.3,-2.841790509159E-15));
#12056 = CARTESIAN_POINT('',(-23.075,1.861954618137));
#12057 = CARTESIAN_POINT('',(-19.85,3.723909236273));
#12058 = CARTESIAN_POINT('',(-19.85,-2.315192385526E-15));
#12059 = ( GEOMETRIC_REPRESENTATION_CONTEXT(2) 
PARAMETRIC_REPRESENTATION_CONTEXT() REPRESENTATION_CONTEXT('2D SPACE',''
  ) );
#12060 = PCURVE('',#12061,#12066);
#12061 = CYLINDRICAL_SURFACE('',#12062,2.15);
#12062 = AXIS2_PLACEMENT_3D('',#12063,#12064,#12065);
#12063 = CARTESIAN_POINT('',(-22.,0.,100.));
#12064 = DIRECTION('',(-0.,-0.,-1.));
#12065 = DIRECTION('',(1.,0.,0.));
#12066 = DEFINITIONAL_REPRESENTATION('',(#12067),#12071);
#12067 = LINE('',#12068,#12069);
#12068 = CARTESIAN_POINT('',(-6.28318530718,-1.));
#12069 = VECTOR('',#12070,1.);
#12070 = DIRECTION('',(1.,-0.));
#12071 = ( GEOMETRIC_REPRESENTATION_CONTEXT(2) 
PARAMETRIC_REPRESENTATION_CONTEXT() REPRESENTATION_CONTEXT('2D SPACE',''
  ) );
#12072 = FACE_BOUND('',#12073,.F.);
#12073 = EDGE_LOOP('',(#12074));
#12074 = ORIENTED_EDGE('',*,*,#12075,.T.);
#12075 = EDGE_CURVE('',#12076,#12076,#12078,.T.);
#12076 = VERTEX_POINT('',#12077);
#12077 = CARTESIAN_POINT('',(-30.98401871576,33.234018715768,101.));
#12078 = SURFACE_CURVE('',#12079,(#12084,#12095),.PCURVE_S1.);
#12079 = CIRCLE('',#12080,2.25);
#12080 = AXIS2_PLACEMENT_3D('',#12081,#12082,#12083);
#12081 = CARTESIAN_POINT('',(-33.23401871576,33.234018715768,101.));
#12082 = DIRECTION('',(0.,0.,-1.));
#12083 = DIRECTION('',(1.,0.,0.));
#12084 = PCURVE('',#11670,#12085);
#12085 = DEFINITIONAL_REPRESENTATION('',(#12086),#12094);
#12086 = ( BOUNDED_CURVE() B_SPLINE_CURVE(2,(#12087,#12088,#12089,#12090
    ,#12091,#12092,#12093),.UNSPECIFIED.,.T.,.F.) 
B_SPLINE_CURVE_WITH_KNOTS((1,2,2,2,2,1),(-2.094395102393,0.,
    2.094395102393,4.188790204786,6.28318530718,8.377580409573),
.UNSPECIFIED.) CURVE() GEOMETRIC_REPRESENTATION_ITEM() 
RATIONAL_B_SPLINE_CURVE((1.,0.5,1.,0.5,1.,0.5,1.)) REPRESENTATION_ITEM(
  '') );
#12087 = CARTESIAN_POINT('',(-30.98401871576,33.234018715768));
#12088 = CARTESIAN_POINT('',(-30.98401871576,29.336904398738));
#12089 = CARTESIAN_POINT('',(-34.35901871576,31.285461557253));
#12090 = CARTESIAN_POINT('',(-37.73401871576,33.234018715768));
#12091 = CARTESIAN_POINT('',(-34.35901871576,35.182575874283));
#12092 = CARTESIAN_POINT('',(-30.98401871576,37.131133032798));
#12093 = CARTESIAN_POINT('',(-30.98401871576,33.234018715768));
#12094 = ( GEOMETRIC_REPRESENTATION_CONTEXT(2) 
PARAMETRIC_REPRESENTATION_CONTEXT() REPRESENTATION_CONTEXT('2D SPACE',''
  ) );
#12095 = PCURVE('',#12096,#12101);
#12096 = CYLINDRICAL_SURFACE('',#12097,2.25);
#12097 = AXIS2_PLACEMENT_3D('',#12098,#12099,#12100);
#12098 = CARTESIAN_POINT('',(-33.23401871576,33.234018715768,100.));
#12099 = DIRECTION('',(-0.,-0.,-1.));
#12100 = DIRECTION('',(1.,0.,0.));
#12101 = DEFINITIONAL_REPRESENTATION('',(#12102),#12106);
#12102 = LINE('',#12103,#12104);
#12103 = CARTESIAN_POINT('',(-6.28318530718,-1.));
#12104 = VECTOR('',#12105,1.);
#12105 = DIRECTION('',(1.,-0.));
#12106 = ( GEOMETRIC_REPRESENTATION_CONTEXT(2) 
PARAMETRIC_REPRESENTATION_CONTEXT() REPRESENTATION_CONTEXT('2D SPACE',''
  ) );
#12107 = FACE_BOUND('',#12108,.F.);
#12108 = EDGE_LOOP('',(#12109));
#12109 = ORIENTED_EDGE('',*,*,#12110,.T.);
#12110 = EDGE_CURVE('',#12111,#12111,#12113,.T.);
#12111 = VERTEX_POINT('',#12112);
#12112 = CARTESIAN_POINT('',(13.,0.,101.));
#12113 = SURFACE_CURVE('',#12114,(#12119,#12130),.PCURVE_S1.);
#12114 = CIRCLE('',#12115,13.);
#12115 = AXIS2_PLACEMENT_3D('',#12116,#12117,#12118);
#12116 = CARTESIAN_POINT('',(0.,0.,101.));
#12117 = DIRECTION('',(0.,0.,-1.));
#12118 = DIRECTION('',(1.,0.,0.));
#12119 = PCURVE('',#11670,#12120);
#12120 = DEFINITIONAL_REPRESENTATION('',(#12121),#12129);
#12121 = ( BOUNDED_CURVE() B_SPLINE_CURVE(2,(#12122,#12123,#12124,#12125
    ,#12126,#12127,#12128),.UNSPECIFIED.,.T.,.F.) 
B_SPLINE_CURVE_WITH_KNOTS((1,2,2,2,2,1),(-2.094395102393,0.,
    2.094395102393,4.188790204786,6.28318530718,8.377580409573),
.UNSPECIFIED.) CURVE() GEOMETRIC_REPRESENTATION_ITEM() 
RATIONAL_B_SPLINE_CURVE((1.,0.5,1.,0.5,1.,0.5,1.)) REPRESENTATION_ITEM(
  '') );
#12122 = CARTESIAN_POINT('',(13.,-2.315192385526E-15));
#12123 = CARTESIAN_POINT('',(13.,-22.51666049839));
#12124 = CARTESIAN_POINT('',(-6.5,-11.25833024919));
#12125 = CARTESIAN_POINT('',(-26.,-5.499274063309E-15));
#12126 = CARTESIAN_POINT('',(-6.5,11.258330249198));
#12127 = CARTESIAN_POINT('',(13.,22.516660498395));
#12128 = CARTESIAN_POINT('',(13.,-2.315192385526E-15));
#12129 = ( GEOMETRIC_REPRESENTATION_CONTEXT(2) 
PARAMETRIC_REPRESENTATION_CONTEXT() REPRESENTATION_CONTEXT('2D SPACE',''
  ) );
#12130 = PCURVE('',#12131,#12136);
#12131 = CYLINDRICAL_SURFACE('',#12132,13.);
#12132 = AXIS2_PLACEMENT_3D('',#12133,#12134,#12135);
#12133 = CARTESIAN_POINT('',(0.,0.,100.));
#12134 = DIRECTION('',(-0.,-0.,-1.));
#12135 = DIRECTION('',(1.,0.,0.));
#12136 = DEFINITIONAL_REPRESENTATION('',(#12137),#12141);
#12137 = LINE('',#12138,#12139);
#12138 = CARTESIAN_POINT('',(-6.28318530718,-1.));
#12139 = VECTOR('',#12140,1.);
#12140 = DIRECTION('',(1.,-0.));
#12141 = ( GEOMETRIC_REPRESENTATION_CONTEXT(2) 
PARAMETRIC_REPRESENTATION_CONTEXT() REPRESENTATION_CONTEXT('2D SPACE',''
  ) );
#12142 = FACE_BOUND('',#12143,.F.);
#12143 = EDGE_LOOP('',(#12144));
#12144 = ORIENTED_EDGE('',*,*,#12145,.T.);
#12145 = EDGE_CURVE('',#12146,#12146,#12148,.T.);
#12146 = VERTEX_POINT('',#12147);
#12147 = CARTESIAN_POINT('',(24.15,0.,101.));
#12148 = SURFACE_CURVE('',#12149,(#12154,#12165),.PCURVE_S1.);
#12149 = CIRCLE('',#12150,2.15);
#12150 = AXIS2_PLACEMENT_3D('',#12151,#12152,#12153);
#12151 = CARTESIAN_POINT('',(22.,0.,101.));
#12152 = DIRECTION('',(0.,0.,-1.));
#12153 = DIRECTION('',(1.,0.,0.));
#12154 = PCURVE('',#11670,#12155);
#12155 = DEFINITIONAL_REPRESENTATION('',(#12156),#12164);
#12156 = ( BOUNDED_CURVE() B_SPLINE_CURVE(2,(#12157,#12158,#12159,#12160
    ,#12161,#12162,#12163),.UNSPECIFIED.,.T.,.F.) 
B_SPLINE_CURVE_WITH_KNOTS((1,2,2,2,2,1),(-2.094395102393,0.,
    2.094395102393,4.188790204786,6.28318530718,8.377580409573),
.UNSPECIFIED.) CURVE() GEOMETRIC_REPRESENTATION_ITEM() 
RATIONAL_B_SPLINE_CURVE((1.,0.5,1.,0.5,1.,0.5,1.)) REPRESENTATION_ITEM(
  '') );
#12157 = CARTESIAN_POINT('',(24.15,-2.315192385526E-15));
#12158 = CARTESIAN_POINT('',(24.15,-3.723909236273));
#12159 = CARTESIAN_POINT('',(20.925,-1.861954618137));
#12160 = CARTESIAN_POINT('',(17.7,-2.841790509159E-15));
#12161 = CARTESIAN_POINT('',(20.925,1.861954618137));
#12162 = CARTESIAN_POINT('',(24.15,3.723909236273));
#12163 = CARTESIAN_POINT('',(24.15,-2.315192385526E-15));
#12164 = ( GEOMETRIC_REPRESENTATION_CONTEXT(2) 
PARAMETRIC_REPRESENTATION_CONTEXT() REPRESENTATION_CONTEXT('2D SPACE',''
  ) );
#12165 = PCURVE('',#12166,#12171);
#12166 = CYLINDRICAL_SURFACE('',#12167,2.15);
#12167 = AXIS2_PLACEMENT_3D('',#12168,#12169,#12170);
#12168 = CARTESIAN_POINT('',(22.,0.,100.));
#12169 = DIRECTION('',(-0.,-0.,-1.));
#12170 = DIRECTION('',(1.,0.,0.));
#12171 = DEFINITIONAL_REPRESENTATION('',(#12172),#12176);
#12172 = LINE('',#12173,#12174);
#12173 = CARTESIAN_POINT('',(-6.28318530718,-1.));
#12174 = VECTOR('',#12175,1.);
#12175 = DIRECTION('',(1.,-0.));
#12176 = ( GEOMETRIC_REPRESENTATION_CONTEXT(2) 
PARAMETRIC_REPRESENTATION_CONTEXT() REPRESENTATION_CONTEXT('2D SPACE',''
  ) );
#12177 = FACE_BOUND('',#12178,.F.);
#12178 = EDGE_LOOP('',(#12179));
#12179 = ORIENTED_EDGE('',*,*,#12180,.T.);
#12180 = EDGE_CURVE('',#12181,#12181,#12183,.T.);
#12181 = VERTEX_POINT('',#12182);
#12182 = CARTESIAN_POINT('',(35.484018715768,33.234018715768,101.));
#12183 = SURFACE_CURVE('',#12184,(#12189,#12200),.PCURVE_S1.);
#12184 = CIRCLE('',#12185,2.25);
#12185 = AXIS2_PLACEMENT_3D('',#12186,#12187,#12188);
#12186 = CARTESIAN_POINT('',(33.234018715768,33.234018715768,101.));
#12187 = DIRECTION('',(0.,0.,-1.));
#12188 = DIRECTION('',(1.,0.,0.));
#12189 = PCURVE('',#11670,#12190);
#12190 = DEFINITIONAL_REPRESENTATION('',(#12191),#12199);
#12191 = ( BOUNDED_CURVE() B_SPLINE_CURVE(2,(#12192,#12193,#12194,#12195
    ,#12196,#12197,#12198),.UNSPECIFIED.,.T.,.F.) 
B_SPLINE_CURVE_WITH_KNOTS((1,2,2,2,2,1),(-2.094395102393,0.,
    2.094395102393,4.188790204786,6.28318530718,8.377580409573),
.UNSPECIFIED.) CURVE() GEOMETRIC_REPRESENTATION_ITEM() 
RATIONAL_B_SPLINE_CURVE((1.,0.5,1.,0.5,1.,0.5,1.)) REPRESENTATION_ITEM(
  '') );
#12192 = CARTESIAN_POINT('',(35.484018715768,33.234018715768));
#12193 = CARTESIAN_POINT('',(35.484018715768,29.336904398738));
#12194 = CARTESIAN_POINT('',(32.109018715768,31.285461557253));
#12195 = CARTESIAN_POINT('',(28.734018715768,33.234018715768));
#12196 = CARTESIAN_POINT('',(32.109018715768,35.182575874283));
#12197 = CARTESIAN_POINT('',(35.484018715768,37.131133032798));
#12198 = CARTESIAN_POINT('',(35.484018715768,33.234018715768));
#12199 = ( GEOMETRIC_REPRESENTATION_CONTEXT(2) 
PARAMETRIC_REPRESENTATION_CONTEXT() REPRESENTATION_CONTEXT('2D SPACE',''
  ) );
#12200 = PCURVE('',#12201,#12206);
#12201 = CYLINDRICAL_SURFACE('',#12202,2.25);
#12202 = AXIS2_PLACEMENT_3D('',#12203,#12204,#12205);
#12203 = CARTESIAN_POINT('',(33.234018715768,33.234018715768,100.));
#12204 = DIRECTION('',(-0.,-0.,-1.));
#12205 = DIRECTION('',(1.,0.,0.));
#12206 = DEFINITIONAL_REPRESENTATION('',(#12207),#12211);
#12207 = LINE('',#12208,#12209);
#12208 = CARTESIAN_POINT('',(-6.28318530718,-1.));
#12209 = VECTOR('',#12210,1.);
#12210 = DIRECTION('',(1.,-0.));
#12211 = ( GEOMETRIC_REPRESENTATION_CONTEXT(2) 
PARAMETRIC_REPRESENTATION_CONTEXT() REPRESENTATION_CONTEXT('2D SPACE',''
  ) );
#12212 = ADVANCED_FACE('',(#12213),#11754,.T.);
#12213 = FACE_BOUND('',#12214,.F.);
#12214 = EDGE_LOOP('',(#12215,#12216,#12217,#12241));
#12215 = ORIENTED_EDGE('',*,*,#11797,.F.);
#12216 = ORIENTED_EDGE('',*,*,#11741,.F.);
#12217 = ORIENTED_EDGE('',*,*,#12218,.T.);
#12218 = EDGE_CURVE('',#11709,#12219,#12221,.T.);
#12219 = VERTEX_POINT('',#12220);
#12220 = CARTESIAN_POINT('',(-34.03473792239,26.279966030308,104.));
#12221 = SURFACE_CURVE('',#12222,(#12227,#12234),.PCURVE_S1.);
#12222 = CIRCLE('',#12223,7.);
#12223 = AXIS2_PLACEMENT_3D('',#12224,#12225,#12226);
#12224 = CARTESIAN_POINT('',(-33.23401871576,33.234018715768,104.));
#12225 = DIRECTION('',(0.,0.,1.));
#12226 = DIRECTION('',(1.,0.,0.));
#12227 = PCURVE('',#11754,#12228);
#12228 = DEFINITIONAL_REPRESENTATION('',(#12229),#12233);
#12229 = LINE('',#12230,#12231);
#12230 = CARTESIAN_POINT('',(-0.,-3.));
#12231 = VECTOR('',#12232,1.);
#12232 = DIRECTION('',(-1.,0.));
#12233 = ( GEOMETRIC_REPRESENTATION_CONTEXT(2) 
PARAMETRIC_REPRESENTATION_CONTEXT() REPRESENTATION_CONTEXT('2D SPACE',''
  ) );
#12234 = PCURVE('',#11725,#12235);
#12235 = DEFINITIONAL_REPRESENTATION('',(#12236),#12240);
#12236 = CIRCLE('',#12237,7.);
#12237 = AXIS2_PLACEMENT_2D('',#12238,#12239);
#12238 = CARTESIAN_POINT('',(-33.23401871576,33.234018715768));
#12239 = DIRECTION('',(1.,0.));
#12240 = ( GEOMETRIC_REPRESENTATION_CONTEXT(2) 
PARAMETRIC_REPRESENTATION_CONTEXT() REPRESENTATION_CONTEXT('2D SPACE',''
  ) );
#12241 = ORIENTED_EDGE('',*,*,#12242,.T.);
#12242 = EDGE_CURVE('',#12219,#11798,#12243,.T.);
#12243 = SURFACE_CURVE('',#12244,(#12248,#12254),.PCURVE_S1.);
#12244 = LINE('',#12245,#12246);
#12245 = CARTESIAN_POINT('',(-34.03473792239,26.279966030308,101.));
#12246 = VECTOR('',#12247,1.);
#12247 = DIRECTION('',(-0.,-0.,-1.));
#12248 = PCURVE('',#11754,#12249);
#12249 = DEFINITIONAL_REPRESENTATION('',(#12250),#12253);
#12250 = B_SPLINE_CURVE_WITH_KNOTS('',1,(#12251,#12252),.UNSPECIFIED.,
  .F.,.F.,(2,2),(-3.0000006,6.000000070117E-07),
  .PIECEWISE_BEZIER_KNOTS.);
#12251 = CARTESIAN_POINT('',(-4.597749585108,-3.0000006));
#12252 = CARTESIAN_POINT('',(-4.597749585108,6.000000070117E-07));
#12253 = ( GEOMETRIC_REPRESENTATION_CONTEXT(2) 
PARAMETRIC_REPRESENTATION_CONTEXT() REPRESENTATION_CONTEXT('2D SPACE',''
  ) );
#12254 = PCURVE('',#11838,#12255);
#12255 = DEFINITIONAL_REPRESENTATION('',(#12256),#12259);
#12256 = B_SPLINE_CURVE_WITH_KNOTS('',1,(#12257,#12258),.UNSPECIFIED.,
  .F.,.F.,(2,2),(-3.0000006,6.000000070117E-07),
  .PIECEWISE_BEZIER_KNOTS.);
#12257 = CARTESIAN_POINT('',(-2.484064804126,-3.0000006));
#12258 = CARTESIAN_POINT('',(-2.484064804126,6.000000070117E-07));
#12259 = ( GEOMETRIC_REPRESENTATION_CONTEXT(2) 
PARAMETRIC_REPRESENTATION_CONTEXT() REPRESENTATION_CONTEXT('2D SPACE',''
  ) );
#12260 = ADVANCED_FACE('',(#12261,#12423,#12453,#12483,#12513,#12543,
    #12573,#12603),#11725,.T.);
#12261 = FACE_BOUND('',#12262,.T.);
#12262 = EDGE_LOOP('',(#12263,#12293,#12319,#12320,#12321,#12349,#12373,
    #12401));
#12263 = ORIENTED_EDGE('',*,*,#12264,.F.);
#12264 = EDGE_CURVE('',#12265,#12267,#12269,.T.);
#12265 = VERTEX_POINT('',#12266);
#12266 = CARTESIAN_POINT('',(34.034737922391,26.279966030308,104.));
#12267 = VERTEX_POINT('',#12268);
#12268 = CARTESIAN_POINT('',(34.034737922391,-26.2799660303,104.));
#12269 = SURFACE_CURVE('',#12270,(#12275,#12286),.PCURVE_S1.);
#12270 = CIRCLE('',#12271,43.);
#12271 = AXIS2_PLACEMENT_3D('',#12272,#12273,#12274);
#12272 = CARTESIAN_POINT('',(0.,0.,104.));
#12273 = DIRECTION('',(0.,0.,-1.));
#12274 = DIRECTION('',(0.791505533079,0.611162000705,0.));
#12275 = PCURVE('',#11725,#12276);
#12276 = DEFINITIONAL_REPRESENTATION('',(#12277),#12285);
#12277 = ( BOUNDED_CURVE() B_SPLINE_CURVE(2,(#12278,#12279,#12280,#12281
    ,#12282,#12283,#12284),.UNSPECIFIED.,.T.,.F.) 
B_SPLINE_CURVE_WITH_KNOTS((1,2,2,2,2,1),(-2.094395102393,0.,
    2.094395102393,4.188790204786,6.28318530718,8.377580409573),
.UNSPECIFIED.) CURVE() GEOMETRIC_REPRESENTATION_ITEM() 
RATIONAL_B_SPLINE_CURVE((1.,0.5,1.,0.5,1.,0.5,1.)) REPRESENTATION_ITEM(
  '') );
#12278 = CARTESIAN_POINT('',(34.034737922391,26.279966030308));
#12279 = CARTESIAN_POINT('',(79.552974308069,-32.66992927356));
#12280 = CARTESIAN_POINT('',(5.741749231644,-42.61493066709));
#12281 = CARTESIAN_POINT('',(-68.06947584478,-52.55993206061));
#12282 = CARTESIAN_POINT('',(-39.77648715403,16.334964636782));
#12283 = CARTESIAN_POINT('',(-11.48349846328,85.229861334181));
#12284 = CARTESIAN_POINT('',(34.034737922391,26.279966030308));
#12285 = ( GEOMETRIC_REPRESENTATION_CONTEXT(2) 
PARAMETRIC_REPRESENTATION_CONTEXT() REPRESENTATION_CONTEXT('2D SPACE',''
  ) );
#12286 = PCURVE('',#11956,#12287);
#12287 = DEFINITIONAL_REPRESENTATION('',(#12288),#12292);
#12288 = LINE('',#12289,#12290);
#12289 = CARTESIAN_POINT('',(-6.940713156644,-3.));
#12290 = VECTOR('',#12291,1.);
#12291 = DIRECTION('',(1.,-0.));
#12292 = ( GEOMETRIC_REPRESENTATION_CONTEXT(2) 
PARAMETRIC_REPRESENTATION_CONTEXT() REPRESENTATION_CONTEXT('2D SPACE',''
  ) );
#12293 = ORIENTED_EDGE('',*,*,#12294,.F.);
#12294 = EDGE_CURVE('',#11683,#12265,#12295,.T.);
#12295 = SURFACE_CURVE('',#12296,(#12301,#12312),.PCURVE_S1.);
#12296 = CIRCLE('',#12297,7.);
#12297 = AXIS2_PLACEMENT_3D('',#12298,#12299,#12300);
#12298 = CARTESIAN_POINT('',(33.234018715768,33.234018715768,104.));
#12299 = DIRECTION('',(0.,0.,-1.));
#12300 = DIRECTION('',(-0.993436097923,0.114388458089,0.));
#12301 = PCURVE('',#11725,#12302);
#12302 = DEFINITIONAL_REPRESENTATION('',(#12303),#12311);
#12303 = ( BOUNDED_CURVE() B_SPLINE_CURVE(2,(#12304,#12305,#12306,#12307
    ,#12308,#12309,#12310),.UNSPECIFIED.,.T.,.F.) 
B_SPLINE_CURVE_WITH_KNOTS((1,2,2,2,2,1),(-2.094395102393,0.,
    2.094395102393,4.188790204786,6.28318530718,8.377580409573),
.UNSPECIFIED.) CURVE() GEOMETRIC_REPRESENTATION_ITEM() 
RATIONAL_B_SPLINE_CURVE((1.,0.5,1.,0.5,1.,0.5,1.)) REPRESENTATION_ITEM(
  '') );
#12304 = CARTESIAN_POINT('',(26.279966030308,34.034737922391));
#12305 = CARTESIAN_POINT('',(27.666852378777,46.079510492118));
#12306 = CARTESIAN_POINT('',(37.404488232732,38.856045397319));
#12307 = CARTESIAN_POINT('',(47.142124086686,31.63258030252));
#12308 = CARTESIAN_POINT('',(36.017601884263,26.811272827593));
#12309 = CARTESIAN_POINT('',(24.89307968184,21.989965352665));
#12310 = CARTESIAN_POINT('',(26.279966030308,34.034737922391));
#12311 = ( GEOMETRIC_REPRESENTATION_CONTEXT(2) 
PARAMETRIC_REPRESENTATION_CONTEXT() REPRESENTATION_CONTEXT('2D SPACE',''
  ) );
#12312 = PCURVE('',#11697,#12313);
#12313 = DEFINITIONAL_REPRESENTATION('',(#12314),#12318);
#12314 = LINE('',#12315,#12316);
#12315 = CARTESIAN_POINT('',(-9.310138565493,-3.));
#12316 = VECTOR('',#12317,1.);
#12317 = DIRECTION('',(1.,-0.));
#12318 = ( GEOMETRIC_REPRESENTATION_CONTEXT(2) 
PARAMETRIC_REPRESENTATION_CONTEXT() REPRESENTATION_CONTEXT('2D SPACE',''
  ) );
#12319 = ORIENTED_EDGE('',*,*,#11708,.F.);
#12320 = ORIENTED_EDGE('',*,*,#12218,.T.);
#12321 = ORIENTED_EDGE('',*,*,#12322,.F.);
#12322 = EDGE_CURVE('',#12323,#12219,#12325,.T.);
#12323 = VERTEX_POINT('',#12324);
#12324 = CARTESIAN_POINT('',(-34.03473792239,-26.2799660303,104.));
#12325 = SURFACE_CURVE('',#12326,(#12331,#12342),.PCURVE_S1.);
#12326 = CIRCLE('',#12327,43.);
#12327 = AXIS2_PLACEMENT_3D('',#12328,#12329,#12330);
#12328 = CARTESIAN_POINT('',(0.,0.,104.));
#12329 = DIRECTION('',(0.,0.,-1.));
#12330 = DIRECTION('',(0.791505533079,0.611162000705,0.));
#12331 = PCURVE('',#11725,#12332);
#12332 = DEFINITIONAL_REPRESENTATION('',(#12333),#12341);
#12333 = ( BOUNDED_CURVE() B_SPLINE_CURVE(2,(#12334,#12335,#12336,#12337
    ,#12338,#12339,#12340),.UNSPECIFIED.,.T.,.F.) 
B_SPLINE_CURVE_WITH_KNOTS((1,2,2,2,2,1),(-2.094395102393,0.,
    2.094395102393,4.188790204786,6.28318530718,8.377580409573),
.UNSPECIFIED.) CURVE() GEOMETRIC_REPRESENTATION_ITEM() 
RATIONAL_B_SPLINE_CURVE((1.,0.5,1.,0.5,1.,0.5,1.)) REPRESENTATION_ITEM(
  '') );
#12334 = CARTESIAN_POINT('',(34.034737922391,26.279966030308));
#12335 = CARTESIAN_POINT('',(79.552974308069,-32.66992927356));
#12336 = CARTESIAN_POINT('',(5.741749231644,-42.61493066709));
#12337 = CARTESIAN_POINT('',(-68.06947584478,-52.55993206061));
#12338 = CARTESIAN_POINT('',(-39.77648715403,16.334964636782));
#12339 = CARTESIAN_POINT('',(-11.48349846328,85.229861334181));
#12340 = CARTESIAN_POINT('',(34.034737922391,26.279966030308));
#12341 = ( GEOMETRIC_REPRESENTATION_CONTEXT(2) 
PARAMETRIC_REPRESENTATION_CONTEXT() REPRESENTATION_CONTEXT('2D SPACE',''
  ) );
#12342 = PCURVE('',#11838,#12343);
#12343 = DEFINITIONAL_REPRESENTATION('',(#12344),#12348);
#12344 = LINE('',#12345,#12346);
#12345 = CARTESIAN_POINT('',(-6.940713156644,-3.));
#12346 = VECTOR('',#12347,1.);
#12347 = DIRECTION('',(1.,-0.));
#12348 = ( GEOMETRIC_REPRESENTATION_CONTEXT(2) 
PARAMETRIC_REPRESENTATION_CONTEXT() REPRESENTATION_CONTEXT('2D SPACE',''
  ) );
#12349 = ORIENTED_EDGE('',*,*,#12350,.T.);
#12350 = EDGE_CURVE('',#12323,#12351,#12353,.T.);
#12351 = VERTEX_POINT('',#12352);
#12352 = CARTESIAN_POINT('',(-26.2799660303,-34.03473792239,104.));
#12353 = SURFACE_CURVE('',#12354,(#12359,#12366),.PCURVE_S1.);
#12354 = CIRCLE('',#12355,7.);
#12355 = AXIS2_PLACEMENT_3D('',#12356,#12357,#12358);
#12356 = CARTESIAN_POINT('',(-33.23401871576,-33.23401871576,104.));
#12357 = DIRECTION('',(0.,0.,1.));
#12358 = DIRECTION('',(1.,0.,0.));
#12359 = PCURVE('',#11725,#12360);
#12360 = DEFINITIONAL_REPRESENTATION('',(#12361),#12365);
#12361 = CIRCLE('',#12362,7.);
#12362 = AXIS2_PLACEMENT_2D('',#12363,#12364);
#12363 = CARTESIAN_POINT('',(-33.23401871576,-33.23401871576));
#12364 = DIRECTION('',(1.,0.));
#12365 = ( GEOMETRIC_REPRESENTATION_CONTEXT(2) 
PARAMETRIC_REPRESENTATION_CONTEXT() REPRESENTATION_CONTEXT('2D SPACE',''
  ) );
#12366 = PCURVE('',#11867,#12367);
#12367 = DEFINITIONAL_REPRESENTATION('',(#12368),#12372);
#12368 = LINE('',#12369,#12370);
#12369 = CARTESIAN_POINT('',(-0.,-3.));
#12370 = VECTOR('',#12371,1.);
#12371 = DIRECTION('',(-1.,0.));
#12372 = ( GEOMETRIC_REPRESENTATION_CONTEXT(2) 
PARAMETRIC_REPRESENTATION_CONTEXT() REPRESENTATION_CONTEXT('2D SPACE',''
  ) );
#12373 = ORIENTED_EDGE('',*,*,#12374,.F.);
#12374 = EDGE_CURVE('',#12375,#12351,#12377,.T.);
#12375 = VERTEX_POINT('',#12376);
#12376 = CARTESIAN_POINT('',(26.279966030308,-34.03473792239,104.));
#12377 = SURFACE_CURVE('',#12378,(#12383,#12394),.PCURVE_S1.);
#12378 = CIRCLE('',#12379,43.);
#12379 = AXIS2_PLACEMENT_3D('',#12380,#12381,#12382);
#12380 = CARTESIAN_POINT('',(0.,0.,104.));
#12381 = DIRECTION('',(0.,0.,-1.));
#12382 = DIRECTION('',(0.791505533079,0.611162000705,0.));
#12383 = PCURVE('',#11725,#12384);
#12384 = DEFINITIONAL_REPRESENTATION('',(#12385),#12393);
#12385 = ( BOUNDED_CURVE() B_SPLINE_CURVE(2,(#12386,#12387,#12388,#12389
    ,#12390,#12391,#12392),.UNSPECIFIED.,.T.,.F.) 
B_SPLINE_CURVE_WITH_KNOTS((1,2,2,2,2,1),(-2.094395102393,0.,
    2.094395102393,4.188790204786,6.28318530718,8.377580409573),
.UNSPECIFIED.) CURVE() GEOMETRIC_REPRESENTATION_ITEM() 
RATIONAL_B_SPLINE_CURVE((1.,0.5,1.,0.5,1.,0.5,1.)) REPRESENTATION_ITEM(
  '') );
#12386 = CARTESIAN_POINT('',(34.034737922391,26.279966030308));
#12387 = CARTESIAN_POINT('',(79.552974308069,-32.66992927356));
#12388 = CARTESIAN_POINT('',(5.741749231644,-42.61493066709));
#12389 = CARTESIAN_POINT('',(-68.06947584478,-52.55993206061));
#12390 = CARTESIAN_POINT('',(-39.77648715403,16.334964636782));
#12391 = CARTESIAN_POINT('',(-11.48349846328,85.229861334181));
#12392 = CARTESIAN_POINT('',(34.034737922391,26.279966030308));
#12393 = ( GEOMETRIC_REPRESENTATION_CONTEXT(2) 
PARAMETRIC_REPRESENTATION_CONTEXT() REPRESENTATION_CONTEXT('2D SPACE',''
  ) );
#12394 = PCURVE('',#11896,#12395);
#12395 = DEFINITIONAL_REPRESENTATION('',(#12396),#12400);
#12396 = LINE('',#12397,#12398);
#12397 = CARTESIAN_POINT('',(-6.940713156644,-3.));
#12398 = VECTOR('',#12399,1.);
#12399 = DIRECTION('',(1.,-0.));
#12400 = ( GEOMETRIC_REPRESENTATION_CONTEXT(2) 
PARAMETRIC_REPRESENTATION_CONTEXT() REPRESENTATION_CONTEXT('2D SPACE',''
  ) );
#12401 = ORIENTED_EDGE('',*,*,#12402,.T.);
#12402 = EDGE_CURVE('',#12375,#12267,#12403,.T.);
#12403 = SURFACE_CURVE('',#12404,(#12409,#12416),.PCURVE_S1.);
#12404 = CIRCLE('',#12405,7.);
#12405 = AXIS2_PLACEMENT_3D('',#12406,#12407,#12408);
#12406 = CARTESIAN_POINT('',(33.234018715768,-33.23401871576,104.));
#12407 = DIRECTION('',(0.,0.,1.));
#12408 = DIRECTION('',(-0.993436097923,-0.114388458089,0.));
#12409 = PCURVE('',#11725,#12410);
#12410 = DEFINITIONAL_REPRESENTATION('',(#12411),#12415);
#12411 = CIRCLE('',#12412,7.);
#12412 = AXIS2_PLACEMENT_2D('',#12413,#12414);
#12413 = CARTESIAN_POINT('',(33.234018715768,-33.23401871576));
#12414 = DIRECTION('',(-0.993436097923,-0.114388458089));
#12415 = ( GEOMETRIC_REPRESENTATION_CONTEXT(2) 
PARAMETRIC_REPRESENTATION_CONTEXT() REPRESENTATION_CONTEXT('2D SPACE',''
  ) );
#12416 = PCURVE('',#11929,#12417);
#12417 = DEFINITIONAL_REPRESENTATION('',(#12418),#12422);
#12418 = LINE('',#12419,#12420);
#12419 = CARTESIAN_POINT('',(-3.256232048866,-3.));
#12420 = VECTOR('',#12421,1.);
#12421 = DIRECTION('',(-1.,0.));
#12422 = ( GEOMETRIC_REPRESENTATION_CONTEXT(2) 
PARAMETRIC_REPRESENTATION_CONTEXT() REPRESENTATION_CONTEXT('2D SPACE',''
  ) );
#12423 = FACE_BOUND('',#12424,.T.);
#12424 = EDGE_LOOP('',(#12425));
#12425 = ORIENTED_EDGE('',*,*,#12426,.T.);
#12426 = EDGE_CURVE('',#12427,#12427,#12429,.T.);
#12427 = VERTEX_POINT('',#12428);
#12428 = CARTESIAN_POINT('',(-30.98401871576,-33.23401871576,104.));
#12429 = SURFACE_CURVE('',#12430,(#12435,#12446),.PCURVE_S1.);
#12430 = CIRCLE('',#12431,2.25);
#12431 = AXIS2_PLACEMENT_3D('',#12432,#12433,#12434);
#12432 = CARTESIAN_POINT('',(-33.23401871576,-33.23401871576,104.));
#12433 = DIRECTION('',(0.,0.,-1.));
#12434 = DIRECTION('',(1.,0.,0.));
#12435 = PCURVE('',#11725,#12436);
#12436 = DEFINITIONAL_REPRESENTATION('',(#12437),#12445);
#12437 = ( BOUNDED_CURVE() B_SPLINE_CURVE(2,(#12438,#12439,#12440,#12441
    ,#12442,#12443,#12444),.UNSPECIFIED.,.T.,.F.) 
B_SPLINE_CURVE_WITH_KNOTS((1,2,2,2,2,1),(-2.094395102393,0.,
    2.094395102393,4.188790204786,6.28318530718,8.377580409573),
.UNSPECIFIED.) CURVE() GEOMETRIC_REPRESENTATION_ITEM() 
RATIONAL_B_SPLINE_CURVE((1.,0.5,1.,0.5,1.,0.5,1.)) REPRESENTATION_ITEM(
  '') );
#12438 = CARTESIAN_POINT('',(-30.98401871576,-33.23401871576));
#12439 = CARTESIAN_POINT('',(-30.98401871576,-37.13113303279));
#12440 = CARTESIAN_POINT('',(-34.35901871576,-35.18257587428));
#12441 = CARTESIAN_POINT('',(-37.73401871576,-33.23401871576));
#12442 = CARTESIAN_POINT('',(-34.35901871576,-31.28546155725));
#12443 = CARTESIAN_POINT('',(-30.98401871576,-29.33690439873));
#12444 = CARTESIAN_POINT('',(-30.98401871576,-33.23401871576));
#12445 = ( GEOMETRIC_REPRESENTATION_CONTEXT(2) 
PARAMETRIC_REPRESENTATION_CONTEXT() REPRESENTATION_CONTEXT('2D SPACE',''
  ) );
#12446 = PCURVE('',#11991,#12447);
#12447 = DEFINITIONAL_REPRESENTATION('',(#12448),#12452);
#12448 = LINE('',#12449,#12450);
#12449 = CARTESIAN_POINT('',(-6.28318530718,-4.));
#12450 = VECTOR('',#12451,1.);
#12451 = DIRECTION('',(1.,-0.));
#12452 = ( GEOMETRIC_REPRESENTATION_CONTEXT(2) 
PARAMETRIC_REPRESENTATION_CONTEXT() REPRESENTATION_CONTEXT('2D SPACE',''
  ) );
#12453 = FACE_BOUND('',#12454,.T.);
#12454 = EDGE_LOOP('',(#12455));
#12455 = ORIENTED_EDGE('',*,*,#12456,.T.);
#12456 = EDGE_CURVE('',#12457,#12457,#12459,.T.);
#12457 = VERTEX_POINT('',#12458);
#12458 = CARTESIAN_POINT('',(35.484018715768,-33.23401871576,104.));
#12459 = SURFACE_CURVE('',#12460,(#12465,#12476),.PCURVE_S1.);
#12460 = CIRCLE('',#12461,2.25);
#12461 = AXIS2_PLACEMENT_3D('',#12462,#12463,#12464);
#12462 = CARTESIAN_POINT('',(33.234018715768,-33.23401871576,104.));
#12463 = DIRECTION('',(0.,0.,-1.));
#12464 = DIRECTION('',(1.,0.,0.));
#12465 = PCURVE('',#11725,#12466);
#12466 = DEFINITIONAL_REPRESENTATION('',(#12467),#12475);
#12467 = ( BOUNDED_CURVE() B_SPLINE_CURVE(2,(#12468,#12469,#12470,#12471
    ,#12472,#12473,#12474),.UNSPECIFIED.,.T.,.F.) 
B_SPLINE_CURVE_WITH_KNOTS((1,2,2,2,2,1),(-2.094395102393,0.,
    2.094395102393,4.188790204786,6.28318530718,8.377580409573),
.UNSPECIFIED.) CURVE() GEOMETRIC_REPRESENTATION_ITEM() 
RATIONAL_B_SPLINE_CURVE((1.,0.5,1.,0.5,1.,0.5,1.)) REPRESENTATION_ITEM(
  '') );
#12468 = CARTESIAN_POINT('',(35.484018715768,-33.23401871576));
#12469 = CARTESIAN_POINT('',(35.484018715768,-37.13113303279));
#12470 = CARTESIAN_POINT('',(32.109018715768,-35.18257587428));
#12471 = CARTESIAN_POINT('',(28.734018715768,-33.23401871576));
#12472 = CARTESIAN_POINT('',(32.109018715768,-31.28546155725));
#12473 = CARTESIAN_POINT('',(35.484018715768,-29.33690439873));
#12474 = CARTESIAN_POINT('',(35.484018715768,-33.23401871576));
#12475 = ( GEOMETRIC_REPRESENTATION_CONTEXT(2) 
PARAMETRIC_REPRESENTATION_CONTEXT() REPRESENTATION_CONTEXT('2D SPACE',''
  ) );
#12476 = PCURVE('',#12026,#12477);
#12477 = DEFINITIONAL_REPRESENTATION('',(#12478),#12482);
#12478 = LINE('',#12479,#12480);
#12479 = CARTESIAN_POINT('',(-6.28318530718,-4.));
#12480 = VECTOR('',#12481,1.);
#12481 = DIRECTION('',(1.,-0.));
#12482 = ( GEOMETRIC_REPRESENTATION_CONTEXT(2) 
PARAMETRIC_REPRESENTATION_CONTEXT() REPRESENTATION_CONTEXT('2D SPACE',''
  ) );
#12483 = FACE_BOUND('',#12484,.T.);
#12484 = EDGE_LOOP('',(#12485));
#12485 = ORIENTED_EDGE('',*,*,#12486,.T.);
#12486 = EDGE_CURVE('',#12487,#12487,#12489,.T.);
#12487 = VERTEX_POINT('',#12488);
#12488 = CARTESIAN_POINT('',(-19.85,0.,104.));
#12489 = SURFACE_CURVE('',#12490,(#12495,#12506),.PCURVE_S1.);
#12490 = CIRCLE('',#12491,2.15);
#12491 = AXIS2_PLACEMENT_3D('',#12492,#12493,#12494);
#12492 = CARTESIAN_POINT('',(-22.,0.,104.));
#12493 = DIRECTION('',(0.,0.,-1.));
#12494 = DIRECTION('',(1.,0.,0.));
#12495 = PCURVE('',#11725,#12496);
#12496 = DEFINITIONAL_REPRESENTATION('',(#12497),#12505);
#12497 = ( BOUNDED_CURVE() B_SPLINE_CURVE(2,(#12498,#12499,#12500,#12501
    ,#12502,#12503,#12504),.UNSPECIFIED.,.T.,.F.) 
B_SPLINE_CURVE_WITH_KNOTS((1,2,2,2,2,1),(-2.094395102393,0.,
    2.094395102393,4.188790204786,6.28318530718,8.377580409573),
.UNSPECIFIED.) CURVE() GEOMETRIC_REPRESENTATION_ITEM() 
RATIONAL_B_SPLINE_CURVE((1.,0.5,1.,0.5,1.,0.5,1.)) REPRESENTATION_ITEM(
  '') );
#12498 = CARTESIAN_POINT('',(-19.85,-2.315192385526E-15));
#12499 = CARTESIAN_POINT('',(-19.85,-3.723909236273));
#12500 = CARTESIAN_POINT('',(-23.075,-1.861954618137));
#12501 = CARTESIAN_POINT('',(-26.3,-2.841790509159E-15));
#12502 = CARTESIAN_POINT('',(-23.075,1.861954618137));
#12503 = CARTESIAN_POINT('',(-19.85,3.723909236273));
#12504 = CARTESIAN_POINT('',(-19.85,-2.315192385526E-15));
#12505 = ( GEOMETRIC_REPRESENTATION_CONTEXT(2) 
PARAMETRIC_REPRESENTATION_CONTEXT() REPRESENTATION_CONTEXT('2D SPACE',''
  ) );
#12506 = PCURVE('',#12061,#12507);
#12507 = DEFINITIONAL_REPRESENTATION('',(#12508),#12512);
#12508 = LINE('',#12509,#12510);
#12509 = CARTESIAN_POINT('',(-6.28318530718,-4.));
#12510 = VECTOR('',#12511,1.);
#12511 = DIRECTION('',(1.,-0.));
#12512 = ( GEOMETRIC_REPRESENTATION_CONTEXT(2) 
PARAMETRIC_REPRESENTATION_CONTEXT() REPRESENTATION_CONTEXT('2D SPACE',''
  ) );
#12513 = FACE_BOUND('',#12514,.T.);
#12514 = EDGE_LOOP('',(#12515));
#12515 = ORIENTED_EDGE('',*,*,#12516,.T.);
#12516 = EDGE_CURVE('',#12517,#12517,#12519,.T.);
#12517 = VERTEX_POINT('',#12518);
#12518 = CARTESIAN_POINT('',(-30.98401871576,33.234018715768,104.));
#12519 = SURFACE_CURVE('',#12520,(#12525,#12536),.PCURVE_S1.);
#12520 = CIRCLE('',#12521,2.25);
#12521 = AXIS2_PLACEMENT_3D('',#12522,#12523,#12524);
#12522 = CARTESIAN_POINT('',(-33.23401871576,33.234018715768,104.));
#12523 = DIRECTION('',(0.,0.,-1.));
#12524 = DIRECTION('',(1.,0.,0.));
#12525 = PCURVE('',#11725,#12526);
#12526 = DEFINITIONAL_REPRESENTATION('',(#12527),#12535);
#12527 = ( BOUNDED_CURVE() B_SPLINE_CURVE(2,(#12528,#12529,#12530,#12531
    ,#12532,#12533,#12534),.UNSPECIFIED.,.T.,.F.) 
B_SPLINE_CURVE_WITH_KNOTS((1,2,2,2,2,1),(-2.094395102393,0.,
    2.094395102393,4.188790204786,6.28318530718,8.377580409573),
.UNSPECIFIED.) CURVE() GEOMETRIC_REPRESENTATION_ITEM() 
RATIONAL_B_SPLINE_CURVE((1.,0.5,1.,0.5,1.,0.5,1.)) REPRESENTATION_ITEM(
  '') );
#12528 = CARTESIAN_POINT('',(-30.98401871576,33.234018715768));
#12529 = CARTESIAN_POINT('',(-30.98401871576,29.336904398738));
#12530 = CARTESIAN_POINT('',(-34.35901871576,31.285461557253));
#12531 = CARTESIAN_POINT('',(-37.73401871576,33.234018715768));
#12532 = CARTESIAN_POINT('',(-34.35901871576,35.182575874283));
#12533 = CARTESIAN_POINT('',(-30.98401871576,37.131133032798));
#12534 = CARTESIAN_POINT('',(-30.98401871576,33.234018715768));
#12535 = ( GEOMETRIC_REPRESENTATION_CONTEXT(2) 
PARAMETRIC_REPRESENTATION_CONTEXT() REPRESENTATION_CONTEXT('2D SPACE',''
  ) );
#12536 = PCURVE('',#12096,#12537);
#12537 = DEFINITIONAL_REPRESENTATION('',(#12538),#12542);
#12538 = LINE('',#12539,#12540);
#12539 = CARTESIAN_POINT('',(-6.28318530718,-4.));
#12540 = VECTOR('',#12541,1.);
#12541 = DIRECTION('',(1.,-0.));
#12542 = ( GEOMETRIC_REPRESENTATION_CONTEXT(2) 
PARAMETRIC_REPRESENTATION_CONTEXT() REPRESENTATION_CONTEXT('2D SPACE',''
  ) );
#12543 = FACE_BOUND('',#12544,.T.);
#12544 = EDGE_LOOP('',(#12545));
#12545 = ORIENTED_EDGE('',*,*,#12546,.T.);
#12546 = EDGE_CURVE('',#12547,#12547,#12549,.T.);
#12547 = VERTEX_POINT('',#12548);
#12548 = CARTESIAN_POINT('',(13.,0.,104.));
#12549 = SURFACE_CURVE('',#12550,(#12555,#12566),.PCURVE_S1.);
#12550 = CIRCLE('',#12551,13.);
#12551 = AXIS2_PLACEMENT_3D('',#12552,#12553,#12554);
#12552 = CARTESIAN_POINT('',(0.,0.,104.));
#12553 = DIRECTION('',(0.,0.,-1.));
#12554 = DIRECTION('',(1.,0.,0.));
#12555 = PCURVE('',#11725,#12556);
#12556 = DEFINITIONAL_REPRESENTATION('',(#12557),#12565);
#12557 = ( BOUNDED_CURVE() B_SPLINE_CURVE(2,(#12558,#12559,#12560,#12561
    ,#12562,#12563,#12564),.UNSPECIFIED.,.T.,.F.) 
B_SPLINE_CURVE_WITH_KNOTS((1,2,2,2,2,1),(-2.094395102393,0.,
    2.094395102393,4.188790204786,6.28318530718,8.377580409573),
.UNSPECIFIED.) CURVE() GEOMETRIC_REPRESENTATION_ITEM() 
RATIONAL_B_SPLINE_CURVE((1.,0.5,1.,0.5,1.,0.5,1.)) REPRESENTATION_ITEM(
  '') );
#12558 = CARTESIAN_POINT('',(13.,-2.315192385526E-15));
#12559 = CARTESIAN_POINT('',(13.,-22.51666049839));
#12560 = CARTESIAN_POINT('',(-6.5,-11.25833024919));
#12561 = CARTESIAN_POINT('',(-26.,-5.499274063309E-15));
#12562 = CARTESIAN_POINT('',(-6.5,11.258330249198));
#12563 = CARTESIAN_POINT('',(13.,22.516660498395));
#12564 = CARTESIAN_POINT('',(13.,-2.315192385526E-15));
#12565 = ( GEOMETRIC_REPRESENTATION_CONTEXT(2) 
PARAMETRIC_REPRESENTATION_CONTEXT() REPRESENTATION_CONTEXT('2D SPACE',''
  ) );
#12566 = PCURVE('',#12131,#12567);
#12567 = DEFINITIONAL_REPRESENTATION('',(#12568),#12572);
#12568 = LINE('',#12569,#12570);
#12569 = CARTESIAN_POINT('',(-6.28318530718,-4.));
#12570 = VECTOR('',#12571,1.);
#12571 = DIRECTION('',(1.,-0.));
#12572 = ( GEOMETRIC_REPRESENTATION_CONTEXT(2) 
PARAMETRIC_REPRESENTATION_CONTEXT() REPRESENTATION_CONTEXT('2D SPACE',''
  ) );
#12573 = FACE_BOUND('',#12574,.T.);
#12574 = EDGE_LOOP('',(#12575));
#12575 = ORIENTED_EDGE('',*,*,#12576,.T.);
#12576 = EDGE_CURVE('',#12577,#12577,#12579,.T.);
#12577 = VERTEX_POINT('',#12578);
#12578 = CARTESIAN_POINT('',(24.15,0.,104.));
#12579 = SURFACE_CURVE('',#12580,(#12585,#12596),.PCURVE_S1.);
#12580 = CIRCLE('',#12581,2.15);
#12581 = AXIS2_PLACEMENT_3D('',#12582,#12583,#12584);
#12582 = CARTESIAN_POINT('',(22.,0.,104.));
#12583 = DIRECTION('',(0.,0.,-1.));
#12584 = DIRECTION('',(1.,0.,0.));
#12585 = PCURVE('',#11725,#12586);
#12586 = DEFINITIONAL_REPRESENTATION('',(#12587),#12595);
#12587 = ( BOUNDED_CURVE() B_SPLINE_CURVE(2,(#12588,#12589,#12590,#12591
    ,#12592,#12593,#12594),.UNSPECIFIED.,.T.,.F.) 
B_SPLINE_CURVE_WITH_KNOTS((1,2,2,2,2,1),(-2.094395102393,0.,
    2.094395102393,4.188790204786,6.28318530718,8.377580409573),
.UNSPECIFIED.) CURVE() GEOMETRIC_REPRESENTATION_ITEM() 
RATIONAL_B_SPLINE_CURVE((1.,0.5,1.,0.5,1.,0.5,1.)) REPRESENTATION_ITEM(
  '') );
#12588 = CARTESIAN_POINT('',(24.15,-2.315192385526E-15));
#12589 = CARTESIAN_POINT('',(24.15,-3.723909236273));
#12590 = CARTESIAN_POINT('',(20.925,-1.861954618137));
#12591 = CARTESIAN_POINT('',(17.7,-2.841790509159E-15));
#12592 = CARTESIAN_POINT('',(20.925,1.861954618137));
#12593 = CARTESIAN_POINT('',(24.15,3.723909236273));
#12594 = CARTESIAN_POINT('',(24.15,-2.315192385526E-15));
#12595 = ( GEOMETRIC_REPRESENTATION_CONTEXT(2) 
PARAMETRIC_REPRESENTATION_CONTEXT() REPRESENTATION_CONTEXT('2D SPACE',''
  ) );
#12596 = PCURVE('',#12166,#12597);
#12597 = DEFINITIONAL_REPRESENTATION('',(#12598),#12602);
#12598 = LINE('',#12599,#12600);
#12599 = CARTESIAN_POINT('',(-6.28318530718,-4.));
#12600 = VECTOR('',#12601,1.);
#12601 = DIRECTION('',(1.,-0.));
#12602 = ( GEOMETRIC_REPRESENTATION_CONTEXT(2) 
PARAMETRIC_REPRESENTATION_CONTEXT() REPRESENTATION_CONTEXT('2D SPACE',''
  ) );
#12603 = FACE_BOUND('',#12604,.T.);
#12604 = EDGE_LOOP('',(#12605));
#12605 = ORIENTED_EDGE('',*,*,#12606,.T.);
#12606 = EDGE_CURVE('',#12607,#12607,#12609,.T.);
#12607 = VERTEX_POINT('',#12608);
#12608 = CARTESIAN_POINT('',(35.484018715768,33.234018715768,104.));
#12609 = SURFACE_CURVE('',#12610,(#12615,#12626),.PCURVE_S1.);
#12610 = CIRCLE('',#12611,2.25);
#12611 = AXIS2_PLACEMENT_3D('',#12612,#12613,#12614);
#12612 = CARTESIAN_POINT('',(33.234018715768,33.234018715768,104.));
#12613 = DIRECTION('',(0.,0.,-1.));
#12614 = DIRECTION('',(1.,0.,0.));
#12615 = PCURVE('',#11725,#12616);
#12616 = DEFINITIONAL_REPRESENTATION('',(#12617),#12625);
#12617 = ( BOUNDED_CURVE() B_SPLINE_CURVE(2,(#12618,#12619,#12620,#12621
    ,#12622,#12623,#12624),.UNSPECIFIED.,.T.,.F.) 
B_SPLINE_CURVE_WITH_KNOTS((1,2,2,2,2,1),(-2.094395102393,0.,
    2.094395102393,4.188790204786,6.28318530718,8.377580409573),
.UNSPECIFIED.) CURVE() GEOMETRIC_REPRESENTATION_ITEM() 
RATIONAL_B_SPLINE_CURVE((1.,0.5,1.,0.5,1.,0.5,1.)) REPRESENTATION_ITEM(
  '') );
#12618 = CARTESIAN_POINT('',(35.484018715768,33.234018715768));
#12619 = CARTESIAN_POINT('',(35.484018715768,29.336904398738));
#12620 = CARTESIAN_POINT('',(32.109018715768,31.285461557253));
#12621 = CARTESIAN_POINT('',(28.734018715768,33.234018715768));
#12622 = CARTESIAN_POINT('',(32.109018715768,35.182575874283));
#12623 = CARTESIAN_POINT('',(35.484018715768,37.131133032798));
#12624 = CARTESIAN_POINT('',(35.484018715768,33.234018715768));
#12625 = ( GEOMETRIC_REPRESENTATION_CONTEXT(2) 
PARAMETRIC_REPRESENTATION_CONTEXT() REPRESENTATION_CONTEXT('2D SPACE',''
  ) );
#12626 = PCURVE('',#12201,#12627);
#12627 = DEFINITIONAL_REPRESENTATION('',(#12628),#12632);
#12628 = LINE('',#12629,#12630);
#12629 = CARTESIAN_POINT('',(-6.28318530718,-4.));
#12630 = VECTOR('',#12631,1.);
#12631 = DIRECTION('',(1.,-0.));
#12632 = ( GEOMETRIC_REPRESENTATION_CONTEXT(2) 
PARAMETRIC_REPRESENTATION_CONTEXT() REPRESENTATION_CONTEXT('2D SPACE',''
  ) );
#12633 = ADVANCED_FACE('',(#12634),#11697,.T.);
#12634 = FACE_BOUND('',#12635,.F.);
#12635 = EDGE_LOOP('',(#12636,#12637,#12638,#12639));
#12636 = ORIENTED_EDGE('',*,*,#12294,.F.);
#12637 = ORIENTED_EDGE('',*,*,#11682,.T.);
#12638 = ORIENTED_EDGE('',*,*,#11768,.T.);
#12639 = ORIENTED_EDGE('',*,*,#12640,.F.);
#12640 = EDGE_CURVE('',#12265,#11769,#12641,.T.);
#12641 = SURFACE_CURVE('',#12642,(#12646,#12652),.PCURVE_S1.);
#12642 = LINE('',#12643,#12644);
#12643 = CARTESIAN_POINT('',(34.034737922391,26.279966030308,101.));
#12644 = VECTOR('',#12645,1.);
#12645 = DIRECTION('',(-0.,-0.,-1.));
#12646 = PCURVE('',#11697,#12647);
#12647 = DEFINITIONAL_REPRESENTATION('',(#12648),#12651);
#12648 = B_SPLINE_CURVE_WITH_KNOTS('',1,(#12649,#12650),.UNSPECIFIED.,
  .F.,.F.,(2,2),(-3.,0.),.PIECEWISE_BEZIER_KNOTS.);
#12649 = CARTESIAN_POINT('',(-4.827028375661,-3.));
#12650 = CARTESIAN_POINT('',(-4.827028375661,0.));
#12651 = ( GEOMETRIC_REPRESENTATION_CONTEXT(2) 
PARAMETRIC_REPRESENTATION_CONTEXT() REPRESENTATION_CONTEXT('2D SPACE',''
  ) );
#12652 = PCURVE('',#11956,#12653);
#12653 = DEFINITIONAL_REPRESENTATION('',(#12654),#12657);
#12654 = B_SPLINE_CURVE_WITH_KNOTS('',1,(#12655,#12656),.UNSPECIFIED.,
  .F.,.F.,(2,2),(-3.,0.),.PIECEWISE_BEZIER_KNOTS.);
#12655 = CARTESIAN_POINT('',(-6.940713156644,-3.));
#12656 = CARTESIAN_POINT('',(-6.940713156644,0.));
#12657 = ( GEOMETRIC_REPRESENTATION_CONTEXT(2) 
PARAMETRIC_REPRESENTATION_CONTEXT() REPRESENTATION_CONTEXT('2D SPACE',''
  ) );
#12658 = ADVANCED_FACE('',(#12659),#11956,.T.);
#12659 = FACE_BOUND('',#12660,.F.);
#12660 = EDGE_LOOP('',(#12661,#12662,#12681,#12682));
#12661 = ORIENTED_EDGE('',*,*,#11941,.F.);
#12662 = ORIENTED_EDGE('',*,*,#12663,.F.);
#12663 = EDGE_CURVE('',#12267,#11909,#12664,.T.);
#12664 = SURFACE_CURVE('',#12665,(#12669,#12675),.PCURVE_S1.);
#12665 = LINE('',#12666,#12667);
#12666 = CARTESIAN_POINT('',(34.034737922391,-26.2799660303,101.));
#12667 = VECTOR('',#12668,1.);
#12668 = DIRECTION('',(-0.,-0.,-1.));
#12669 = PCURVE('',#11956,#12670);
#12670 = DEFINITIONAL_REPRESENTATION('',(#12671),#12674);
#12671 = B_SPLINE_CURVE_WITH_KNOTS('',1,(#12672,#12673),.UNSPECIFIED.,
  .F.,.F.,(2,2),(-3.0000006,6.000000070117E-07),
  .PIECEWISE_BEZIER_KNOTS.);
#12672 = CARTESIAN_POINT('',(-5.625657457715,-3.0000006));
#12673 = CARTESIAN_POINT('',(-5.625657457715,6.000000070117E-07));
#12674 = ( GEOMETRIC_REPRESENTATION_CONTEXT(2) 
PARAMETRIC_REPRESENTATION_CONTEXT() REPRESENTATION_CONTEXT('2D SPACE',''
  ) );
#12675 = PCURVE('',#11929,#12676);
#12676 = DEFINITIONAL_REPRESENTATION('',(#12677),#12680);
#12677 = B_SPLINE_CURVE_WITH_KNOTS('',1,(#12678,#12679),.UNSPECIFIED.,
  .F.,.F.,(2,2),(-3.,-0.),.PIECEWISE_BEZIER_KNOTS.);
#12678 = CARTESIAN_POINT('',(-7.739342238698,-3.));
#12679 = CARTESIAN_POINT('',(-7.739342238698,0.));
#12680 = ( GEOMETRIC_REPRESENTATION_CONTEXT(2) 
PARAMETRIC_REPRESENTATION_CONTEXT() REPRESENTATION_CONTEXT('2D SPACE',''
  ) );
#12681 = ORIENTED_EDGE('',*,*,#12264,.F.);
#12682 = ORIENTED_EDGE('',*,*,#12640,.T.);
#12683 = ADVANCED_FACE('',(#12684),#11929,.T.);
#12684 = FACE_BOUND('',#12685,.F.);
#12685 = EDGE_LOOP('',(#12686,#12687,#12706,#12707));
#12686 = ORIENTED_EDGE('',*,*,#11908,.T.);
#12687 = ORIENTED_EDGE('',*,*,#12688,.F.);
#12688 = EDGE_CURVE('',#12375,#11880,#12689,.T.);
#12689 = SURFACE_CURVE('',#12690,(#12694,#12700),.PCURVE_S1.);
#12690 = LINE('',#12691,#12692);
#12691 = CARTESIAN_POINT('',(26.279966030308,-34.03473792239,101.));
#12692 = VECTOR('',#12693,1.);
#12693 = DIRECTION('',(-0.,-0.,-1.));
#12694 = PCURVE('',#11929,#12695);
#12695 = DEFINITIONAL_REPRESENTATION('',(#12696),#12699);
#12696 = B_SPLINE_CURVE_WITH_KNOTS('',1,(#12697,#12698),.UNSPECIFIED.,
  .F.,.F.,(2,2),(-3.,0.),.PIECEWISE_BEZIER_KNOTS.);
#12697 = CARTESIAN_POINT('',(-3.256232048866,-3.));
#12698 = CARTESIAN_POINT('',(-3.256232048866,0.));
#12699 = ( GEOMETRIC_REPRESENTATION_CONTEXT(2) 
PARAMETRIC_REPRESENTATION_CONTEXT() REPRESENTATION_CONTEXT('2D SPACE',''
  ) );
#12700 = PCURVE('',#11896,#12701);
#12701 = DEFINITIONAL_REPRESENTATION('',(#12702),#12705);
#12702 = B_SPLINE_CURVE_WITH_KNOTS('',1,(#12703,#12704),.UNSPECIFIED.,
  .F.,.F.,(2,2),(-3.0000006,6.000000070117E-07),
  .PIECEWISE_BEZIER_KNOTS.);
#12703 = CARTESIAN_POINT('',(-5.369916829849,-3.0000006));
#12704 = CARTESIAN_POINT('',(-5.369916829849,6.000000070117E-07));
#12705 = ( GEOMETRIC_REPRESENTATION_CONTEXT(2) 
PARAMETRIC_REPRESENTATION_CONTEXT() REPRESENTATION_CONTEXT('2D SPACE',''
  ) );
#12706 = ORIENTED_EDGE('',*,*,#12402,.T.);
#12707 = ORIENTED_EDGE('',*,*,#12663,.T.);
#12708 = ADVANCED_FACE('',(#12709),#11838,.T.);
#12709 = FACE_BOUND('',#12710,.F.);
#12710 = EDGE_LOOP('',(#12711,#12712,#12713,#12714));
#12711 = ORIENTED_EDGE('',*,*,#11821,.F.);
#12712 = ORIENTED_EDGE('',*,*,#12242,.F.);
#12713 = ORIENTED_EDGE('',*,*,#12322,.F.);
#12714 = ORIENTED_EDGE('',*,*,#12715,.T.);
#12715 = EDGE_CURVE('',#12323,#11822,#12716,.T.);
#12716 = SURFACE_CURVE('',#12717,(#12721,#12727),.PCURVE_S1.);
#12717 = LINE('',#12718,#12719);
#12718 = CARTESIAN_POINT('',(-34.03473792239,-26.2799660303,101.));
#12719 = VECTOR('',#12720,1.);
#12720 = DIRECTION('',(-0.,-0.,-1.));
#12721 = PCURVE('',#11838,#12722);
#12722 = DEFINITIONAL_REPRESENTATION('',(#12723),#12726);
#12723 = B_SPLINE_CURVE_WITH_KNOTS('',1,(#12724,#12725),.UNSPECIFIED.,
  .F.,.F.,(2,2),(-3.0000006,6.000000070117E-07),
  .PIECEWISE_BEZIER_KNOTS.);
#12724 = CARTESIAN_POINT('',(-3.799120503054,-3.0000006));
#12725 = CARTESIAN_POINT('',(-3.799120503054,6.000000070117E-07));
#12726 = ( GEOMETRIC_REPRESENTATION_CONTEXT(2) 
PARAMETRIC_REPRESENTATION_CONTEXT() REPRESENTATION_CONTEXT('2D SPACE',''
  ) );
#12727 = PCURVE('',#11867,#12728);
#12728 = DEFINITIONAL_REPRESENTATION('',(#12729),#12732);
#12729 = B_SPLINE_CURVE_WITH_KNOTS('',1,(#12730,#12731),.UNSPECIFIED.,
  .F.,.F.,(2,2),(-3.0000006,6.000000070117E-07),
  .PIECEWISE_BEZIER_KNOTS.);
#12730 = CARTESIAN_POINT('',(-1.685435722071,-3.0000006));
#12731 = CARTESIAN_POINT('',(-1.685435722071,6.000000070117E-07));
#12732 = ( GEOMETRIC_REPRESENTATION_CONTEXT(2) 
PARAMETRIC_REPRESENTATION_CONTEXT() REPRESENTATION_CONTEXT('2D SPACE',''
  ) );
#12733 = ADVANCED_FACE('',(#12734),#11896,.T.);
#12734 = FACE_BOUND('',#12735,.F.);
#12735 = EDGE_LOOP('',(#12736,#12737,#12756,#12757));
#12736 = ORIENTED_EDGE('',*,*,#11879,.F.);
#12737 = ORIENTED_EDGE('',*,*,#12738,.F.);
#12738 = EDGE_CURVE('',#12351,#11851,#12739,.T.);
#12739 = SURFACE_CURVE('',#12740,(#12744,#12750),.PCURVE_S1.);
#12740 = LINE('',#12741,#12742);
#12741 = CARTESIAN_POINT('',(-26.2799660303,-34.03473792239,101.));
#12742 = VECTOR('',#12743,1.);
#12743 = DIRECTION('',(-0.,-0.,-1.));
#12744 = PCURVE('',#11896,#12745);
#12745 = DEFINITIONAL_REPRESENTATION('',(#12746),#12749);
#12746 = B_SPLINE_CURVE_WITH_KNOTS('',1,(#12747,#12748),.UNSPECIFIED.,
  .F.,.F.,(2,2),(-3.0000006,6.000000070117E-07),
  .PIECEWISE_BEZIER_KNOTS.);
#12747 = CARTESIAN_POINT('',(-4.05486113092,-3.0000006));
#12748 = CARTESIAN_POINT('',(-4.05486113092,6.000000070117E-07));
#12749 = ( GEOMETRIC_REPRESENTATION_CONTEXT(2) 
PARAMETRIC_REPRESENTATION_CONTEXT() REPRESENTATION_CONTEXT('2D SPACE',''
  ) );
#12750 = PCURVE('',#11867,#12751);
#12751 = DEFINITIONAL_REPRESENTATION('',(#12752),#12755);
#12752 = B_SPLINE_CURVE_WITH_KNOTS('',1,(#12753,#12754),.UNSPECIFIED.,
  .F.,.F.,(2,2),(-3.0000006,6.000000070117E-07),
  .PIECEWISE_BEZIER_KNOTS.);
#12753 = CARTESIAN_POINT('',(-6.168545911903,-3.0000006));
#12754 = CARTESIAN_POINT('',(-6.168545911903,6.000000070117E-07));
#12755 = ( GEOMETRIC_REPRESENTATION_CONTEXT(2) 
PARAMETRIC_REPRESENTATION_CONTEXT() REPRESENTATION_CONTEXT('2D SPACE',''
  ) );
#12756 = ORIENTED_EDGE('',*,*,#12374,.F.);
#12757 = ORIENTED_EDGE('',*,*,#12688,.T.);
#12758 = ADVANCED_FACE('',(#12759),#11867,.T.);
#12759 = FACE_BOUND('',#12760,.F.);
#12760 = EDGE_LOOP('',(#12761,#12762,#12763,#12764));
#12761 = ORIENTED_EDGE('',*,*,#11850,.F.);
#12762 = ORIENTED_EDGE('',*,*,#12715,.F.);
#12763 = ORIENTED_EDGE('',*,*,#12350,.T.);
#12764 = ORIENTED_EDGE('',*,*,#12738,.T.);
#12765 = ADVANCED_FACE('',(#12766),#11991,.F.);
#12766 = FACE_BOUND('',#12767,.T.);
#12767 = EDGE_LOOP('',(#12768,#12769,#12790,#12791));
#12768 = ORIENTED_EDGE('',*,*,#11970,.T.);
#12769 = ORIENTED_EDGE('',*,*,#12770,.T.);
#12770 = EDGE_CURVE('',#11971,#12427,#12771,.T.);
#12771 = SEAM_CURVE('',#12772,(#12776,#12783),.PCURVE_S1.);
#12772 = LINE('',#12773,#12774);
#12773 = CARTESIAN_POINT('',(-30.98401871576,-33.23401871576,100.));
#12774 = VECTOR('',#12775,1.);
#12775 = DIRECTION('',(0.,0.,1.));
#12776 = PCURVE('',#11991,#12777);
#12777 = DEFINITIONAL_REPRESENTATION('',(#12778),#12782);
#12778 = LINE('',#12779,#12780);
#12779 = CARTESIAN_POINT('',(-6.28318530718,0.));
#12780 = VECTOR('',#12781,1.);
#12781 = DIRECTION('',(-0.,-1.));
#12782 = ( GEOMETRIC_REPRESENTATION_CONTEXT(2) 
PARAMETRIC_REPRESENTATION_CONTEXT() REPRESENTATION_CONTEXT('2D SPACE',''
  ) );
#12783 = PCURVE('',#11991,#12784);
#12784 = DEFINITIONAL_REPRESENTATION('',(#12785),#12789);
#12785 = LINE('',#12786,#12787);
#12786 = CARTESIAN_POINT('',(-0.,0.));
#12787 = VECTOR('',#12788,1.);
#12788 = DIRECTION('',(-0.,-1.));
#12789 = ( GEOMETRIC_REPRESENTATION_CONTEXT(2) 
PARAMETRIC_REPRESENTATION_CONTEXT() REPRESENTATION_CONTEXT('2D SPACE',''
  ) );
#12790 = ORIENTED_EDGE('',*,*,#12426,.F.);
#12791 = ORIENTED_EDGE('',*,*,#12770,.F.);
#12792 = ADVANCED_FACE('',(#12793),#12026,.F.);
#12793 = FACE_BOUND('',#12794,.T.);
#12794 = EDGE_LOOP('',(#12795,#12796,#12817,#12818));
#12795 = ORIENTED_EDGE('',*,*,#12005,.T.);
#12796 = ORIENTED_EDGE('',*,*,#12797,.T.);
#12797 = EDGE_CURVE('',#12006,#12457,#12798,.T.);
#12798 = SEAM_CURVE('',#12799,(#12803,#12810),.PCURVE_S1.);
#12799 = LINE('',#12800,#12801);
#12800 = CARTESIAN_POINT('',(35.484018715768,-33.23401871576,100.));
#12801 = VECTOR('',#12802,1.);
#12802 = DIRECTION('',(0.,0.,1.));
#12803 = PCURVE('',#12026,#12804);
#12804 = DEFINITIONAL_REPRESENTATION('',(#12805),#12809);
#12805 = LINE('',#12806,#12807);
#12806 = CARTESIAN_POINT('',(-6.28318530718,0.));
#12807 = VECTOR('',#12808,1.);
#12808 = DIRECTION('',(-0.,-1.));
#12809 = ( GEOMETRIC_REPRESENTATION_CONTEXT(2) 
PARAMETRIC_REPRESENTATION_CONTEXT() REPRESENTATION_CONTEXT('2D SPACE',''
  ) );
#12810 = PCURVE('',#12026,#12811);
#12811 = DEFINITIONAL_REPRESENTATION('',(#12812),#12816);
#12812 = LINE('',#12813,#12814);
#12813 = CARTESIAN_POINT('',(-0.,0.));
#12814 = VECTOR('',#12815,1.);
#12815 = DIRECTION('',(-0.,-1.));
#12816 = ( GEOMETRIC_REPRESENTATION_CONTEXT(2) 
PARAMETRIC_REPRESENTATION_CONTEXT() REPRESENTATION_CONTEXT('2D SPACE',''
  ) );
#12817 = ORIENTED_EDGE('',*,*,#12456,.F.);
#12818 = ORIENTED_EDGE('',*,*,#12797,.F.);
#12819 = ADVANCED_FACE('',(#12820),#12061,.F.);
#12820 = FACE_BOUND('',#12821,.T.);
#12821 = EDGE_LOOP('',(#12822,#12823,#12844,#12845));
#12822 = ORIENTED_EDGE('',*,*,#12040,.T.);
#12823 = ORIENTED_EDGE('',*,*,#12824,.T.);
#12824 = EDGE_CURVE('',#12041,#12487,#12825,.T.);
#12825 = SEAM_CURVE('',#12826,(#12830,#12837),.PCURVE_S1.);
#12826 = LINE('',#12827,#12828);
#12827 = CARTESIAN_POINT('',(-19.85,0.,100.));
#12828 = VECTOR('',#12829,1.);
#12829 = DIRECTION('',(0.,0.,1.));
#12830 = PCURVE('',#12061,#12831);
#12831 = DEFINITIONAL_REPRESENTATION('',(#12832),#12836);
#12832 = LINE('',#12833,#12834);
#12833 = CARTESIAN_POINT('',(-6.28318530718,0.));
#12834 = VECTOR('',#12835,1.);
#12835 = DIRECTION('',(-0.,-1.));
#12836 = ( GEOMETRIC_REPRESENTATION_CONTEXT(2) 
PARAMETRIC_REPRESENTATION_CONTEXT() REPRESENTATION_CONTEXT('2D SPACE',''
  ) );
#12837 = PCURVE('',#12061,#12838);
#12838 = DEFINITIONAL_REPRESENTATION('',(#12839),#12843);
#12839 = LINE('',#12840,#12841);
#12840 = CARTESIAN_POINT('',(-0.,0.));
#12841 = VECTOR('',#12842,1.);
#12842 = DIRECTION('',(-0.,-1.));
#12843 = ( GEOMETRIC_REPRESENTATION_CONTEXT(2) 
PARAMETRIC_REPRESENTATION_CONTEXT() REPRESENTATION_CONTEXT('2D SPACE',''
  ) );
#12844 = ORIENTED_EDGE('',*,*,#12486,.F.);
#12845 = ORIENTED_EDGE('',*,*,#12824,.F.);
#12846 = ADVANCED_FACE('',(#12847),#12096,.F.);
#12847 = FACE_BOUND('',#12848,.T.);
#12848 = EDGE_LOOP('',(#12849,#12850,#12871,#12872));
#12849 = ORIENTED_EDGE('',*,*,#12075,.T.);
#12850 = ORIENTED_EDGE('',*,*,#12851,.T.);
#12851 = EDGE_CURVE('',#12076,#12517,#12852,.T.);
#12852 = SEAM_CURVE('',#12853,(#12857,#12864),.PCURVE_S1.);
#12853 = LINE('',#12854,#12855);
#12854 = CARTESIAN_POINT('',(-30.98401871576,33.234018715768,100.));
#12855 = VECTOR('',#12856,1.);
#12856 = DIRECTION('',(0.,0.,1.));
#12857 = PCURVE('',#12096,#12858);
#12858 = DEFINITIONAL_REPRESENTATION('',(#12859),#12863);
#12859 = LINE('',#12860,#12861);
#12860 = CARTESIAN_POINT('',(-6.28318530718,0.));
#12861 = VECTOR('',#12862,1.);
#12862 = DIRECTION('',(-0.,-1.));
#12863 = ( GEOMETRIC_REPRESENTATION_CONTEXT(2) 
PARAMETRIC_REPRESENTATION_CONTEXT() REPRESENTATION_CONTEXT('2D SPACE',''
  ) );
#12864 = PCURVE('',#12096,#12865);
#12865 = DEFINITIONAL_REPRESENTATION('',(#12866),#12870);
#12866 = LINE('',#12867,#12868);
#12867 = CARTESIAN_POINT('',(-0.,0.));
#12868 = VECTOR('',#12869,1.);
#12869 = DIRECTION('',(-0.,-1.));
#12870 = ( GEOMETRIC_REPRESENTATION_CONTEXT(2) 
PARAMETRIC_REPRESENTATION_CONTEXT() REPRESENTATION_CONTEXT('2D SPACE',''
  ) );
#12871 = ORIENTED_EDGE('',*,*,#12516,.F.);
#12872 = ORIENTED_EDGE('',*,*,#12851,.F.);
#12873 = ADVANCED_FACE('',(#12874),#12131,.F.);
#12874 = FACE_BOUND('',#12875,.T.);
#12875 = EDGE_LOOP('',(#12876,#12877,#12898,#12899));
#12876 = ORIENTED_EDGE('',*,*,#12110,.T.);
#12877 = ORIENTED_EDGE('',*,*,#12878,.T.);
#12878 = EDGE_CURVE('',#12111,#12547,#12879,.T.);
#12879 = SEAM_CURVE('',#12880,(#12884,#12891),.PCURVE_S1.);
#12880 = LINE('',#12881,#12882);
#12881 = CARTESIAN_POINT('',(13.,0.,100.));
#12882 = VECTOR('',#12883,1.);
#12883 = DIRECTION('',(0.,0.,1.));
#12884 = PCURVE('',#12131,#12885);
#12885 = DEFINITIONAL_REPRESENTATION('',(#12886),#12890);
#12886 = LINE('',#12887,#12888);
#12887 = CARTESIAN_POINT('',(-6.28318530718,0.));
#12888 = VECTOR('',#12889,1.);
#12889 = DIRECTION('',(-0.,-1.));
#12890 = ( GEOMETRIC_REPRESENTATION_CONTEXT(2) 
PARAMETRIC_REPRESENTATION_CONTEXT() REPRESENTATION_CONTEXT('2D SPACE',''
  ) );
#12891 = PCURVE('',#12131,#12892);
#12892 = DEFINITIONAL_REPRESENTATION('',(#12893),#12897);
#12893 = LINE('',#12894,#12895);
#12894 = CARTESIAN_POINT('',(-0.,0.));
#12895 = VECTOR('',#12896,1.);
#12896 = DIRECTION('',(-0.,-1.));
#12897 = ( GEOMETRIC_REPRESENTATION_CONTEXT(2) 
PARAMETRIC_REPRESENTATION_CONTEXT() REPRESENTATION_CONTEXT('2D SPACE',''
  ) );
#12898 = ORIENTED_EDGE('',*,*,#12546,.F.);
#12899 = ORIENTED_EDGE('',*,*,#12878,.F.);
#12900 = ADVANCED_FACE('',(#12901),#12166,.F.);
#12901 = FACE_BOUND('',#12902,.T.);
#12902 = EDGE_LOOP('',(#12903,#12904,#12925,#12926));
#12903 = ORIENTED_EDGE('',*,*,#12145,.T.);
#12904 = ORIENTED_EDGE('',*,*,#12905,.T.);
#12905 = EDGE_CURVE('',#12146,#12577,#12906,.T.);
#12906 = SEAM_CURVE('',#12907,(#12911,#12918),.PCURVE_S1.);
#12907 = LINE('',#12908,#12909);
#12908 = CARTESIAN_POINT('',(24.15,0.,100.));
#12909 = VECTOR('',#12910,1.);
#12910 = DIRECTION('',(0.,0.,1.));
#12911 = PCURVE('',#12166,#12912);
#12912 = DEFINITIONAL_REPRESENTATION('',(#12913),#12917);
#12913 = LINE('',#12914,#12915);
#12914 = CARTESIAN_POINT('',(-6.28318530718,0.));
#12915 = VECTOR('',#12916,1.);
#12916 = DIRECTION('',(-0.,-1.));
#12917 = ( GEOMETRIC_REPRESENTATION_CONTEXT(2) 
PARAMETRIC_REPRESENTATION_CONTEXT() REPRESENTATION_CONTEXT('2D SPACE',''
  ) );
#12918 = PCURVE('',#12166,#12919);
#12919 = DEFINITIONAL_REPRESENTATION('',(#12920),#12924);
#12920 = LINE('',#12921,#12922);
#12921 = CARTESIAN_POINT('',(-0.,0.));
#12922 = VECTOR('',#12923,1.);
#12923 = DIRECTION('',(-0.,-1.));
#12924 = ( GEOMETRIC_REPRESENTATION_CONTEXT(2) 
PARAMETRIC_REPRESENTATION_CONTEXT() REPRESENTATION_CONTEXT('2D SPACE',''
  ) );
#12925 = ORIENTED_EDGE('',*,*,#12576,.F.);
#12926 = ORIENTED_EDGE('',*,*,#12905,.F.);
#12927 = ADVANCED_FACE('',(#12928),#12201,.F.);
#12928 = FACE_BOUND('',#12929,.T.);
#12929 = EDGE_LOOP('',(#12930,#12931,#12952,#12953));
#12930 = ORIENTED_EDGE('',*,*,#12180,.T.);
#12931 = ORIENTED_EDGE('',*,*,#12932,.T.);
#12932 = EDGE_CURVE('',#12181,#12607,#12933,.T.);
#12933 = SEAM_CURVE('',#12934,(#12938,#12945),.PCURVE_S1.);
#12934 = LINE('',#12935,#12936);
#12935 = CARTESIAN_POINT('',(35.484018715768,33.234018715768,100.));
#12936 = VECTOR('',#12937,1.);
#12937 = DIRECTION('',(0.,0.,1.));
#12938 = PCURVE('',#12201,#12939);
#12939 = DEFINITIONAL_REPRESENTATION('',(#12940),#12944);
#12940 = LINE('',#12941,#12942);
#12941 = CARTESIAN_POINT('',(-6.28318530718,0.));
#12942 = VECTOR('',#12943,1.);
#12943 = DIRECTION('',(-0.,-1.));
#12944 = ( GEOMETRIC_REPRESENTATION_CONTEXT(2) 
PARAMETRIC_REPRESENTATION_CONTEXT() REPRESENTATION_CONTEXT('2D SPACE',''
  ) );
#12945 = PCURVE('',#12201,#12946);
#12946 = DEFINITIONAL_REPRESENTATION('',(#12947),#12951);
#12947 = LINE('',#12948,#12949);
#12948 = CARTESIAN_POINT('',(-0.,0.));
#12949 = VECTOR('',#12950,1.);
#12950 = DIRECTION('',(-0.,-1.));
#12951 = ( GEOMETRIC_REPRESENTATION_CONTEXT(2) 
PARAMETRIC_REPRESENTATION_CONTEXT() REPRESENTATION_CONTEXT('2D SPACE',''
  ) );
#12952 = ORIENTED_EDGE('',*,*,#12606,.F.);
#12953 = ORIENTED_EDGE('',*,*,#12932,.F.);
#12954 = ( GEOMETRIC_REPRESENTATION_CONTEXT(3) 
GLOBAL_UNCERTAINTY_ASSIGNED_CONTEXT((#12958)) 
GLOBAL_UNIT_ASSIGNED_CONTEXT((#12955,#12956,#12957)) 
REPRESENTATION_CONTEXT('Context #1',
  '3D Context with UNIT and UNCERTAINTY') );
#12955 = ( LENGTH_UNIT() NAMED_UNIT(*) SI_UNIT(.MILLI.,.METRE.) );
#12956 = ( NAMED_UNIT(*) PLANE_ANGLE_UNIT() SI_UNIT($,.RADIAN.) );
#12957 = ( NAMED_UNIT(*) SI_UNIT($,.STERADIAN.) SOLID_ANGLE_UNIT() );
#12958 = UNCERTAINTY_MEASURE_WITH_UNIT(LENGTH_MEASURE(1.E-07),#12955,
  'distance_accuracy_value','confusion accuracy');
#12959 = CONTEXT_DEPENDENT_SHAPE_REPRESENTATION(#12960,#12962);
#12960 = ( REPRESENTATION_RELATIONSHIP('','',#11639,#10) 
REPRESENTATION_RELATIONSHIP_WITH_TRANSFORMATION(#12961) 
SHAPE_REPRESENTATION_RELATIONSHIP() );
#12961 = ITEM_DEFINED_TRANSFORMATION('','',#11,#35);
#12962 = PRODUCT_DEFINITION_SHAPE('Placement','Placement of an item',
  #12963);
#12963 = NEXT_ASSEMBLY_USAGE_OCCURRENCE('6','P08_lid','',#5,#11634,$);
#12964 = PRODUCT_RELATED_PRODUCT_CATEGORY('part',$,(#11636));
#12965 = SHAPE_DEFINITION_REPRESENTATION(#12966,#12972);
#12966 = PRODUCT_DEFINITION_SHAPE('','',#12967);
#12967 = PRODUCT_DEFINITION('design','',#12968,#12971);
#12968 = PRODUCT_DEFINITION_FORMATION('','',#12969);
#12969 = PRODUCT('spacer0','spacer0','',(#12970));
#12970 = PRODUCT_CONTEXT('',#2,'mechanical');
#12971 = PRODUCT_DEFINITION_CONTEXT('part definition',#2,'design');
#12972 = ADVANCED_BREP_SHAPE_REPRESENTATION('',(#11,#12973),#13163);
#12973 = MANIFOLD_SOLID_BREP('',#12974);
#12974 = CLOSED_SHELL('',(#12975,#13063,#13102,#13136));
#12975 = ADVANCED_FACE('',(#12976),#12990,.T.);
#12976 = FACE_BOUND('',#12977,.F.);
#12977 = EDGE_LOOP('',(#12978,#13008,#13035,#13036));
#12978 = ORIENTED_EDGE('',*,*,#12979,.T.);
#12979 = EDGE_CURVE('',#12980,#12982,#12984,.T.);
#12980 = VERTEX_POINT('',#12981);
#12981 = CARTESIAN_POINT('',(39.234018715768,33.234018715768,50.));
#12982 = VERTEX_POINT('',#12983);
#12983 = CARTESIAN_POINT('',(39.234018715768,33.234018715768,62.));
#12984 = SEAM_CURVE('',#12985,(#12989,#13001),.PCURVE_S1.);
#12985 = LINE('',#12986,#12987);
#12986 = CARTESIAN_POINT('',(39.234018715768,33.234018715768,50.));
#12987 = VECTOR('',#12988,1.);
#12988 = DIRECTION('',(0.,0.,1.));
#12989 = PCURVE('',#12990,#12995);
#12990 = CYLINDRICAL_SURFACE('',#12991,6.);
#12991 = AXIS2_PLACEMENT_3D('',#12992,#12993,#12994);
#12992 = CARTESIAN_POINT('',(33.234018715768,33.234018715768,50.));
#12993 = DIRECTION('',(-0.,-0.,-1.));
#12994 = DIRECTION('',(1.,0.,0.));
#12995 = DEFINITIONAL_REPRESENTATION('',(#12996),#13000);
#12996 = LINE('',#12997,#12998);
#12997 = CARTESIAN_POINT('',(-0.,0.));
#12998 = VECTOR('',#12999,1.);
#12999 = DIRECTION('',(-0.,-1.));
#13000 = ( GEOMETRIC_REPRESENTATION_CONTEXT(2) 
PARAMETRIC_REPRESENTATION_CONTEXT() REPRESENTATION_CONTEXT('2D SPACE',''
  ) );
#13001 = PCURVE('',#12990,#13002);
#13002 = DEFINITIONAL_REPRESENTATION('',(#13003),#13007);
#13003 = LINE('',#13004,#13005);
#13004 = CARTESIAN_POINT('',(-6.28318530718,0.));
#13005 = VECTOR('',#13006,1.);
#13006 = DIRECTION('',(-0.,-1.));
#13007 = ( GEOMETRIC_REPRESENTATION_CONTEXT(2) 
PARAMETRIC_REPRESENTATION_CONTEXT() REPRESENTATION_CONTEXT('2D SPACE',''
  ) );
#13008 = ORIENTED_EDGE('',*,*,#13009,.T.);
#13009 = EDGE_CURVE('',#12982,#12982,#13010,.T.);
#13010 = SURFACE_CURVE('',#13011,(#13016,#13023),.PCURVE_S1.);
#13011 = CIRCLE('',#13012,6.);
#13012 = AXIS2_PLACEMENT_3D('',#13013,#13014,#13015);
#13013 = CARTESIAN_POINT('',(33.234018715768,33.234018715768,62.));
#13014 = DIRECTION('',(0.,0.,1.));
#13015 = DIRECTION('',(1.,0.,0.));
#13016 = PCURVE('',#12990,#13017);
#13017 = DEFINITIONAL_REPRESENTATION('',(#13018),#13022);
#13018 = LINE('',#13019,#13020);
#13019 = CARTESIAN_POINT('',(-0.,-12.));
#13020 = VECTOR('',#13021,1.);
#13021 = DIRECTION('',(-1.,0.));
#13022 = ( GEOMETRIC_REPRESENTATION_CONTEXT(2) 
PARAMETRIC_REPRESENTATION_CONTEXT() REPRESENTATION_CONTEXT('2D SPACE',''
  ) );
#13023 = PCURVE('',#13024,#13029);
#13024 = PLANE('',#13025);
#13025 = AXIS2_PLACEMENT_3D('',#13026,#13027,#13028);
#13026 = CARTESIAN_POINT('',(33.234018715768,33.234018715768,62.));
#13027 = DIRECTION('',(0.,0.,1.));
#13028 = DIRECTION('',(1.,0.,-0.));
#13029 = DEFINITIONAL_REPRESENTATION('',(#13030),#13034);
#13030 = CIRCLE('',#13031,6.);
#13031 = AXIS2_PLACEMENT_2D('',#13032,#13033);
#13032 = CARTESIAN_POINT('',(0.,0.));
#13033 = DIRECTION('',(1.,0.));
#13034 = ( GEOMETRIC_REPRESENTATION_CONTEXT(2) 
PARAMETRIC_REPRESENTATION_CONTEXT() REPRESENTATION_CONTEXT('2D SPACE',''
  ) );
#13035 = ORIENTED_EDGE('',*,*,#12979,.F.);
#13036 = ORIENTED_EDGE('',*,*,#13037,.F.);
#13037 = EDGE_CURVE('',#12980,#12980,#13038,.T.);
#13038 = SURFACE_CURVE('',#13039,(#13044,#13051),.PCURVE_S1.);
#13039 = CIRCLE('',#13040,6.);
#13040 = AXIS2_PLACEMENT_3D('',#13041,#13042,#13043);
#13041 = CARTESIAN_POINT('',(33.234018715768,33.234018715768,50.));
#13042 = DIRECTION('',(0.,0.,1.));
#13043 = DIRECTION('',(1.,0.,0.));
#13044 = PCURVE('',#12990,#13045);
#13045 = DEFINITIONAL_REPRESENTATION('',(#13046),#13050);
#13046 = LINE('',#13047,#13048);
#13047 = CARTESIAN_POINT('',(-0.,0.));
#13048 = VECTOR('',#13049,1.);
#13049 = DIRECTION('',(-1.,0.));
#13050 = ( GEOMETRIC_REPRESENTATION_CONTEXT(2) 
PARAMETRIC_REPRESENTATION_CONTEXT() REPRESENTATION_CONTEXT('2D SPACE',''
  ) );
#13051 = PCURVE('',#13052,#13057);
#13052 = PLANE('',#13053);
#13053 = AXIS2_PLACEMENT_3D('',#13054,#13055,#13056);
#13054 = CARTESIAN_POINT('',(33.234018715768,33.234018715768,50.));
#13055 = DIRECTION('',(0.,0.,1.));
#13056 = DIRECTION('',(1.,0.,-0.));
#13057 = DEFINITIONAL_REPRESENTATION('',(#13058),#13062);
#13058 = CIRCLE('',#13059,6.);
#13059 = AXIS2_PLACEMENT_2D('',#13060,#13061);
#13060 = CARTESIAN_POINT('',(0.,0.));
#13061 = DIRECTION('',(1.,0.));
#13062 = ( GEOMETRIC_REPRESENTATION_CONTEXT(2) 
PARAMETRIC_REPRESENTATION_CONTEXT() REPRESENTATION_CONTEXT('2D SPACE',''
  ) );
#13063 = ADVANCED_FACE('',(#13064,#13067),#13052,.F.);
#13064 = FACE_BOUND('',#13065,.F.);
#13065 = EDGE_LOOP('',(#13066));
#13066 = ORIENTED_EDGE('',*,*,#13037,.T.);
#13067 = FACE_BOUND('',#13068,.F.);
#13068 = EDGE_LOOP('',(#13069));
#13069 = ORIENTED_EDGE('',*,*,#13070,.T.);
#13070 = EDGE_CURVE('',#13071,#13071,#13073,.T.);
#13071 = VERTEX_POINT('',#13072);
#13072 = CARTESIAN_POINT('',(35.484018715768,33.234018715768,50.));
#13073 = SURFACE_CURVE('',#13074,(#13079,#13090),.PCURVE_S1.);
#13074 = CIRCLE('',#13075,2.25);
#13075 = AXIS2_PLACEMENT_3D('',#13076,#13077,#13078);
#13076 = CARTESIAN_POINT('',(33.234018715768,33.234018715768,50.));
#13077 = DIRECTION('',(0.,0.,-1.));
#13078 = DIRECTION('',(1.,0.,0.));
#13079 = PCURVE('',#13052,#13080);
#13080 = DEFINITIONAL_REPRESENTATION('',(#13081),#13089);
#13081 = ( BOUNDED_CURVE() B_SPLINE_CURVE(2,(#13082,#13083,#13084,#13085
    ,#13086,#13087,#13088),.UNSPECIFIED.,.T.,.F.) 
B_SPLINE_CURVE_WITH_KNOTS((1,2,2,2,2,1),(-2.094395102393,0.,
    2.094395102393,4.188790204786,6.28318530718,8.377580409573),
.UNSPECIFIED.) CURVE() GEOMETRIC_REPRESENTATION_ITEM() 
RATIONAL_B_SPLINE_CURVE((1.,0.5,1.,0.5,1.,0.5,1.)) REPRESENTATION_ITEM(
  '') );
#13082 = CARTESIAN_POINT('',(2.25,0.));
#13083 = CARTESIAN_POINT('',(2.25,-3.89711431703));
#13084 = CARTESIAN_POINT('',(-1.125,-1.948557158515));
#13085 = CARTESIAN_POINT('',(-4.5,-5.510910596163E-16));
#13086 = CARTESIAN_POINT('',(-1.125,1.948557158515));
#13087 = CARTESIAN_POINT('',(2.25,3.89711431703));
#13088 = CARTESIAN_POINT('',(2.25,0.));
#13089 = ( GEOMETRIC_REPRESENTATION_CONTEXT(2) 
PARAMETRIC_REPRESENTATION_CONTEXT() REPRESENTATION_CONTEXT('2D SPACE',''
  ) );
#13090 = PCURVE('',#13091,#13096);
#13091 = CYLINDRICAL_SURFACE('',#13092,2.25);
#13092 = AXIS2_PLACEMENT_3D('',#13093,#13094,#13095);
#13093 = CARTESIAN_POINT('',(33.234018715768,33.234018715768,49.));
#13094 = DIRECTION('',(-0.,-0.,-1.));
#13095 = DIRECTION('',(1.,0.,0.));
#13096 = DEFINITIONAL_REPRESENTATION('',(#13097),#13101);
#13097 = LINE('',#13098,#13099);
#13098 = CARTESIAN_POINT('',(-6.28318530718,-1.));
#13099 = VECTOR('',#13100,1.);
#13100 = DIRECTION('',(1.,-0.));
#13101 = ( GEOMETRIC_REPRESENTATION_CONTEXT(2) 
PARAMETRIC_REPRESENTATION_CONTEXT() REPRESENTATION_CONTEXT('2D SPACE',''
  ) );
#13102 = ADVANCED_FACE('',(#13103,#13106),#13024,.T.);
#13103 = FACE_BOUND('',#13104,.T.);
#13104 = EDGE_LOOP('',(#13105));
#13105 = ORIENTED_EDGE('',*,*,#13009,.T.);
#13106 = FACE_BOUND('',#13107,.T.);
#13107 = EDGE_LOOP('',(#13108));
#13108 = ORIENTED_EDGE('',*,*,#13109,.T.);
#13109 = EDGE_CURVE('',#13110,#13110,#13112,.T.);
#13110 = VERTEX_POINT('',#13111);
#13111 = CARTESIAN_POINT('',(35.484018715768,33.234018715768,62.));
#13112 = SURFACE_CURVE('',#13113,(#13118,#13129),.PCURVE_S1.);
#13113 = CIRCLE('',#13114,2.25);
#13114 = AXIS2_PLACEMENT_3D('',#13115,#13116,#13117);
#13115 = CARTESIAN_POINT('',(33.234018715768,33.234018715768,62.));
#13116 = DIRECTION('',(0.,0.,-1.));
#13117 = DIRECTION('',(1.,0.,0.));
#13118 = PCURVE('',#13024,#13119);
#13119 = DEFINITIONAL_REPRESENTATION('',(#13120),#13128);
#13120 = ( BOUNDED_CURVE() B_SPLINE_CURVE(2,(#13121,#13122,#13123,#13124
    ,#13125,#13126,#13127),.UNSPECIFIED.,.T.,.F.) 
B_SPLINE_CURVE_WITH_KNOTS((1,2,2,2,2,1),(-2.094395102393,0.,
    2.094395102393,4.188790204786,6.28318530718,8.377580409573),
.UNSPECIFIED.) CURVE() GEOMETRIC_REPRESENTATION_ITEM() 
RATIONAL_B_SPLINE_CURVE((1.,0.5,1.,0.5,1.,0.5,1.)) REPRESENTATION_ITEM(
  '') );
#13121 = CARTESIAN_POINT('',(2.25,0.));
#13122 = CARTESIAN_POINT('',(2.25,-3.89711431703));
#13123 = CARTESIAN_POINT('',(-1.125,-1.948557158515));
#13124 = CARTESIAN_POINT('',(-4.5,-5.510910596163E-16));
#13125 = CARTESIAN_POINT('',(-1.125,1.948557158515));
#13126 = CARTESIAN_POINT('',(2.25,3.89711431703));
#13127 = CARTESIAN_POINT('',(2.25,0.));
#13128 = ( GEOMETRIC_REPRESENTATION_CONTEXT(2) 
PARAMETRIC_REPRESENTATION_CONTEXT() REPRESENTATION_CONTEXT('2D SPACE',''
  ) );
#13129 = PCURVE('',#13091,#13130);
#13130 = DEFINITIONAL_REPRESENTATION('',(#13131),#13135);
#13131 = LINE('',#13132,#13133);
#13132 = CARTESIAN_POINT('',(-6.28318530718,-13.));
#13133 = VECTOR('',#13134,1.);
#13134 = DIRECTION('',(1.,-0.));
#13135 = ( GEOMETRIC_REPRESENTATION_CONTEXT(2) 
PARAMETRIC_REPRESENTATION_CONTEXT() REPRESENTATION_CONTEXT('2D SPACE',''
  ) );
#13136 = ADVANCED_FACE('',(#13137),#13091,.F.);
#13137 = FACE_BOUND('',#13138,.T.);
#13138 = EDGE_LOOP('',(#13139,#13140,#13161,#13162));
#13139 = ORIENTED_EDGE('',*,*,#13070,.T.);
#13140 = ORIENTED_EDGE('',*,*,#13141,.T.);
#13141 = EDGE_CURVE('',#13071,#13110,#13142,.T.);
#13142 = SEAM_CURVE('',#13143,(#13147,#13154),.PCURVE_S1.);
#13143 = LINE('',#13144,#13145);
#13144 = CARTESIAN_POINT('',(35.484018715768,33.234018715768,49.));
#13145 = VECTOR('',#13146,1.);
#13146 = DIRECTION('',(0.,0.,1.));
#13147 = PCURVE('',#13091,#13148);
#13148 = DEFINITIONAL_REPRESENTATION('',(#13149),#13153);
#13149 = LINE('',#13150,#13151);
#13150 = CARTESIAN_POINT('',(-6.28318530718,0.));
#13151 = VECTOR('',#13152,1.);
#13152 = DIRECTION('',(-0.,-1.));
#13153 = ( GEOMETRIC_REPRESENTATION_CONTEXT(2) 
PARAMETRIC_REPRESENTATION_CONTEXT() REPRESENTATION_CONTEXT('2D SPACE',''
  ) );
#13154 = PCURVE('',#13091,#13155);
#13155 = DEFINITIONAL_REPRESENTATION('',(#13156),#13160);
#13156 = LINE('',#13157,#13158);
#13157 = CARTESIAN_POINT('',(-0.,0.));
#13158 = VECTOR('',#13159,1.);
#13159 = DIRECTION('',(-0.,-1.));
#13160 = ( GEOMETRIC_REPRESENTATION_CONTEXT(2) 
PARAMETRIC_REPRESENTATION_CONTEXT() REPRESENTATION_CONTEXT('2D SPACE',''
  ) );
#13161 = ORIENTED_EDGE('',*,*,#13109,.F.);
#13162 = ORIENTED_EDGE('',*,*,#13141,.F.);
#13163 = ( GEOMETRIC_REPRESENTATION_CONTEXT(3) 
GLOBAL_UNCERTAINTY_ASSIGNED_CONTEXT((#13167)) 
GLOBAL_UNIT_ASSIGNED_CONTEXT((#13164,#13165,#13166)) 
REPRESENTATION_CONTEXT('Context #1',
  '3D Context with UNIT and UNCERTAINTY') );
#13164 = ( LENGTH_UNIT() NAMED_UNIT(*) SI_UNIT(.MILLI.,.METRE.) );
#13165 = ( NAMED_UNIT(*) PLANE_ANGLE_UNIT() SI_UNIT($,.RADIAN.) );
#13166 = ( NAMED_UNIT(*) SI_UNIT($,.STERADIAN.) SOLID_ANGLE_UNIT() );
#13167 = UNCERTAINTY_MEASURE_WITH_UNIT(LENGTH_MEASURE(1.E-07),#13164,
  'distance_accuracy_value','confusion accuracy');
#13168 = CONTEXT_DEPENDENT_SHAPE_REPRESENTATION(#13169,#13171);
#13169 = ( REPRESENTATION_RELATIONSHIP('','',#12972,#10) 
REPRESENTATION_RELATIONSHIP_WITH_TRANSFORMATION(#13170) 
SHAPE_REPRESENTATION_RELATIONSHIP() );
#13170 = ITEM_DEFINED_TRANSFORMATION('','',#11,#39);
#13171 = PRODUCT_DEFINITION_SHAPE('Placement','Placement of an item',
  #13172);
#13172 = NEXT_ASSEMBLY_USAGE_OCCURRENCE('7','spacer0','',#5,#12967,$);
#13173 = PRODUCT_RELATED_PRODUCT_CATEGORY('part',$,(#12969));
#13174 = SHAPE_DEFINITION_REPRESENTATION(#13175,#13181);
#13175 = PRODUCT_DEFINITION_SHAPE('','',#13176);
#13176 = PRODUCT_DEFINITION('design','',#13177,#13180);
#13177 = PRODUCT_DEFINITION_FORMATION('','',#13178);
#13178 = PRODUCT('spacer1','spacer1','',(#13179));
#13179 = PRODUCT_CONTEXT('',#2,'mechanical');
#13180 = PRODUCT_DEFINITION_CONTEXT('part definition',#2,'design');
#13181 = ADVANCED_BREP_SHAPE_REPRESENTATION('',(#11,#13182),#13372);
#13182 = MANIFOLD_SOLID_BREP('',#13183);
#13183 = CLOSED_SHELL('',(#13184,#13272,#13311,#13345));
#13184 = ADVANCED_FACE('',(#13185),#13199,.T.);
#13185 = FACE_BOUND('',#13186,.F.);
#13186 = EDGE_LOOP('',(#13187,#13217,#13244,#13245));
#13187 = ORIENTED_EDGE('',*,*,#13188,.T.);
#13188 = EDGE_CURVE('',#13189,#13191,#13193,.T.);
#13189 = VERTEX_POINT('',#13190);
#13190 = CARTESIAN_POINT('',(-27.23401871576,33.234018715768,50.));
#13191 = VERTEX_POINT('',#13192);
#13192 = CARTESIAN_POINT('',(-27.23401871576,33.234018715768,62.));
#13193 = SEAM_CURVE('',#13194,(#13198,#13210),.PCURVE_S1.);
#13194 = LINE('',#13195,#13196);
#13195 = CARTESIAN_POINT('',(-27.23401871576,33.234018715768,50.));
#13196 = VECTOR('',#13197,1.);
#13197 = DIRECTION('',(0.,0.,1.));
#13198 = PCURVE('',#13199,#13204);
#13199 = CYLINDRICAL_SURFACE('',#13200,6.);
#13200 = AXIS2_PLACEMENT_3D('',#13201,#13202,#13203);
#13201 = CARTESIAN_POINT('',(-33.23401871576,33.234018715768,50.));
#13202 = DIRECTION('',(-0.,-0.,-1.));
#13203 = DIRECTION('',(1.,0.,0.));
#13204 = DEFINITIONAL_REPRESENTATION('',(#13205),#13209);
#13205 = LINE('',#13206,#13207);
#13206 = CARTESIAN_POINT('',(-0.,0.));
#13207 = VECTOR('',#13208,1.);
#13208 = DIRECTION('',(-0.,-1.));
#13209 = ( GEOMETRIC_REPRESENTATION_CONTEXT(2) 
PARAMETRIC_REPRESENTATION_CONTEXT() REPRESENTATION_CONTEXT('2D SPACE',''
  ) );
#13210 = PCURVE('',#13199,#13211);
#13211 = DEFINITIONAL_REPRESENTATION('',(#13212),#13216);
#13212 = LINE('',#13213,#13214);
#13213 = CARTESIAN_POINT('',(-6.28318530718,0.));
#13214 = VECTOR('',#13215,1.);
#13215 = DIRECTION('',(-0.,-1.));
#13216 = ( GEOMETRIC_REPRESENTATION_CONTEXT(2) 
PARAMETRIC_REPRESENTATION_CONTEXT() REPRESENTATION_CONTEXT('2D SPACE',''
  ) );
#13217 = ORIENTED_EDGE('',*,*,#13218,.T.);
#13218 = EDGE_CURVE('',#13191,#13191,#13219,.T.);
#13219 = SURFACE_CURVE('',#13220,(#13225,#13232),.PCURVE_S1.);
#13220 = CIRCLE('',#13221,6.);
#13221 = AXIS2_PLACEMENT_3D('',#13222,#13223,#13224);
#13222 = CARTESIAN_POINT('',(-33.23401871576,33.234018715768,62.));
#13223 = DIRECTION('',(0.,0.,1.));
#13224 = DIRECTION('',(1.,0.,0.));
#13225 = PCURVE('',#13199,#13226);
#13226 = DEFINITIONAL_REPRESENTATION('',(#13227),#13231);
#13227 = LINE('',#13228,#13229);
#13228 = CARTESIAN_POINT('',(-0.,-12.));
#13229 = VECTOR('',#13230,1.);
#13230 = DIRECTION('',(-1.,0.));
#13231 = ( GEOMETRIC_REPRESENTATION_CONTEXT(2) 
PARAMETRIC_REPRESENTATION_CONTEXT() REPRESENTATION_CONTEXT('2D SPACE',''
  ) );
#13232 = PCURVE('',#13233,#13238);
#13233 = PLANE('',#13234);
#13234 = AXIS2_PLACEMENT_3D('',#13235,#13236,#13237);
#13235 = CARTESIAN_POINT('',(-33.23401871576,33.234018715768,62.));
#13236 = DIRECTION('',(0.,0.,1.));
#13237 = DIRECTION('',(1.,0.,-0.));
#13238 = DEFINITIONAL_REPRESENTATION('',(#13239),#13243);
#13239 = CIRCLE('',#13240,6.);
#13240 = AXIS2_PLACEMENT_2D('',#13241,#13242);
#13241 = CARTESIAN_POINT('',(0.,0.));
#13242 = DIRECTION('',(1.,0.));
#13243 = ( GEOMETRIC_REPRESENTATION_CONTEXT(2) 
PARAMETRIC_REPRESENTATION_CONTEXT() REPRESENTATION_CONTEXT('2D SPACE',''
  ) );
#13244 = ORIENTED_EDGE('',*,*,#13188,.F.);
#13245 = ORIENTED_EDGE('',*,*,#13246,.F.);
#13246 = EDGE_CURVE('',#13189,#13189,#13247,.T.);
#13247 = SURFACE_CURVE('',#13248,(#13253,#13260),.PCURVE_S1.);
#13248 = CIRCLE('',#13249,6.);
#13249 = AXIS2_PLACEMENT_3D('',#13250,#13251,#13252);
#13250 = CARTESIAN_POINT('',(-33.23401871576,33.234018715768,50.));
#13251 = DIRECTION('',(0.,0.,1.));
#13252 = DIRECTION('',(1.,0.,0.));
#13253 = PCURVE('',#13199,#13254);
#13254 = DEFINITIONAL_REPRESENTATION('',(#13255),#13259);
#13255 = LINE('',#13256,#13257);
#13256 = CARTESIAN_POINT('',(-0.,0.));
#13257 = VECTOR('',#13258,1.);
#13258 = DIRECTION('',(-1.,0.));
#13259 = ( GEOMETRIC_REPRESENTATION_CONTEXT(2) 
PARAMETRIC_REPRESENTATION_CONTEXT() REPRESENTATION_CONTEXT('2D SPACE',''
  ) );
#13260 = PCURVE('',#13261,#13266);
#13261 = PLANE('',#13262);
#13262 = AXIS2_PLACEMENT_3D('',#13263,#13264,#13265);
#13263 = CARTESIAN_POINT('',(-33.23401871576,33.234018715768,50.));
#13264 = DIRECTION('',(0.,0.,1.));
#13265 = DIRECTION('',(1.,0.,-0.));
#13266 = DEFINITIONAL_REPRESENTATION('',(#13267),#13271);
#13267 = CIRCLE('',#13268,6.);
#13268 = AXIS2_PLACEMENT_2D('',#13269,#13270);
#13269 = CARTESIAN_POINT('',(0.,0.));
#13270 = DIRECTION('',(1.,0.));
#13271 = ( GEOMETRIC_REPRESENTATION_CONTEXT(2) 
PARAMETRIC_REPRESENTATION_CONTEXT() REPRESENTATION_CONTEXT('2D SPACE',''
  ) );
#13272 = ADVANCED_FACE('',(#13273,#13276),#13261,.F.);
#13273 = FACE_BOUND('',#13274,.F.);
#13274 = EDGE_LOOP('',(#13275));
#13275 = ORIENTED_EDGE('',*,*,#13246,.T.);
#13276 = FACE_BOUND('',#13277,.F.);
#13277 = EDGE_LOOP('',(#13278));
#13278 = ORIENTED_EDGE('',*,*,#13279,.T.);
#13279 = EDGE_CURVE('',#13280,#13280,#13282,.T.);
#13280 = VERTEX_POINT('',#13281);
#13281 = CARTESIAN_POINT('',(-30.98401871576,33.234018715768,50.));
#13282 = SURFACE_CURVE('',#13283,(#13288,#13299),.PCURVE_S1.);
#13283 = CIRCLE('',#13284,2.25);
#13284 = AXIS2_PLACEMENT_3D('',#13285,#13286,#13287);
#13285 = CARTESIAN_POINT('',(-33.23401871576,33.234018715768,50.));
#13286 = DIRECTION('',(0.,0.,-1.));
#13287 = DIRECTION('',(1.,0.,0.));
#13288 = PCURVE('',#13261,#13289);
#13289 = DEFINITIONAL_REPRESENTATION('',(#13290),#13298);
#13290 = ( BOUNDED_CURVE() B_SPLINE_CURVE(2,(#13291,#13292,#13293,#13294
    ,#13295,#13296,#13297),.UNSPECIFIED.,.T.,.F.) 
B_SPLINE_CURVE_WITH_KNOTS((1,2,2,2,2,1),(-2.094395102393,0.,
    2.094395102393,4.188790204786,6.28318530718,8.377580409573),
.UNSPECIFIED.) CURVE() GEOMETRIC_REPRESENTATION_ITEM() 
RATIONAL_B_SPLINE_CURVE((1.,0.5,1.,0.5,1.,0.5,1.)) REPRESENTATION_ITEM(
  '') );
#13291 = CARTESIAN_POINT('',(2.25,0.));
#13292 = CARTESIAN_POINT('',(2.25,-3.89711431703));
#13293 = CARTESIAN_POINT('',(-1.125,-1.948557158515));
#13294 = CARTESIAN_POINT('',(-4.5,-5.510910596163E-16));
#13295 = CARTESIAN_POINT('',(-1.125,1.948557158515));
#13296 = CARTESIAN_POINT('',(2.25,3.89711431703));
#13297 = CARTESIAN_POINT('',(2.25,0.));
#13298 = ( GEOMETRIC_REPRESENTATION_CONTEXT(2) 
PARAMETRIC_REPRESENTATION_CONTEXT() REPRESENTATION_CONTEXT('2D SPACE',''
  ) );
#13299 = PCURVE('',#13300,#13305);
#13300 = CYLINDRICAL_SURFACE('',#13301,2.25);
#13301 = AXIS2_PLACEMENT_3D('',#13302,#13303,#13304);
#13302 = CARTESIAN_POINT('',(-33.23401871576,33.234018715768,49.));
#13303 = DIRECTION('',(-0.,-0.,-1.));
#13304 = DIRECTION('',(1.,0.,0.));
#13305 = DEFINITIONAL_REPRESENTATION('',(#13306),#13310);
#13306 = LINE('',#13307,#13308);
#13307 = CARTESIAN_POINT('',(-6.28318530718,-1.));
#13308 = VECTOR('',#13309,1.);
#13309 = DIRECTION('',(1.,-0.));
#13310 = ( GEOMETRIC_REPRESENTATION_CONTEXT(2) 
PARAMETRIC_REPRESENTATION_CONTEXT() REPRESENTATION_CONTEXT('2D SPACE',''
  ) );
#13311 = ADVANCED_FACE('',(#13312,#13315),#13233,.T.);
#13312 = FACE_BOUND('',#13313,.T.);
#13313 = EDGE_LOOP('',(#13314));
#13314 = ORIENTED_EDGE('',*,*,#13218,.T.);
#13315 = FACE_BOUND('',#13316,.T.);
#13316 = EDGE_LOOP('',(#13317));
#13317 = ORIENTED_EDGE('',*,*,#13318,.T.);
#13318 = EDGE_CURVE('',#13319,#13319,#13321,.T.);
#13319 = VERTEX_POINT('',#13320);
#13320 = CARTESIAN_POINT('',(-30.98401871576,33.234018715768,62.));
#13321 = SURFACE_CURVE('',#13322,(#13327,#13338),.PCURVE_S1.);
#13322 = CIRCLE('',#13323,2.25);
#13323 = AXIS2_PLACEMENT_3D('',#13324,#13325,#13326);
#13324 = CARTESIAN_POINT('',(-33.23401871576,33.234018715768,62.));
#13325 = DIRECTION('',(0.,0.,-1.));
#13326 = DIRECTION('',(1.,0.,0.));
#13327 = PCURVE('',#13233,#13328);
#13328 = DEFINITIONAL_REPRESENTATION('',(#13329),#13337);
#13329 = ( BOUNDED_CURVE() B_SPLINE_CURVE(2,(#13330,#13331,#13332,#13333
    ,#13334,#13335,#13336),.UNSPECIFIED.,.T.,.F.) 
B_SPLINE_CURVE_WITH_KNOTS((1,2,2,2,2,1),(-2.094395102393,0.,
    2.094395102393,4.188790204786,6.28318530718,8.377580409573),
.UNSPECIFIED.) CURVE() GEOMETRIC_REPRESENTATION_ITEM() 
RATIONAL_B_SPLINE_CURVE((1.,0.5,1.,0.5,1.,0.5,1.)) REPRESENTATION_ITEM(
  '') );
#13330 = CARTESIAN_POINT('',(2.25,0.));
#13331 = CARTESIAN_POINT('',(2.25,-3.89711431703));
#13332 = CARTESIAN_POINT('',(-1.125,-1.948557158515));
#13333 = CARTESIAN_POINT('',(-4.5,-5.510910596163E-16));
#13334 = CARTESIAN_POINT('',(-1.125,1.948557158515));
#13335 = CARTESIAN_POINT('',(2.25,3.89711431703));
#13336 = CARTESIAN_POINT('',(2.25,0.));
#13337 = ( GEOMETRIC_REPRESENTATION_CONTEXT(2) 
PARAMETRIC_REPRESENTATION_CONTEXT() REPRESENTATION_CONTEXT('2D SPACE',''
  ) );
#13338 = PCURVE('',#13300,#13339);
#13339 = DEFINITIONAL_REPRESENTATION('',(#13340),#13344);
#13340 = LINE('',#13341,#13342);
#13341 = CARTESIAN_POINT('',(-6.28318530718,-13.));
#13342 = VECTOR('',#13343,1.);
#13343 = DIRECTION('',(1.,-0.));
#13344 = ( GEOMETRIC_REPRESENTATION_CONTEXT(2) 
PARAMETRIC_REPRESENTATION_CONTEXT() REPRESENTATION_CONTEXT('2D SPACE',''
  ) );
#13345 = ADVANCED_FACE('',(#13346),#13300,.F.);
#13346 = FACE_BOUND('',#13347,.T.);
#13347 = EDGE_LOOP('',(#13348,#13349,#13370,#13371));
#13348 = ORIENTED_EDGE('',*,*,#13279,.T.);
#13349 = ORIENTED_EDGE('',*,*,#13350,.T.);
#13350 = EDGE_CURVE('',#13280,#13319,#13351,.T.);
#13351 = SEAM_CURVE('',#13352,(#13356,#13363),.PCURVE_S1.);
#13352 = LINE('',#13353,#13354);
#13353 = CARTESIAN_POINT('',(-30.98401871576,33.234018715768,49.));
#13354 = VECTOR('',#13355,1.);
#13355 = DIRECTION('',(0.,0.,1.));
#13356 = PCURVE('',#13300,#13357);
#13357 = DEFINITIONAL_REPRESENTATION('',(#13358),#13362);
#13358 = LINE('',#13359,#13360);
#13359 = CARTESIAN_POINT('',(-6.28318530718,0.));
#13360 = VECTOR('',#13361,1.);
#13361 = DIRECTION('',(-0.,-1.));
#13362 = ( GEOMETRIC_REPRESENTATION_CONTEXT(2) 
PARAMETRIC_REPRESENTATION_CONTEXT() REPRESENTATION_CONTEXT('2D SPACE',''
  ) );
#13363 = PCURVE('',#13300,#13364);
#13364 = DEFINITIONAL_REPRESENTATION('',(#13365),#13369);
#13365 = LINE('',#13366,#13367);
#13366 = CARTESIAN_POINT('',(-0.,0.));
#13367 = VECTOR('',#13368,1.);
#13368 = DIRECTION('',(-0.,-1.));
#13369 = ( GEOMETRIC_REPRESENTATION_CONTEXT(2) 
PARAMETRIC_REPRESENTATION_CONTEXT() REPRESENTATION_CONTEXT('2D SPACE',''
  ) );
#13370 = ORIENTED_EDGE('',*,*,#13318,.F.);
#13371 = ORIENTED_EDGE('',*,*,#13350,.F.);
#13372 = ( GEOMETRIC_REPRESENTATION_CONTEXT(3) 
GLOBAL_UNCERTAINTY_ASSIGNED_CONTEXT((#13376)) 
GLOBAL_UNIT_ASSIGNED_CONTEXT((#13373,#13374,#13375)) 
REPRESENTATION_CONTEXT('Context #1',
  '3D Context with UNIT and UNCERTAINTY') );
#13373 = ( LENGTH_UNIT() NAMED_UNIT(*) SI_UNIT(.MILLI.,.METRE.) );
#13374 = ( NAMED_UNIT(*) PLANE_ANGLE_UNIT() SI_UNIT($,.RADIAN.) );
#13375 = ( NAMED_UNIT(*) SI_UNIT($,.STERADIAN.) SOLID_ANGLE_UNIT() );
#13376 = UNCERTAINTY_MEASURE_WITH_UNIT(LENGTH_MEASURE(1.E-07),#13373,
  'distance_accuracy_value','confusion accuracy');
#13377 = CONTEXT_DEPENDENT_SHAPE_REPRESENTATION(#13378,#13380);
#13378 = ( REPRESENTATION_RELATIONSHIP('','',#13181,#10) 
REPRESENTATION_RELATIONSHIP_WITH_TRANSFORMATION(#13379) 
SHAPE_REPRESENTATION_RELATIONSHIP() );
#13379 = ITEM_DEFINED_TRANSFORMATION('','',#11,#43);
#13380 = PRODUCT_DEFINITION_SHAPE('Placement','Placement of an item',
  #13381);
#13381 = NEXT_ASSEMBLY_USAGE_OCCURRENCE('8','spacer1','',#5,#13176,$);
#13382 = PRODUCT_RELATED_PRODUCT_CATEGORY('part',$,(#13178));
#13383 = SHAPE_DEFINITION_REPRESENTATION(#13384,#13390);
#13384 = PRODUCT_DEFINITION_SHAPE('','',#13385);
#13385 = PRODUCT_DEFINITION('design','',#13386,#13389);
#13386 = PRODUCT_DEFINITION_FORMATION('','',#13387);
#13387 = PRODUCT('spacer2','spacer2','',(#13388));
#13388 = PRODUCT_CONTEXT('',#2,'mechanical');
#13389 = PRODUCT_DEFINITION_CONTEXT('part definition',#2,'design');
#13390 = ADVANCED_BREP_SHAPE_REPRESENTATION('',(#11,#13391),#13581);
#13391 = MANIFOLD_SOLID_BREP('',#13392);
#13392 = CLOSED_SHELL('',(#13393,#13481,#13520,#13554));
#13393 = ADVANCED_FACE('',(#13394),#13408,.T.);
#13394 = FACE_BOUND('',#13395,.F.);
#13395 = EDGE_LOOP('',(#13396,#13426,#13453,#13454));
#13396 = ORIENTED_EDGE('',*,*,#13397,.T.);
#13397 = EDGE_CURVE('',#13398,#13400,#13402,.T.);
#13398 = VERTEX_POINT('',#13399);
#13399 = CARTESIAN_POINT('',(-27.23401871576,-33.23401871576,50.));
#13400 = VERTEX_POINT('',#13401);
#13401 = CARTESIAN_POINT('',(-27.23401871576,-33.23401871576,62.));
#13402 = SEAM_CURVE('',#13403,(#13407,#13419),.PCURVE_S1.);
#13403 = LINE('',#13404,#13405);
#13404 = CARTESIAN_POINT('',(-27.23401871576,-33.23401871576,50.));
#13405 = VECTOR('',#13406,1.);
#13406 = DIRECTION('',(0.,0.,1.));
#13407 = PCURVE('',#13408,#13413);
#13408 = CYLINDRICAL_SURFACE('',#13409,6.);
#13409 = AXIS2_PLACEMENT_3D('',#13410,#13411,#13412);
#13410 = CARTESIAN_POINT('',(-33.23401871576,-33.23401871576,50.));
#13411 = DIRECTION('',(-0.,-0.,-1.));
#13412 = DIRECTION('',(1.,0.,0.));
#13413 = DEFINITIONAL_REPRESENTATION('',(#13414),#13418);
#13414 = LINE('',#13415,#13416);
#13415 = CARTESIAN_POINT('',(-0.,0.));
#13416 = VECTOR('',#13417,1.);
#13417 = DIRECTION('',(-0.,-1.));
#13418 = ( GEOMETRIC_REPRESENTATION_CONTEXT(2) 
PARAMETRIC_REPRESENTATION_CONTEXT() REPRESENTATION_CONTEXT('2D SPACE',''
  ) );
#13419 = PCURVE('',#13408,#13420);
#13420 = DEFINITIONAL_REPRESENTATION('',(#13421),#13425);
#13421 = LINE('',#13422,#13423);
#13422 = CARTESIAN_POINT('',(-6.28318530718,0.));
#13423 = VECTOR('',#13424,1.);
#13424 = DIRECTION('',(-0.,-1.));
#13425 = ( GEOMETRIC_REPRESENTATION_CONTEXT(2) 
PARAMETRIC_REPRESENTATION_CONTEXT() REPRESENTATION_CONTEXT('2D SPACE',''
  ) );
#13426 = ORIENTED_EDGE('',*,*,#13427,.T.);
#13427 = EDGE_CURVE('',#13400,#13400,#13428,.T.);
#13428 = SURFACE_CURVE('',#13429,(#13434,#13441),.PCURVE_S1.);
#13429 = CIRCLE('',#13430,6.);
#13430 = AXIS2_PLACEMENT_3D('',#13431,#13432,#13433);
#13431 = CARTESIAN_POINT('',(-33.23401871576,-33.23401871576,62.));
#13432 = DIRECTION('',(0.,0.,1.));
#13433 = DIRECTION('',(1.,0.,0.));
#13434 = PCURVE('',#13408,#13435);
#13435 = DEFINITIONAL_REPRESENTATION('',(#13436),#13440);
#13436 = LINE('',#13437,#13438);
#13437 = CARTESIAN_POINT('',(-0.,-12.));
#13438 = VECTOR('',#13439,1.);
#13439 = DIRECTION('',(-1.,0.));
#13440 = ( GEOMETRIC_REPRESENTATION_CONTEXT(2) 
PARAMETRIC_REPRESENTATION_CONTEXT() REPRESENTATION_CONTEXT('2D SPACE',''
  ) );
#13441 = PCURVE('',#13442,#13447);
#13442 = PLANE('',#13443);
#13443 = AXIS2_PLACEMENT_3D('',#13444,#13445,#13446);
#13444 = CARTESIAN_POINT('',(-33.23401871576,-33.23401871576,62.));
#13445 = DIRECTION('',(0.,0.,1.));
#13446 = DIRECTION('',(1.,0.,-0.));
#13447 = DEFINITIONAL_REPRESENTATION('',(#13448),#13452);
#13448 = CIRCLE('',#13449,6.);
#13449 = AXIS2_PLACEMENT_2D('',#13450,#13451);
#13450 = CARTESIAN_POINT('',(0.,0.));
#13451 = DIRECTION('',(1.,0.));
#13452 = ( GEOMETRIC_REPRESENTATION_CONTEXT(2) 
PARAMETRIC_REPRESENTATION_CONTEXT() REPRESENTATION_CONTEXT('2D SPACE',''
  ) );
#13453 = ORIENTED_EDGE('',*,*,#13397,.F.);
#13454 = ORIENTED_EDGE('',*,*,#13455,.F.);
#13455 = EDGE_CURVE('',#13398,#13398,#13456,.T.);
#13456 = SURFACE_CURVE('',#13457,(#13462,#13469),.PCURVE_S1.);
#13457 = CIRCLE('',#13458,6.);
#13458 = AXIS2_PLACEMENT_3D('',#13459,#13460,#13461);
#13459 = CARTESIAN_POINT('',(-33.23401871576,-33.23401871576,50.));
#13460 = DIRECTION('',(0.,0.,1.));
#13461 = DIRECTION('',(1.,0.,0.));
#13462 = PCURVE('',#13408,#13463);
#13463 = DEFINITIONAL_REPRESENTATION('',(#13464),#13468);
#13464 = LINE('',#13465,#13466);
#13465 = CARTESIAN_POINT('',(-0.,0.));
#13466 = VECTOR('',#13467,1.);
#13467 = DIRECTION('',(-1.,0.));
#13468 = ( GEOMETRIC_REPRESENTATION_CONTEXT(2) 
PARAMETRIC_REPRESENTATION_CONTEXT() REPRESENTATION_CONTEXT('2D SPACE',''
  ) );
#13469 = PCURVE('',#13470,#13475);
#13470 = PLANE('',#13471);
#13471 = AXIS2_PLACEMENT_3D('',#13472,#13473,#13474);
#13472 = CARTESIAN_POINT('',(-33.23401871576,-33.23401871576,50.));
#13473 = DIRECTION('',(0.,0.,1.));
#13474 = DIRECTION('',(1.,0.,-0.));
#13475 = DEFINITIONAL_REPRESENTATION('',(#13476),#13480);
#13476 = CIRCLE('',#13477,6.);
#13477 = AXIS2_PLACEMENT_2D('',#13478,#13479);
#13478 = CARTESIAN_POINT('',(0.,0.));
#13479 = DIRECTION('',(1.,0.));
#13480 = ( GEOMETRIC_REPRESENTATION_CONTEXT(2) 
PARAMETRIC_REPRESENTATION_CONTEXT() REPRESENTATION_CONTEXT('2D SPACE',''
  ) );
#13481 = ADVANCED_FACE('',(#13482,#13485),#13470,.F.);
#13482 = FACE_BOUND('',#13483,.F.);
#13483 = EDGE_LOOP('',(#13484));
#13484 = ORIENTED_EDGE('',*,*,#13455,.T.);
#13485 = FACE_BOUND('',#13486,.F.);
#13486 = EDGE_LOOP('',(#13487));
#13487 = ORIENTED_EDGE('',*,*,#13488,.T.);
#13488 = EDGE_CURVE('',#13489,#13489,#13491,.T.);
#13489 = VERTEX_POINT('',#13490);
#13490 = CARTESIAN_POINT('',(-30.98401871576,-33.23401871576,50.));
#13491 = SURFACE_CURVE('',#13492,(#13497,#13508),.PCURVE_S1.);
#13492 = CIRCLE('',#13493,2.25);
#13493 = AXIS2_PLACEMENT_3D('',#13494,#13495,#13496);
#13494 = CARTESIAN_POINT('',(-33.23401871576,-33.23401871576,50.));
#13495 = DIRECTION('',(0.,0.,-1.));
#13496 = DIRECTION('',(1.,0.,0.));
#13497 = PCURVE('',#13470,#13498);
#13498 = DEFINITIONAL_REPRESENTATION('',(#13499),#13507);
#13499 = ( BOUNDED_CURVE() B_SPLINE_CURVE(2,(#13500,#13501,#13502,#13503
    ,#13504,#13505,#13506),.UNSPECIFIED.,.T.,.F.) 
B_SPLINE_CURVE_WITH_KNOTS((1,2,2,2,2,1),(-2.094395102393,0.,
    2.094395102393,4.188790204786,6.28318530718,8.377580409573),
.UNSPECIFIED.) CURVE() GEOMETRIC_REPRESENTATION_ITEM() 
RATIONAL_B_SPLINE_CURVE((1.,0.5,1.,0.5,1.,0.5,1.)) REPRESENTATION_ITEM(
  '') );
#13500 = CARTESIAN_POINT('',(2.25,0.));
#13501 = CARTESIAN_POINT('',(2.25,-3.89711431703));
#13502 = CARTESIAN_POINT('',(-1.125,-1.948557158515));
#13503 = CARTESIAN_POINT('',(-4.5,-5.510910596163E-16));
#13504 = CARTESIAN_POINT('',(-1.125,1.948557158515));
#13505 = CARTESIAN_POINT('',(2.25,3.89711431703));
#13506 = CARTESIAN_POINT('',(2.25,0.));
#13507 = ( GEOMETRIC_REPRESENTATION_CONTEXT(2) 
PARAMETRIC_REPRESENTATION_CONTEXT() REPRESENTATION_CONTEXT('2D SPACE',''
  ) );
#13508 = PCURVE('',#13509,#13514);
#13509 = CYLINDRICAL_SURFACE('',#13510,2.25);
#13510 = AXIS2_PLACEMENT_3D('',#13511,#13512,#13513);
#13511 = CARTESIAN_POINT('',(-33.23401871576,-33.23401871576,49.));
#13512 = DIRECTION('',(-0.,-0.,-1.));
#13513 = DIRECTION('',(1.,0.,0.));
#13514 = DEFINITIONAL_REPRESENTATION('',(#13515),#13519);
#13515 = LINE('',#13516,#13517);
#13516 = CARTESIAN_POINT('',(-6.28318530718,-1.));
#13517 = VECTOR('',#13518,1.);
#13518 = DIRECTION('',(1.,-0.));
#13519 = ( GEOMETRIC_REPRESENTATION_CONTEXT(2) 
PARAMETRIC_REPRESENTATION_CONTEXT() REPRESENTATION_CONTEXT('2D SPACE',''
  ) );
#13520 = ADVANCED_FACE('',(#13521,#13524),#13442,.T.);
#13521 = FACE_BOUND('',#13522,.T.);
#13522 = EDGE_LOOP('',(#13523));
#13523 = ORIENTED_EDGE('',*,*,#13427,.T.);
#13524 = FACE_BOUND('',#13525,.T.);
#13525 = EDGE_LOOP('',(#13526));
#13526 = ORIENTED_EDGE('',*,*,#13527,.T.);
#13527 = EDGE_CURVE('',#13528,#13528,#13530,.T.);
#13528 = VERTEX_POINT('',#13529);
#13529 = CARTESIAN_POINT('',(-30.98401871576,-33.23401871576,62.));
#13530 = SURFACE_CURVE('',#13531,(#13536,#13547),.PCURVE_S1.);
#13531 = CIRCLE('',#13532,2.25);
#13532 = AXIS2_PLACEMENT_3D('',#13533,#13534,#13535);
#13533 = CARTESIAN_POINT('',(-33.23401871576,-33.23401871576,62.));
#13534 = DIRECTION('',(0.,0.,-1.));
#13535 = DIRECTION('',(1.,0.,0.));
#13536 = PCURVE('',#13442,#13537);
#13537 = DEFINITIONAL_REPRESENTATION('',(#13538),#13546);
#13538 = ( BOUNDED_CURVE() B_SPLINE_CURVE(2,(#13539,#13540,#13541,#13542
    ,#13543,#13544,#13545),.UNSPECIFIED.,.T.,.F.) 
B_SPLINE_CURVE_WITH_KNOTS((1,2,2,2,2,1),(-2.094395102393,0.,
    2.094395102393,4.188790204786,6.28318530718,8.377580409573),
.UNSPECIFIED.) CURVE() GEOMETRIC_REPRESENTATION_ITEM() 
RATIONAL_B_SPLINE_CURVE((1.,0.5,1.,0.5,1.,0.5,1.)) REPRESENTATION_ITEM(
  '') );
#13539 = CARTESIAN_POINT('',(2.25,0.));
#13540 = CARTESIAN_POINT('',(2.25,-3.89711431703));
#13541 = CARTESIAN_POINT('',(-1.125,-1.948557158515));
#13542 = CARTESIAN_POINT('',(-4.5,-5.510910596163E-16));
#13543 = CARTESIAN_POINT('',(-1.125,1.948557158515));
#13544 = CARTESIAN_POINT('',(2.25,3.89711431703));
#13545 = CARTESIAN_POINT('',(2.25,0.));
#13546 = ( GEOMETRIC_REPRESENTATION_CONTEXT(2) 
PARAMETRIC_REPRESENTATION_CONTEXT() REPRESENTATION_CONTEXT('2D SPACE',''
  ) );
#13547 = PCURVE('',#13509,#13548);
#13548 = DEFINITIONAL_REPRESENTATION('',(#13549),#13553);
#13549 = LINE('',#13550,#13551);
#13550 = CARTESIAN_POINT('',(-6.28318530718,-13.));
#13551 = VECTOR('',#13552,1.);
#13552 = DIRECTION('',(1.,-0.));
#13553 = ( GEOMETRIC_REPRESENTATION_CONTEXT(2) 
PARAMETRIC_REPRESENTATION_CONTEXT() REPRESENTATION_CONTEXT('2D SPACE',''
  ) );
#13554 = ADVANCED_FACE('',(#13555),#13509,.F.);
#13555 = FACE_BOUND('',#13556,.T.);
#13556 = EDGE_LOOP('',(#13557,#13558,#13579,#13580));
#13557 = ORIENTED_EDGE('',*,*,#13488,.T.);
#13558 = ORIENTED_EDGE('',*,*,#13559,.T.);
#13559 = EDGE_CURVE('',#13489,#13528,#13560,.T.);
#13560 = SEAM_CURVE('',#13561,(#13565,#13572),.PCURVE_S1.);
#13561 = LINE('',#13562,#13563);
#13562 = CARTESIAN_POINT('',(-30.98401871576,-33.23401871576,49.));
#13563 = VECTOR('',#13564,1.);
#13564 = DIRECTION('',(0.,0.,1.));
#13565 = PCURVE('',#13509,#13566);
#13566 = DEFINITIONAL_REPRESENTATION('',(#13567),#13571);
#13567 = LINE('',#13568,#13569);
#13568 = CARTESIAN_POINT('',(-6.28318530718,0.));
#13569 = VECTOR('',#13570,1.);
#13570 = DIRECTION('',(-0.,-1.));
#13571 = ( GEOMETRIC_REPRESENTATION_CONTEXT(2) 
PARAMETRIC_REPRESENTATION_CONTEXT() REPRESENTATION_CONTEXT('2D SPACE',''
  ) );
#13572 = PCURVE('',#13509,#13573);
#13573 = DEFINITIONAL_REPRESENTATION('',(#13574),#13578);
#13574 = LINE('',#13575,#13576);
#13575 = CARTESIAN_POINT('',(-0.,0.));
#13576 = VECTOR('',#13577,1.);
#13577 = DIRECTION('',(-0.,-1.));
#13578 = ( GEOMETRIC_REPRESENTATION_CONTEXT(2) 
PARAMETRIC_REPRESENTATION_CONTEXT() REPRESENTATION_CONTEXT('2D SPACE',''
  ) );
#13579 = ORIENTED_EDGE('',*,*,#13527,.F.);
#13580 = ORIENTED_EDGE('',*,*,#13559,.F.);
#13581 = ( GEOMETRIC_REPRESENTATION_CONTEXT(3) 
GLOBAL_UNCERTAINTY_ASSIGNED_CONTEXT((#13585)) 
GLOBAL_UNIT_ASSIGNED_CONTEXT((#13582,#13583,#13584)) 
REPRESENTATION_CONTEXT('Context #1',
  '3D Context with UNIT and UNCERTAINTY') );
#13582 = ( LENGTH_UNIT() NAMED_UNIT(*) SI_UNIT(.MILLI.,.METRE.) );
#13583 = ( NAMED_UNIT(*) PLANE_ANGLE_UNIT() SI_UNIT($,.RADIAN.) );
#13584 = ( NAMED_UNIT(*) SI_UNIT($,.STERADIAN.) SOLID_ANGLE_UNIT() );
#13585 = UNCERTAINTY_MEASURE_WITH_UNIT(LENGTH_MEASURE(1.E-07),#13582,
  'distance_accuracy_value','confusion accuracy');
#13586 = CONTEXT_DEPENDENT_SHAPE_REPRESENTATION(#13587,#13589);
#13587 = ( REPRESENTATION_RELATIONSHIP('','',#13390,#10) 
REPRESENTATION_RELATIONSHIP_WITH_TRANSFORMATION(#13588) 
SHAPE_REPRESENTATION_RELATIONSHIP() );
#13588 = ITEM_DEFINED_TRANSFORMATION('','',#11,#47);
#13589 = PRODUCT_DEFINITION_SHAPE('Placement','Placement of an item',
  #13590);
#13590 = NEXT_ASSEMBLY_USAGE_OCCURRENCE('9','spacer2','',#5,#13385,$);
#13591 = PRODUCT_RELATED_PRODUCT_CATEGORY('part',$,(#13387));
#13592 = SHAPE_DEFINITION_REPRESENTATION(#13593,#13599);
#13593 = PRODUCT_DEFINITION_SHAPE('','',#13594);
#13594 = PRODUCT_DEFINITION('design','',#13595,#13598);
#13595 = PRODUCT_DEFINITION_FORMATION('','',#13596);
#13596 = PRODUCT('spacer3','spacer3','',(#13597));
#13597 = PRODUCT_CONTEXT('',#2,'mechanical');
#13598 = PRODUCT_DEFINITION_CONTEXT('part definition',#2,'design');
#13599 = ADVANCED_BREP_SHAPE_REPRESENTATION('',(#11,#13600),#13790);
#13600 = MANIFOLD_SOLID_BREP('',#13601);
#13601 = CLOSED_SHELL('',(#13602,#13690,#13729,#13763));
#13602 = ADVANCED_FACE('',(#13603),#13617,.T.);
#13603 = FACE_BOUND('',#13604,.F.);
#13604 = EDGE_LOOP('',(#13605,#13635,#13662,#13663));
#13605 = ORIENTED_EDGE('',*,*,#13606,.T.);
#13606 = EDGE_CURVE('',#13607,#13609,#13611,.T.);
#13607 = VERTEX_POINT('',#13608);
#13608 = CARTESIAN_POINT('',(39.234018715768,-33.23401871576,50.));
#13609 = VERTEX_POINT('',#13610);
#13610 = CARTESIAN_POINT('',(39.234018715768,-33.23401871576,62.));
#13611 = SEAM_CURVE('',#13612,(#13616,#13628),.PCURVE_S1.);
#13612 = LINE('',#13613,#13614);
#13613 = CARTESIAN_POINT('',(39.234018715768,-33.23401871576,50.));
#13614 = VECTOR('',#13615,1.);
#13615 = DIRECTION('',(0.,0.,1.));
#13616 = PCURVE('',#13617,#13622);
#13617 = CYLINDRICAL_SURFACE('',#13618,6.);
#13618 = AXIS2_PLACEMENT_3D('',#13619,#13620,#13621);
#13619 = CARTESIAN_POINT('',(33.234018715768,-33.23401871576,50.));
#13620 = DIRECTION('',(-0.,-0.,-1.));
#13621 = DIRECTION('',(1.,0.,0.));
#13622 = DEFINITIONAL_REPRESENTATION('',(#13623),#13627);
#13623 = LINE('',#13624,#13625);
#13624 = CARTESIAN_POINT('',(-0.,0.));
#13625 = VECTOR('',#13626,1.);
#13626 = DIRECTION('',(-0.,-1.));
#13627 = ( GEOMETRIC_REPRESENTATION_CONTEXT(2) 
PARAMETRIC_REPRESENTATION_CONTEXT() REPRESENTATION_CONTEXT('2D SPACE',''
  ) );
#13628 = PCURVE('',#13617,#13629);
#13629 = DEFINITIONAL_REPRESENTATION('',(#13630),#13634);
#13630 = LINE('',#13631,#13632);
#13631 = CARTESIAN_POINT('',(-6.28318530718,0.));
#13632 = VECTOR('',#13633,1.);
#13633 = DIRECTION('',(-0.,-1.));
#13634 = ( GEOMETRIC_REPRESENTATION_CONTEXT(2) 
PARAMETRIC_REPRESENTATION_CONTEXT() REPRESENTATION_CONTEXT('2D SPACE',''
  ) );
#13635 = ORIENTED_EDGE('',*,*,#13636,.T.);
#13636 = EDGE_CURVE('',#13609,#13609,#13637,.T.);
#13637 = SURFACE_CURVE('',#13638,(#13643,#13650),.PCURVE_S1.);
#13638 = CIRCLE('',#13639,6.);
#13639 = AXIS2_PLACEMENT_3D('',#13640,#13641,#13642);
#13640 = CARTESIAN_POINT('',(33.234018715768,-33.23401871576,62.));
#13641 = DIRECTION('',(0.,0.,1.));
#13642 = DIRECTION('',(1.,0.,0.));
#13643 = PCURVE('',#13617,#13644);
#13644 = DEFINITIONAL_REPRESENTATION('',(#13645),#13649);
#13645 = LINE('',#13646,#13647);
#13646 = CARTESIAN_POINT('',(-0.,-12.));
#13647 = VECTOR('',#13648,1.);
#13648 = DIRECTION('',(-1.,0.));
#13649 = ( GEOMETRIC_REPRESENTATION_CONTEXT(2) 
PARAMETRIC_REPRESENTATION_CONTEXT() REPRESENTATION_CONTEXT('2D SPACE',''
  ) );
#13650 = PCURVE('',#13651,#13656);
#13651 = PLANE('',#13652);
#13652 = AXIS2_PLACEMENT_3D('',#13653,#13654,#13655);
#13653 = CARTESIAN_POINT('',(33.234018715768,-33.23401871576,62.));
#13654 = DIRECTION('',(0.,0.,1.));
#13655 = DIRECTION('',(1.,0.,-0.));
#13656 = DEFINITIONAL_REPRESENTATION('',(#13657),#13661);
#13657 = CIRCLE('',#13658,6.);
#13658 = AXIS2_PLACEMENT_2D('',#13659,#13660);
#13659 = CARTESIAN_POINT('',(0.,0.));
#13660 = DIRECTION('',(1.,0.));
#13661 = ( GEOMETRIC_REPRESENTATION_CONTEXT(2) 
PARAMETRIC_REPRESENTATION_CONTEXT() REPRESENTATION_CONTEXT('2D SPACE',''
  ) );
#13662 = ORIENTED_EDGE('',*,*,#13606,.F.);
#13663 = ORIENTED_EDGE('',*,*,#13664,.F.);
#13664 = EDGE_CURVE('',#13607,#13607,#13665,.T.);
#13665 = SURFACE_CURVE('',#13666,(#13671,#13678),.PCURVE_S1.);
#13666 = CIRCLE('',#13667,6.);
#13667 = AXIS2_PLACEMENT_3D('',#13668,#13669,#13670);
#13668 = CARTESIAN_POINT('',(33.234018715768,-33.23401871576,50.));
#13669 = DIRECTION('',(0.,0.,1.));
#13670 = DIRECTION('',(1.,0.,0.));
#13671 = PCURVE('',#13617,#13672);
#13672 = DEFINITIONAL_REPRESENTATION('',(#13673),#13677);
#13673 = LINE('',#13674,#13675);
#13674 = CARTESIAN_POINT('',(-0.,0.));
#13675 = VECTOR('',#13676,1.);
#13676 = DIRECTION('',(-1.,0.));
#13677 = ( GEOMETRIC_REPRESENTATION_CONTEXT(2) 
PARAMETRIC_REPRESENTATION_CONTEXT() REPRESENTATION_CONTEXT('2D SPACE',''
  ) );
#13678 = PCURVE('',#13679,#13684);
#13679 = PLANE('',#13680);
#13680 = AXIS2_PLACEMENT_3D('',#13681,#13682,#13683);
#13681 = CARTESIAN_POINT('',(33.234018715768,-33.23401871576,50.));
#13682 = DIRECTION('',(0.,0.,1.));
#13683 = DIRECTION('',(1.,0.,-0.));
#13684 = DEFINITIONAL_REPRESENTATION('',(#13685),#13689);
#13685 = CIRCLE('',#13686,6.);
#13686 = AXIS2_PLACEMENT_2D('',#13687,#13688);
#13687 = CARTESIAN_POINT('',(0.,0.));
#13688 = DIRECTION('',(1.,0.));
#13689 = ( GEOMETRIC_REPRESENTATION_CONTEXT(2) 
PARAMETRIC_REPRESENTATION_CONTEXT() REPRESENTATION_CONTEXT('2D SPACE',''
  ) );
#13690 = ADVANCED_FACE('',(#13691,#13694),#13679,.F.);
#13691 = FACE_BOUND('',#13692,.F.);
#13692 = EDGE_LOOP('',(#13693));
#13693 = ORIENTED_EDGE('',*,*,#13664,.T.);
#13694 = FACE_BOUND('',#13695,.F.);
#13695 = EDGE_LOOP('',(#13696));
#13696 = ORIENTED_EDGE('',*,*,#13697,.T.);
#13697 = EDGE_CURVE('',#13698,#13698,#13700,.T.);
#13698 = VERTEX_POINT('',#13699);
#13699 = CARTESIAN_POINT('',(35.484018715768,-33.23401871576,50.));
#13700 = SURFACE_CURVE('',#13701,(#13706,#13717),.PCURVE_S1.);
#13701 = CIRCLE('',#13702,2.25);
#13702 = AXIS2_PLACEMENT_3D('',#13703,#13704,#13705);
#13703 = CARTESIAN_POINT('',(33.234018715768,-33.23401871576,50.));
#13704 = DIRECTION('',(0.,0.,-1.));
#13705 = DIRECTION('',(1.,0.,0.));
#13706 = PCURVE('',#13679,#13707);
#13707 = DEFINITIONAL_REPRESENTATION('',(#13708),#13716);
#13708 = ( BOUNDED_CURVE() B_SPLINE_CURVE(2,(#13709,#13710,#13711,#13712
    ,#13713,#13714,#13715),.UNSPECIFIED.,.T.,.F.) 
B_SPLINE_CURVE_WITH_KNOTS((1,2,2,2,2,1),(-2.094395102393,0.,
    2.094395102393,4.188790204786,6.28318530718,8.377580409573),
.UNSPECIFIED.) CURVE() GEOMETRIC_REPRESENTATION_ITEM() 
RATIONAL_B_SPLINE_CURVE((1.,0.5,1.,0.5,1.,0.5,1.)) REPRESENTATION_ITEM(
  '') );
#13709 = CARTESIAN_POINT('',(2.25,0.));
#13710 = CARTESIAN_POINT('',(2.25,-3.89711431703));
#13711 = CARTESIAN_POINT('',(-1.125,-1.948557158515));
#13712 = CARTESIAN_POINT('',(-4.5,-5.510910596163E-16));
#13713 = CARTESIAN_POINT('',(-1.125,1.948557158515));
#13714 = CARTESIAN_POINT('',(2.25,3.89711431703));
#13715 = CARTESIAN_POINT('',(2.25,0.));
#13716 = ( GEOMETRIC_REPRESENTATION_CONTEXT(2) 
PARAMETRIC_REPRESENTATION_CONTEXT() REPRESENTATION_CONTEXT('2D SPACE',''
  ) );
#13717 = PCURVE('',#13718,#13723);
#13718 = CYLINDRICAL_SURFACE('',#13719,2.25);
#13719 = AXIS2_PLACEMENT_3D('',#13720,#13721,#13722);
#13720 = CARTESIAN_POINT('',(33.234018715768,-33.23401871576,49.));
#13721 = DIRECTION('',(-0.,-0.,-1.));
#13722 = DIRECTION('',(1.,0.,0.));
#13723 = DEFINITIONAL_REPRESENTATION('',(#13724),#13728);
#13724 = LINE('',#13725,#13726);
#13725 = CARTESIAN_POINT('',(-6.28318530718,-1.));
#13726 = VECTOR('',#13727,1.);
#13727 = DIRECTION('',(1.,-0.));
#13728 = ( GEOMETRIC_REPRESENTATION_CONTEXT(2) 
PARAMETRIC_REPRESENTATION_CONTEXT() REPRESENTATION_CONTEXT('2D SPACE',''
  ) );
#13729 = ADVANCED_FACE('',(#13730,#13733),#13651,.T.);
#13730 = FACE_BOUND('',#13731,.T.);
#13731 = EDGE_LOOP('',(#13732));
#13732 = ORIENTED_EDGE('',*,*,#13636,.T.);
#13733 = FACE_BOUND('',#13734,.T.);
#13734 = EDGE_LOOP('',(#13735));
#13735 = ORIENTED_EDGE('',*,*,#13736,.T.);
#13736 = EDGE_CURVE('',#13737,#13737,#13739,.T.);
#13737 = VERTEX_POINT('',#13738);
#13738 = CARTESIAN_POINT('',(35.484018715768,-33.23401871576,62.));
#13739 = SURFACE_CURVE('',#13740,(#13745,#13756),.PCURVE_S1.);
#13740 = CIRCLE('',#13741,2.25);
#13741 = AXIS2_PLACEMENT_3D('',#13742,#13743,#13744);
#13742 = CARTESIAN_POINT('',(33.234018715768,-33.23401871576,62.));
#13743 = DIRECTION('',(0.,0.,-1.));
#13744 = DIRECTION('',(1.,0.,0.));
#13745 = PCURVE('',#13651,#13746);
#13746 = DEFINITIONAL_REPRESENTATION('',(#13747),#13755);
#13747 = ( BOUNDED_CURVE() B_SPLINE_CURVE(2,(#13748,#13749,#13750,#13751
    ,#13752,#13753,#13754),.UNSPECIFIED.,.T.,.F.) 
B_SPLINE_CURVE_WITH_KNOTS((1,2,2,2,2,1),(-2.094395102393,0.,
    2.094395102393,4.188790204786,6.28318530718,8.377580409573),
.UNSPECIFIED.) CURVE() GEOMETRIC_REPRESENTATION_ITEM() 
RATIONAL_B_SPLINE_CURVE((1.,0.5,1.,0.5,1.,0.5,1.)) REPRESENTATION_ITEM(
  '') );
#13748 = CARTESIAN_POINT('',(2.25,0.));
#13749 = CARTESIAN_POINT('',(2.25,-3.89711431703));
#13750 = CARTESIAN_POINT('',(-1.125,-1.948557158515));
#13751 = CARTESIAN_POINT('',(-4.5,-5.510910596163E-16));
#13752 = CARTESIAN_POINT('',(-1.125,1.948557158515));
#13753 = CARTESIAN_POINT('',(2.25,3.89711431703));
#13754 = CARTESIAN_POINT('',(2.25,0.));
#13755 = ( GEOMETRIC_REPRESENTATION_CONTEXT(2) 
PARAMETRIC_REPRESENTATION_CONTEXT() REPRESENTATION_CONTEXT('2D SPACE',''
  ) );
#13756 = PCURVE('',#13718,#13757);
#13757 = DEFINITIONAL_REPRESENTATION('',(#13758),#13762);
#13758 = LINE('',#13759,#13760);
#13759 = CARTESIAN_POINT('',(-6.28318530718,-13.));
#13760 = VECTOR('',#13761,1.);
#13761 = DIRECTION('',(1.,-0.));
#13762 = ( GEOMETRIC_REPRESENTATION_CONTEXT(2) 
PARAMETRIC_REPRESENTATION_CONTEXT() REPRESENTATION_CONTEXT('2D SPACE',''
  ) );
#13763 = ADVANCED_FACE('',(#13764),#13718,.F.);
#13764 = FACE_BOUND('',#13765,.T.);
#13765 = EDGE_LOOP('',(#13766,#13767,#13788,#13789));
#13766 = ORIENTED_EDGE('',*,*,#13697,.T.);
#13767 = ORIENTED_EDGE('',*,*,#13768,.T.);
#13768 = EDGE_CURVE('',#13698,#13737,#13769,.T.);
#13769 = SEAM_CURVE('',#13770,(#13774,#13781),.PCURVE_S1.);
#13770 = LINE('',#13771,#13772);
#13771 = CARTESIAN_POINT('',(35.484018715768,-33.23401871576,49.));
#13772 = VECTOR('',#13773,1.);
#13773 = DIRECTION('',(0.,0.,1.));
#13774 = PCURVE('',#13718,#13775);
#13775 = DEFINITIONAL_REPRESENTATION('',(#13776),#13780);
#13776 = LINE('',#13777,#13778);
#13777 = CARTESIAN_POINT('',(-6.28318530718,0.));
#13778 = VECTOR('',#13779,1.);
#13779 = DIRECTION('',(-0.,-1.));
#13780 = ( GEOMETRIC_REPRESENTATION_CONTEXT(2) 
PARAMETRIC_REPRESENTATION_CONTEXT() REPRESENTATION_CONTEXT('2D SPACE',''
  ) );
#13781 = PCURVE('',#13718,#13782);
#13782 = DEFINITIONAL_REPRESENTATION('',(#13783),#13787);
#13783 = LINE('',#13784,#13785);
#13784 = CARTESIAN_POINT('',(-0.,0.));
#13785 = VECTOR('',#13786,1.);
#13786 = DIRECTION('',(-0.,-1.));
#13787 = ( GEOMETRIC_REPRESENTATION_CONTEXT(2) 
PARAMETRIC_REPRESENTATION_CONTEXT() REPRESENTATION_CONTEXT('2D SPACE',''
  ) );
#13788 = ORIENTED_EDGE('',*,*,#13736,.F.);
#13789 = ORIENTED_EDGE('',*,*,#13768,.F.);
#13790 = ( GEOMETRIC_REPRESENTATION_CONTEXT(3) 
GLOBAL_UNCERTAINTY_ASSIGNED_CONTEXT((#13794)) 
GLOBAL_UNIT_ASSIGNED_CONTEXT((#13791,#13792,#13793)) 
REPRESENTATION_CONTEXT('Context #1',
  '3D Context with UNIT and UNCERTAINTY') );
#13791 = ( LENGTH_UNIT() NAMED_UNIT(*) SI_UNIT(.MILLI.,.METRE.) );
#13792 = ( NAMED_UNIT(*) PLANE_ANGLE_UNIT() SI_UNIT($,.RADIAN.) );
#13793 = ( NAMED_UNIT(*) SI_UNIT($,.STERADIAN.) SOLID_ANGLE_UNIT() );
#13794 = UNCERTAINTY_MEASURE_WITH_UNIT(LENGTH_MEASURE(1.E-07),#13791,
  'distance_accuracy_value','confusion accuracy');
#13795 = CONTEXT_DEPENDENT_SHAPE_REPRESENTATION(#13796,#13798);
#13796 = ( REPRESENTATION_RELATIONSHIP('','',#13599,#10) 
REPRESENTATION_RELATIONSHIP_WITH_TRANSFORMATION(#13797) 
SHAPE_REPRESENTATION_RELATIONSHIP() );
#13797 = ITEM_DEFINED_TRANSFORMATION('','',#11,#51);
#13798 = PRODUCT_DEFINITION_SHAPE('Placement','Placement of an item',
  #13799);
#13799 = NEXT_ASSEMBLY_USAGE_OCCURRENCE('10','spacer3','',#5,#13594,$);
#13800 = PRODUCT_RELATED_PRODUCT_CATEGORY('part',$,(#13596));
#13801 = SHAPE_DEFINITION_REPRESENTATION(#13802,#13808);
#13802 = PRODUCT_DEFINITION_SHAPE('','',#13803);
#13803 = PRODUCT_DEFINITION('design','',#13804,#13807);
#13804 = PRODUCT_DEFINITION_FORMATION('','',#13805);
#13805 = PRODUCT('motor','motor','',(#13806));
#13806 = PRODUCT_CONTEXT('',#2,'mechanical');
#13807 = PRODUCT_DEFINITION_CONTEXT('part definition',#2,'design');
#13808 = ADVANCED_BREP_SHAPE_REPRESENTATION('',(#11,#13809),#14323);
#13809 = MANIFOLD_SOLID_BREP('',#13810);
#13810 = CLOSED_SHELL('',(#13811,#13931,#14007,#14087,#14136,#14163,
    #14170,#14225,#14264,#14319));
#13811 = ADVANCED_FACE('',(#13812),#13826,.F.);
#13812 = FACE_BOUND('',#13813,.F.);
#13813 = EDGE_LOOP('',(#13814,#13849,#13877,#13905));
#13814 = ORIENTED_EDGE('',*,*,#13815,.F.);
#13815 = EDGE_CURVE('',#13816,#13818,#13820,.T.);
#13816 = VERTEX_POINT('',#13817);
#13817 = CARTESIAN_POINT('',(-21.,-21.,6.));
#13818 = VERTEX_POINT('',#13819);
#13819 = CARTESIAN_POINT('',(-21.,-21.,46.));
#13820 = SURFACE_CURVE('',#13821,(#13825,#13837),.PCURVE_S1.);
#13821 = LINE('',#13822,#13823);
#13822 = CARTESIAN_POINT('',(-21.,-21.,6.));
#13823 = VECTOR('',#13824,1.);
#13824 = DIRECTION('',(0.,0.,1.));
#13825 = PCURVE('',#13826,#13831);
#13826 = PLANE('',#13827);
#13827 = AXIS2_PLACEMENT_3D('',#13828,#13829,#13830);
#13828 = CARTESIAN_POINT('',(-21.,-21.,6.));
#13829 = DIRECTION('',(1.,0.,0.));
#13830 = DIRECTION('',(0.,0.,1.));
#13831 = DEFINITIONAL_REPRESENTATION('',(#13832),#13836);
#13832 = LINE('',#13833,#13834);
#13833 = CARTESIAN_POINT('',(0.,0.));
#13834 = VECTOR('',#13835,1.);
#13835 = DIRECTION('',(1.,0.));
#13836 = ( GEOMETRIC_REPRESENTATION_CONTEXT(2) 
PARAMETRIC_REPRESENTATION_CONTEXT() REPRESENTATION_CONTEXT('2D SPACE',''
  ) );
#13837 = PCURVE('',#13838,#13843);
#13838 = PLANE('',#13839);
#13839 = AXIS2_PLACEMENT_3D('',#13840,#13841,#13842);
#13840 = CARTESIAN_POINT('',(-21.,-21.,6.));
#13841 = DIRECTION('',(0.,1.,0.));
#13842 = DIRECTION('',(0.,0.,1.));
#13843 = DEFINITIONAL_REPRESENTATION('',(#13844),#13848);
#13844 = LINE('',#13845,#13846);
#13845 = CARTESIAN_POINT('',(0.,0.));
#13846 = VECTOR('',#13847,1.);
#13847 = DIRECTION('',(1.,0.));
#13848 = ( GEOMETRIC_REPRESENTATION_CONTEXT(2) 
PARAMETRIC_REPRESENTATION_CONTEXT() REPRESENTATION_CONTEXT('2D SPACE',''
  ) );
#13849 = ORIENTED_EDGE('',*,*,#13850,.T.);
#13850 = EDGE_CURVE('',#13816,#13851,#13853,.T.);
#13851 = VERTEX_POINT('',#13852);
#13852 = CARTESIAN_POINT('',(-21.,21.,6.));
#13853 = SURFACE_CURVE('',#13854,(#13858,#13865),.PCURVE_S1.);
#13854 = LINE('',#13855,#13856);
#13855 = CARTESIAN_POINT('',(-21.,-21.,6.));
#13856 = VECTOR('',#13857,1.);
#13857 = DIRECTION('',(0.,1.,0.));
#13858 = PCURVE('',#13826,#13859);
#13859 = DEFINITIONAL_REPRESENTATION('',(#13860),#13864);
#13860 = LINE('',#13861,#13862);
#13861 = CARTESIAN_POINT('',(0.,0.));
#13862 = VECTOR('',#13863,1.);
#13863 = DIRECTION('',(0.,-1.));
#13864 = ( GEOMETRIC_REPRESENTATION_CONTEXT(2) 
PARAMETRIC_REPRESENTATION_CONTEXT() REPRESENTATION_CONTEXT('2D SPACE',''
  ) );
#13865 = PCURVE('',#13866,#13871);
#13866 = PLANE('',#13867);
#13867 = AXIS2_PLACEMENT_3D('',#13868,#13869,#13870);
#13868 = CARTESIAN_POINT('',(-21.,-21.,6.));
#13869 = DIRECTION('',(0.,0.,1.));
#13870 = DIRECTION('',(1.,0.,0.));
#13871 = DEFINITIONAL_REPRESENTATION('',(#13872),#13876);
#13872 = LINE('',#13873,#13874);
#13873 = CARTESIAN_POINT('',(0.,0.));
#13874 = VECTOR('',#13875,1.);
#13875 = DIRECTION('',(0.,1.));
#13876 = ( GEOMETRIC_REPRESENTATION_CONTEXT(2) 
PARAMETRIC_REPRESENTATION_CONTEXT() REPRESENTATION_CONTEXT('2D SPACE',''
  ) );
#13877 = ORIENTED_EDGE('',*,*,#13878,.T.);
#13878 = EDGE_CURVE('',#13851,#13879,#13881,.T.);
#13879 = VERTEX_POINT('',#13880);
#13880 = CARTESIAN_POINT('',(-21.,21.,46.));
#13881 = SURFACE_CURVE('',#13882,(#13886,#13893),.PCURVE_S1.);
#13882 = LINE('',#13883,#13884);
#13883 = CARTESIAN_POINT('',(-21.,21.,6.));
#13884 = VECTOR('',#13885,1.);
#13885 = DIRECTION('',(0.,0.,1.));
#13886 = PCURVE('',#13826,#13887);
#13887 = DEFINITIONAL_REPRESENTATION('',(#13888),#13892);
#13888 = LINE('',#13889,#13890);
#13889 = CARTESIAN_POINT('',(0.,-42.));
#13890 = VECTOR('',#13891,1.);
#13891 = DIRECTION('',(1.,0.));
#13892 = ( GEOMETRIC_REPRESENTATION_CONTEXT(2) 
PARAMETRIC_REPRESENTATION_CONTEXT() REPRESENTATION_CONTEXT('2D SPACE',''
  ) );
#13893 = PCURVE('',#13894,#13899);
#13894 = PLANE('',#13895);
#13895 = AXIS2_PLACEMENT_3D('',#13896,#13897,#13898);
#13896 = CARTESIAN_POINT('',(-21.,21.,6.));
#13897 = DIRECTION('',(0.,1.,0.));
#13898 = DIRECTION('',(0.,0.,1.));
#13899 = DEFINITIONAL_REPRESENTATION('',(#13900),#13904);
#13900 = LINE('',#13901,#13902);
#13901 = CARTESIAN_POINT('',(0.,0.));
#13902 = VECTOR('',#13903,1.);
#13903 = DIRECTION('',(1.,0.));
#13904 = ( GEOMETRIC_REPRESENTATION_CONTEXT(2) 
PARAMETRIC_REPRESENTATION_CONTEXT() REPRESENTATION_CONTEXT('2D SPACE',''
  ) );
#13905 = ORIENTED_EDGE('',*,*,#13906,.F.);
#13906 = EDGE_CURVE('',#13818,#13879,#13907,.T.);
#13907 = SURFACE_CURVE('',#13908,(#13912,#13919),.PCURVE_S1.);
#13908 = LINE('',#13909,#13910);
#13909 = CARTESIAN_POINT('',(-21.,-21.,46.));
#13910 = VECTOR('',#13911,1.);
#13911 = DIRECTION('',(0.,1.,0.));
#13912 = PCURVE('',#13826,#13913);
#13913 = DEFINITIONAL_REPRESENTATION('',(#13914),#13918);
#13914 = LINE('',#13915,#13916);
#13915 = CARTESIAN_POINT('',(40.,0.));
#13916 = VECTOR('',#13917,1.);
#13917 = DIRECTION('',(0.,-1.));
#13918 = ( GEOMETRIC_REPRESENTATION_CONTEXT(2) 
PARAMETRIC_REPRESENTATION_CONTEXT() REPRESENTATION_CONTEXT('2D SPACE',''
  ) );
#13919 = PCURVE('',#13920,#13925);
#13920 = PLANE('',#13921);
#13921 = AXIS2_PLACEMENT_3D('',#13922,#13923,#13924);
#13922 = CARTESIAN_POINT('',(-21.,-21.,46.));
#13923 = DIRECTION('',(0.,0.,1.));
#13924 = DIRECTION('',(1.,0.,0.));
#13925 = DEFINITIONAL_REPRESENTATION('',(#13926),#13930);
#13926 = LINE('',#13927,#13928);
#13927 = CARTESIAN_POINT('',(0.,0.));
#13928 = VECTOR('',#13929,1.);
#13929 = DIRECTION('',(0.,1.));
#13930 = ( GEOMETRIC_REPRESENTATION_CONTEXT(2) 
PARAMETRIC_REPRESENTATION_CONTEXT() REPRESENTATION_CONTEXT('2D SPACE',''
  ) );
#13931 = ADVANCED_FACE('',(#13932),#13838,.F.);
#13932 = FACE_BOUND('',#13933,.F.);
#13933 = EDGE_LOOP('',(#13934,#13957,#13958,#13981));
#13934 = ORIENTED_EDGE('',*,*,#13935,.F.);
#13935 = EDGE_CURVE('',#13816,#13936,#13938,.T.);
#13936 = VERTEX_POINT('',#13937);
#13937 = CARTESIAN_POINT('',(21.,-21.,6.));
#13938 = SURFACE_CURVE('',#13939,(#13943,#13950),.PCURVE_S1.);
#13939 = LINE('',#13940,#13941);
#13940 = CARTESIAN_POINT('',(-21.,-21.,6.));
#13941 = VECTOR('',#13942,1.);
#13942 = DIRECTION('',(1.,0.,0.));
#13943 = PCURVE('',#13838,#13944);
#13944 = DEFINITIONAL_REPRESENTATION('',(#13945),#13949);
#13945 = LINE('',#13946,#13947);
#13946 = CARTESIAN_POINT('',(0.,0.));
#13947 = VECTOR('',#13948,1.);
#13948 = DIRECTION('',(0.,1.));
#13949 = ( GEOMETRIC_REPRESENTATION_CONTEXT(2) 
PARAMETRIC_REPRESENTATION_CONTEXT() REPRESENTATION_CONTEXT('2D SPACE',''
  ) );
#13950 = PCURVE('',#13866,#13951);
#13951 = DEFINITIONAL_REPRESENTATION('',(#13952),#13956);
#13952 = LINE('',#13953,#13954);
#13953 = CARTESIAN_POINT('',(0.,0.));
#13954 = VECTOR('',#13955,1.);
#13955 = DIRECTION('',(1.,0.));
#13956 = ( GEOMETRIC_REPRESENTATION_CONTEXT(2) 
PARAMETRIC_REPRESENTATION_CONTEXT() REPRESENTATION_CONTEXT('2D SPACE',''
  ) );
#13957 = ORIENTED_EDGE('',*,*,#13815,.T.);
#13958 = ORIENTED_EDGE('',*,*,#13959,.T.);
#13959 = EDGE_CURVE('',#13818,#13960,#13962,.T.);
#13960 = VERTEX_POINT('',#13961);
#13961 = CARTESIAN_POINT('',(21.,-21.,46.));
#13962 = SURFACE_CURVE('',#13963,(#13967,#13974),.PCURVE_S1.);
#13963 = LINE('',#13964,#13965);
#13964 = CARTESIAN_POINT('',(-21.,-21.,46.));
#13965 = VECTOR('',#13966,1.);
#13966 = DIRECTION('',(1.,0.,0.));
#13967 = PCURVE('',#13838,#13968);
#13968 = DEFINITIONAL_REPRESENTATION('',(#13969),#13973);
#13969 = LINE('',#13970,#13971);
#13970 = CARTESIAN_POINT('',(40.,0.));
#13971 = VECTOR('',#13972,1.);
#13972 = DIRECTION('',(0.,1.));
#13973 = ( GEOMETRIC_REPRESENTATION_CONTEXT(2) 
PARAMETRIC_REPRESENTATION_CONTEXT() REPRESENTATION_CONTEXT('2D SPACE',''
  ) );
#13974 = PCURVE('',#13920,#13975);
#13975 = DEFINITIONAL_REPRESENTATION('',(#13976),#13980);
#13976 = LINE('',#13977,#13978);
#13977 = CARTESIAN_POINT('',(0.,0.));
#13978 = VECTOR('',#13979,1.);
#13979 = DIRECTION('',(1.,0.));
#13980 = ( GEOMETRIC_REPRESENTATION_CONTEXT(2) 
PARAMETRIC_REPRESENTATION_CONTEXT() REPRESENTATION_CONTEXT('2D SPACE',''
  ) );
#13981 = ORIENTED_EDGE('',*,*,#13982,.F.);
#13982 = EDGE_CURVE('',#13936,#13960,#13983,.T.);
#13983 = SURFACE_CURVE('',#13984,(#13988,#13995),.PCURVE_S1.);
#13984 = LINE('',#13985,#13986);
#13985 = CARTESIAN_POINT('',(21.,-21.,6.));
#13986 = VECTOR('',#13987,1.);
#13987 = DIRECTION('',(0.,0.,1.));
#13988 = PCURVE('',#13838,#13989);
#13989 = DEFINITIONAL_REPRESENTATION('',(#13990),#13994);
#13990 = LINE('',#13991,#13992);
#13991 = CARTESIAN_POINT('',(0.,42.));
#13992 = VECTOR('',#13993,1.);
#13993 = DIRECTION('',(1.,0.));
#13994 = ( GEOMETRIC_REPRESENTATION_CONTEXT(2) 
PARAMETRIC_REPRESENTATION_CONTEXT() REPRESENTATION_CONTEXT('2D SPACE',''
  ) );
#13995 = PCURVE('',#13996,#14001);
#13996 = PLANE('',#13997);
#13997 = AXIS2_PLACEMENT_3D('',#13998,#13999,#14000);
#13998 = CARTESIAN_POINT('',(21.,-21.,6.));
#13999 = DIRECTION('',(1.,0.,0.));
#14000 = DIRECTION('',(0.,0.,1.));
#14001 = DEFINITIONAL_REPRESENTATION('',(#14002),#14006);
#14002 = LINE('',#14003,#14004);
#14003 = CARTESIAN_POINT('',(0.,0.));
#14004 = VECTOR('',#14005,1.);
#14005 = DIRECTION('',(1.,0.));
#14006 = ( GEOMETRIC_REPRESENTATION_CONTEXT(2) 
PARAMETRIC_REPRESENTATION_CONTEXT() REPRESENTATION_CONTEXT('2D SPACE',''
  ) );
#14007 = ADVANCED_FACE('',(#14008,#14056),#13920,.T.);
#14008 = FACE_BOUND('',#14009,.T.);
#14009 = EDGE_LOOP('',(#14010,#14011,#14012,#14035));
#14010 = ORIENTED_EDGE('',*,*,#13906,.F.);
#14011 = ORIENTED_EDGE('',*,*,#13959,.T.);
#14012 = ORIENTED_EDGE('',*,*,#14013,.T.);
#14013 = EDGE_CURVE('',#13960,#14014,#14016,.T.);
#14014 = VERTEX_POINT('',#14015);
#14015 = CARTESIAN_POINT('',(21.,21.,46.));
#14016 = SURFACE_CURVE('',#14017,(#14021,#14028),.PCURVE_S1.);
#14017 = LINE('',#14018,#14019);
#14018 = CARTESIAN_POINT('',(21.,-21.,46.));
#14019 = VECTOR('',#14020,1.);
#14020 = DIRECTION('',(0.,1.,0.));
#14021 = PCURVE('',#13920,#14022);
#14022 = DEFINITIONAL_REPRESENTATION('',(#14023),#14027);
#14023 = LINE('',#14024,#14025);
#14024 = CARTESIAN_POINT('',(42.,0.));
#14025 = VECTOR('',#14026,1.);
#14026 = DIRECTION('',(0.,1.));
#14027 = ( GEOMETRIC_REPRESENTATION_CONTEXT(2) 
PARAMETRIC_REPRESENTATION_CONTEXT() REPRESENTATION_CONTEXT('2D SPACE',''
  ) );
#14028 = PCURVE('',#13996,#14029);
#14029 = DEFINITIONAL_REPRESENTATION('',(#14030),#14034);
#14030 = LINE('',#14031,#14032);
#14031 = CARTESIAN_POINT('',(40.,0.));
#14032 = VECTOR('',#14033,1.);
#14033 = DIRECTION('',(0.,-1.));
#14034 = ( GEOMETRIC_REPRESENTATION_CONTEXT(2) 
PARAMETRIC_REPRESENTATION_CONTEXT() REPRESENTATION_CONTEXT('2D SPACE',''
  ) );
#14035 = ORIENTED_EDGE('',*,*,#14036,.F.);
#14036 = EDGE_CURVE('',#13879,#14014,#14037,.T.);
#14037 = SURFACE_CURVE('',#14038,(#14042,#14049),.PCURVE_S1.);
#14038 = LINE('',#14039,#14040);
#14039 = CARTESIAN_POINT('',(-21.,21.,46.));
#14040 = VECTOR('',#14041,1.);
#14041 = DIRECTION('',(1.,0.,0.));
#14042 = PCURVE('',#13920,#14043);
#14043 = DEFINITIONAL_REPRESENTATION('',(#14044),#14048);
#14044 = LINE('',#14045,#14046);
#14045 = CARTESIAN_POINT('',(0.,42.));
#14046 = VECTOR('',#14047,1.);
#14047 = DIRECTION('',(1.,0.));
#14048 = ( GEOMETRIC_REPRESENTATION_CONTEXT(2) 
PARAMETRIC_REPRESENTATION_CONTEXT() REPRESENTATION_CONTEXT('2D SPACE',''
  ) );
#14049 = PCURVE('',#13894,#14050);
#14050 = DEFINITIONAL_REPRESENTATION('',(#14051),#14055);
#14051 = LINE('',#14052,#14053);
#14052 = CARTESIAN_POINT('',(40.,0.));
#14053 = VECTOR('',#14054,1.);
#14054 = DIRECTION('',(0.,1.));
#14055 = ( GEOMETRIC_REPRESENTATION_CONTEXT(2) 
PARAMETRIC_REPRESENTATION_CONTEXT() REPRESENTATION_CONTEXT('2D SPACE',''
  ) );
#14056 = FACE_BOUND('',#14057,.T.);
#14057 = EDGE_LOOP('',(#14058));
#14058 = ORIENTED_EDGE('',*,*,#14059,.F.);
#14059 = EDGE_CURVE('',#14060,#14060,#14062,.T.);
#14060 = VERTEX_POINT('',#14061);
#14061 = CARTESIAN_POINT('',(11.,0.,46.));
#14062 = SURFACE_CURVE('',#14063,(#14068,#14075),.PCURVE_S1.);
#14063 = CIRCLE('',#14064,11.);
#14064 = AXIS2_PLACEMENT_3D('',#14065,#14066,#14067);
#14065 = CARTESIAN_POINT('',(0.,0.,46.));
#14066 = DIRECTION('',(0.,0.,1.));
#14067 = DIRECTION('',(1.,0.,0.));
#14068 = PCURVE('',#13920,#14069);
#14069 = DEFINITIONAL_REPRESENTATION('',(#14070),#14074);
#14070 = CIRCLE('',#14071,11.);
#14071 = AXIS2_PLACEMENT_2D('',#14072,#14073);
#14072 = CARTESIAN_POINT('',(21.,21.));
#14073 = DIRECTION('',(1.,0.));
#14074 = ( GEOMETRIC_REPRESENTATION_CONTEXT(2) 
PARAMETRIC_REPRESENTATION_CONTEXT() REPRESENTATION_CONTEXT('2D SPACE',''
  ) );
#14075 = PCURVE('',#14076,#14081);
#14076 = CYLINDRICAL_SURFACE('',#14077,11.);
#14077 = AXIS2_PLACEMENT_3D('',#14078,#14079,#14080);
#14078 = CARTESIAN_POINT('',(0.,0.,46.));
#14079 = DIRECTION('',(-0.,-0.,-1.));
#14080 = DIRECTION('',(1.,0.,0.));
#14081 = DEFINITIONAL_REPRESENTATION('',(#14082),#14086);
#14082 = LINE('',#14083,#14084);
#14083 = CARTESIAN_POINT('',(-0.,0.));
#14084 = VECTOR('',#14085,1.);
#14085 = DIRECTION('',(-1.,0.));
#14086 = ( GEOMETRIC_REPRESENTATION_CONTEXT(2) 
PARAMETRIC_REPRESENTATION_CONTEXT() REPRESENTATION_CONTEXT('2D SPACE',''
  ) );
#14087 = ADVANCED_FACE('',(#14088),#13894,.T.);
#14088 = FACE_BOUND('',#14089,.T.);
#14089 = EDGE_LOOP('',(#14090,#14113,#14114,#14115));
#14090 = ORIENTED_EDGE('',*,*,#14091,.F.);
#14091 = EDGE_CURVE('',#13851,#14092,#14094,.T.);
#14092 = VERTEX_POINT('',#14093);
#14093 = CARTESIAN_POINT('',(21.,21.,6.));
#14094 = SURFACE_CURVE('',#14095,(#14099,#14106),.PCURVE_S1.);
#14095 = LINE('',#14096,#14097);
#14096 = CARTESIAN_POINT('',(-21.,21.,6.));
#14097 = VECTOR('',#14098,1.);
#14098 = DIRECTION('',(1.,0.,0.));
#14099 = PCURVE('',#13894,#14100);
#14100 = DEFINITIONAL_REPRESENTATION('',(#14101),#14105);
#14101 = LINE('',#14102,#14103);
#14102 = CARTESIAN_POINT('',(0.,0.));
#14103 = VECTOR('',#14104,1.);
#14104 = DIRECTION('',(0.,1.));
#14105 = ( GEOMETRIC_REPRESENTATION_CONTEXT(2) 
PARAMETRIC_REPRESENTATION_CONTEXT() REPRESENTATION_CONTEXT('2D SPACE',''
  ) );
#14106 = PCURVE('',#13866,#14107);
#14107 = DEFINITIONAL_REPRESENTATION('',(#14108),#14112);
#14108 = LINE('',#14109,#14110);
#14109 = CARTESIAN_POINT('',(0.,42.));
#14110 = VECTOR('',#14111,1.);
#14111 = DIRECTION('',(1.,0.));
#14112 = ( GEOMETRIC_REPRESENTATION_CONTEXT(2) 
PARAMETRIC_REPRESENTATION_CONTEXT() REPRESENTATION_CONTEXT('2D SPACE',''
  ) );
#14113 = ORIENTED_EDGE('',*,*,#13878,.T.);
#14114 = ORIENTED_EDGE('',*,*,#14036,.T.);
#14115 = ORIENTED_EDGE('',*,*,#14116,.F.);
#14116 = EDGE_CURVE('',#14092,#14014,#14117,.T.);
#14117 = SURFACE_CURVE('',#14118,(#14122,#14129),.PCURVE_S1.);
#14118 = LINE('',#14119,#14120);
#14119 = CARTESIAN_POINT('',(21.,21.,6.));
#14120 = VECTOR('',#14121,1.);
#14121 = DIRECTION('',(0.,0.,1.));
#14122 = PCURVE('',#13894,#14123);
#14123 = DEFINITIONAL_REPRESENTATION('',(#14124),#14128);
#14124 = LINE('',#14125,#14126);
#14125 = CARTESIAN_POINT('',(0.,42.));
#14126 = VECTOR('',#14127,1.);
#14127 = DIRECTION('',(1.,0.));
#14128 = ( GEOMETRIC_REPRESENTATION_CONTEXT(2) 
PARAMETRIC_REPRESENTATION_CONTEXT() REPRESENTATION_CONTEXT('2D SPACE',''
  ) );
#14129 = PCURVE('',#13996,#14130);
#14130 = DEFINITIONAL_REPRESENTATION('',(#14131),#14135);
#14131 = LINE('',#14132,#14133);
#14132 = CARTESIAN_POINT('',(0.,-42.));
#14133 = VECTOR('',#14134,1.);
#14134 = DIRECTION('',(1.,0.));
#14135 = ( GEOMETRIC_REPRESENTATION_CONTEXT(2) 
PARAMETRIC_REPRESENTATION_CONTEXT() REPRESENTATION_CONTEXT('2D SPACE',''
  ) );
#14136 = ADVANCED_FACE('',(#14137),#13866,.F.);
#14137 = FACE_BOUND('',#14138,.F.);
#14138 = EDGE_LOOP('',(#14139,#14140,#14141,#14162));
#14139 = ORIENTED_EDGE('',*,*,#13850,.F.);
#14140 = ORIENTED_EDGE('',*,*,#13935,.T.);
#14141 = ORIENTED_EDGE('',*,*,#14142,.T.);
#14142 = EDGE_CURVE('',#13936,#14092,#14143,.T.);
#14143 = SURFACE_CURVE('',#14144,(#14148,#14155),.PCURVE_S1.);
#14144 = LINE('',#14145,#14146);
#14145 = CARTESIAN_POINT('',(21.,-21.,6.));
#14146 = VECTOR('',#14147,1.);
#14147 = DIRECTION('',(0.,1.,0.));
#14148 = PCURVE('',#13866,#14149);
#14149 = DEFINITIONAL_REPRESENTATION('',(#14150),#14154);
#14150 = LINE('',#14151,#14152);
#14151 = CARTESIAN_POINT('',(42.,0.));
#14152 = VECTOR('',#14153,1.);
#14153 = DIRECTION('',(0.,1.));
#14154 = ( GEOMETRIC_REPRESENTATION_CONTEXT(2) 
PARAMETRIC_REPRESENTATION_CONTEXT() REPRESENTATION_CONTEXT('2D SPACE',''
  ) );
#14155 = PCURVE('',#13996,#14156);
#14156 = DEFINITIONAL_REPRESENTATION('',(#14157),#14161);
#14157 = LINE('',#14158,#14159);
#14158 = CARTESIAN_POINT('',(0.,0.));
#14159 = VECTOR('',#14160,1.);
#14160 = DIRECTION('',(0.,-1.));
#14161 = ( GEOMETRIC_REPRESENTATION_CONTEXT(2) 
PARAMETRIC_REPRESENTATION_CONTEXT() REPRESENTATION_CONTEXT('2D SPACE',''
  ) );
#14162 = ORIENTED_EDGE('',*,*,#14091,.F.);
#14163 = ADVANCED_FACE('',(#14164),#13996,.T.);
#14164 = FACE_BOUND('',#14165,.T.);
#14165 = EDGE_LOOP('',(#14166,#14167,#14168,#14169));
#14166 = ORIENTED_EDGE('',*,*,#13982,.F.);
#14167 = ORIENTED_EDGE('',*,*,#14142,.T.);
#14168 = ORIENTED_EDGE('',*,*,#14116,.T.);
#14169 = ORIENTED_EDGE('',*,*,#14013,.F.);
#14170 = ADVANCED_FACE('',(#14171),#14076,.T.);
#14171 = FACE_BOUND('',#14172,.F.);
#14172 = EDGE_LOOP('',(#14173,#14196,#14223,#14224));
#14173 = ORIENTED_EDGE('',*,*,#14174,.T.);
#14174 = EDGE_CURVE('',#14060,#14175,#14177,.T.);
#14175 = VERTEX_POINT('',#14176);
#14176 = CARTESIAN_POINT('',(11.,0.,48.));
#14177 = SEAM_CURVE('',#14178,(#14182,#14189),.PCURVE_S1.);
#14178 = LINE('',#14179,#14180);
#14179 = CARTESIAN_POINT('',(11.,0.,46.));
#14180 = VECTOR('',#14181,1.);
#14181 = DIRECTION('',(0.,0.,1.));
#14182 = PCURVE('',#14076,#14183);
#14183 = DEFINITIONAL_REPRESENTATION('',(#14184),#14188);
#14184 = LINE('',#14185,#14186);
#14185 = CARTESIAN_POINT('',(-0.,0.));
#14186 = VECTOR('',#14187,1.);
#14187 = DIRECTION('',(-0.,-1.));
#14188 = ( GEOMETRIC_REPRESENTATION_CONTEXT(2) 
PARAMETRIC_REPRESENTATION_CONTEXT() REPRESENTATION_CONTEXT('2D SPACE',''
  ) );
#14189 = PCURVE('',#14076,#14190);
#14190 = DEFINITIONAL_REPRESENTATION('',(#14191),#14195);
#14191 = LINE('',#14192,#14193);
#14192 = CARTESIAN_POINT('',(-6.28318530718,0.));
#14193 = VECTOR('',#14194,1.);
#14194 = DIRECTION('',(-0.,-1.));
#14195 = ( GEOMETRIC_REPRESENTATION_CONTEXT(2) 
PARAMETRIC_REPRESENTATION_CONTEXT() REPRESENTATION_CONTEXT('2D SPACE',''
  ) );
#14196 = ORIENTED_EDGE('',*,*,#14197,.T.);
#14197 = EDGE_CURVE('',#14175,#14175,#14198,.T.);
#14198 = SURFACE_CURVE('',#14199,(#14204,#14211),.PCURVE_S1.);
#14199 = CIRCLE('',#14200,11.);
#14200 = AXIS2_PLACEMENT_3D('',#14201,#14202,#14203);
#14201 = CARTESIAN_POINT('',(0.,0.,48.));
#14202 = DIRECTION('',(0.,0.,1.));
#14203 = DIRECTION('',(1.,0.,0.));
#14204 = PCURVE('',#14076,#14205);
#14205 = DEFINITIONAL_REPRESENTATION('',(#14206),#14210);
#14206 = LINE('',#14207,#14208);
#14207 = CARTESIAN_POINT('',(-0.,-2.));
#14208 = VECTOR('',#14209,1.);
#14209 = DIRECTION('',(-1.,0.));
#14210 = ( GEOMETRIC_REPRESENTATION_CONTEXT(2) 
PARAMETRIC_REPRESENTATION_CONTEXT() REPRESENTATION_CONTEXT('2D SPACE',''
  ) );
#14211 = PCURVE('',#14212,#14217);
#14212 = PLANE('',#14213);
#14213 = AXIS2_PLACEMENT_3D('',#14214,#14215,#14216);
#14214 = CARTESIAN_POINT('',(-7.458764359306E-16,-4.490371596874E-16,48.
    ));
#14215 = DIRECTION('',(0.,0.,1.));
#14216 = DIRECTION('',(1.,0.,-0.));
#14217 = DEFINITIONAL_REPRESENTATION('',(#14218),#14222);
#14218 = CIRCLE('',#14219,11.);
#14219 = AXIS2_PLACEMENT_2D('',#14220,#14221);
#14220 = CARTESIAN_POINT('',(7.458764359306E-16,4.490371596874E-16));
#14221 = DIRECTION('',(1.,0.));
#14222 = ( GEOMETRIC_REPRESENTATION_CONTEXT(2) 
PARAMETRIC_REPRESENTATION_CONTEXT() REPRESENTATION_CONTEXT('2D SPACE',''
  ) );
#14223 = ORIENTED_EDGE('',*,*,#14174,.F.);
#14224 = ORIENTED_EDGE('',*,*,#14059,.F.);
#14225 = ADVANCED_FACE('',(#14226,#14229),#14212,.T.);
#14226 = FACE_BOUND('',#14227,.T.);
#14227 = EDGE_LOOP('',(#14228));
#14228 = ORIENTED_EDGE('',*,*,#14197,.T.);
#14229 = FACE_BOUND('',#14230,.T.);
#14230 = EDGE_LOOP('',(#14231));
#14231 = ORIENTED_EDGE('',*,*,#14232,.T.);
#14232 = EDGE_CURVE('',#14233,#14233,#14235,.T.);
#14233 = VERTEX_POINT('',#14234);
#14234 = CARTESIAN_POINT('',(2.5,0.,48.));
#14235 = SURFACE_CURVE('',#14236,(#14241,#14252),.PCURVE_S1.);
#14236 = CIRCLE('',#14237,2.5);
#14237 = AXIS2_PLACEMENT_3D('',#14238,#14239,#14240);
#14238 = CARTESIAN_POINT('',(0.,0.,48.));
#14239 = DIRECTION('',(0.,0.,-1.));
#14240 = DIRECTION('',(1.,0.,0.));
#14241 = PCURVE('',#14212,#14242);
#14242 = DEFINITIONAL_REPRESENTATION('',(#14243),#14251);
#14243 = ( BOUNDED_CURVE() B_SPLINE_CURVE(2,(#14244,#14245,#14246,#14247
    ,#14248,#14249,#14250),.UNSPECIFIED.,.T.,.F.) 
B_SPLINE_CURVE_WITH_KNOTS((1,2,2,2,2,1),(-2.094395102393,0.,
    2.094395102393,4.188790204786,6.28318530718,8.377580409573),
.UNSPECIFIED.) CURVE() GEOMETRIC_REPRESENTATION_ITEM() 
RATIONAL_B_SPLINE_CURVE((1.,0.5,1.,0.5,1.,0.5,1.)) REPRESENTATION_ITEM(
  '') );
#14244 = CARTESIAN_POINT('',(2.5,4.490371596874E-16));
#14245 = CARTESIAN_POINT('',(2.5,-4.330127018922));
#14246 = CARTESIAN_POINT('',(-1.25,-2.165063509461));
#14247 = CARTESIAN_POINT('',(-5.,-1.632862398863E-16));
#14248 = CARTESIAN_POINT('',(-1.25,2.165063509461));
#14249 = CARTESIAN_POINT('',(2.5,4.330127018922));
#14250 = CARTESIAN_POINT('',(2.5,4.490371596874E-16));
#14251 = ( GEOMETRIC_REPRESENTATION_CONTEXT(2) 
PARAMETRIC_REPRESENTATION_CONTEXT() REPRESENTATION_CONTEXT('2D SPACE',''
  ) );
#14252 = PCURVE('',#14253,#14258);
#14253 = CYLINDRICAL_SURFACE('',#14254,2.5);
#14254 = AXIS2_PLACEMENT_3D('',#14255,#14256,#14257);
#14255 = CARTESIAN_POINT('',(0.,0.,46.));
#14256 = DIRECTION('',(-0.,-0.,-1.));
#14257 = DIRECTION('',(1.,0.,0.));
#14258 = DEFINITIONAL_REPRESENTATION('',(#14259),#14263);
#14259 = LINE('',#14260,#14261);
#14260 = CARTESIAN_POINT('',(-6.28318530718,-2.));
#14261 = VECTOR('',#14262,1.);
#14262 = DIRECTION('',(1.,-0.));
#14263 = ( GEOMETRIC_REPRESENTATION_CONTEXT(2) 
PARAMETRIC_REPRESENTATION_CONTEXT() REPRESENTATION_CONTEXT('2D SPACE',''
  ) );
#14264 = ADVANCED_FACE('',(#14265),#14253,.T.);
#14265 = FACE_BOUND('',#14266,.F.);
#14266 = EDGE_LOOP('',(#14267,#14268,#14291,#14318));
#14267 = ORIENTED_EDGE('',*,*,#14232,.T.);
#14268 = ORIENTED_EDGE('',*,*,#14269,.T.);
#14269 = EDGE_CURVE('',#14233,#14270,#14272,.T.);
#14270 = VERTEX_POINT('',#14271);
#14271 = CARTESIAN_POINT('',(2.5,0.,70.));
#14272 = SEAM_CURVE('',#14273,(#14277,#14284),.PCURVE_S1.);
#14273 = LINE('',#14274,#14275);
#14274 = CARTESIAN_POINT('',(2.5,0.,46.));
#14275 = VECTOR('',#14276,1.);
#14276 = DIRECTION('',(0.,0.,1.));
#14277 = PCURVE('',#14253,#14278);
#14278 = DEFINITIONAL_REPRESENTATION('',(#14279),#14283);
#14279 = LINE('',#14280,#14281);
#14280 = CARTESIAN_POINT('',(-6.28318530718,0.));
#14281 = VECTOR('',#14282,1.);
#14282 = DIRECTION('',(-0.,-1.));
#14283 = ( GEOMETRIC_REPRESENTATION_CONTEXT(2) 
PARAMETRIC_REPRESENTATION_CONTEXT() REPRESENTATION_CONTEXT('2D SPACE',''
  ) );
#14284 = PCURVE('',#14253,#14285);
#14285 = DEFINITIONAL_REPRESENTATION('',(#14286),#14290);
#14286 = LINE('',#14287,#14288);
#14287 = CARTESIAN_POINT('',(-0.,0.));
#14288 = VECTOR('',#14289,1.);
#14289 = DIRECTION('',(-0.,-1.));
#14290 = ( GEOMETRIC_REPRESENTATION_CONTEXT(2) 
PARAMETRIC_REPRESENTATION_CONTEXT() REPRESENTATION_CONTEXT('2D SPACE',''
  ) );
#14291 = ORIENTED_EDGE('',*,*,#14292,.T.);
#14292 = EDGE_CURVE('',#14270,#14270,#14293,.T.);
#14293 = SURFACE_CURVE('',#14294,(#14299,#14306),.PCURVE_S1.);
#14294 = CIRCLE('',#14295,2.5);
#14295 = AXIS2_PLACEMENT_3D('',#14296,#14297,#14298);
#14296 = CARTESIAN_POINT('',(0.,0.,70.));
#14297 = DIRECTION('',(0.,0.,1.));
#14298 = DIRECTION('',(1.,0.,0.));
#14299 = PCURVE('',#14253,#14300);
#14300 = DEFINITIONAL_REPRESENTATION('',(#14301),#14305);
#14301 = LINE('',#14302,#14303);
#14302 = CARTESIAN_POINT('',(-0.,-24.));
#14303 = VECTOR('',#14304,1.);
#14304 = DIRECTION('',(-1.,0.));
#14305 = ( GEOMETRIC_REPRESENTATION_CONTEXT(2) 
PARAMETRIC_REPRESENTATION_CONTEXT() REPRESENTATION_CONTEXT('2D SPACE',''
  ) );
#14306 = PCURVE('',#14307,#14312);
#14307 = PLANE('',#14308);
#14308 = AXIS2_PLACEMENT_3D('',#14309,#14310,#14311);
#14309 = CARTESIAN_POINT('',(-1.367440132539E-16,1.714341265789E-16,70.)
  );
#14310 = DIRECTION('',(0.,0.,1.));
#14311 = DIRECTION('',(1.,0.,-0.));
#14312 = DEFINITIONAL_REPRESENTATION('',(#14313),#14317);
#14313 = CIRCLE('',#14314,2.5);
#14314 = AXIS2_PLACEMENT_2D('',#14315,#14316);
#14315 = CARTESIAN_POINT('',(1.367440132539E-16,-1.714341265789E-16));
#14316 = DIRECTION('',(1.,0.));
#14317 = ( GEOMETRIC_REPRESENTATION_CONTEXT(2) 
PARAMETRIC_REPRESENTATION_CONTEXT() REPRESENTATION_CONTEXT('2D SPACE',''
  ) );
#14318 = ORIENTED_EDGE('',*,*,#14269,.F.);
#14319 = ADVANCED_FACE('',(#14320),#14307,.T.);
#14320 = FACE_BOUND('',#14321,.T.);
#14321 = EDGE_LOOP('',(#14322));
#14322 = ORIENTED_EDGE('',*,*,#14292,.T.);
#14323 = ( GEOMETRIC_REPRESENTATION_CONTEXT(3) 
GLOBAL_UNCERTAINTY_ASSIGNED_CONTEXT((#14327)) 
GLOBAL_UNIT_ASSIGNED_CONTEXT((#14324,#14325,#14326)) 
REPRESENTATION_CONTEXT('Context #1',
  '3D Context with UNIT and UNCERTAINTY') );
#14324 = ( LENGTH_UNIT() NAMED_UNIT(*) SI_UNIT(.MILLI.,.METRE.) );
#14325 = ( NAMED_UNIT(*) PLANE_ANGLE_UNIT() SI_UNIT($,.RADIAN.) );
#14326 = ( NAMED_UNIT(*) SI_UNIT($,.STERADIAN.) SOLID_ANGLE_UNIT() );
#14327 = UNCERTAINTY_MEASURE_WITH_UNIT(LENGTH_MEASURE(1.E-07),#14324,
  'distance_accuracy_value','confusion accuracy');
#14328 = CONTEXT_DEPENDENT_SHAPE_REPRESENTATION(#14329,#14331);
#14329 = ( REPRESENTATION_RELATIONSHIP('','',#13808,#10) 
REPRESENTATION_RELATIONSHIP_WITH_TRANSFORMATION(#14330) 
SHAPE_REPRESENTATION_RELATIONSHIP() );
#14330 = ITEM_DEFINED_TRANSFORMATION('','',#11,#55);
#14331 = PRODUCT_DEFINITION_SHAPE('Placement','Placement of an item',
  #14332);
#14332 = NEXT_ASSEMBLY_USAGE_OCCURRENCE('11','motor','',#5,#13803,$);
#14333 = PRODUCT_RELATED_PRODUCT_CATEGORY('part',$,(#13805));
#14334 = SHAPE_DEFINITION_REPRESENTATION(#14335,#14341);
#14335 = PRODUCT_DEFINITION_SHAPE('','',#14336);
#14336 = PRODUCT_DEFINITION('design','',#14337,#14340);
#14337 = PRODUCT_DEFINITION_FORMATION('','',#14338);
#14338 = PRODUCT('thrust_lower','thrust_lower','',(#14339));
#14339 = PRODUCT_CONTEXT('',#2,'mechanical');
#14340 = PRODUCT_DEFINITION_CONTEXT('part definition',#2,'design');
#14341 = ADVANCED_BREP_SHAPE_REPRESENTATION('',(#11,#14342),#14532);
#14342 = MANIFOLD_SOLID_BREP('',#14343);
#14343 = CLOSED_SHELL('',(#14344,#14432,#14471,#14505));
#14344 = ADVANCED_FACE('',(#14345),#14359,.T.);
#14345 = FACE_BOUND('',#14346,.F.);
#14346 = EDGE_LOOP('',(#14347,#14377,#14404,#14405));
#14347 = ORIENTED_EDGE('',*,*,#14348,.T.);
#14348 = EDGE_CURVE('',#14349,#14351,#14353,.T.);
#14349 = VERTEX_POINT('',#14350);
#14350 = CARTESIAN_POINT('',(5.,0.,52.));
#14351 = VERTEX_POINT('',#14352);
#14352 = CARTESIAN_POINT('',(5.,0.,53.2));
#14353 = SEAM_CURVE('',#14354,(#14358,#14370),.PCURVE_S1.);
#14354 = LINE('',#14355,#14356);
#14355 = CARTESIAN_POINT('',(5.,0.,52.));
#14356 = VECTOR('',#14357,1.);
#14357 = DIRECTION('',(0.,0.,1.));
#14358 = PCURVE('',#14359,#14364);
#14359 = CYLINDRICAL_SURFACE('',#14360,5.);
#14360 = AXIS2_PLACEMENT_3D('',#14361,#14362,#14363);
#14361 = CARTESIAN_POINT('',(0.,0.,52.));
#14362 = DIRECTION('',(-0.,-0.,-1.));
#14363 = DIRECTION('',(1.,0.,0.));
#14364 = DEFINITIONAL_REPRESENTATION('',(#14365),#14369);
#14365 = LINE('',#14366,#14367);
#14366 = CARTESIAN_POINT('',(-0.,0.));
#14367 = VECTOR('',#14368,1.);
#14368 = DIRECTION('',(-0.,-1.));
#14369 = ( GEOMETRIC_REPRESENTATION_CONTEXT(2) 
PARAMETRIC_REPRESENTATION_CONTEXT() REPRESENTATION_CONTEXT('2D SPACE',''
  ) );
#14370 = PCURVE('',#14359,#14371);
#14371 = DEFINITIONAL_REPRESENTATION('',(#14372),#14376);
#14372 = LINE('',#14373,#14374);
#14373 = CARTESIAN_POINT('',(-6.28318530718,0.));
#14374 = VECTOR('',#14375,1.);
#14375 = DIRECTION('',(-0.,-1.));
#14376 = ( GEOMETRIC_REPRESENTATION_CONTEXT(2) 
PARAMETRIC_REPRESENTATION_CONTEXT() REPRESENTATION_CONTEXT('2D SPACE',''
  ) );
#14377 = ORIENTED_EDGE('',*,*,#14378,.T.);
#14378 = EDGE_CURVE('',#14351,#14351,#14379,.T.);
#14379 = SURFACE_CURVE('',#14380,(#14385,#14392),.PCURVE_S1.);
#14380 = CIRCLE('',#14381,5.);
#14381 = AXIS2_PLACEMENT_3D('',#14382,#14383,#14384);
#14382 = CARTESIAN_POINT('',(0.,0.,53.2));
#14383 = DIRECTION('',(0.,0.,1.));
#14384 = DIRECTION('',(1.,0.,0.));
#14385 = PCURVE('',#14359,#14386);
#14386 = DEFINITIONAL_REPRESENTATION('',(#14387),#14391);
#14387 = LINE('',#14388,#14389);
#14388 = CARTESIAN_POINT('',(-0.,-1.2));
#14389 = VECTOR('',#14390,1.);
#14390 = DIRECTION('',(-1.,0.));
#14391 = ( GEOMETRIC_REPRESENTATION_CONTEXT(2) 
PARAMETRIC_REPRESENTATION_CONTEXT() REPRESENTATION_CONTEXT('2D SPACE',''
  ) );
#14392 = PCURVE('',#14393,#14398);
#14393 = PLANE('',#14394);
#14394 = AXIS2_PLACEMENT_3D('',#14395,#14396,#14397);
#14395 = CARTESIAN_POINT('',(-2.734880265079E-16,3.428682531579E-16,53.2
    ));
#14396 = DIRECTION('',(0.,0.,1.));
#14397 = DIRECTION('',(1.,0.,-0.));
#14398 = DEFINITIONAL_REPRESENTATION('',(#14399),#14403);
#14399 = CIRCLE('',#14400,5.);
#14400 = AXIS2_PLACEMENT_2D('',#14401,#14402);
#14401 = CARTESIAN_POINT('',(2.734880265079E-16,-3.428682531579E-16));
#14402 = DIRECTION('',(1.,0.));
#14403 = ( GEOMETRIC_REPRESENTATION_CONTEXT(2) 
PARAMETRIC_REPRESENTATION_CONTEXT() REPRESENTATION_CONTEXT('2D SPACE',''
  ) );
#14404 = ORIENTED_EDGE('',*,*,#14348,.F.);
#14405 = ORIENTED_EDGE('',*,*,#14406,.F.);
#14406 = EDGE_CURVE('',#14349,#14349,#14407,.T.);
#14407 = SURFACE_CURVE('',#14408,(#14413,#14420),.PCURVE_S1.);
#14408 = CIRCLE('',#14409,5.);
#14409 = AXIS2_PLACEMENT_3D('',#14410,#14411,#14412);
#14410 = CARTESIAN_POINT('',(0.,0.,52.));
#14411 = DIRECTION('',(0.,0.,1.));
#14412 = DIRECTION('',(1.,0.,0.));
#14413 = PCURVE('',#14359,#14414);
#14414 = DEFINITIONAL_REPRESENTATION('',(#14415),#14419);
#14415 = LINE('',#14416,#14417);
#14416 = CARTESIAN_POINT('',(-0.,0.));
#14417 = VECTOR('',#14418,1.);
#14418 = DIRECTION('',(-1.,0.));
#14419 = ( GEOMETRIC_REPRESENTATION_CONTEXT(2) 
PARAMETRIC_REPRESENTATION_CONTEXT() REPRESENTATION_CONTEXT('2D SPACE',''
  ) );
#14420 = PCURVE('',#14421,#14426);
#14421 = PLANE('',#14422);
#14422 = AXIS2_PLACEMENT_3D('',#14423,#14424,#14425);
#14423 = CARTESIAN_POINT('',(-2.734880265079E-16,3.428682531579E-16,52.)
  );
#14424 = DIRECTION('',(0.,0.,1.));
#14425 = DIRECTION('',(1.,0.,-0.));
#14426 = DEFINITIONAL_REPRESENTATION('',(#14427),#14431);
#14427 = CIRCLE('',#14428,5.);
#14428 = AXIS2_PLACEMENT_2D('',#14429,#14430);
#14429 = CARTESIAN_POINT('',(2.734880265079E-16,-3.428682531579E-16));
#14430 = DIRECTION('',(1.,0.));
#14431 = ( GEOMETRIC_REPRESENTATION_CONTEXT(2) 
PARAMETRIC_REPRESENTATION_CONTEXT() REPRESENTATION_CONTEXT('2D SPACE',''
  ) );
#14432 = ADVANCED_FACE('',(#14433,#14436),#14421,.F.);
#14433 = FACE_BOUND('',#14434,.F.);
#14434 = EDGE_LOOP('',(#14435));
#14435 = ORIENTED_EDGE('',*,*,#14406,.T.);
#14436 = FACE_BOUND('',#14437,.F.);
#14437 = EDGE_LOOP('',(#14438));
#14438 = ORIENTED_EDGE('',*,*,#14439,.T.);
#14439 = EDGE_CURVE('',#14440,#14440,#14442,.T.);
#14440 = VERTEX_POINT('',#14441);
#14441 = CARTESIAN_POINT('',(2.6,0.,52.));
#14442 = SURFACE_CURVE('',#14443,(#14448,#14459),.PCURVE_S1.);
#14443 = CIRCLE('',#14444,2.6);
#14444 = AXIS2_PLACEMENT_3D('',#14445,#14446,#14447);
#14445 = CARTESIAN_POINT('',(0.,0.,52.));
#14446 = DIRECTION('',(0.,0.,-1.));
#14447 = DIRECTION('',(1.,0.,0.));
#14448 = PCURVE('',#14421,#14449);
#14449 = DEFINITIONAL_REPRESENTATION('',(#14450),#14458);
#14450 = ( BOUNDED_CURVE() B_SPLINE_CURVE(2,(#14451,#14452,#14453,#14454
    ,#14455,#14456,#14457),.UNSPECIFIED.,.T.,.F.) 
B_SPLINE_CURVE_WITH_KNOTS((1,2,2,2,2,1),(-2.094395102393,0.,
    2.094395102393,4.188790204786,6.28318530718,8.377580409573),
.UNSPECIFIED.) CURVE() GEOMETRIC_REPRESENTATION_ITEM() 
RATIONAL_B_SPLINE_CURVE((1.,0.5,1.,0.5,1.,0.5,1.)) REPRESENTATION_ITEM(
  '') );
#14451 = CARTESIAN_POINT('',(2.6,-3.428682531579E-16));
#14452 = CARTESIAN_POINT('',(2.6,-4.503332099679));
#14453 = CARTESIAN_POINT('',(-1.3,-2.25166604984));
#14454 = CARTESIAN_POINT('',(-5.2,-9.796845887145E-16));
#14455 = CARTESIAN_POINT('',(-1.3,2.25166604984));
#14456 = CARTESIAN_POINT('',(2.6,4.503332099679));
#14457 = CARTESIAN_POINT('',(2.6,-3.428682531579E-16));
#14458 = ( GEOMETRIC_REPRESENTATION_CONTEXT(2) 
PARAMETRIC_REPRESENTATION_CONTEXT() REPRESENTATION_CONTEXT('2D SPACE',''
  ) );
#14459 = PCURVE('',#14460,#14465);
#14460 = CYLINDRICAL_SURFACE('',#14461,2.6);
#14461 = AXIS2_PLACEMENT_3D('',#14462,#14463,#14464);
#14462 = CARTESIAN_POINT('',(0.,0.,51.));
#14463 = DIRECTION('',(-0.,-0.,-1.));
#14464 = DIRECTION('',(1.,0.,0.));
#14465 = DEFINITIONAL_REPRESENTATION('',(#14466),#14470);
#14466 = LINE('',#14467,#14468);
#14467 = CARTESIAN_POINT('',(-6.28318530718,-1.));
#14468 = VECTOR('',#14469,1.);
#14469 = DIRECTION('',(1.,-0.));
#14470 = ( GEOMETRIC_REPRESENTATION_CONTEXT(2) 
PARAMETRIC_REPRESENTATION_CONTEXT() REPRESENTATION_CONTEXT('2D SPACE',''
  ) );
#14471 = ADVANCED_FACE('',(#14472,#14475),#14393,.T.);
#14472 = FACE_BOUND('',#14473,.T.);
#14473 = EDGE_LOOP('',(#14474));
#14474 = ORIENTED_EDGE('',*,*,#14378,.T.);
#14475 = FACE_BOUND('',#14476,.T.);
#14476 = EDGE_LOOP('',(#14477));
#14477 = ORIENTED_EDGE('',*,*,#14478,.T.);
#14478 = EDGE_CURVE('',#14479,#14479,#14481,.T.);
#14479 = VERTEX_POINT('',#14480);
#14480 = CARTESIAN_POINT('',(2.6,0.,53.2));
#14481 = SURFACE_CURVE('',#14482,(#14487,#14498),.PCURVE_S1.);
#14482 = CIRCLE('',#14483,2.6);
#14483 = AXIS2_PLACEMENT_3D('',#14484,#14485,#14486);
#14484 = CARTESIAN_POINT('',(0.,0.,53.2));
#14485 = DIRECTION('',(0.,0.,-1.));
#14486 = DIRECTION('',(1.,0.,0.));
#14487 = PCURVE('',#14393,#14488);
#14488 = DEFINITIONAL_REPRESENTATION('',(#14489),#14497);
#14489 = ( BOUNDED_CURVE() B_SPLINE_CURVE(2,(#14490,#14491,#14492,#14493
    ,#14494,#14495,#14496),.UNSPECIFIED.,.T.,.F.) 
B_SPLINE_CURVE_WITH_KNOTS((1,2,2,2,2,1),(-2.094395102393,0.,
    2.094395102393,4.188790204786,6.28318530718,8.377580409573),
.UNSPECIFIED.) CURVE() GEOMETRIC_REPRESENTATION_ITEM() 
RATIONAL_B_SPLINE_CURVE((1.,0.5,1.,0.5,1.,0.5,1.)) REPRESENTATION_ITEM(
  '') );
#14490 = CARTESIAN_POINT('',(2.6,-3.428682531579E-16));
#14491 = CARTESIAN_POINT('',(2.6,-4.503332099679));
#14492 = CARTESIAN_POINT('',(-1.3,-2.25166604984));
#14493 = CARTESIAN_POINT('',(-5.2,-9.796845887145E-16));
#14494 = CARTESIAN_POINT('',(-1.3,2.25166604984));
#14495 = CARTESIAN_POINT('',(2.6,4.503332099679));
#14496 = CARTESIAN_POINT('',(2.6,-3.428682531579E-16));
#14497 = ( GEOMETRIC_REPRESENTATION_CONTEXT(2) 
PARAMETRIC_REPRESENTATION_CONTEXT() REPRESENTATION_CONTEXT('2D SPACE',''
  ) );
#14498 = PCURVE('',#14460,#14499);
#14499 = DEFINITIONAL_REPRESENTATION('',(#14500),#14504);
#14500 = LINE('',#14501,#14502);
#14501 = CARTESIAN_POINT('',(-6.28318530718,-2.2));
#14502 = VECTOR('',#14503,1.);
#14503 = DIRECTION('',(1.,-0.));
#14504 = ( GEOMETRIC_REPRESENTATION_CONTEXT(2) 
PARAMETRIC_REPRESENTATION_CONTEXT() REPRESENTATION_CONTEXT('2D SPACE',''
  ) );
#14505 = ADVANCED_FACE('',(#14506),#14460,.F.);
#14506 = FACE_BOUND('',#14507,.T.);
#14507 = EDGE_LOOP('',(#14508,#14509,#14530,#14531));
#14508 = ORIENTED_EDGE('',*,*,#14439,.T.);
#14509 = ORIENTED_EDGE('',*,*,#14510,.T.);
#14510 = EDGE_CURVE('',#14440,#14479,#14511,.T.);
#14511 = SEAM_CURVE('',#14512,(#14516,#14523),.PCURVE_S1.);
#14512 = LINE('',#14513,#14514);
#14513 = CARTESIAN_POINT('',(2.6,0.,51.));
#14514 = VECTOR('',#14515,1.);
#14515 = DIRECTION('',(0.,0.,1.));
#14516 = PCURVE('',#14460,#14517);
#14517 = DEFINITIONAL_REPRESENTATION('',(#14518),#14522);
#14518 = LINE('',#14519,#14520);
#14519 = CARTESIAN_POINT('',(-6.28318530718,0.));
#14520 = VECTOR('',#14521,1.);
#14521 = DIRECTION('',(-0.,-1.));
#14522 = ( GEOMETRIC_REPRESENTATION_CONTEXT(2) 
PARAMETRIC_REPRESENTATION_CONTEXT() REPRESENTATION_CONTEXT('2D SPACE',''
  ) );
#14523 = PCURVE('',#14460,#14524);
#14524 = DEFINITIONAL_REPRESENTATION('',(#14525),#14529);
#14525 = LINE('',#14526,#14527);
#14526 = CARTESIAN_POINT('',(-0.,0.));
#14527 = VECTOR('',#14528,1.);
#14528 = DIRECTION('',(-0.,-1.));
#14529 = ( GEOMETRIC_REPRESENTATION_CONTEXT(2) 
PARAMETRIC_REPRESENTATION_CONTEXT() REPRESENTATION_CONTEXT('2D SPACE',''
  ) );
#14530 = ORIENTED_EDGE('',*,*,#14478,.F.);
#14531 = ORIENTED_EDGE('',*,*,#14510,.F.);
#14532 = ( GEOMETRIC_REPRESENTATION_CONTEXT(3) 
GLOBAL_UNCERTAINTY_ASSIGNED_CONTEXT((#14536)) 
GLOBAL_UNIT_ASSIGNED_CONTEXT((#14533,#14534,#14535)) 
REPRESENTATION_CONTEXT('Context #1',
  '3D Context with UNIT and UNCERTAINTY') );
#14533 = ( LENGTH_UNIT() NAMED_UNIT(*) SI_UNIT(.MILLI.,.METRE.) );
#14534 = ( NAMED_UNIT(*) PLANE_ANGLE_UNIT() SI_UNIT($,.RADIAN.) );
#14535 = ( NAMED_UNIT(*) SI_UNIT($,.STERADIAN.) SOLID_ANGLE_UNIT() );
#14536 = UNCERTAINTY_MEASURE_WITH_UNIT(LENGTH_MEASURE(1.E-07),#14533,
  'distance_accuracy_value','confusion accuracy');
#14537 = CONTEXT_DEPENDENT_SHAPE_REPRESENTATION(#14538,#14540);
#14538 = ( REPRESENTATION_RELATIONSHIP('','',#14341,#10) 
REPRESENTATION_RELATIONSHIP_WITH_TRANSFORMATION(#14539) 
SHAPE_REPRESENTATION_RELATIONSHIP() );
#14539 = ITEM_DEFINED_TRANSFORMATION('','',#11,#59);
#14540 = PRODUCT_DEFINITION_SHAPE('Placement','Placement of an item',
  #14541);
#14541 = NEXT_ASSEMBLY_USAGE_OCCURRENCE('12','thrust_lower','',#5,#14336
  ,$);
#14542 = PRODUCT_RELATED_PRODUCT_CATEGORY('part',$,(#14338));
#14543 = SHAPE_DEFINITION_REPRESENTATION(#14544,#14550);
#14544 = PRODUCT_DEFINITION_SHAPE('','',#14545);
#14545 = PRODUCT_DEFINITION('design','',#14546,#14549);
#14546 = PRODUCT_DEFINITION_FORMATION('','',#14547);
#14547 = PRODUCT('thrust_cage','thrust_cage','',(#14548));
#14548 = PRODUCT_CONTEXT('',#2,'mechanical');
#14549 = PRODUCT_DEFINITION_CONTEXT('part definition',#2,'design');
#14550 = ADVANCED_BREP_SHAPE_REPRESENTATION('',(#11,#14551),#14741);
#14551 = MANIFOLD_SOLID_BREP('',#14552);
#14552 = CLOSED_SHELL('',(#14553,#14641,#14680,#14714));
#14553 = ADVANCED_FACE('',(#14554),#14568,.T.);
#14554 = FACE_BOUND('',#14555,.F.);
#14555 = EDGE_LOOP('',(#14556,#14586,#14613,#14614));
#14556 = ORIENTED_EDGE('',*,*,#14557,.T.);
#14557 = EDGE_CURVE('',#14558,#14560,#14562,.T.);
#14558 = VERTEX_POINT('',#14559);
#14559 = CARTESIAN_POINT('',(4.8,0.,53.2));
#14560 = VERTEX_POINT('',#14561);
#14561 = CARTESIAN_POINT('',(4.8,0.,54.8));
#14562 = SEAM_CURVE('',#14563,(#14567,#14579),.PCURVE_S1.);
#14563 = LINE('',#14564,#14565);
#14564 = CARTESIAN_POINT('',(4.8,0.,53.2));
#14565 = VECTOR('',#14566,1.);
#14566 = DIRECTION('',(0.,0.,1.));
#14567 = PCURVE('',#14568,#14573);
#14568 = CYLINDRICAL_SURFACE('',#14569,4.8);
#14569 = AXIS2_PLACEMENT_3D('',#14570,#14571,#14572);
#14570 = CARTESIAN_POINT('',(0.,0.,53.2));
#14571 = DIRECTION('',(-0.,-0.,-1.));
#14572 = DIRECTION('',(1.,0.,0.));
#14573 = DEFINITIONAL_REPRESENTATION('',(#14574),#14578);
#14574 = LINE('',#14575,#14576);
#14575 = CARTESIAN_POINT('',(-0.,0.));
#14576 = VECTOR('',#14577,1.);
#14577 = DIRECTION('',(-0.,-1.));
#14578 = ( GEOMETRIC_REPRESENTATION_CONTEXT(2) 
PARAMETRIC_REPRESENTATION_CONTEXT() REPRESENTATION_CONTEXT('2D SPACE',''
  ) );
#14579 = PCURVE('',#14568,#14580);
#14580 = DEFINITIONAL_REPRESENTATION('',(#14581),#14585);
#14581 = LINE('',#14582,#14583);
#14582 = CARTESIAN_POINT('',(-6.28318530718,0.));
#14583 = VECTOR('',#14584,1.);
#14584 = DIRECTION('',(-0.,-1.));
#14585 = ( GEOMETRIC_REPRESENTATION_CONTEXT(2) 
PARAMETRIC_REPRESENTATION_CONTEXT() REPRESENTATION_CONTEXT('2D SPACE',''
  ) );
#14586 = ORIENTED_EDGE('',*,*,#14587,.T.);
#14587 = EDGE_CURVE('',#14560,#14560,#14588,.T.);
#14588 = SURFACE_CURVE('',#14589,(#14594,#14601),.PCURVE_S1.);
#14589 = CIRCLE('',#14590,4.8);
#14590 = AXIS2_PLACEMENT_3D('',#14591,#14592,#14593);
#14591 = CARTESIAN_POINT('',(0.,0.,54.8));
#14592 = DIRECTION('',(0.,0.,1.));
#14593 = DIRECTION('',(1.,0.,0.));
#14594 = PCURVE('',#14568,#14595);
#14595 = DEFINITIONAL_REPRESENTATION('',(#14596),#14600);
#14596 = LINE('',#14597,#14598);
#14597 = CARTESIAN_POINT('',(-0.,-1.6));
#14598 = VECTOR('',#14599,1.);
#14599 = DIRECTION('',(-1.,0.));
#14600 = ( GEOMETRIC_REPRESENTATION_CONTEXT(2) 
PARAMETRIC_REPRESENTATION_CONTEXT() REPRESENTATION_CONTEXT('2D SPACE',''
  ) );
#14601 = PCURVE('',#14602,#14607);
#14602 = PLANE('',#14603);
#14603 = AXIS2_PLACEMENT_3D('',#14604,#14605,#14606);
#14604 = CARTESIAN_POINT('',(-5.697667218914E-16,8.893987308214E-17,54.8
    ));
#14605 = DIRECTION('',(0.,0.,1.));
#14606 = DIRECTION('',(1.,0.,-0.));
#14607 = DEFINITIONAL_REPRESENTATION('',(#14608),#14612);
#14608 = CIRCLE('',#14609,4.8);
#14609 = AXIS2_PLACEMENT_2D('',#14610,#14611);
#14610 = CARTESIAN_POINT('',(5.697667218914E-16,-8.893987308214E-17));
#14611 = DIRECTION('',(1.,0.));
#14612 = ( GEOMETRIC_REPRESENTATION_CONTEXT(2) 
PARAMETRIC_REPRESENTATION_CONTEXT() REPRESENTATION_CONTEXT('2D SPACE',''
  ) );
#14613 = ORIENTED_EDGE('',*,*,#14557,.F.);
#14614 = ORIENTED_EDGE('',*,*,#14615,.F.);
#14615 = EDGE_CURVE('',#14558,#14558,#14616,.T.);
#14616 = SURFACE_CURVE('',#14617,(#14622,#14629),.PCURVE_S1.);
#14617 = CIRCLE('',#14618,4.8);
#14618 = AXIS2_PLACEMENT_3D('',#14619,#14620,#14621);
#14619 = CARTESIAN_POINT('',(0.,0.,53.2));
#14620 = DIRECTION('',(0.,0.,1.));
#14621 = DIRECTION('',(1.,0.,0.));
#14622 = PCURVE('',#14568,#14623);
#14623 = DEFINITIONAL_REPRESENTATION('',(#14624),#14628);
#14624 = LINE('',#14625,#14626);
#14625 = CARTESIAN_POINT('',(-0.,0.));
#14626 = VECTOR('',#14627,1.);
#14627 = DIRECTION('',(-1.,0.));
#14628 = ( GEOMETRIC_REPRESENTATION_CONTEXT(2) 
PARAMETRIC_REPRESENTATION_CONTEXT() REPRESENTATION_CONTEXT('2D SPACE',''
  ) );
#14629 = PCURVE('',#14630,#14635);
#14630 = PLANE('',#14631);
#14631 = AXIS2_PLACEMENT_3D('',#14632,#14633,#14634);
#14632 = CARTESIAN_POINT('',(-5.697667218914E-16,8.893987308214E-17,53.2
    ));
#14633 = DIRECTION('',(0.,0.,1.));
#14634 = DIRECTION('',(1.,0.,-0.));
#14635 = DEFINITIONAL_REPRESENTATION('',(#14636),#14640);
#14636 = CIRCLE('',#14637,4.8);
#14637 = AXIS2_PLACEMENT_2D('',#14638,#14639);
#14638 = CARTESIAN_POINT('',(5.697667218914E-16,-8.893987308214E-17));
#14639 = DIRECTION('',(1.,0.));
#14640 = ( GEOMETRIC_REPRESENTATION_CONTEXT(2) 
PARAMETRIC_REPRESENTATION_CONTEXT() REPRESENTATION_CONTEXT('2D SPACE',''
  ) );
#14641 = ADVANCED_FACE('',(#14642,#14645),#14630,.F.);
#14642 = FACE_BOUND('',#14643,.F.);
#14643 = EDGE_LOOP('',(#14644));
#14644 = ORIENTED_EDGE('',*,*,#14615,.T.);
#14645 = FACE_BOUND('',#14646,.F.);
#14646 = EDGE_LOOP('',(#14647));
#14647 = ORIENTED_EDGE('',*,*,#14648,.T.);
#14648 = EDGE_CURVE('',#14649,#14649,#14651,.T.);
#14649 = VERTEX_POINT('',#14650);
#14650 = CARTESIAN_POINT('',(2.7,0.,53.2));
#14651 = SURFACE_CURVE('',#14652,(#14657,#14668),.PCURVE_S1.);
#14652 = CIRCLE('',#14653,2.7);
#14653 = AXIS2_PLACEMENT_3D('',#14654,#14655,#14656);
#14654 = CARTESIAN_POINT('',(0.,0.,53.2));
#14655 = DIRECTION('',(0.,0.,-1.));
#14656 = DIRECTION('',(1.,0.,0.));
#14657 = PCURVE('',#14630,#14658);
#14658 = DEFINITIONAL_REPRESENTATION('',(#14659),#14667);
#14659 = ( BOUNDED_CURVE() B_SPLINE_CURVE(2,(#14660,#14661,#14662,#14663
    ,#14664,#14665,#14666),.UNSPECIFIED.,.T.,.F.) 
B_SPLINE_CURVE_WITH_KNOTS((1,2,2,2,2,1),(-2.094395102393,0.,
    2.094395102393,4.188790204786,6.28318530718,8.377580409573),
.UNSPECIFIED.) CURVE() GEOMETRIC_REPRESENTATION_ITEM() 
RATIONAL_B_SPLINE_CURVE((1.,0.5,1.,0.5,1.,0.5,1.)) REPRESENTATION_ITEM(
  '') );
#14660 = CARTESIAN_POINT('',(2.7,-8.893987308214E-17));
#14661 = CARTESIAN_POINT('',(2.7,-4.676537180436));
#14662 = CARTESIAN_POINT('',(-1.35,-2.338268590218));
#14663 = CARTESIAN_POINT('',(-5.4,-7.502491446217E-16));
#14664 = CARTESIAN_POINT('',(-1.35,2.338268590218));
#14665 = CARTESIAN_POINT('',(2.7,4.676537180436));
#14666 = CARTESIAN_POINT('',(2.7,-8.893987308214E-17));
#14667 = ( GEOMETRIC_REPRESENTATION_CONTEXT(2) 
PARAMETRIC_REPRESENTATION_CONTEXT() REPRESENTATION_CONTEXT('2D SPACE',''
  ) );
#14668 = PCURVE('',#14669,#14674);
#14669 = CYLINDRICAL_SURFACE('',#14670,2.7);
#14670 = AXIS2_PLACEMENT_3D('',#14671,#14672,#14673);
#14671 = CARTESIAN_POINT('',(0.,0.,52.2));
#14672 = DIRECTION('',(-0.,-0.,-1.));
#14673 = DIRECTION('',(1.,0.,0.));
#14674 = DEFINITIONAL_REPRESENTATION('',(#14675),#14679);
#14675 = LINE('',#14676,#14677);
#14676 = CARTESIAN_POINT('',(-6.28318530718,-1.));
#14677 = VECTOR('',#14678,1.);
#14678 = DIRECTION('',(1.,-0.));
#14679 = ( GEOMETRIC_REPRESENTATION_CONTEXT(2) 
PARAMETRIC_REPRESENTATION_CONTEXT() REPRESENTATION_CONTEXT('2D SPACE',''
  ) );
#14680 = ADVANCED_FACE('',(#14681,#14684),#14602,.T.);
#14681 = FACE_BOUND('',#14682,.T.);
#14682 = EDGE_LOOP('',(#14683));
#14683 = ORIENTED_EDGE('',*,*,#14587,.T.);
#14684 = FACE_BOUND('',#14685,.T.);
#14685 = EDGE_LOOP('',(#14686));
#14686 = ORIENTED_EDGE('',*,*,#14687,.T.);
#14687 = EDGE_CURVE('',#14688,#14688,#14690,.T.);
#14688 = VERTEX_POINT('',#14689);
#14689 = CARTESIAN_POINT('',(2.7,0.,54.8));
#14690 = SURFACE_CURVE('',#14691,(#14696,#14707),.PCURVE_S1.);
#14691 = CIRCLE('',#14692,2.7);
#14692 = AXIS2_PLACEMENT_3D('',#14693,#14694,#14695);
#14693 = CARTESIAN_POINT('',(0.,0.,54.8));
#14694 = DIRECTION('',(0.,0.,-1.));
#14695 = DIRECTION('',(1.,0.,0.));
#14696 = PCURVE('',#14602,#14697);
#14697 = DEFINITIONAL_REPRESENTATION('',(#14698),#14706);
#14698 = ( BOUNDED_CURVE() B_SPLINE_CURVE(2,(#14699,#14700,#14701,#14702
    ,#14703,#14704,#14705),.UNSPECIFIED.,.T.,.F.) 
B_SPLINE_CURVE_WITH_KNOTS((1,2,2,2,2,1),(-2.094395102393,0.,
    2.094395102393,4.188790204786,6.28318530718,8.377580409573),
.UNSPECIFIED.) CURVE() GEOMETRIC_REPRESENTATION_ITEM() 
RATIONAL_B_SPLINE_CURVE((1.,0.5,1.,0.5,1.,0.5,1.)) REPRESENTATION_ITEM(
  '') );
#14699 = CARTESIAN_POINT('',(2.7,-8.893987308214E-17));
#14700 = CARTESIAN_POINT('',(2.7,-4.676537180436));
#14701 = CARTESIAN_POINT('',(-1.35,-2.338268590218));
#14702 = CARTESIAN_POINT('',(-5.4,-7.502491446217E-16));
#14703 = CARTESIAN_POINT('',(-1.35,2.338268590218));
#14704 = CARTESIAN_POINT('',(2.7,4.676537180436));
#14705 = CARTESIAN_POINT('',(2.7,-8.893987308214E-17));
#14706 = ( GEOMETRIC_REPRESENTATION_CONTEXT(2) 
PARAMETRIC_REPRESENTATION_CONTEXT() REPRESENTATION_CONTEXT('2D SPACE',''
  ) );
#14707 = PCURVE('',#14669,#14708);
#14708 = DEFINITIONAL_REPRESENTATION('',(#14709),#14713);
#14709 = LINE('',#14710,#14711);
#14710 = CARTESIAN_POINT('',(-6.28318530718,-2.6));
#14711 = VECTOR('',#14712,1.);
#14712 = DIRECTION('',(1.,-0.));
#14713 = ( GEOMETRIC_REPRESENTATION_CONTEXT(2) 
PARAMETRIC_REPRESENTATION_CONTEXT() REPRESENTATION_CONTEXT('2D SPACE',''
  ) );
#14714 = ADVANCED_FACE('',(#14715),#14669,.F.);
#14715 = FACE_BOUND('',#14716,.T.);
#14716 = EDGE_LOOP('',(#14717,#14718,#14739,#14740));
#14717 = ORIENTED_EDGE('',*,*,#14648,.T.);
#14718 = ORIENTED_EDGE('',*,*,#14719,.T.);
#14719 = EDGE_CURVE('',#14649,#14688,#14720,.T.);
#14720 = SEAM_CURVE('',#14721,(#14725,#14732),.PCURVE_S1.);
#14721 = LINE('',#14722,#14723);
#14722 = CARTESIAN_POINT('',(2.7,0.,52.2));
#14723 = VECTOR('',#14724,1.);
#14724 = DIRECTION('',(0.,0.,1.));
#14725 = PCURVE('',#14669,#14726);
#14726 = DEFINITIONAL_REPRESENTATION('',(#14727),#14731);
#14727 = LINE('',#14728,#14729);
#14728 = CARTESIAN_POINT('',(-6.28318530718,0.));
#14729 = VECTOR('',#14730,1.);
#14730 = DIRECTION('',(-0.,-1.));
#14731 = ( GEOMETRIC_REPRESENTATION_CONTEXT(2) 
PARAMETRIC_REPRESENTATION_CONTEXT() REPRESENTATION_CONTEXT('2D SPACE',''
  ) );
#14732 = PCURVE('',#14669,#14733);
#14733 = DEFINITIONAL_REPRESENTATION('',(#14734),#14738);
#14734 = LINE('',#14735,#14736);
#14735 = CARTESIAN_POINT('',(-0.,0.));
#14736 = VECTOR('',#14737,1.);
#14737 = DIRECTION('',(-0.,-1.));
#14738 = ( GEOMETRIC_REPRESENTATION_CONTEXT(2) 
PARAMETRIC_REPRESENTATION_CONTEXT() REPRESENTATION_CONTEXT('2D SPACE',''
  ) );
#14739 = ORIENTED_EDGE('',*,*,#14687,.F.);
#14740 = ORIENTED_EDGE('',*,*,#14719,.F.);
#14741 = ( GEOMETRIC_REPRESENTATION_CONTEXT(3) 
GLOBAL_UNCERTAINTY_ASSIGNED_CONTEXT((#14745)) 
GLOBAL_UNIT_ASSIGNED_CONTEXT((#14742,#14743,#14744)) 
REPRESENTATION_CONTEXT('Context #1',
  '3D Context with UNIT and UNCERTAINTY') );
#14742 = ( LENGTH_UNIT() NAMED_UNIT(*) SI_UNIT(.MILLI.,.METRE.) );
#14743 = ( NAMED_UNIT(*) PLANE_ANGLE_UNIT() SI_UNIT($,.RADIAN.) );
#14744 = ( NAMED_UNIT(*) SI_UNIT($,.STERADIAN.) SOLID_ANGLE_UNIT() );
#14745 = UNCERTAINTY_MEASURE_WITH_UNIT(LENGTH_MEASURE(1.E-07),#14742,
  'distance_accuracy_value','confusion accuracy');
#14746 = CONTEXT_DEPENDENT_SHAPE_REPRESENTATION(#14747,#14749);
#14747 = ( REPRESENTATION_RELATIONSHIP('','',#14550,#10) 
REPRESENTATION_RELATIONSHIP_WITH_TRANSFORMATION(#14748) 
SHAPE_REPRESENTATION_RELATIONSHIP() );
#14748 = ITEM_DEFINED_TRANSFORMATION('','',#11,#63);
#14749 = PRODUCT_DEFINITION_SHAPE('Placement','Placement of an item',
  #14750);
#14750 = NEXT_ASSEMBLY_USAGE_OCCURRENCE('13','thrust_cage','',#5,#14545,
  $);
#14751 = PRODUCT_RELATED_PRODUCT_CATEGORY('part',$,(#14547));
#14752 = SHAPE_DEFINITION_REPRESENTATION(#14753,#14759);
#14753 = PRODUCT_DEFINITION_SHAPE('','',#14754);
#14754 = PRODUCT_DEFINITION('design','',#14755,#14758);
#14755 = PRODUCT_DEFINITION_FORMATION('','',#14756);
#14756 = PRODUCT('thrust_upper','thrust_upper','',(#14757));
#14757 = PRODUCT_CONTEXT('',#2,'mechanical');
#14758 = PRODUCT_DEFINITION_CONTEXT('part definition',#2,'design');
#14759 = ADVANCED_BREP_SHAPE_REPRESENTATION('',(#11,#14760),#14950);
#14760 = MANIFOLD_SOLID_BREP('',#14761);
#14761 = CLOSED_SHELL('',(#14762,#14850,#14889,#14923));
#14762 = ADVANCED_FACE('',(#14763),#14777,.T.);
#14763 = FACE_BOUND('',#14764,.F.);
#14764 = EDGE_LOOP('',(#14765,#14795,#14822,#14823));
#14765 = ORIENTED_EDGE('',*,*,#14766,.T.);
#14766 = EDGE_CURVE('',#14767,#14769,#14771,.T.);
#14767 = VERTEX_POINT('',#14768);
#14768 = CARTESIAN_POINT('',(4.9,0.,54.8));
#14769 = VERTEX_POINT('',#14770);
#14770 = CARTESIAN_POINT('',(4.9,0.,56.));
#14771 = SEAM_CURVE('',#14772,(#14776,#14788),.PCURVE_S1.);
#14772 = LINE('',#14773,#14774);
#14773 = CARTESIAN_POINT('',(4.9,0.,54.8));
#14774 = VECTOR('',#14775,1.);
#14775 = DIRECTION('',(0.,0.,1.));
#14776 = PCURVE('',#14777,#14782);
#14777 = CYLINDRICAL_SURFACE('',#14778,4.9);
#14778 = AXIS2_PLACEMENT_3D('',#14779,#14780,#14781);
#14779 = CARTESIAN_POINT('',(0.,0.,54.8));
#14780 = DIRECTION('',(-0.,-0.,-1.));
#14781 = DIRECTION('',(1.,0.,0.));
#14782 = DEFINITIONAL_REPRESENTATION('',(#14783),#14787);
#14783 = LINE('',#14784,#14785);
#14784 = CARTESIAN_POINT('',(-0.,0.));
#14785 = VECTOR('',#14786,1.);
#14786 = DIRECTION('',(-0.,-1.));
#14787 = ( GEOMETRIC_REPRESENTATION_CONTEXT(2) 
PARAMETRIC_REPRESENTATION_CONTEXT() REPRESENTATION_CONTEXT('2D SPACE',''
  ) );
#14788 = PCURVE('',#14777,#14789);
#14789 = DEFINITIONAL_REPRESENTATION('',(#14790),#14794);
#14790 = LINE('',#14791,#14792);
#14791 = CARTESIAN_POINT('',(-6.28318530718,0.));
#14792 = VECTOR('',#14793,1.);
#14793 = DIRECTION('',(-0.,-1.));
#14794 = ( GEOMETRIC_REPRESENTATION_CONTEXT(2) 
PARAMETRIC_REPRESENTATION_CONTEXT() REPRESENTATION_CONTEXT('2D SPACE',''
  ) );
#14795 = ORIENTED_EDGE('',*,*,#14796,.T.);
#14796 = EDGE_CURVE('',#14769,#14769,#14797,.T.);
#14797 = SURFACE_CURVE('',#14798,(#14803,#14810),.PCURVE_S1.);
#14798 = CIRCLE('',#14799,4.9);
#14799 = AXIS2_PLACEMENT_3D('',#14800,#14801,#14802);
#14800 = CARTESIAN_POINT('',(0.,0.,56.));
#14801 = DIRECTION('',(0.,0.,1.));
#14802 = DIRECTION('',(1.,0.,0.));
#14803 = PCURVE('',#14777,#14804);
#14804 = DEFINITIONAL_REPRESENTATION('',(#14805),#14809);
#14805 = LINE('',#14806,#14807);
#14806 = CARTESIAN_POINT('',(-0.,-1.2));
#14807 = VECTOR('',#14808,1.);
#14808 = DIRECTION('',(-1.,0.));
#14809 = ( GEOMETRIC_REPRESENTATION_CONTEXT(2) 
PARAMETRIC_REPRESENTATION_CONTEXT() REPRESENTATION_CONTEXT('2D SPACE',''
  ) );
#14810 = PCURVE('',#14811,#14816);
#14811 = PLANE('',#14812);
#14812 = AXIS2_PLACEMENT_3D('',#14813,#14814,#14815);
#14813 = CARTESIAN_POINT('',(-2.79069414804E-16,3.581131857472E-16,56.)
  );
#14814 = DIRECTION('',(0.,0.,1.));
#14815 = DIRECTION('',(1.,0.,-0.));
#14816 = DEFINITIONAL_REPRESENTATION('',(#14817),#14821);
#14817 = CIRCLE('',#14818,4.9);
#14818 = AXIS2_PLACEMENT_2D('',#14819,#14820);
#14819 = CARTESIAN_POINT('',(2.79069414804E-16,-3.581131857472E-16));
#14820 = DIRECTION('',(1.,0.));
#14821 = ( GEOMETRIC_REPRESENTATION_CONTEXT(2) 
PARAMETRIC_REPRESENTATION_CONTEXT() REPRESENTATION_CONTEXT('2D SPACE',''
  ) );
#14822 = ORIENTED_EDGE('',*,*,#14766,.F.);
#14823 = ORIENTED_EDGE('',*,*,#14824,.F.);
#14824 = EDGE_CURVE('',#14767,#14767,#14825,.T.);
#14825 = SURFACE_CURVE('',#14826,(#14831,#14838),.PCURVE_S1.);
#14826 = CIRCLE('',#14827,4.9);
#14827 = AXIS2_PLACEMENT_3D('',#14828,#14829,#14830);
#14828 = CARTESIAN_POINT('',(0.,0.,54.8));
#14829 = DIRECTION('',(0.,0.,1.));
#14830 = DIRECTION('',(1.,0.,0.));
#14831 = PCURVE('',#14777,#14832);
#14832 = DEFINITIONAL_REPRESENTATION('',(#14833),#14837);
#14833 = LINE('',#14834,#14835);
#14834 = CARTESIAN_POINT('',(-0.,0.));
#14835 = VECTOR('',#14836,1.);
#14836 = DIRECTION('',(-1.,0.));
#14837 = ( GEOMETRIC_REPRESENTATION_CONTEXT(2) 
PARAMETRIC_REPRESENTATION_CONTEXT() REPRESENTATION_CONTEXT('2D SPACE',''
  ) );
#14838 = PCURVE('',#14839,#14844);
#14839 = PLANE('',#14840);
#14840 = AXIS2_PLACEMENT_3D('',#14841,#14842,#14843);
#14841 = CARTESIAN_POINT('',(-2.79069414804E-16,3.581131857472E-16,54.8)
  );
#14842 = DIRECTION('',(0.,0.,1.));
#14843 = DIRECTION('',(1.,0.,-0.));
#14844 = DEFINITIONAL_REPRESENTATION('',(#14845),#14849);
#14845 = CIRCLE('',#14846,4.9);
#14846 = AXIS2_PLACEMENT_2D('',#14847,#14848);
#14847 = CARTESIAN_POINT('',(2.79069414804E-16,-3.581131857472E-16));
#14848 = DIRECTION('',(1.,0.));
#14849 = ( GEOMETRIC_REPRESENTATION_CONTEXT(2) 
PARAMETRIC_REPRESENTATION_CONTEXT() REPRESENTATION_CONTEXT('2D SPACE',''
  ) );
#14850 = ADVANCED_FACE('',(#14851,#14854),#14839,.F.);
#14851 = FACE_BOUND('',#14852,.F.);
#14852 = EDGE_LOOP('',(#14853));
#14853 = ORIENTED_EDGE('',*,*,#14824,.T.);
#14854 = FACE_BOUND('',#14855,.F.);
#14855 = EDGE_LOOP('',(#14856));
#14856 = ORIENTED_EDGE('',*,*,#14857,.T.);
#14857 = EDGE_CURVE('',#14858,#14858,#14860,.T.);
#14858 = VERTEX_POINT('',#14859);
#14859 = CARTESIAN_POINT('',(2.5,0.,54.8));
#14860 = SURFACE_CURVE('',#14861,(#14866,#14877),.PCURVE_S1.);
#14861 = CIRCLE('',#14862,2.5);
#14862 = AXIS2_PLACEMENT_3D('',#14863,#14864,#14865);
#14863 = CARTESIAN_POINT('',(0.,0.,54.8));
#14864 = DIRECTION('',(0.,0.,-1.));
#14865 = DIRECTION('',(1.,0.,0.));
#14866 = PCURVE('',#14839,#14867);
#14867 = DEFINITIONAL_REPRESENTATION('',(#14868),#14876);
#14868 = ( BOUNDED_CURVE() B_SPLINE_CURVE(2,(#14869,#14870,#14871,#14872
    ,#14873,#14874,#14875),.UNSPECIFIED.,.T.,.F.) 
B_SPLINE_CURVE_WITH_KNOTS((1,2,2,2,2,1),(-2.094395102393,0.,
    2.094395102393,4.188790204786,6.28318530718,8.377580409573),
.UNSPECIFIED.) CURVE() GEOMETRIC_REPRESENTATION_ITEM() 
RATIONAL_B_SPLINE_CURVE((1.,0.5,1.,0.5,1.,0.5,1.)) REPRESENTATION_ITEM(
  '') );
#14869 = CARTESIAN_POINT('',(2.5,-3.581131857472E-16));
#14870 = CARTESIAN_POINT('',(2.5,-4.330127018922));
#14871 = CARTESIAN_POINT('',(-1.25,-2.165063509461));
#14872 = CARTESIAN_POINT('',(-5.,-9.704365853209E-16));
#14873 = CARTESIAN_POINT('',(-1.25,2.165063509461));
#14874 = CARTESIAN_POINT('',(2.5,4.330127018922));
#14875 = CARTESIAN_POINT('',(2.5,-3.581131857472E-16));
#14876 = ( GEOMETRIC_REPRESENTATION_CONTEXT(2) 
PARAMETRIC_REPRESENTATION_CONTEXT() REPRESENTATION_CONTEXT('2D SPACE',''
  ) );
#14877 = PCURVE('',#14878,#14883);
#14878 = CYLINDRICAL_SURFACE('',#14879,2.5);
#14879 = AXIS2_PLACEMENT_3D('',#14880,#14881,#14882);
#14880 = CARTESIAN_POINT('',(0.,0.,53.8));
#14881 = DIRECTION('',(-0.,-0.,-1.));
#14882 = DIRECTION('',(1.,0.,0.));
#14883 = DEFINITIONAL_REPRESENTATION('',(#14884),#14888);
#14884 = LINE('',#14885,#14886);
#14885 = CARTESIAN_POINT('',(-6.28318530718,-1.));
#14886 = VECTOR('',#14887,1.);
#14887 = DIRECTION('',(1.,-0.));
#14888 = ( GEOMETRIC_REPRESENTATION_CONTEXT(2) 
PARAMETRIC_REPRESENTATION_CONTEXT() REPRESENTATION_CONTEXT('2D SPACE',''
  ) );
#14889 = ADVANCED_FACE('',(#14890,#14893),#14811,.T.);
#14890 = FACE_BOUND('',#14891,.T.);
#14891 = EDGE_LOOP('',(#14892));
#14892 = ORIENTED_EDGE('',*,*,#14796,.T.);
#14893 = FACE_BOUND('',#14894,.T.);
#14894 = EDGE_LOOP('',(#14895));
#14895 = ORIENTED_EDGE('',*,*,#14896,.T.);
#14896 = EDGE_CURVE('',#14897,#14897,#14899,.T.);
#14897 = VERTEX_POINT('',#14898);
#14898 = CARTESIAN_POINT('',(2.5,0.,56.));
#14899 = SURFACE_CURVE('',#14900,(#14905,#14916),.PCURVE_S1.);
#14900 = CIRCLE('',#14901,2.5);
#14901 = AXIS2_PLACEMENT_3D('',#14902,#14903,#14904);
#14902 = CARTESIAN_POINT('',(0.,0.,56.));
#14903 = DIRECTION('',(0.,0.,-1.));
#14904 = DIRECTION('',(1.,0.,0.));
#14905 = PCURVE('',#14811,#14906);
#14906 = DEFINITIONAL_REPRESENTATION('',(#14907),#14915);
#14907 = ( BOUNDED_CURVE() B_SPLINE_CURVE(2,(#14908,#14909,#14910,#14911
    ,#14912,#14913,#14914),.UNSPECIFIED.,.T.,.F.) 
B_SPLINE_CURVE_WITH_KNOTS((1,2,2,2,2,1),(-2.094395102393,0.,
    2.094395102393,4.188790204786,6.28318530718,8.377580409573),
.UNSPECIFIED.) CURVE() GEOMETRIC_REPRESENTATION_ITEM() 
RATIONAL_B_SPLINE_CURVE((1.,0.5,1.,0.5,1.,0.5,1.)) REPRESENTATION_ITEM(
  '') );
#14908 = CARTESIAN_POINT('',(2.5,-3.581131857472E-16));
#14909 = CARTESIAN_POINT('',(2.5,-4.330127018922));
#14910 = CARTESIAN_POINT('',(-1.25,-2.165063509461));
#14911 = CARTESIAN_POINT('',(-5.,-9.704365853209E-16));
#14912 = CARTESIAN_POINT('',(-1.25,2.165063509461));
#14913 = CARTESIAN_POINT('',(2.5,4.330127018922));
#14914 = CARTESIAN_POINT('',(2.5,-3.581131857472E-16));
#14915 = ( GEOMETRIC_REPRESENTATION_CONTEXT(2) 
PARAMETRIC_REPRESENTATION_CONTEXT() REPRESENTATION_CONTEXT('2D SPACE',''
  ) );
#14916 = PCURVE('',#14878,#14917);
#14917 = DEFINITIONAL_REPRESENTATION('',(#14918),#14922);
#14918 = LINE('',#14919,#14920);
#14919 = CARTESIAN_POINT('',(-6.28318530718,-2.2));
#14920 = VECTOR('',#14921,1.);
#14921 = DIRECTION('',(1.,-0.));
#14922 = ( GEOMETRIC_REPRESENTATION_CONTEXT(2) 
PARAMETRIC_REPRESENTATION_CONTEXT() REPRESENTATION_CONTEXT('2D SPACE',''
  ) );
#14923 = ADVANCED_FACE('',(#14924),#14878,.F.);
#14924 = FACE_BOUND('',#14925,.T.);
#14925 = EDGE_LOOP('',(#14926,#14927,#14948,#14949));
#14926 = ORIENTED_EDGE('',*,*,#14857,.T.);
#14927 = ORIENTED_EDGE('',*,*,#14928,.T.);
#14928 = EDGE_CURVE('',#14858,#14897,#14929,.T.);
#14929 = SEAM_CURVE('',#14930,(#14934,#14941),.PCURVE_S1.);
#14930 = LINE('',#14931,#14932);
#14931 = CARTESIAN_POINT('',(2.5,0.,53.8));
#14932 = VECTOR('',#14933,1.);
#14933 = DIRECTION('',(0.,0.,1.));
#14934 = PCURVE('',#14878,#14935);
#14935 = DEFINITIONAL_REPRESENTATION('',(#14936),#14940);
#14936 = LINE('',#14937,#14938);
#14937 = CARTESIAN_POINT('',(-6.28318530718,0.));
#14938 = VECTOR('',#14939,1.);
#14939 = DIRECTION('',(-0.,-1.));
#14940 = ( GEOMETRIC_REPRESENTATION_CONTEXT(2) 
PARAMETRIC_REPRESENTATION_CONTEXT() REPRESENTATION_CONTEXT('2D SPACE',''
  ) );
#14941 = PCURVE('',#14878,#14942);
#14942 = DEFINITIONAL_REPRESENTATION('',(#14943),#14947);
#14943 = LINE('',#14944,#14945);
#14944 = CARTESIAN_POINT('',(-0.,0.));
#14945 = VECTOR('',#14946,1.);
#14946 = DIRECTION('',(-0.,-1.));
#14947 = ( GEOMETRIC_REPRESENTATION_CONTEXT(2) 
PARAMETRIC_REPRESENTATION_CONTEXT() REPRESENTATION_CONTEXT('2D SPACE',''
  ) );
#14948 = ORIENTED_EDGE('',*,*,#14896,.F.);
#14949 = ORIENTED_EDGE('',*,*,#14928,.F.);
#14950 = ( GEOMETRIC_REPRESENTATION_CONTEXT(3) 
GLOBAL_UNCERTAINTY_ASSIGNED_CONTEXT((#14954)) 
GLOBAL_UNIT_ASSIGNED_CONTEXT((#14951,#14952,#14953)) 
REPRESENTATION_CONTEXT('Context #1',
  '3D Context with UNIT and UNCERTAINTY') );
#14951 = ( LENGTH_UNIT() NAMED_UNIT(*) SI_UNIT(.MILLI.,.METRE.) );
#14952 = ( NAMED_UNIT(*) PLANE_ANGLE_UNIT() SI_UNIT($,.RADIAN.) );
#14953 = ( NAMED_UNIT(*) SI_UNIT($,.STERADIAN.) SOLID_ANGLE_UNIT() );
#14954 = UNCERTAINTY_MEASURE_WITH_UNIT(LENGTH_MEASURE(1.E-07),#14951,
  'distance_accuracy_value','confusion accuracy');
#14955 = CONTEXT_DEPENDENT_SHAPE_REPRESENTATION(#14956,#14958);
#14956 = ( REPRESENTATION_RELATIONSHIP('','',#14759,#10) 
REPRESENTATION_RELATIONSHIP_WITH_TRANSFORMATION(#14957) 
SHAPE_REPRESENTATION_RELATIONSHIP() );
#14957 = ITEM_DEFINED_TRANSFORMATION('','',#11,#67);
#14958 = PRODUCT_DEFINITION_SHAPE('Placement','Placement of an item',
  #14959);
#14959 = NEXT_ASSEMBLY_USAGE_OCCURRENCE('14','thrust_upper','',#5,#14754
  ,$);
#14960 = PRODUCT_RELATED_PRODUCT_CATEGORY('part',$,(#14756));
#14961 = MECHANICAL_DESIGN_GEOMETRIC_PRESENTATION_REPRESENTATION('',(
    #14962),#13163);
#14962 = STYLED_ITEM('color',(#14963),#12973);
#14963 = PRESENTATION_STYLE_ASSIGNMENT((#14964));
#14964 = SURFACE_STYLE_USAGE(.BOTH.,#14965);
#14965 = SURFACE_SIDE_STYLE('',(#14966));
#14966 = SURFACE_STYLE_FILL_AREA(#14967);
#14967 = FILL_AREA_STYLE('',(#14968));
#14968 = FILL_AREA_STYLE_COLOUR('',#14969);
#14969 = COLOUR_RGB('',0.647058897208,0.678431433713,0.705882381067);
#14970 = MECHANICAL_DESIGN_GEOMETRIC_PRESENTATION_REPRESENTATION('',(
    #14971),#13372);
#14971 = STYLED_ITEM('color',(#14972),#13182);
#14972 = PRESENTATION_STYLE_ASSIGNMENT((#14973));
#14973 = SURFACE_STYLE_USAGE(.BOTH.,#14974);
#14974 = SURFACE_SIDE_STYLE('',(#14975));
#14975 = SURFACE_STYLE_FILL_AREA(#14976);
#14976 = FILL_AREA_STYLE('',(#14977));
#14977 = FILL_AREA_STYLE_COLOUR('',#14969);
#14978 = MECHANICAL_DESIGN_GEOMETRIC_PRESENTATION_REPRESENTATION('',(
    #14979),#14532);
#14979 = STYLED_ITEM('color',(#14980),#14342);
#14980 = PRESENTATION_STYLE_ASSIGNMENT((#14981));
#14981 = SURFACE_STYLE_USAGE(.BOTH.,#14982);
#14982 = SURFACE_SIDE_STYLE('',(#14983));
#14983 = SURFACE_STYLE_FILL_AREA(#14984);
#14984 = FILL_AREA_STYLE('',(#14985));
#14985 = FILL_AREA_STYLE_COLOUR('',#14969);
#14986 = MECHANICAL_DESIGN_GEOMETRIC_PRESENTATION_REPRESENTATION('',(
    #14987),#13581);
#14987 = STYLED_ITEM('color',(#14988),#13391);
#14988 = PRESENTATION_STYLE_ASSIGNMENT((#14989));
#14989 = SURFACE_STYLE_USAGE(.BOTH.,#14990);
#14990 = SURFACE_SIDE_STYLE('',(#14991));
#14991 = SURFACE_STYLE_FILL_AREA(#14992);
#14992 = FILL_AREA_STYLE('',(#14993));
#14993 = FILL_AREA_STYLE_COLOUR('',#14969);
#14994 = MECHANICAL_DESIGN_GEOMETRIC_PRESENTATION_REPRESENTATION('',(
    #14995),#4288);
#14995 = STYLED_ITEM('color',(#14996),#1906);
#14996 = PRESENTATION_STYLE_ASSIGNMENT((#14997));
#14997 = SURFACE_STYLE_USAGE(.BOTH.,#14998);
#14998 = SURFACE_SIDE_STYLE('',(#14999));
#14999 = SURFACE_STYLE_FILL_AREA(#15000);
#15000 = FILL_AREA_STYLE('',(#15001));
#15001 = FILL_AREA_STYLE_COLOUR('',#15002);
#15002 = COLOUR_RGB('',0.423529428806,0.537254985624,0.607843164819);
#15003 = MECHANICAL_DESIGN_GEOMETRIC_PRESENTATION_REPRESENTATION('',(
    #15004),#11621);
#15004 = STYLED_ITEM('color',(#15005),#10391);
#15005 = PRESENTATION_STYLE_ASSIGNMENT((#15006));
#15006 = SURFACE_STYLE_USAGE(.BOTH.,#15007);
#15007 = SURFACE_SIDE_STYLE('',(#15008));
#15008 = SURFACE_STYLE_FILL_AREA(#15009);
#15009 = FILL_AREA_STYLE('',(#15010));
#15010 = FILL_AREA_STYLE_COLOUR('',#15011);
#15011 = COLOUR_RGB('',0.882352996632,0.639215761267,0.160784308049);
#15012 = MECHANICAL_DESIGN_GEOMETRIC_PRESENTATION_REPRESENTATION('',(
    #15013),#1887);
#15013 = STYLED_ITEM('color',(#15014),#85);
#15014 = PRESENTATION_STYLE_ASSIGNMENT((#15015));
#15015 = SURFACE_STYLE_USAGE(.BOTH.,#15016);
#15016 = SURFACE_SIDE_STYLE('',(#15017));
#15017 = SURFACE_STYLE_FILL_AREA(#15018);
#15018 = FILL_AREA_STYLE('',(#15019));
#15019 = FILL_AREA_STYLE_COLOUR('',#15020);
#15020 = COLOUR_RGB('',0.345098064481,0.443137292682,0.517647081386);
#15021 = MECHANICAL_DESIGN_GEOMETRIC_PRESENTATION_REPRESENTATION('',(
    #15022),#14950);
#15022 = STYLED_ITEM('color',(#15023),#14760);
#15023 = PRESENTATION_STYLE_ASSIGNMENT((#15024));
#15024 = SURFACE_STYLE_USAGE(.BOTH.,#15025);
#15025 = SURFACE_SIDE_STYLE('',(#15026));
#15026 = SURFACE_STYLE_FILL_AREA(#15027);
#15027 = FILL_AREA_STYLE('',(#15028));
#15028 = FILL_AREA_STYLE_COLOUR('',#14969);
#15029 = MECHANICAL_DESIGN_GEOMETRIC_PRESENTATION_REPRESENTATION('',(
    #15030),#8155);
#15030 = STYLED_ITEM('color',(#15031),#4307);
#15031 = PRESENTATION_STYLE_ASSIGNMENT((#15032));
#15032 = SURFACE_STYLE_USAGE(.BOTH.,#15033);
#15033 = SURFACE_SIDE_STYLE('',(#15034));
#15034 = SURFACE_STYLE_FILL_AREA(#15035);
#15035 = FILL_AREA_STYLE('',(#15036));
#15036 = FILL_AREA_STYLE_COLOUR('',#15037);
#15037 = COLOUR_RGB('',0.13725490064,0.580392197624,0.627451059808);
#15038 = MECHANICAL_DESIGN_GEOMETRIC_PRESENTATION_REPRESENTATION('',(
    #15039),#12954);
#15039 = STYLED_ITEM('color',(#15040),#11640);
#15040 = PRESENTATION_STYLE_ASSIGNMENT((#15041));
#15041 = SURFACE_STYLE_USAGE(.BOTH.,#15042);
#15042 = SURFACE_SIDE_STYLE('',(#15043));
#15043 = SURFACE_STYLE_FILL_AREA(#15044);
#15044 = FILL_AREA_STYLE('',(#15045));
#15045 = FILL_AREA_STYLE_COLOUR('',#15046);
#15046 = COLOUR_RGB('',0.400000018688,0.741176554582,0.75686280492);
#15047 = MECHANICAL_DESIGN_GEOMETRIC_PRESENTATION_REPRESENTATION('',(
    #15048),#10372);
#15048 = STYLED_ITEM('color',(#15049),#8174);
#15049 = PRESENTATION_STYLE_ASSIGNMENT((#15050));
#15050 = SURFACE_STYLE_USAGE(.BOTH.,#15051);
#15051 = SURFACE_SIDE_STYLE('',(#15052));
#15052 = SURFACE_STYLE_FILL_AREA(#15053);
#15053 = FILL_AREA_STYLE('',(#15054));
#15054 = FILL_AREA_STYLE_COLOUR('',#15055);
#15055 = COLOUR_RGB('',0.372549032623,0.439215717829,0.482352923845);
#15056 = MECHANICAL_DESIGN_GEOMETRIC_PRESENTATION_REPRESENTATION('',(
    #15057),#13790);
#15057 = STYLED_ITEM('color',(#15058),#13600);
#15058 = PRESENTATION_STYLE_ASSIGNMENT((#15059));
#15059 = SURFACE_STYLE_USAGE(.BOTH.,#15060);
#15060 = SURFACE_SIDE_STYLE('',(#15061));
#15061 = SURFACE_STYLE_FILL_AREA(#15062);
#15062 = FILL_AREA_STYLE('',(#15063));
#15063 = FILL_AREA_STYLE_COLOUR('',#14969);
#15064 = MECHANICAL_DESIGN_GEOMETRIC_PRESENTATION_REPRESENTATION('',(
    #15065),#14741);
#15065 = STYLED_ITEM('color',(#15066),#14551);
#15066 = PRESENTATION_STYLE_ASSIGNMENT((#15067));
#15067 = SURFACE_STYLE_USAGE(.BOTH.,#15068);
#15068 = SURFACE_SIDE_STYLE('',(#15069));
#15069 = SURFACE_STYLE_FILL_AREA(#15070);
#15070 = FILL_AREA_STYLE('',(#15071));
#15071 = FILL_AREA_STYLE_COLOUR('',#14969);
#15072 = MECHANICAL_DESIGN_GEOMETRIC_PRESENTATION_REPRESENTATION('',(
    #15073),#14323);
#15073 = STYLED_ITEM('color',(#15074),#13809);
#15074 = PRESENTATION_STYLE_ASSIGNMENT((#15075));
#15075 = SURFACE_STYLE_USAGE(.BOTH.,#15076);
#15076 = SURFACE_SIDE_STYLE('',(#15077));
#15077 = SURFACE_STYLE_FILL_AREA(#15078);
#15078 = FILL_AREA_STYLE('',(#15079));
#15079 = FILL_AREA_STYLE_COLOUR('',#14969);
ENDSEC;
END-ISO-10303-21;
