ISO-10303-21;
HEADER;
FILE_DESCRIPTION(('Open CASCADE Model'),'2;1');
FILE_NAME('Open CASCADE Shape Model','2026-09-26T19:11:08',('Author'),(
    'Open CASCADE'),'Open CASCADE STEP processor 7.8','Open CASCADE 7.8'
  ,'Unknown');
FILE_SCHEMA(('AUTOMOTIVE_DESIGN { 1 0 10303 214 1 1 1 1 }'));
ENDSEC;
DATA;
#1 = APPLICATION_PROTOCOL_DEFINITION('international standard',
  'automotive_design',2000,#2);
#2 = APPLICATION_CONTEXT(
  'core data for automotive mechanical design processes');
#3 = SHAPE_DEFINITION_REPRESENTATION(#4,#10);
#4 = PRODUCT_DEFINITION_SHAPE('','',#5);
#5 = PRODUCT_DEFINITION('design','',#6,#9);
#6 = PRODUCT_DEFINITION_FORMATION('','',#7);
#7 = PRODUCT('Open CASCADE STEP translator 7.8 1',
  'Open CASCADE STEP translator 7.8 1','',(#8));
#8 = PRODUCT_CONTEXT('',#2,'mechanical');
#9 = PRODUCT_DEFINITION_CONTEXT('part definition',#2,'design');
#10 = ADVANCED_BREP_SHAPE_REPRESENTATION('',(#11,#15),#2967);
#11 = AXIS2_PLACEMENT_3D('',#12,#13,#14);
#12 = CARTESIAN_POINT('',(0.,0.,0.));
#13 = DIRECTION('',(0.,0.,1.));
#14 = DIRECTION('',(1.,0.,-0.));
#15 = MANIFOLD_SOLID_BREP('',#16);
#16 = CLOSED_SHELL('',(#17,#139,#552,#600,#944,#969,#994,#1019,#1044,
    #1069,#1076,#1103,#1130,#1157,#1184,#1243,#1270,#1584,#1619,#2105,
    #2185,#2234,#2284,#2311,#2644,#2651,#2689,#2819,#2824,#2830,#2909,
    #2939));
#17 = ADVANCED_FACE('',(#18),#33,.T.);
#18 = FACE_BOUND('',#19,.F.);
#19 = EDGE_LOOP('',(#20,#56,#82,#115));
#20 = ORIENTED_EDGE('',*,*,#21,.F.);
#21 = EDGE_CURVE('',#22,#24,#26,.T.);
#22 = VERTEX_POINT('',#23);
#23 = CARTESIAN_POINT('',(26.279966030308,34.034737922392,101.));
#24 = VERTEX_POINT('',#25);
#25 = CARTESIAN_POINT('',(-26.2799660303,34.034737922391,101.));
#26 = SURFACE_CURVE('',#27,(#32,#44),.PCURVE_S1.);
#27 = CIRCLE('',#28,43.);
#28 = AXIS2_PLACEMENT_3D('',#29,#30,#31);
#29 = CARTESIAN_POINT('',(0.,0.,101.));
#30 = DIRECTION('',(0.,-0.,1.));
#31 = DIRECTION('',(0.611162000705,0.791505533079,0.));
#32 = PCURVE('',#33,#38);
#33 = CYLINDRICAL_SURFACE('',#34,43.);
#34 = AXIS2_PLACEMENT_3D('',#35,#36,#37);
#35 = CARTESIAN_POINT('',(0.,0.,101.));
#36 = DIRECTION('',(-0.,-0.,-1.));
#37 = DIRECTION('',(1.,0.,0.));
#38 = DEFINITIONAL_REPRESENTATION('',(#39),#43);
#39 = LINE('',#40,#41);
#40 = CARTESIAN_POINT('',(-0.913268477331,0.));
#41 = VECTOR('',#42,1.);
#42 = DIRECTION('',(-1.,0.));
#43 = ( GEOMETRIC_REPRESENTATION_CONTEXT(2) 
PARAMETRIC_REPRESENTATION_CONTEXT() REPRESENTATION_CONTEXT('2D SPACE',''
  ) );
#44 = PCURVE('',#45,#50);
#45 = PLANE('',#46);
#46 = AXIS2_PLACEMENT_3D('',#47,#48,#49);
#47 = CARTESIAN_POINT('',(-1.017629866076E-15,2.315192385526E-15,101.));
#48 = DIRECTION('',(0.,0.,1.));
#49 = DIRECTION('',(1.,0.,-0.));
#50 = DEFINITIONAL_REPRESENTATION('',(#51),#55);
#51 = CIRCLE('',#52,43.);
#52 = AXIS2_PLACEMENT_2D('',#53,#54);
#53 = CARTESIAN_POINT('',(1.017629866076E-15,-2.315192385526E-15));
#54 = DIRECTION('',(0.611162000705,0.791505533079));
#55 = ( GEOMETRIC_REPRESENTATION_CONTEXT(2) 
PARAMETRIC_REPRESENTATION_CONTEXT() REPRESENTATION_CONTEXT('2D SPACE',''
  ) );
#56 = ORIENTED_EDGE('',*,*,#57,.F.);
#57 = EDGE_CURVE('',#58,#22,#60,.T.);
#58 = VERTEX_POINT('',#59);
#59 = CARTESIAN_POINT('',(26.279966030308,34.034737922392,104.));
#60 = SURFACE_CURVE('',#61,(#65,#71),.PCURVE_S1.);
#61 = LINE('',#62,#63);
#62 = CARTESIAN_POINT('',(26.279966030308,34.034737922391,101.));
#63 = VECTOR('',#64,1.);
#64 = DIRECTION('',(-0.,-0.,-1.));
#65 = PCURVE('',#33,#66);
#66 = DEFINITIONAL_REPRESENTATION('',(#67),#70);
#67 = B_SPLINE_CURVE_WITH_KNOTS('',1,(#68,#69),.UNSPECIFIED.,.F.,.F.,(2,
    2),(-3.,0.),.PIECEWISE_BEZIER_KNOTS.);
#68 = CARTESIAN_POINT('',(-0.913268477331,-3.));
#69 = CARTESIAN_POINT('',(-0.913268477331,0.));
#70 = ( GEOMETRIC_REPRESENTATION_CONTEXT(2) 
PARAMETRIC_REPRESENTATION_CONTEXT() REPRESENTATION_CONTEXT('2D SPACE',''
  ) );
#71 = PCURVE('',#72,#77);
#72 = CYLINDRICAL_SURFACE('',#73,7.);
#73 = AXIS2_PLACEMENT_3D('',#74,#75,#76);
#74 = CARTESIAN_POINT('',(33.234018715768,33.234018715768,101.));
#75 = DIRECTION('',(-0.,-0.,-1.));
#76 = DIRECTION('',(1.,0.,0.));
#77 = DEFINITIONAL_REPRESENTATION('',(#78),#81);
#78 = B_SPLINE_CURVE_WITH_KNOTS('',1,(#79,#80),.UNSPECIFIED.,.F.,.F.,(2,
    2),(-3.,0.),.PIECEWISE_BEZIER_KNOTS.);
#79 = CARTESIAN_POINT('',(-9.310138565493,-3.));
#80 = CARTESIAN_POINT('',(-9.310138565493,0.));
#81 = ( GEOMETRIC_REPRESENTATION_CONTEXT(2) 
PARAMETRIC_REPRESENTATION_CONTEXT() REPRESENTATION_CONTEXT('2D SPACE',''
  ) );
#82 = ORIENTED_EDGE('',*,*,#83,.F.);
#83 = EDGE_CURVE('',#84,#58,#86,.T.);
#84 = VERTEX_POINT('',#85);
#85 = CARTESIAN_POINT('',(-26.2799660303,34.034737922391,104.));
#86 = SURFACE_CURVE('',#87,(#92,#99),.PCURVE_S1.);
#87 = CIRCLE('',#88,43.);
#88 = AXIS2_PLACEMENT_3D('',#89,#90,#91);
#89 = CARTESIAN_POINT('',(0.,0.,104.));
#90 = DIRECTION('',(0.,0.,-1.));
#91 = DIRECTION('',(0.791505533079,0.611162000705,0.));
#92 = PCURVE('',#33,#93);
#93 = DEFINITIONAL_REPRESENTATION('',(#94),#98);
#94 = LINE('',#95,#96);
#95 = CARTESIAN_POINT('',(-6.940713156644,-3.));
#96 = VECTOR('',#97,1.);
#97 = DIRECTION('',(1.,-0.));
#98 = ( GEOMETRIC_REPRESENTATION_CONTEXT(2) 
PARAMETRIC_REPRESENTATION_CONTEXT() REPRESENTATION_CONTEXT('2D SPACE',''
  ) );
#99 = PCURVE('',#100,#105);
#100 = PLANE('',#101);
#101 = AXIS2_PLACEMENT_3D('',#102,#103,#104);
#102 = CARTESIAN_POINT('',(-1.017629866076E-15,2.315192385526E-15,104.)
  );
#103 = DIRECTION('',(0.,0.,1.));
#104 = DIRECTION('',(1.,0.,-0.));
#105 = DEFINITIONAL_REPRESENTATION('',(#106),#114);
#106 = ( BOUNDED_CURVE() B_SPLINE_CURVE(2,(#107,#108,#109,#110,#111,#112
,#113),.UNSPECIFIED.,.T.,.F.) B_SPLINE_CURVE_WITH_KNOTS((1,2,2,2,2,1),(
    -2.094395102393,0.,2.094395102393,4.188790204786,6.28318530718,
8.377580409573),.UNSPECIFIED.) CURVE() GEOMETRIC_REPRESENTATION_ITEM() 
RATIONAL_B_SPLINE_CURVE((1.,0.5,1.,0.5,1.,0.5,1.)) REPRESENTATION_ITEM(
  '') );
#107 = CARTESIAN_POINT('',(34.034737922391,26.279966030308));
#108 = CARTESIAN_POINT('',(79.552974308069,-32.66992927356));
#109 = CARTESIAN_POINT('',(5.741749231644,-42.61493066709));
#110 = CARTESIAN_POINT('',(-68.06947584478,-52.55993206061));
#111 = CARTESIAN_POINT('',(-39.77648715403,16.334964636782));
#112 = CARTESIAN_POINT('',(-11.48349846328,85.229861334181));
#113 = CARTESIAN_POINT('',(34.034737922391,26.279966030308));
#114 = ( GEOMETRIC_REPRESENTATION_CONTEXT(2) 
PARAMETRIC_REPRESENTATION_CONTEXT() REPRESENTATION_CONTEXT('2D SPACE',''
  ) );
#115 = ORIENTED_EDGE('',*,*,#116,.T.);
#116 = EDGE_CURVE('',#84,#24,#117,.T.);
#117 = SURFACE_CURVE('',#118,(#122,#128),.PCURVE_S1.);
#118 = LINE('',#119,#120);
#119 = CARTESIAN_POINT('',(-26.2799660303,34.034737922391,101.));
#120 = VECTOR('',#121,1.);
#121 = DIRECTION('',(-0.,-0.,-1.));
#122 = PCURVE('',#33,#123);
#123 = DEFINITIONAL_REPRESENTATION('',(#124),#127);
#124 = B_SPLINE_CURVE_WITH_KNOTS('',1,(#125,#126),.UNSPECIFIED.,.F.,.F.,
  (2,2),(-3.0000006,6.000000070117E-07),.PIECEWISE_BEZIER_KNOTS.);
#125 = CARTESIAN_POINT('',(-2.228324176259,-3.0000006));
#126 = CARTESIAN_POINT('',(-2.228324176259,6.000000070117E-07));
#127 = ( GEOMETRIC_REPRESENTATION_CONTEXT(2) 
PARAMETRIC_REPRESENTATION_CONTEXT() REPRESENTATION_CONTEXT('2D SPACE',''
  ) );
#128 = PCURVE('',#129,#134);
#129 = CYLINDRICAL_SURFACE('',#130,7.);
#130 = AXIS2_PLACEMENT_3D('',#131,#132,#133);
#131 = CARTESIAN_POINT('',(-33.23401871576,33.234018715768,101.));
#132 = DIRECTION('',(-0.,-0.,-1.));
#133 = DIRECTION('',(1.,0.,0.));
#134 = DEFINITIONAL_REPRESENTATION('',(#135),#138);
#135 = B_SPLINE_CURVE_WITH_KNOTS('',1,(#136,#137),.UNSPECIFIED.,.F.,.F.,
  (2,2),(-3.0000006,6.000000070117E-07),.PIECEWISE_BEZIER_KNOTS.);
#136 = CARTESIAN_POINT('',(-0.114639395276,-3.0000006));
#137 = CARTESIAN_POINT('',(-0.114639395276,6.000000070117E-07));
#138 = ( GEOMETRIC_REPRESENTATION_CONTEXT(2) 
PARAMETRIC_REPRESENTATION_CONTEXT() REPRESENTATION_CONTEXT('2D SPACE',''
  ) );
#139 = ADVANCED_FACE('',(#140,#342,#377,#412,#447,#482,#517),#45,.F.);
#140 = FACE_BOUND('',#141,.F.);
#141 = EDGE_LOOP('',(#142,#170,#171,#195,#224,#253,#282,#315));
#142 = ORIENTED_EDGE('',*,*,#143,.F.);
#143 = EDGE_CURVE('',#22,#144,#146,.T.);
#144 = VERTEX_POINT('',#145);
#145 = CARTESIAN_POINT('',(34.034737922391,26.279966030308,101.));
#146 = SURFACE_CURVE('',#147,(#152,#163),.PCURVE_S1.);
#147 = CIRCLE('',#148,7.);
#148 = AXIS2_PLACEMENT_3D('',#149,#150,#151);
#149 = CARTESIAN_POINT('',(33.234018715768,33.234018715768,101.));
#150 = DIRECTION('',(0.,0.,-1.));
#151 = DIRECTION('',(-0.993436097923,0.114388458089,0.));
#152 = PCURVE('',#45,#153);
#153 = DEFINITIONAL_REPRESENTATION('',(#154),#162);
#154 = ( BOUNDED_CURVE() B_SPLINE_CURVE(2,(#155,#156,#157,#158,#159,#160
,#161),.UNSPECIFIED.,.T.,.F.) B_SPLINE_CURVE_WITH_KNOTS((1,2,2,2,2,1),(
    -2.094395102393,0.,2.094395102393,4.188790204786,6.28318530718,
8.377580409573),.UNSPECIFIED.) CURVE() GEOMETRIC_REPRESENTATION_ITEM() 
RATIONAL_B_SPLINE_CURVE((1.,0.5,1.,0.5,1.,0.5,1.)) REPRESENTATION_ITEM(
  '') );
#155 = CARTESIAN_POINT('',(26.279966030308,34.034737922391));
#156 = CARTESIAN_POINT('',(27.666852378777,46.079510492118));
#157 = CARTESIAN_POINT('',(37.404488232732,38.856045397319));
#158 = CARTESIAN_POINT('',(47.142124086686,31.63258030252));
#159 = CARTESIAN_POINT('',(36.017601884263,26.811272827593));
#160 = CARTESIAN_POINT('',(24.89307968184,21.989965352665));
#161 = CARTESIAN_POINT('',(26.279966030308,34.034737922391));
#162 = ( GEOMETRIC_REPRESENTATION_CONTEXT(2) 
PARAMETRIC_REPRESENTATION_CONTEXT() REPRESENTATION_CONTEXT('2D SPACE',''
  ) );
#163 = PCURVE('',#72,#164);
#164 = DEFINITIONAL_REPRESENTATION('',(#165),#169);
#165 = LINE('',#166,#167);
#166 = CARTESIAN_POINT('',(-9.310138565493,0.));
#167 = VECTOR('',#168,1.);
#168 = DIRECTION('',(1.,-0.));
#169 = ( GEOMETRIC_REPRESENTATION_CONTEXT(2) 
PARAMETRIC_REPRESENTATION_CONTEXT() REPRESENTATION_CONTEXT('2D SPACE',''
  ) );
#170 = ORIENTED_EDGE('',*,*,#21,.T.);
#171 = ORIENTED_EDGE('',*,*,#172,.T.);
#172 = EDGE_CURVE('',#24,#173,#175,.T.);
#173 = VERTEX_POINT('',#174);
#174 = CARTESIAN_POINT('',(-34.03473792239,26.279966030308,101.));
#175 = SURFACE_CURVE('',#176,(#181,#188),.PCURVE_S1.);
#176 = CIRCLE('',#177,7.);
#177 = AXIS2_PLACEMENT_3D('',#178,#179,#180);
#178 = CARTESIAN_POINT('',(-33.23401871576,33.234018715768,101.));
#179 = DIRECTION('',(0.,0.,1.));
#180 = DIRECTION('',(1.,0.,0.));
#181 = PCURVE('',#45,#182);
#182 = DEFINITIONAL_REPRESENTATION('',(#183),#187);
#183 = CIRCLE('',#184,7.);
#184 = AXIS2_PLACEMENT_2D('',#185,#186);
#185 = CARTESIAN_POINT('',(-33.23401871576,33.234018715768));
#186 = DIRECTION('',(1.,0.));
#187 = ( GEOMETRIC_REPRESENTATION_CONTEXT(2) 
PARAMETRIC_REPRESENTATION_CONTEXT() REPRESENTATION_CONTEXT('2D SPACE',''
  ) );
#188 = PCURVE('',#129,#189);
#189 = DEFINITIONAL_REPRESENTATION('',(#190),#194);
#190 = LINE('',#191,#192);
#191 = CARTESIAN_POINT('',(-0.,0.));
#192 = VECTOR('',#193,1.);
#193 = DIRECTION('',(-1.,0.));
#194 = ( GEOMETRIC_REPRESENTATION_CONTEXT(2) 
PARAMETRIC_REPRESENTATION_CONTEXT() REPRESENTATION_CONTEXT('2D SPACE',''
  ) );
#195 = ORIENTED_EDGE('',*,*,#196,.T.);
#196 = EDGE_CURVE('',#173,#197,#199,.T.);
#197 = VERTEX_POINT('',#198);
#198 = CARTESIAN_POINT('',(-34.03473792239,-26.2799660303,101.));
#199 = SURFACE_CURVE('',#200,(#205,#212),.PCURVE_S1.);
#200 = CIRCLE('',#201,43.);
#201 = AXIS2_PLACEMENT_3D('',#202,#203,#204);
#202 = CARTESIAN_POINT('',(0.,0.,101.));
#203 = DIRECTION('',(0.,-0.,1.));
#204 = DIRECTION('',(0.611162000705,0.791505533079,0.));
#205 = PCURVE('',#45,#206);
#206 = DEFINITIONAL_REPRESENTATION('',(#207),#211);
#207 = CIRCLE('',#208,43.);
#208 = AXIS2_PLACEMENT_2D('',#209,#210);
#209 = CARTESIAN_POINT('',(1.017629866076E-15,-2.315192385526E-15));
#210 = DIRECTION('',(0.611162000705,0.791505533079));
#211 = ( GEOMETRIC_REPRESENTATION_CONTEXT(2) 
PARAMETRIC_REPRESENTATION_CONTEXT() REPRESENTATION_CONTEXT('2D SPACE',''
  ) );
#212 = PCURVE('',#213,#218);
#213 = CYLINDRICAL_SURFACE('',#214,43.);
#214 = AXIS2_PLACEMENT_3D('',#215,#216,#217);
#215 = CARTESIAN_POINT('',(0.,0.,101.));
#216 = DIRECTION('',(-0.,-0.,-1.));
#217 = DIRECTION('',(1.,0.,0.));
#218 = DEFINITIONAL_REPRESENTATION('',(#219),#223);
#219 = LINE('',#220,#221);
#220 = CARTESIAN_POINT('',(-0.913268477331,0.));
#221 = VECTOR('',#222,1.);
#222 = DIRECTION('',(-1.,0.));
#223 = ( GEOMETRIC_REPRESENTATION_CONTEXT(2) 
PARAMETRIC_REPRESENTATION_CONTEXT() REPRESENTATION_CONTEXT('2D SPACE',''
  ) );
#224 = ORIENTED_EDGE('',*,*,#225,.T.);
#225 = EDGE_CURVE('',#197,#226,#228,.T.);
#226 = VERTEX_POINT('',#227);
#227 = CARTESIAN_POINT('',(-26.2799660303,-34.03473792239,101.));
#228 = SURFACE_CURVE('',#229,(#234,#241),.PCURVE_S1.);
#229 = CIRCLE('',#230,7.);
#230 = AXIS2_PLACEMENT_3D('',#231,#232,#233);
#231 = CARTESIAN_POINT('',(-33.23401871576,-33.23401871576,101.));
#232 = DIRECTION('',(0.,0.,1.));
#233 = DIRECTION('',(1.,0.,0.));
#234 = PCURVE('',#45,#235);
#235 = DEFINITIONAL_REPRESENTATION('',(#236),#240);
#236 = CIRCLE('',#237,7.);
#237 = AXIS2_PLACEMENT_2D('',#238,#239);
#238 = CARTESIAN_POINT('',(-33.23401871576,-33.23401871576));
#239 = DIRECTION('',(1.,0.));
#240 = ( GEOMETRIC_REPRESENTATION_CONTEXT(2) 
PARAMETRIC_REPRESENTATION_CONTEXT() REPRESENTATION_CONTEXT('2D SPACE',''
  ) );
#241 = PCURVE('',#242,#247);
#242 = CYLINDRICAL_SURFACE('',#243,7.);
#243 = AXIS2_PLACEMENT_3D('',#244,#245,#246);
#244 = CARTESIAN_POINT('',(-33.23401871576,-33.23401871576,101.));
#245 = DIRECTION('',(-0.,-0.,-1.));
#246 = DIRECTION('',(1.,0.,0.));
#247 = DEFINITIONAL_REPRESENTATION('',(#248),#252);
#248 = LINE('',#249,#250);
#249 = CARTESIAN_POINT('',(-0.,0.));
#250 = VECTOR('',#251,1.);
#251 = DIRECTION('',(-1.,0.));
#252 = ( GEOMETRIC_REPRESENTATION_CONTEXT(2) 
PARAMETRIC_REPRESENTATION_CONTEXT() REPRESENTATION_CONTEXT('2D SPACE',''
  ) );
#253 = ORIENTED_EDGE('',*,*,#254,.T.);
#254 = EDGE_CURVE('',#226,#255,#257,.T.);
#255 = VERTEX_POINT('',#256);
#256 = CARTESIAN_POINT('',(26.279966030308,-34.03473792239,101.));
#257 = SURFACE_CURVE('',#258,(#263,#270),.PCURVE_S1.);
#258 = CIRCLE('',#259,43.);
#259 = AXIS2_PLACEMENT_3D('',#260,#261,#262);
#260 = CARTESIAN_POINT('',(0.,0.,101.));
#261 = DIRECTION('',(0.,-0.,1.));
#262 = DIRECTION('',(0.611162000705,0.791505533079,0.));
#263 = PCURVE('',#45,#264);
#264 = DEFINITIONAL_REPRESENTATION('',(#265),#269);
#265 = CIRCLE('',#266,43.);
#266 = AXIS2_PLACEMENT_2D('',#267,#268);
#267 = CARTESIAN_POINT('',(1.017629866076E-15,-2.315192385526E-15));
#268 = DIRECTION('',(0.611162000705,0.791505533079));
#269 = ( GEOMETRIC_REPRESENTATION_CONTEXT(2) 
PARAMETRIC_REPRESENTATION_CONTEXT() REPRESENTATION_CONTEXT('2D SPACE',''
  ) );
#270 = PCURVE('',#271,#276);
#271 = CYLINDRICAL_SURFACE('',#272,43.);
#272 = AXIS2_PLACEMENT_3D('',#273,#274,#275);
#273 = CARTESIAN_POINT('',(0.,0.,101.));
#274 = DIRECTION('',(-0.,-0.,-1.));
#275 = DIRECTION('',(1.,0.,0.));
#276 = DEFINITIONAL_REPRESENTATION('',(#277),#281);
#277 = LINE('',#278,#279);
#278 = CARTESIAN_POINT('',(-0.913268477331,0.));
#279 = VECTOR('',#280,1.);
#280 = DIRECTION('',(-1.,0.));
#281 = ( GEOMETRIC_REPRESENTATION_CONTEXT(2) 
PARAMETRIC_REPRESENTATION_CONTEXT() REPRESENTATION_CONTEXT('2D SPACE',''
  ) );
#282 = ORIENTED_EDGE('',*,*,#283,.F.);
#283 = EDGE_CURVE('',#284,#255,#286,.T.);
#284 = VERTEX_POINT('',#285);
#285 = CARTESIAN_POINT('',(34.034737922391,-26.2799660303,101.));
#286 = SURFACE_CURVE('',#287,(#292,#303),.PCURVE_S1.);
#287 = CIRCLE('',#288,7.);
#288 = AXIS2_PLACEMENT_3D('',#289,#290,#291);
#289 = CARTESIAN_POINT('',(33.234018715768,-33.23401871576,101.));
#290 = DIRECTION('',(0.,0.,-1.));
#291 = DIRECTION('',(0.114388458089,0.993436097923,0.));
#292 = PCURVE('',#45,#293);
#293 = DEFINITIONAL_REPRESENTATION('',(#294),#302);
#294 = ( BOUNDED_CURVE() B_SPLINE_CURVE(2,(#295,#296,#297,#298,#299,#300
,#301),.UNSPECIFIED.,.T.,.F.) B_SPLINE_CURVE_WITH_KNOTS((1,2,2,2,2,1),(
    -2.094395102393,0.,2.094395102393,4.188790204786,6.28318530718,
8.377580409573),.UNSPECIFIED.) CURVE() GEOMETRIC_REPRESENTATION_ITEM() 
RATIONAL_B_SPLINE_CURVE((1.,0.5,1.,0.5,1.,0.5,1.)) REPRESENTATION_ITEM(
  '') );
#295 = CARTESIAN_POINT('',(34.034737922391,-26.2799660303));
#296 = CARTESIAN_POINT('',(46.079510492118,-27.66685237877));
#297 = CARTESIAN_POINT('',(38.856045397319,-37.40448823273));
#298 = CARTESIAN_POINT('',(31.632580302521,-47.14212408668));
#299 = CARTESIAN_POINT('',(26.811272827593,-36.01760188426));
#300 = CARTESIAN_POINT('',(21.989965352665,-24.89307968184));
#301 = CARTESIAN_POINT('',(34.034737922391,-26.2799660303));
#302 = ( GEOMETRIC_REPRESENTATION_CONTEXT(2) 
PARAMETRIC_REPRESENTATION_CONTEXT() REPRESENTATION_CONTEXT('2D SPACE',''
  ) );
#303 = PCURVE('',#304,#309);
#304 = CYLINDRICAL_SURFACE('',#305,7.);
#305 = AXIS2_PLACEMENT_3D('',#306,#307,#308);
#306 = CARTESIAN_POINT('',(33.234018715768,-33.23401871576,101.));
#307 = DIRECTION('',(-0.,-0.,-1.));
#308 = DIRECTION('',(1.,0.,0.));
#309 = DEFINITIONAL_REPRESENTATION('',(#310),#314);
#310 = LINE('',#311,#312);
#311 = CARTESIAN_POINT('',(-7.739342238698,0.));
#312 = VECTOR('',#313,1.);
#313 = DIRECTION('',(1.,-0.));
#314 = ( GEOMETRIC_REPRESENTATION_CONTEXT(2) 
PARAMETRIC_REPRESENTATION_CONTEXT() REPRESENTATION_CONTEXT('2D SPACE',''
  ) );
#315 = ORIENTED_EDGE('',*,*,#316,.T.);
#316 = EDGE_CURVE('',#284,#144,#317,.T.);
#317 = SURFACE_CURVE('',#318,(#323,#330),.PCURVE_S1.);
#318 = CIRCLE('',#319,43.);
#319 = AXIS2_PLACEMENT_3D('',#320,#321,#322);
#320 = CARTESIAN_POINT('',(0.,0.,101.));
#321 = DIRECTION('',(0.,-0.,1.));
#322 = DIRECTION('',(0.611162000705,0.791505533079,0.));
#323 = PCURVE('',#45,#324);
#324 = DEFINITIONAL_REPRESENTATION('',(#325),#329);
#325 = CIRCLE('',#326,43.);
#326 = AXIS2_PLACEMENT_2D('',#327,#328);
#327 = CARTESIAN_POINT('',(1.017629866076E-15,-2.315192385526E-15));
#328 = DIRECTION('',(0.611162000705,0.791505533079));
#329 = ( GEOMETRIC_REPRESENTATION_CONTEXT(2) 
PARAMETRIC_REPRESENTATION_CONTEXT() REPRESENTATION_CONTEXT('2D SPACE',''
  ) );
#330 = PCURVE('',#331,#336);
#331 = CYLINDRICAL_SURFACE('',#332,43.);
#332 = AXIS2_PLACEMENT_3D('',#333,#334,#335);
#333 = CARTESIAN_POINT('',(0.,0.,101.));
#334 = DIRECTION('',(-0.,-0.,-1.));
#335 = DIRECTION('',(1.,0.,0.));
#336 = DEFINITIONAL_REPRESENTATION('',(#337),#341);
#337 = LINE('',#338,#339);
#338 = CARTESIAN_POINT('',(-0.913268477331,0.));
#339 = VECTOR('',#340,1.);
#340 = DIRECTION('',(-1.,0.));
#341 = ( GEOMETRIC_REPRESENTATION_CONTEXT(2) 
PARAMETRIC_REPRESENTATION_CONTEXT() REPRESENTATION_CONTEXT('2D SPACE',''
  ) );
#342 = FACE_BOUND('',#343,.F.);
#343 = EDGE_LOOP('',(#344));
#344 = ORIENTED_EDGE('',*,*,#345,.T.);
#345 = EDGE_CURVE('',#346,#346,#348,.T.);
#346 = VERTEX_POINT('',#347);
#347 = CARTESIAN_POINT('',(-30.98401871576,-33.23401871576,101.));
#348 = SURFACE_CURVE('',#349,(#354,#365),.PCURVE_S1.);
#349 = CIRCLE('',#350,2.25);
#350 = AXIS2_PLACEMENT_3D('',#351,#352,#353);
#351 = CARTESIAN_POINT('',(-33.23401871576,-33.23401871576,101.));
#352 = DIRECTION('',(0.,0.,-1.));
#353 = DIRECTION('',(1.,0.,0.));
#354 = PCURVE('',#45,#355);
#355 = DEFINITIONAL_REPRESENTATION('',(#356),#364);
#356 = ( BOUNDED_CURVE() B_SPLINE_CURVE(2,(#357,#358,#359,#360,#361,#362
,#363),.UNSPECIFIED.,.T.,.F.) B_SPLINE_CURVE_WITH_KNOTS((1,2,2,2,2,1),(
    -2.094395102393,0.,2.094395102393,4.188790204786,6.28318530718,
8.377580409573),.UNSPECIFIED.) CURVE() GEOMETRIC_REPRESENTATION_ITEM() 
RATIONAL_B_SPLINE_CURVE((1.,0.5,1.,0.5,1.,0.5,1.)) REPRESENTATION_ITEM(
  '') );
#357 = CARTESIAN_POINT('',(-30.98401871576,-33.23401871576));
#358 = CARTESIAN_POINT('',(-30.98401871576,-37.13113303279));
#359 = CARTESIAN_POINT('',(-34.35901871576,-35.18257587428));
#360 = CARTESIAN_POINT('',(-37.73401871576,-33.23401871576));
#361 = CARTESIAN_POINT('',(-34.35901871576,-31.28546155725));
#362 = CARTESIAN_POINT('',(-30.98401871576,-29.33690439873));
#363 = CARTESIAN_POINT('',(-30.98401871576,-33.23401871576));
#364 = ( GEOMETRIC_REPRESENTATION_CONTEXT(2) 
PARAMETRIC_REPRESENTATION_CONTEXT() REPRESENTATION_CONTEXT('2D SPACE',''
  ) );
#365 = PCURVE('',#366,#371);
#366 = CYLINDRICAL_SURFACE('',#367,2.25);
#367 = AXIS2_PLACEMENT_3D('',#368,#369,#370);
#368 = CARTESIAN_POINT('',(-33.23401871576,-33.23401871576,100.));
#369 = DIRECTION('',(-0.,-0.,-1.));
#370 = DIRECTION('',(1.,0.,0.));
#371 = DEFINITIONAL_REPRESENTATION('',(#372),#376);
#372 = LINE('',#373,#374);
#373 = CARTESIAN_POINT('',(-6.28318530718,-1.));
#374 = VECTOR('',#375,1.);
#375 = DIRECTION('',(1.,-0.));
#376 = ( GEOMETRIC_REPRESENTATION_CONTEXT(2) 
PARAMETRIC_REPRESENTATION_CONTEXT() REPRESENTATION_CONTEXT('2D SPACE',''
  ) );
#377 = FACE_BOUND('',#378,.F.);
#378 = EDGE_LOOP('',(#379));
#379 = ORIENTED_EDGE('',*,*,#380,.T.);
#380 = EDGE_CURVE('',#381,#381,#383,.T.);
#381 = VERTEX_POINT('',#382);
#382 = CARTESIAN_POINT('',(35.484018715768,-33.23401871576,101.));
#383 = SURFACE_CURVE('',#384,(#389,#400),.PCURVE_S1.);
#384 = CIRCLE('',#385,2.25);
#385 = AXIS2_PLACEMENT_3D('',#386,#387,#388);
#386 = CARTESIAN_POINT('',(33.234018715768,-33.23401871576,101.));
#387 = DIRECTION('',(0.,0.,-1.));
#388 = DIRECTION('',(1.,0.,0.));
#389 = PCURVE('',#45,#390);
#390 = DEFINITIONAL_REPRESENTATION('',(#391),#399);
#391 = ( BOUNDED_CURVE() B_SPLINE_CURVE(2,(#392,#393,#394,#395,#396,#397
,#398),.UNSPECIFIED.,.T.,.F.) B_SPLINE_CURVE_WITH_KNOTS((1,2,2,2,2,1),(
    -2.094395102393,0.,2.094395102393,4.188790204786,6.28318530718,
8.377580409573),.UNSPECIFIED.) CURVE() GEOMETRIC_REPRESENTATION_ITEM() 
RATIONAL_B_SPLINE_CURVE((1.,0.5,1.,0.5,1.,0.5,1.)) REPRESENTATION_ITEM(
  '') );
#392 = CARTESIAN_POINT('',(35.484018715768,-33.23401871576));
#393 = CARTESIAN_POINT('',(35.484018715768,-37.13113303279));
#394 = CARTESIAN_POINT('',(32.109018715768,-35.18257587428));
#395 = CARTESIAN_POINT('',(28.734018715768,-33.23401871576));
#396 = CARTESIAN_POINT('',(32.109018715768,-31.28546155725));
#397 = CARTESIAN_POINT('',(35.484018715768,-29.33690439873));
#398 = CARTESIAN_POINT('',(35.484018715768,-33.23401871576));
#399 = ( GEOMETRIC_REPRESENTATION_CONTEXT(2) 
PARAMETRIC_REPRESENTATION_CONTEXT() REPRESENTATION_CONTEXT('2D SPACE',''
  ) );
#400 = PCURVE('',#401,#406);
#401 = CYLINDRICAL_SURFACE('',#402,2.25);
#402 = AXIS2_PLACEMENT_3D('',#403,#404,#405);
#403 = CARTESIAN_POINT('',(33.234018715768,-33.23401871576,100.));
#404 = DIRECTION('',(-0.,-0.,-1.));
#405 = DIRECTION('',(1.,0.,0.));
#406 = DEFINITIONAL_REPRESENTATION('',(#407),#411);
#407 = LINE('',#408,#409);
#408 = CARTESIAN_POINT('',(-6.28318530718,-1.));
#409 = VECTOR('',#410,1.);
#410 = DIRECTION('',(1.,-0.));
#411 = ( GEOMETRIC_REPRESENTATION_CONTEXT(2) 
PARAMETRIC_REPRESENTATION_CONTEXT() REPRESENTATION_CONTEXT('2D SPACE',''
  ) );
#412 = FACE_BOUND('',#413,.F.);
#413 = EDGE_LOOP('',(#414));
#414 = ORIENTED_EDGE('',*,*,#415,.T.);
#415 = EDGE_CURVE('',#416,#416,#418,.T.);
#416 = VERTEX_POINT('',#417);
#417 = CARTESIAN_POINT('',(-30.98401871576,33.234018715768,101.));
#418 = SURFACE_CURVE('',#419,(#424,#435),.PCURVE_S1.);
#419 = CIRCLE('',#420,2.25);
#420 = AXIS2_PLACEMENT_3D('',#421,#422,#423);
#421 = CARTESIAN_POINT('',(-33.23401871576,33.234018715768,101.));
#422 = DIRECTION('',(0.,0.,-1.));
#423 = DIRECTION('',(1.,0.,0.));
#424 = PCURVE('',#45,#425);
#425 = DEFINITIONAL_REPRESENTATION('',(#426),#434);
#426 = ( BOUNDED_CURVE() B_SPLINE_CURVE(2,(#427,#428,#429,#430,#431,#432
,#433),.UNSPECIFIED.,.T.,.F.) B_SPLINE_CURVE_WITH_KNOTS((1,2,2,2,2,1),(
    -2.094395102393,0.,2.094395102393,4.188790204786,6.28318530718,
8.377580409573),.UNSPECIFIED.) CURVE() GEOMETRIC_REPRESENTATION_ITEM() 
RATIONAL_B_SPLINE_CURVE((1.,0.5,1.,0.5,1.,0.5,1.)) REPRESENTATION_ITEM(
  '') );
#427 = CARTESIAN_POINT('',(-30.98401871576,33.234018715768));
#428 = CARTESIAN_POINT('',(-30.98401871576,29.336904398738));
#429 = CARTESIAN_POINT('',(-34.35901871576,31.285461557253));
#430 = CARTESIAN_POINT('',(-37.73401871576,33.234018715768));
#431 = CARTESIAN_POINT('',(-34.35901871576,35.182575874283));
#432 = CARTESIAN_POINT('',(-30.98401871576,37.131133032798));
#433 = CARTESIAN_POINT('',(-30.98401871576,33.234018715768));
#434 = ( GEOMETRIC_REPRESENTATION_CONTEXT(2) 
PARAMETRIC_REPRESENTATION_CONTEXT() REPRESENTATION_CONTEXT('2D SPACE',''
  ) );
#435 = PCURVE('',#436,#441);
#436 = CYLINDRICAL_SURFACE('',#437,2.25);
#437 = AXIS2_PLACEMENT_3D('',#438,#439,#440);
#438 = CARTESIAN_POINT('',(-33.23401871576,33.234018715768,100.));
#439 = DIRECTION('',(-0.,-0.,-1.));
#440 = DIRECTION('',(1.,0.,0.));
#441 = DEFINITIONAL_REPRESENTATION('',(#442),#446);
#442 = LINE('',#443,#444);
#443 = CARTESIAN_POINT('',(-6.28318530718,-1.));
#444 = VECTOR('',#445,1.);
#445 = DIRECTION('',(1.,-0.));
#446 = ( GEOMETRIC_REPRESENTATION_CONTEXT(2) 
PARAMETRIC_REPRESENTATION_CONTEXT() REPRESENTATION_CONTEXT('2D SPACE',''
  ) );
#447 = FACE_BOUND('',#448,.F.);
#448 = EDGE_LOOP('',(#449));
#449 = ORIENTED_EDGE('',*,*,#450,.T.);
#450 = EDGE_CURVE('',#451,#451,#453,.T.);
#451 = VERTEX_POINT('',#452);
#452 = CARTESIAN_POINT('',(13.,0.,101.));
#453 = SURFACE_CURVE('',#454,(#459,#470),.PCURVE_S1.);
#454 = CIRCLE('',#455,13.);
#455 = AXIS2_PLACEMENT_3D('',#456,#457,#458);
#456 = CARTESIAN_POINT('',(0.,0.,101.));
#457 = DIRECTION('',(0.,0.,-1.));
#458 = DIRECTION('',(1.,0.,0.));
#459 = PCURVE('',#45,#460);
#460 = DEFINITIONAL_REPRESENTATION('',(#461),#469);
#461 = ( BOUNDED_CURVE() B_SPLINE_CURVE(2,(#462,#463,#464,#465,#466,#467
,#468),.UNSPECIFIED.,.T.,.F.) B_SPLINE_CURVE_WITH_KNOTS((1,2,2,2,2,1),(
    -2.094395102393,0.,2.094395102393,4.188790204786,6.28318530718,
8.377580409573),.UNSPECIFIED.) CURVE() GEOMETRIC_REPRESENTATION_ITEM() 
RATIONAL_B_SPLINE_CURVE((1.,0.5,1.,0.5,1.,0.5,1.)) REPRESENTATION_ITEM(
  '') );
#462 = CARTESIAN_POINT('',(13.,-2.315192385526E-15));
#463 = CARTESIAN_POINT('',(13.,-22.51666049839));
#464 = CARTESIAN_POINT('',(-6.5,-11.25833024919));
#465 = CARTESIAN_POINT('',(-26.,-5.499274063309E-15));
#466 = CARTESIAN_POINT('',(-6.5,11.258330249198));
#467 = CARTESIAN_POINT('',(13.,22.516660498395));
#468 = CARTESIAN_POINT('',(13.,-2.315192385526E-15));
#469 = ( GEOMETRIC_REPRESENTATION_CONTEXT(2) 
PARAMETRIC_REPRESENTATION_CONTEXT() REPRESENTATION_CONTEXT('2D SPACE',''
  ) );
#470 = PCURVE('',#471,#476);
#471 = CYLINDRICAL_SURFACE('',#472,13.);
#472 = AXIS2_PLACEMENT_3D('',#473,#474,#475);
#473 = CARTESIAN_POINT('',(0.,0.,100.));
#474 = DIRECTION('',(-0.,-0.,-1.));
#475 = DIRECTION('',(1.,0.,0.));
#476 = DEFINITIONAL_REPRESENTATION('',(#477),#481);
#477 = LINE('',#478,#479);
#478 = CARTESIAN_POINT('',(-6.28318530718,-1.));
#479 = VECTOR('',#480,1.);
#480 = DIRECTION('',(1.,-0.));
#481 = ( GEOMETRIC_REPRESENTATION_CONTEXT(2) 
PARAMETRIC_REPRESENTATION_CONTEXT() REPRESENTATION_CONTEXT('2D SPACE',''
  ) );
#482 = FACE_BOUND('',#483,.F.);
#483 = EDGE_LOOP('',(#484));
#484 = ORIENTED_EDGE('',*,*,#485,.T.);
#485 = EDGE_CURVE('',#486,#486,#488,.T.);
#486 = VERTEX_POINT('',#487);
#487 = CARTESIAN_POINT('',(23.6,0.,101.));
#488 = SURFACE_CURVE('',#489,(#494,#505),.PCURVE_S1.);
#489 = CIRCLE('',#490,1.6);
#490 = AXIS2_PLACEMENT_3D('',#491,#492,#493);
#491 = CARTESIAN_POINT('',(22.,0.,101.));
#492 = DIRECTION('',(0.,0.,-1.));
#493 = DIRECTION('',(1.,0.,0.));
#494 = PCURVE('',#45,#495);
#495 = DEFINITIONAL_REPRESENTATION('',(#496),#504);
#496 = ( BOUNDED_CURVE() B_SPLINE_CURVE(2,(#497,#498,#499,#500,#501,#502
,#503),.UNSPECIFIED.,.T.,.F.) B_SPLINE_CURVE_WITH_KNOTS((1,2,2,2,2,1),(
    -2.094395102393,0.,2.094395102393,4.188790204786,6.28318530718,
8.377580409573),.UNSPECIFIED.) CURVE() GEOMETRIC_REPRESENTATION_ITEM() 
RATIONAL_B_SPLINE_CURVE((1.,0.5,1.,0.5,1.,0.5,1.)) REPRESENTATION_ITEM(
  '') );
#497 = CARTESIAN_POINT('',(23.6,-2.315192385526E-15));
#498 = CARTESIAN_POINT('',(23.6,-2.77128129211));
#499 = CARTESIAN_POINT('',(21.2,-1.385640646055));
#500 = CARTESIAN_POINT('',(18.8,-2.707079361253E-15));
#501 = CARTESIAN_POINT('',(21.2,1.385640646055));
#502 = CARTESIAN_POINT('',(23.6,2.77128129211));
#503 = CARTESIAN_POINT('',(23.6,-2.315192385526E-15));
#504 = ( GEOMETRIC_REPRESENTATION_CONTEXT(2) 
PARAMETRIC_REPRESENTATION_CONTEXT() REPRESENTATION_CONTEXT('2D SPACE',''
  ) );
#505 = PCURVE('',#506,#511);
#506 = CYLINDRICAL_SURFACE('',#507,1.6);
#507 = AXIS2_PLACEMENT_3D('',#508,#509,#510);
#508 = CARTESIAN_POINT('',(22.,0.,100.));
#509 = DIRECTION('',(-0.,-0.,-1.));
#510 = DIRECTION('',(1.,0.,0.));
#511 = DEFINITIONAL_REPRESENTATION('',(#512),#516);
#512 = LINE('',#513,#514);
#513 = CARTESIAN_POINT('',(-6.28318530718,-1.));
#514 = VECTOR('',#515,1.);
#515 = DIRECTION('',(1.,-0.));
#516 = ( GEOMETRIC_REPRESENTATION_CONTEXT(2) 
PARAMETRIC_REPRESENTATION_CONTEXT() REPRESENTATION_CONTEXT('2D SPACE',''
  ) );
#517 = FACE_BOUND('',#518,.F.);
#518 = EDGE_LOOP('',(#519));
#519 = ORIENTED_EDGE('',*,*,#520,.T.);
#520 = EDGE_CURVE('',#521,#521,#523,.T.);
#521 = VERTEX_POINT('',#522);
#522 = CARTESIAN_POINT('',(35.484018715768,33.234018715768,101.));
#523 = SURFACE_CURVE('',#524,(#529,#540),.PCURVE_S1.);
#524 = CIRCLE('',#525,2.25);
#525 = AXIS2_PLACEMENT_3D('',#526,#527,#528);
#526 = CARTESIAN_POINT('',(33.234018715768,33.234018715768,101.));
#527 = DIRECTION('',(0.,0.,-1.));
#528 = DIRECTION('',(1.,0.,0.));
#529 = PCURVE('',#45,#530);
#530 = DEFINITIONAL_REPRESENTATION('',(#531),#539);
#531 = ( BOUNDED_CURVE() B_SPLINE_CURVE(2,(#532,#533,#534,#535,#536,#537
,#538),.UNSPECIFIED.,.T.,.F.) B_SPLINE_CURVE_WITH_KNOTS((1,2,2,2,2,1),(
    -2.094395102393,0.,2.094395102393,4.188790204786,6.28318530718,
8.377580409573),.UNSPECIFIED.) CURVE() GEOMETRIC_REPRESENTATION_ITEM() 
RATIONAL_B_SPLINE_CURVE((1.,0.5,1.,0.5,1.,0.5,1.)) REPRESENTATION_ITEM(
  '') );
#532 = CARTESIAN_POINT('',(35.484018715768,33.234018715768));
#533 = CARTESIAN_POINT('',(35.484018715768,29.336904398738));
#534 = CARTESIAN_POINT('',(32.109018715768,31.285461557253));
#535 = CARTESIAN_POINT('',(28.734018715768,33.234018715768));
#536 = CARTESIAN_POINT('',(32.109018715768,35.182575874283));
#537 = CARTESIAN_POINT('',(35.484018715768,37.131133032798));
#538 = CARTESIAN_POINT('',(35.484018715768,33.234018715768));
#539 = ( GEOMETRIC_REPRESENTATION_CONTEXT(2) 
PARAMETRIC_REPRESENTATION_CONTEXT() REPRESENTATION_CONTEXT('2D SPACE',''
  ) );
#540 = PCURVE('',#541,#546);
#541 = CYLINDRICAL_SURFACE('',#542,2.25);
#542 = AXIS2_PLACEMENT_3D('',#543,#544,#545);
#543 = CARTESIAN_POINT('',(33.234018715768,33.234018715768,100.));
#544 = DIRECTION('',(-0.,-0.,-1.));
#545 = DIRECTION('',(1.,0.,0.));
#546 = DEFINITIONAL_REPRESENTATION('',(#547),#551);
#547 = LINE('',#548,#549);
#548 = CARTESIAN_POINT('',(-6.28318530718,-1.));
#549 = VECTOR('',#550,1.);
#550 = DIRECTION('',(1.,-0.));
#551 = ( GEOMETRIC_REPRESENTATION_CONTEXT(2) 
PARAMETRIC_REPRESENTATION_CONTEXT() REPRESENTATION_CONTEXT('2D SPACE',''
  ) );
#552 = ADVANCED_FACE('',(#553),#129,.T.);
#553 = FACE_BOUND('',#554,.F.);
#554 = EDGE_LOOP('',(#555,#556,#557,#581));
#555 = ORIENTED_EDGE('',*,*,#172,.F.);
#556 = ORIENTED_EDGE('',*,*,#116,.F.);
#557 = ORIENTED_EDGE('',*,*,#558,.T.);
#558 = EDGE_CURVE('',#84,#559,#561,.T.);
#559 = VERTEX_POINT('',#560);
#560 = CARTESIAN_POINT('',(-34.03473792239,26.279966030308,104.));
#561 = SURFACE_CURVE('',#562,(#567,#574),.PCURVE_S1.);
#562 = CIRCLE('',#563,7.);
#563 = AXIS2_PLACEMENT_3D('',#564,#565,#566);
#564 = CARTESIAN_POINT('',(-33.23401871576,33.234018715768,104.));
#565 = DIRECTION('',(0.,0.,1.));
#566 = DIRECTION('',(1.,0.,0.));
#567 = PCURVE('',#129,#568);
#568 = DEFINITIONAL_REPRESENTATION('',(#569),#573);
#569 = LINE('',#570,#571);
#570 = CARTESIAN_POINT('',(-0.,-3.));
#571 = VECTOR('',#572,1.);
#572 = DIRECTION('',(-1.,0.));
#573 = ( GEOMETRIC_REPRESENTATION_CONTEXT(2) 
PARAMETRIC_REPRESENTATION_CONTEXT() REPRESENTATION_CONTEXT('2D SPACE',''
  ) );
#574 = PCURVE('',#100,#575);
#575 = DEFINITIONAL_REPRESENTATION('',(#576),#580);
#576 = CIRCLE('',#577,7.);
#577 = AXIS2_PLACEMENT_2D('',#578,#579);
#578 = CARTESIAN_POINT('',(-33.23401871576,33.234018715768));
#579 = DIRECTION('',(1.,0.));
#580 = ( GEOMETRIC_REPRESENTATION_CONTEXT(2) 
PARAMETRIC_REPRESENTATION_CONTEXT() REPRESENTATION_CONTEXT('2D SPACE',''
  ) );
#581 = ORIENTED_EDGE('',*,*,#582,.T.);
#582 = EDGE_CURVE('',#559,#173,#583,.T.);
#583 = SURFACE_CURVE('',#584,(#588,#594),.PCURVE_S1.);
#584 = LINE('',#585,#586);
#585 = CARTESIAN_POINT('',(-34.03473792239,26.279966030308,101.));
#586 = VECTOR('',#587,1.);
#587 = DIRECTION('',(-0.,-0.,-1.));
#588 = PCURVE('',#129,#589);
#589 = DEFINITIONAL_REPRESENTATION('',(#590),#593);
#590 = B_SPLINE_CURVE_WITH_KNOTS('',1,(#591,#592),.UNSPECIFIED.,.F.,.F.,
  (2,2),(-3.0000006,6.000000070117E-07),.PIECEWISE_BEZIER_KNOTS.);
#591 = CARTESIAN_POINT('',(-4.597749585108,-3.0000006));
#592 = CARTESIAN_POINT('',(-4.597749585108,6.000000070117E-07));
#593 = ( GEOMETRIC_REPRESENTATION_CONTEXT(2) 
PARAMETRIC_REPRESENTATION_CONTEXT() REPRESENTATION_CONTEXT('2D SPACE',''
  ) );
#594 = PCURVE('',#213,#595);
#595 = DEFINITIONAL_REPRESENTATION('',(#596),#599);
#596 = B_SPLINE_CURVE_WITH_KNOTS('',1,(#597,#598),.UNSPECIFIED.,.F.,.F.,
  (2,2),(-3.0000006,6.000000070117E-07),.PIECEWISE_BEZIER_KNOTS.);
#597 = CARTESIAN_POINT('',(-2.484064804126,-3.0000006));
#598 = CARTESIAN_POINT('',(-2.484064804126,6.000000070117E-07));
#599 = ( GEOMETRIC_REPRESENTATION_CONTEXT(2) 
PARAMETRIC_REPRESENTATION_CONTEXT() REPRESENTATION_CONTEXT('2D SPACE',''
  ) );
#600 = ADVANCED_FACE('',(#601,#763,#793,#823,#853,#883,#914),#100,.T.);
#601 = FACE_BOUND('',#602,.T.);
#602 = EDGE_LOOP('',(#603,#633,#659,#660,#661,#689,#713,#741));
#603 = ORIENTED_EDGE('',*,*,#604,.F.);
#604 = EDGE_CURVE('',#605,#607,#609,.T.);
#605 = VERTEX_POINT('',#606);
#606 = CARTESIAN_POINT('',(34.034737922391,26.279966030308,104.));
#607 = VERTEX_POINT('',#608);
#608 = CARTESIAN_POINT('',(34.034737922391,-26.2799660303,104.));
#609 = SURFACE_CURVE('',#610,(#615,#626),.PCURVE_S1.);
#610 = CIRCLE('',#611,43.);
#611 = AXIS2_PLACEMENT_3D('',#612,#613,#614);
#612 = CARTESIAN_POINT('',(0.,0.,104.));
#613 = DIRECTION('',(0.,0.,-1.));
#614 = DIRECTION('',(0.791505533079,0.611162000705,0.));
#615 = PCURVE('',#100,#616);
#616 = DEFINITIONAL_REPRESENTATION('',(#617),#625);
#617 = ( BOUNDED_CURVE() B_SPLINE_CURVE(2,(#618,#619,#620,#621,#622,#623
,#624),.UNSPECIFIED.,.T.,.F.) B_SPLINE_CURVE_WITH_KNOTS((1,2,2,2,2,1),(
    -2.094395102393,0.,2.094395102393,4.188790204786,6.28318530718,
8.377580409573),.UNSPECIFIED.) CURVE() GEOMETRIC_REPRESENTATION_ITEM() 
RATIONAL_B_SPLINE_CURVE((1.,0.5,1.,0.5,1.,0.5,1.)) REPRESENTATION_ITEM(
  '') );
#618 = CARTESIAN_POINT('',(34.034737922391,26.279966030308));
#619 = CARTESIAN_POINT('',(79.552974308069,-32.66992927356));
#620 = CARTESIAN_POINT('',(5.741749231644,-42.61493066709));
#621 = CARTESIAN_POINT('',(-68.06947584478,-52.55993206061));
#622 = CARTESIAN_POINT('',(-39.77648715403,16.334964636782));
#623 = CARTESIAN_POINT('',(-11.48349846328,85.229861334181));
#624 = CARTESIAN_POINT('',(34.034737922391,26.279966030308));
#625 = ( GEOMETRIC_REPRESENTATION_CONTEXT(2) 
PARAMETRIC_REPRESENTATION_CONTEXT() REPRESENTATION_CONTEXT('2D SPACE',''
  ) );
#626 = PCURVE('',#331,#627);
#627 = DEFINITIONAL_REPRESENTATION('',(#628),#632);
#628 = LINE('',#629,#630);
#629 = CARTESIAN_POINT('',(-6.940713156644,-3.));
#630 = VECTOR('',#631,1.);
#631 = DIRECTION('',(1.,-0.));
#632 = ( GEOMETRIC_REPRESENTATION_CONTEXT(2) 
PARAMETRIC_REPRESENTATION_CONTEXT() REPRESENTATION_CONTEXT('2D SPACE',''
  ) );
#633 = ORIENTED_EDGE('',*,*,#634,.F.);
#634 = EDGE_CURVE('',#58,#605,#635,.T.);
#635 = SURFACE_CURVE('',#636,(#641,#652),.PCURVE_S1.);
#636 = CIRCLE('',#637,7.);
#637 = AXIS2_PLACEMENT_3D('',#638,#639,#640);
#638 = CARTESIAN_POINT('',(33.234018715768,33.234018715768,104.));
#639 = DIRECTION('',(0.,0.,-1.));
#640 = DIRECTION('',(-0.993436097923,0.114388458089,0.));
#641 = PCURVE('',#100,#642);
#642 = DEFINITIONAL_REPRESENTATION('',(#643),#651);
#643 = ( BOUNDED_CURVE() B_SPLINE_CURVE(2,(#644,#645,#646,#647,#648,#649
,#650),.UNSPECIFIED.,.T.,.F.) B_SPLINE_CURVE_WITH_KNOTS((1,2,2,2,2,1),(
    -2.094395102393,0.,2.094395102393,4.188790204786,6.28318530718,
8.377580409573),.UNSPECIFIED.) CURVE() GEOMETRIC_REPRESENTATION_ITEM() 
RATIONAL_B_SPLINE_CURVE((1.,0.5,1.,0.5,1.,0.5,1.)) REPRESENTATION_ITEM(
  '') );
#644 = CARTESIAN_POINT('',(26.279966030308,34.034737922391));
#645 = CARTESIAN_POINT('',(27.666852378777,46.079510492118));
#646 = CARTESIAN_POINT('',(37.404488232732,38.856045397319));
#647 = CARTESIAN_POINT('',(47.142124086686,31.63258030252));
#648 = CARTESIAN_POINT('',(36.017601884263,26.811272827593));
#649 = CARTESIAN_POINT('',(24.89307968184,21.989965352665));
#650 = CARTESIAN_POINT('',(26.279966030308,34.034737922391));
#651 = ( GEOMETRIC_REPRESENTATION_CONTEXT(2) 
PARAMETRIC_REPRESENTATION_CONTEXT() REPRESENTATION_CONTEXT('2D SPACE',''
  ) );
#652 = PCURVE('',#72,#653);
#653 = DEFINITIONAL_REPRESENTATION('',(#654),#658);
#654 = LINE('',#655,#656);
#655 = CARTESIAN_POINT('',(-9.310138565493,-3.));
#656 = VECTOR('',#657,1.);
#657 = DIRECTION('',(1.,-0.));
#658 = ( GEOMETRIC_REPRESENTATION_CONTEXT(2) 
PARAMETRIC_REPRESENTATION_CONTEXT() REPRESENTATION_CONTEXT('2D SPACE',''
  ) );
#659 = ORIENTED_EDGE('',*,*,#83,.F.);
#660 = ORIENTED_EDGE('',*,*,#558,.T.);
#661 = ORIENTED_EDGE('',*,*,#662,.F.);
#662 = EDGE_CURVE('',#663,#559,#665,.T.);
#663 = VERTEX_POINT('',#664);
#664 = CARTESIAN_POINT('',(-34.03473792239,-26.2799660303,104.));
#665 = SURFACE_CURVE('',#666,(#671,#682),.PCURVE_S1.);
#666 = CIRCLE('',#667,43.);
#667 = AXIS2_PLACEMENT_3D('',#668,#669,#670);
#668 = CARTESIAN_POINT('',(0.,0.,104.));
#669 = DIRECTION('',(0.,0.,-1.));
#670 = DIRECTION('',(0.791505533079,0.611162000705,0.));
#671 = PCURVE('',#100,#672);
#672 = DEFINITIONAL_REPRESENTATION('',(#673),#681);
#673 = ( BOUNDED_CURVE() B_SPLINE_CURVE(2,(#674,#675,#676,#677,#678,#679
,#680),.UNSPECIFIED.,.T.,.F.) B_SPLINE_CURVE_WITH_KNOTS((1,2,2,2,2,1),(
    -2.094395102393,0.,2.094395102393,4.188790204786,6.28318530718,
8.377580409573),.UNSPECIFIED.) CURVE() GEOMETRIC_REPRESENTATION_ITEM() 
RATIONAL_B_SPLINE_CURVE((1.,0.5,1.,0.5,1.,0.5,1.)) REPRESENTATION_ITEM(
  '') );
#674 = CARTESIAN_POINT('',(34.034737922391,26.279966030308));
#675 = CARTESIAN_POINT('',(79.552974308069,-32.66992927356));
#676 = CARTESIAN_POINT('',(5.741749231644,-42.61493066709));
#677 = CARTESIAN_POINT('',(-68.06947584478,-52.55993206061));
#678 = CARTESIAN_POINT('',(-39.77648715403,16.334964636782));
#679 = CARTESIAN_POINT('',(-11.48349846328,85.229861334181));
#680 = CARTESIAN_POINT('',(34.034737922391,26.279966030308));
#681 = ( GEOMETRIC_REPRESENTATION_CONTEXT(2) 
PARAMETRIC_REPRESENTATION_CONTEXT() REPRESENTATION_CONTEXT('2D SPACE',''
  ) );
#682 = PCURVE('',#213,#683);
#683 = DEFINITIONAL_REPRESENTATION('',(#684),#688);
#684 = LINE('',#685,#686);
#685 = CARTESIAN_POINT('',(-6.940713156644,-3.));
#686 = VECTOR('',#687,1.);
#687 = DIRECTION('',(1.,-0.));
#688 = ( GEOMETRIC_REPRESENTATION_CONTEXT(2) 
PARAMETRIC_REPRESENTATION_CONTEXT() REPRESENTATION_CONTEXT('2D SPACE',''
  ) );
#689 = ORIENTED_EDGE('',*,*,#690,.T.);
#690 = EDGE_CURVE('',#663,#691,#693,.T.);
#691 = VERTEX_POINT('',#692);
#692 = CARTESIAN_POINT('',(-26.2799660303,-34.03473792239,104.));
#693 = SURFACE_CURVE('',#694,(#699,#706),.PCURVE_S1.);
#694 = CIRCLE('',#695,7.);
#695 = AXIS2_PLACEMENT_3D('',#696,#697,#698);
#696 = CARTESIAN_POINT('',(-33.23401871576,-33.23401871576,104.));
#697 = DIRECTION('',(0.,0.,1.));
#698 = DIRECTION('',(1.,0.,0.));
#699 = PCURVE('',#100,#700);
#700 = DEFINITIONAL_REPRESENTATION('',(#701),#705);
#701 = CIRCLE('',#702,7.);
#702 = AXIS2_PLACEMENT_2D('',#703,#704);
#703 = CARTESIAN_POINT('',(-33.23401871576,-33.23401871576));
#704 = DIRECTION('',(1.,0.));
#705 = ( GEOMETRIC_REPRESENTATION_CONTEXT(2) 
PARAMETRIC_REPRESENTATION_CONTEXT() REPRESENTATION_CONTEXT('2D SPACE',''
  ) );
#706 = PCURVE('',#242,#707);
#707 = DEFINITIONAL_REPRESENTATION('',(#708),#712);
#708 = LINE('',#709,#710);
#709 = CARTESIAN_POINT('',(-0.,-3.));
#710 = VECTOR('',#711,1.);
#711 = DIRECTION('',(-1.,0.));
#712 = ( GEOMETRIC_REPRESENTATION_CONTEXT(2) 
PARAMETRIC_REPRESENTATION_CONTEXT() REPRESENTATION_CONTEXT('2D SPACE',''
  ) );
#713 = ORIENTED_EDGE('',*,*,#714,.F.);
#714 = EDGE_CURVE('',#715,#691,#717,.T.);
#715 = VERTEX_POINT('',#716);
#716 = CARTESIAN_POINT('',(26.279966030308,-34.03473792239,104.));
#717 = SURFACE_CURVE('',#718,(#723,#734),.PCURVE_S1.);
#718 = CIRCLE('',#719,43.);
#719 = AXIS2_PLACEMENT_3D('',#720,#721,#722);
#720 = CARTESIAN_POINT('',(0.,0.,104.));
#721 = DIRECTION('',(0.,0.,-1.));
#722 = DIRECTION('',(0.791505533079,0.611162000705,0.));
#723 = PCURVE('',#100,#724);
#724 = DEFINITIONAL_REPRESENTATION('',(#725),#733);
#725 = ( BOUNDED_CURVE() B_SPLINE_CURVE(2,(#726,#727,#728,#729,#730,#731
,#732),.UNSPECIFIED.,.T.,.F.) B_SPLINE_CURVE_WITH_KNOTS((1,2,2,2,2,1),(
    -2.094395102393,0.,2.094395102393,4.188790204786,6.28318530718,
8.377580409573),.UNSPECIFIED.) CURVE() GEOMETRIC_REPRESENTATION_ITEM() 
RATIONAL_B_SPLINE_CURVE((1.,0.5,1.,0.5,1.,0.5,1.)) REPRESENTATION_ITEM(
  '') );
#726 = CARTESIAN_POINT('',(34.034737922391,26.279966030308));
#727 = CARTESIAN_POINT('',(79.552974308069,-32.66992927356));
#728 = CARTESIAN_POINT('',(5.741749231644,-42.61493066709));
#729 = CARTESIAN_POINT('',(-68.06947584478,-52.55993206061));
#730 = CARTESIAN_POINT('',(-39.77648715403,16.334964636782));
#731 = CARTESIAN_POINT('',(-11.48349846328,85.229861334181));
#732 = CARTESIAN_POINT('',(34.034737922391,26.279966030308));
#733 = ( GEOMETRIC_REPRESENTATION_CONTEXT(2) 
PARAMETRIC_REPRESENTATION_CONTEXT() REPRESENTATION_CONTEXT('2D SPACE',''
  ) );
#734 = PCURVE('',#271,#735);
#735 = DEFINITIONAL_REPRESENTATION('',(#736),#740);
#736 = LINE('',#737,#738);
#737 = CARTESIAN_POINT('',(-6.940713156644,-3.));
#738 = VECTOR('',#739,1.);
#739 = DIRECTION('',(1.,-0.));
#740 = ( GEOMETRIC_REPRESENTATION_CONTEXT(2) 
PARAMETRIC_REPRESENTATION_CONTEXT() REPRESENTATION_CONTEXT('2D SPACE',''
  ) );
#741 = ORIENTED_EDGE('',*,*,#742,.T.);
#742 = EDGE_CURVE('',#715,#607,#743,.T.);
#743 = SURFACE_CURVE('',#744,(#749,#756),.PCURVE_S1.);
#744 = CIRCLE('',#745,7.);
#745 = AXIS2_PLACEMENT_3D('',#746,#747,#748);
#746 = CARTESIAN_POINT('',(33.234018715768,-33.23401871576,104.));
#747 = DIRECTION('',(0.,0.,1.));
#748 = DIRECTION('',(-0.993436097923,-0.114388458089,0.));
#749 = PCURVE('',#100,#750);
#750 = DEFINITIONAL_REPRESENTATION('',(#751),#755);
#751 = CIRCLE('',#752,7.);
#752 = AXIS2_PLACEMENT_2D('',#753,#754);
#753 = CARTESIAN_POINT('',(33.234018715768,-33.23401871576));
#754 = DIRECTION('',(-0.993436097923,-0.114388458089));
#755 = ( GEOMETRIC_REPRESENTATION_CONTEXT(2) 
PARAMETRIC_REPRESENTATION_CONTEXT() REPRESENTATION_CONTEXT('2D SPACE',''
  ) );
#756 = PCURVE('',#304,#757);
#757 = DEFINITIONAL_REPRESENTATION('',(#758),#762);
#758 = LINE('',#759,#760);
#759 = CARTESIAN_POINT('',(-3.256232048866,-3.));
#760 = VECTOR('',#761,1.);
#761 = DIRECTION('',(-1.,0.));
#762 = ( GEOMETRIC_REPRESENTATION_CONTEXT(2) 
PARAMETRIC_REPRESENTATION_CONTEXT() REPRESENTATION_CONTEXT('2D SPACE',''
  ) );
#763 = FACE_BOUND('',#764,.T.);
#764 = EDGE_LOOP('',(#765));
#765 = ORIENTED_EDGE('',*,*,#766,.T.);
#766 = EDGE_CURVE('',#767,#767,#769,.T.);
#767 = VERTEX_POINT('',#768);
#768 = CARTESIAN_POINT('',(-30.98401871576,-33.23401871576,104.));
#769 = SURFACE_CURVE('',#770,(#775,#786),.PCURVE_S1.);
#770 = CIRCLE('',#771,2.25);
#771 = AXIS2_PLACEMENT_3D('',#772,#773,#774);
#772 = CARTESIAN_POINT('',(-33.23401871576,-33.23401871576,104.));
#773 = DIRECTION('',(0.,0.,-1.));
#774 = DIRECTION('',(1.,0.,0.));
#775 = PCURVE('',#100,#776);
#776 = DEFINITIONAL_REPRESENTATION('',(#777),#785);
#777 = ( BOUNDED_CURVE() B_SPLINE_CURVE(2,(#778,#779,#780,#781,#782,#783
,#784),.UNSPECIFIED.,.T.,.F.) B_SPLINE_CURVE_WITH_KNOTS((1,2,2,2,2,1),(
    -2.094395102393,0.,2.094395102393,4.188790204786,6.28318530718,
8.377580409573),.UNSPECIFIED.) CURVE() GEOMETRIC_REPRESENTATION_ITEM() 
RATIONAL_B_SPLINE_CURVE((1.,0.5,1.,0.5,1.,0.5,1.)) REPRESENTATION_ITEM(
  '') );
#778 = CARTESIAN_POINT('',(-30.98401871576,-33.23401871576));
#779 = CARTESIAN_POINT('',(-30.98401871576,-37.13113303279));
#780 = CARTESIAN_POINT('',(-34.35901871576,-35.18257587428));
#781 = CARTESIAN_POINT('',(-37.73401871576,-33.23401871576));
#782 = CARTESIAN_POINT('',(-34.35901871576,-31.28546155725));
#783 = CARTESIAN_POINT('',(-30.98401871576,-29.33690439873));
#784 = CARTESIAN_POINT('',(-30.98401871576,-33.23401871576));
#785 = ( GEOMETRIC_REPRESENTATION_CONTEXT(2) 
PARAMETRIC_REPRESENTATION_CONTEXT() REPRESENTATION_CONTEXT('2D SPACE',''
  ) );
#786 = PCURVE('',#366,#787);
#787 = DEFINITIONAL_REPRESENTATION('',(#788),#792);
#788 = LINE('',#789,#790);
#789 = CARTESIAN_POINT('',(-6.28318530718,-4.));
#790 = VECTOR('',#791,1.);
#791 = DIRECTION('',(1.,-0.));
#792 = ( GEOMETRIC_REPRESENTATION_CONTEXT(2) 
PARAMETRIC_REPRESENTATION_CONTEXT() REPRESENTATION_CONTEXT('2D SPACE',''
  ) );
#793 = FACE_BOUND('',#794,.T.);
#794 = EDGE_LOOP('',(#795));
#795 = ORIENTED_EDGE('',*,*,#796,.T.);
#796 = EDGE_CURVE('',#797,#797,#799,.T.);
#797 = VERTEX_POINT('',#798);
#798 = CARTESIAN_POINT('',(35.484018715768,-33.23401871576,104.));
#799 = SURFACE_CURVE('',#800,(#805,#816),.PCURVE_S1.);
#800 = CIRCLE('',#801,2.25);
#801 = AXIS2_PLACEMENT_3D('',#802,#803,#804);
#802 = CARTESIAN_POINT('',(33.234018715768,-33.23401871576,104.));
#803 = DIRECTION('',(0.,0.,-1.));
#804 = DIRECTION('',(1.,0.,0.));
#805 = PCURVE('',#100,#806);
#806 = DEFINITIONAL_REPRESENTATION('',(#807),#815);
#807 = ( BOUNDED_CURVE() B_SPLINE_CURVE(2,(#808,#809,#810,#811,#812,#813
,#814),.UNSPECIFIED.,.T.,.F.) B_SPLINE_CURVE_WITH_KNOTS((1,2,2,2,2,1),(
    -2.094395102393,0.,2.094395102393,4.188790204786,6.28318530718,
8.377580409573),.UNSPECIFIED.) CURVE() GEOMETRIC_REPRESENTATION_ITEM() 
RATIONAL_B_SPLINE_CURVE((1.,0.5,1.,0.5,1.,0.5,1.)) REPRESENTATION_ITEM(
  '') );
#808 = CARTESIAN_POINT('',(35.484018715768,-33.23401871576));
#809 = CARTESIAN_POINT('',(35.484018715768,-37.13113303279));
#810 = CARTESIAN_POINT('',(32.109018715768,-35.18257587428));
#811 = CARTESIAN_POINT('',(28.734018715768,-33.23401871576));
#812 = CARTESIAN_POINT('',(32.109018715768,-31.28546155725));
#813 = CARTESIAN_POINT('',(35.484018715768,-29.33690439873));
#814 = CARTESIAN_POINT('',(35.484018715768,-33.23401871576));
#815 = ( GEOMETRIC_REPRESENTATION_CONTEXT(2) 
PARAMETRIC_REPRESENTATION_CONTEXT() REPRESENTATION_CONTEXT('2D SPACE',''
  ) );
#816 = PCURVE('',#401,#817);
#817 = DEFINITIONAL_REPRESENTATION('',(#818),#822);
#818 = LINE('',#819,#820);
#819 = CARTESIAN_POINT('',(-6.28318530718,-4.));
#820 = VECTOR('',#821,1.);
#821 = DIRECTION('',(1.,-0.));
#822 = ( GEOMETRIC_REPRESENTATION_CONTEXT(2) 
PARAMETRIC_REPRESENTATION_CONTEXT() REPRESENTATION_CONTEXT('2D SPACE',''
  ) );
#823 = FACE_BOUND('',#824,.T.);
#824 = EDGE_LOOP('',(#825));
#825 = ORIENTED_EDGE('',*,*,#826,.T.);
#826 = EDGE_CURVE('',#827,#827,#829,.T.);
#827 = VERTEX_POINT('',#828);
#828 = CARTESIAN_POINT('',(-30.98401871576,33.234018715768,104.));
#829 = SURFACE_CURVE('',#830,(#835,#846),.PCURVE_S1.);
#830 = CIRCLE('',#831,2.25);
#831 = AXIS2_PLACEMENT_3D('',#832,#833,#834);
#832 = CARTESIAN_POINT('',(-33.23401871576,33.234018715768,104.));
#833 = DIRECTION('',(0.,0.,-1.));
#834 = DIRECTION('',(1.,0.,0.));
#835 = PCURVE('',#100,#836);
#836 = DEFINITIONAL_REPRESENTATION('',(#837),#845);
#837 = ( BOUNDED_CURVE() B_SPLINE_CURVE(2,(#838,#839,#840,#841,#842,#843
,#844),.UNSPECIFIED.,.T.,.F.) B_SPLINE_CURVE_WITH_KNOTS((1,2,2,2,2,1),(
    -2.094395102393,0.,2.094395102393,4.188790204786,6.28318530718,
8.377580409573),.UNSPECIFIED.) CURVE() GEOMETRIC_REPRESENTATION_ITEM() 
RATIONAL_B_SPLINE_CURVE((1.,0.5,1.,0.5,1.,0.5,1.)) REPRESENTATION_ITEM(
  '') );
#838 = CARTESIAN_POINT('',(-30.98401871576,33.234018715768));
#839 = CARTESIAN_POINT('',(-30.98401871576,29.336904398738));
#840 = CARTESIAN_POINT('',(-34.35901871576,31.285461557253));
#841 = CARTESIAN_POINT('',(-37.73401871576,33.234018715768));
#842 = CARTESIAN_POINT('',(-34.35901871576,35.182575874283));
#843 = CARTESIAN_POINT('',(-30.98401871576,37.131133032798));
#844 = CARTESIAN_POINT('',(-30.98401871576,33.234018715768));
#845 = ( GEOMETRIC_REPRESENTATION_CONTEXT(2) 
PARAMETRIC_REPRESENTATION_CONTEXT() REPRESENTATION_CONTEXT('2D SPACE',''
  ) );
#846 = PCURVE('',#436,#847);
#847 = DEFINITIONAL_REPRESENTATION('',(#848),#852);
#848 = LINE('',#849,#850);
#849 = CARTESIAN_POINT('',(-6.28318530718,-4.));
#850 = VECTOR('',#851,1.);
#851 = DIRECTION('',(1.,-0.));
#852 = ( GEOMETRIC_REPRESENTATION_CONTEXT(2) 
PARAMETRIC_REPRESENTATION_CONTEXT() REPRESENTATION_CONTEXT('2D SPACE',''
  ) );
#853 = FACE_BOUND('',#854,.T.);
#854 = EDGE_LOOP('',(#855));
#855 = ORIENTED_EDGE('',*,*,#856,.T.);
#856 = EDGE_CURVE('',#857,#857,#859,.T.);
#857 = VERTEX_POINT('',#858);
#858 = CARTESIAN_POINT('',(13.,0.,104.));
#859 = SURFACE_CURVE('',#860,(#865,#876),.PCURVE_S1.);
#860 = CIRCLE('',#861,13.);
#861 = AXIS2_PLACEMENT_3D('',#862,#863,#864);
#862 = CARTESIAN_POINT('',(0.,0.,104.));
#863 = DIRECTION('',(0.,0.,-1.));
#864 = DIRECTION('',(1.,0.,0.));
#865 = PCURVE('',#100,#866);
#866 = DEFINITIONAL_REPRESENTATION('',(#867),#875);
#867 = ( BOUNDED_CURVE() B_SPLINE_CURVE(2,(#868,#869,#870,#871,#872,#873
,#874),.UNSPECIFIED.,.T.,.F.) B_SPLINE_CURVE_WITH_KNOTS((1,2,2,2,2,1),(
    -2.094395102393,0.,2.094395102393,4.188790204786,6.28318530718,
8.377580409573),.UNSPECIFIED.) CURVE() GEOMETRIC_REPRESENTATION_ITEM() 
RATIONAL_B_SPLINE_CURVE((1.,0.5,1.,0.5,1.,0.5,1.)) REPRESENTATION_ITEM(
  '') );
#868 = CARTESIAN_POINT('',(13.,-2.315192385526E-15));
#869 = CARTESIAN_POINT('',(13.,-22.51666049839));
#870 = CARTESIAN_POINT('',(-6.5,-11.25833024919));
#871 = CARTESIAN_POINT('',(-26.,-5.499274063309E-15));
#872 = CARTESIAN_POINT('',(-6.5,11.258330249198));
#873 = CARTESIAN_POINT('',(13.,22.516660498395));
#874 = CARTESIAN_POINT('',(13.,-2.315192385526E-15));
#875 = ( GEOMETRIC_REPRESENTATION_CONTEXT(2) 
PARAMETRIC_REPRESENTATION_CONTEXT() REPRESENTATION_CONTEXT('2D SPACE',''
  ) );
#876 = PCURVE('',#471,#877);
#877 = DEFINITIONAL_REPRESENTATION('',(#878),#882);
#878 = LINE('',#879,#880);
#879 = CARTESIAN_POINT('',(-6.28318530718,-4.));
#880 = VECTOR('',#881,1.);
#881 = DIRECTION('',(1.,-0.));
#882 = ( GEOMETRIC_REPRESENTATION_CONTEXT(2) 
PARAMETRIC_REPRESENTATION_CONTEXT() REPRESENTATION_CONTEXT('2D SPACE',''
  ) );
#883 = FACE_BOUND('',#884,.T.);
#884 = EDGE_LOOP('',(#885));
#885 = ORIENTED_EDGE('',*,*,#886,.F.);
#886 = EDGE_CURVE('',#887,#887,#889,.T.);
#887 = VERTEX_POINT('',#888);
#888 = CARTESIAN_POINT('',(30.,-1.959434878636E-15,104.));
#889 = SURFACE_CURVE('',#890,(#895,#902),.PCURVE_S1.);
#890 = CIRCLE('',#891,8.);
#891 = AXIS2_PLACEMENT_3D('',#892,#893,#894);
#892 = CARTESIAN_POINT('',(22.,0.,104.));
#893 = DIRECTION('',(0.,0.,1.));
#894 = DIRECTION('',(1.,0.,-0.));
#895 = PCURVE('',#100,#896);
#896 = DEFINITIONAL_REPRESENTATION('',(#897),#901);
#897 = CIRCLE('',#898,8.);
#898 = AXIS2_PLACEMENT_2D('',#899,#900);
#899 = CARTESIAN_POINT('',(22.,-2.315192385526E-15));
#900 = DIRECTION('',(1.,0.));
#901 = ( GEOMETRIC_REPRESENTATION_CONTEXT(2) 
PARAMETRIC_REPRESENTATION_CONTEXT() REPRESENTATION_CONTEXT('2D SPACE',''
  ) );
#902 = PCURVE('',#903,#908);
#903 = CONICAL_SURFACE('',#904,8.,0.321750554397);
#904 = AXIS2_PLACEMENT_3D('',#905,#906,#907);
#905 = CARTESIAN_POINT('',(22.,0.,104.));
#906 = DIRECTION('',(-0.,-0.,-1.));
#907 = DIRECTION('',(1.,0.,-0.));
#908 = DEFINITIONAL_REPRESENTATION('',(#909),#913);
#909 = LINE('',#910,#911);
#910 = CARTESIAN_POINT('',(-0.,-0.));
#911 = VECTOR('',#912,1.);
#912 = DIRECTION('',(-1.,-0.));
#913 = ( GEOMETRIC_REPRESENTATION_CONTEXT(2) 
PARAMETRIC_REPRESENTATION_CONTEXT() REPRESENTATION_CONTEXT('2D SPACE',''
  ) );
#914 = FACE_BOUND('',#915,.T.);
#915 = EDGE_LOOP('',(#916));
#916 = ORIENTED_EDGE('',*,*,#917,.T.);
#917 = EDGE_CURVE('',#918,#918,#920,.T.);
#918 = VERTEX_POINT('',#919);
#919 = CARTESIAN_POINT('',(35.484018715768,33.234018715768,104.));
#920 = SURFACE_CURVE('',#921,(#926,#937),.PCURVE_S1.);
#921 = CIRCLE('',#922,2.25);
#922 = AXIS2_PLACEMENT_3D('',#923,#924,#925);
#923 = CARTESIAN_POINT('',(33.234018715768,33.234018715768,104.));
#924 = DIRECTION('',(0.,0.,-1.));
#925 = DIRECTION('',(1.,0.,0.));
#926 = PCURVE('',#100,#927);
#927 = DEFINITIONAL_REPRESENTATION('',(#928),#936);
#928 = ( BOUNDED_CURVE() B_SPLINE_CURVE(2,(#929,#930,#931,#932,#933,#934
,#935),.UNSPECIFIED.,.T.,.F.) B_SPLINE_CURVE_WITH_KNOTS((1,2,2,2,2,1),(
    -2.094395102393,0.,2.094395102393,4.188790204786,6.28318530718,
8.377580409573),.UNSPECIFIED.) CURVE() GEOMETRIC_REPRESENTATION_ITEM() 
RATIONAL_B_SPLINE_CURVE((1.,0.5,1.,0.5,1.,0.5,1.)) REPRESENTATION_ITEM(
  '') );
#929 = CARTESIAN_POINT('',(35.484018715768,33.234018715768));
#930 = CARTESIAN_POINT('',(35.484018715768,29.336904398738));
#931 = CARTESIAN_POINT('',(32.109018715768,31.285461557253));
#932 = CARTESIAN_POINT('',(28.734018715768,33.234018715768));
#933 = CARTESIAN_POINT('',(32.109018715768,35.182575874283));
#934 = CARTESIAN_POINT('',(35.484018715768,37.131133032798));
#935 = CARTESIAN_POINT('',(35.484018715768,33.234018715768));
#936 = ( GEOMETRIC_REPRESENTATION_CONTEXT(2) 
PARAMETRIC_REPRESENTATION_CONTEXT() REPRESENTATION_CONTEXT('2D SPACE',''
  ) );
#937 = PCURVE('',#541,#938);
#938 = DEFINITIONAL_REPRESENTATION('',(#939),#943);
#939 = LINE('',#940,#941);
#940 = CARTESIAN_POINT('',(-6.28318530718,-4.));
#941 = VECTOR('',#942,1.);
#942 = DIRECTION('',(1.,-0.));
#943 = ( GEOMETRIC_REPRESENTATION_CONTEXT(2) 
PARAMETRIC_REPRESENTATION_CONTEXT() REPRESENTATION_CONTEXT('2D SPACE',''
  ) );
#944 = ADVANCED_FACE('',(#945),#72,.T.);
#945 = FACE_BOUND('',#946,.F.);
#946 = EDGE_LOOP('',(#947,#948,#949,#950));
#947 = ORIENTED_EDGE('',*,*,#634,.F.);
#948 = ORIENTED_EDGE('',*,*,#57,.T.);
#949 = ORIENTED_EDGE('',*,*,#143,.T.);
#950 = ORIENTED_EDGE('',*,*,#951,.F.);
#951 = EDGE_CURVE('',#605,#144,#952,.T.);
#952 = SURFACE_CURVE('',#953,(#957,#963),.PCURVE_S1.);
#953 = LINE('',#954,#955);
#954 = CARTESIAN_POINT('',(34.034737922391,26.279966030308,101.));
#955 = VECTOR('',#956,1.);
#956 = DIRECTION('',(-0.,-0.,-1.));
#957 = PCURVE('',#72,#958);
#958 = DEFINITIONAL_REPRESENTATION('',(#959),#962);
#959 = B_SPLINE_CURVE_WITH_KNOTS('',1,(#960,#961),.UNSPECIFIED.,.F.,.F.,
  (2,2),(-3.,0.),.PIECEWISE_BEZIER_KNOTS.);
#960 = CARTESIAN_POINT('',(-4.827028375661,-3.));
#961 = CARTESIAN_POINT('',(-4.827028375661,0.));
#962 = ( GEOMETRIC_REPRESENTATION_CONTEXT(2) 
PARAMETRIC_REPRESENTATION_CONTEXT() REPRESENTATION_CONTEXT('2D SPACE',''
  ) );
#963 = PCURVE('',#331,#964);
#964 = DEFINITIONAL_REPRESENTATION('',(#965),#968);
#965 = B_SPLINE_CURVE_WITH_KNOTS('',1,(#966,#967),.UNSPECIFIED.,.F.,.F.,
  (2,2),(-3.,0.),.PIECEWISE_BEZIER_KNOTS.);
#966 = CARTESIAN_POINT('',(-6.940713156644,-3.));
#967 = CARTESIAN_POINT('',(-6.940713156644,0.));
#968 = ( GEOMETRIC_REPRESENTATION_CONTEXT(2) 
PARAMETRIC_REPRESENTATION_CONTEXT() REPRESENTATION_CONTEXT('2D SPACE',''
  ) );
#969 = ADVANCED_FACE('',(#970),#331,.T.);
#970 = FACE_BOUND('',#971,.F.);
#971 = EDGE_LOOP('',(#972,#973,#992,#993));
#972 = ORIENTED_EDGE('',*,*,#316,.F.);
#973 = ORIENTED_EDGE('',*,*,#974,.F.);
#974 = EDGE_CURVE('',#607,#284,#975,.T.);
#975 = SURFACE_CURVE('',#976,(#980,#986),.PCURVE_S1.);
#976 = LINE('',#977,#978);
#977 = CARTESIAN_POINT('',(34.034737922391,-26.2799660303,101.));
#978 = VECTOR('',#979,1.);
#979 = DIRECTION('',(-0.,-0.,-1.));
#980 = PCURVE('',#331,#981);
#981 = DEFINITIONAL_REPRESENTATION('',(#982),#985);
#982 = B_SPLINE_CURVE_WITH_KNOTS('',1,(#983,#984),.UNSPECIFIED.,.F.,.F.,
  (2,2),(-3.0000006,6.000000070117E-07),.PIECEWISE_BEZIER_KNOTS.);
#983 = CARTESIAN_POINT('',(-5.625657457715,-3.0000006));
#984 = CARTESIAN_POINT('',(-5.625657457715,6.000000070117E-07));
#985 = ( GEOMETRIC_REPRESENTATION_CONTEXT(2) 
PARAMETRIC_REPRESENTATION_CONTEXT() REPRESENTATION_CONTEXT('2D SPACE',''
  ) );
#986 = PCURVE('',#304,#987);
#987 = DEFINITIONAL_REPRESENTATION('',(#988),#991);
#988 = B_SPLINE_CURVE_WITH_KNOTS('',1,(#989,#990),.UNSPECIFIED.,.F.,.F.,
  (2,2),(-3.,-0.),.PIECEWISE_BEZIER_KNOTS.);
#989 = CARTESIAN_POINT('',(-7.739342238698,-3.));
#990 = CARTESIAN_POINT('',(-7.739342238698,0.));
#991 = ( GEOMETRIC_REPRESENTATION_CONTEXT(2) 
PARAMETRIC_REPRESENTATION_CONTEXT() REPRESENTATION_CONTEXT('2D SPACE',''
  ) );
#992 = ORIENTED_EDGE('',*,*,#604,.F.);
#993 = ORIENTED_EDGE('',*,*,#951,.T.);
#994 = ADVANCED_FACE('',(#995),#304,.T.);
#995 = FACE_BOUND('',#996,.F.);
#996 = EDGE_LOOP('',(#997,#998,#1017,#1018));
#997 = ORIENTED_EDGE('',*,*,#283,.T.);
#998 = ORIENTED_EDGE('',*,*,#999,.F.);
#999 = EDGE_CURVE('',#715,#255,#1000,.T.);
#1000 = SURFACE_CURVE('',#1001,(#1005,#1011),.PCURVE_S1.);
#1001 = LINE('',#1002,#1003);
#1002 = CARTESIAN_POINT('',(26.279966030308,-34.03473792239,101.));
#1003 = VECTOR('',#1004,1.);
#1004 = DIRECTION('',(-0.,-0.,-1.));
#1005 = PCURVE('',#304,#1006);
#1006 = DEFINITIONAL_REPRESENTATION('',(#1007),#1010);
#1007 = B_SPLINE_CURVE_WITH_KNOTS('',1,(#1008,#1009),.UNSPECIFIED.,.F.,
  .F.,(2,2),(-3.,0.),.PIECEWISE_BEZIER_KNOTS.);
#1008 = CARTESIAN_POINT('',(-3.256232048866,-3.));
#1009 = CARTESIAN_POINT('',(-3.256232048866,0.));
#1010 = ( GEOMETRIC_REPRESENTATION_CONTEXT(2) 
PARAMETRIC_REPRESENTATION_CONTEXT() REPRESENTATION_CONTEXT('2D SPACE',''
  ) );
#1011 = PCURVE('',#271,#1012);
#1012 = DEFINITIONAL_REPRESENTATION('',(#1013),#1016);
#1013 = B_SPLINE_CURVE_WITH_KNOTS('',1,(#1014,#1015),.UNSPECIFIED.,.F.,
  .F.,(2,2),(-3.0000006,6.000000070117E-07),.PIECEWISE_BEZIER_KNOTS.);
#1014 = CARTESIAN_POINT('',(-5.369916829849,-3.0000006));
#1015 = CARTESIAN_POINT('',(-5.369916829849,6.000000070117E-07));
#1016 = ( GEOMETRIC_REPRESENTATION_CONTEXT(2) 
PARAMETRIC_REPRESENTATION_CONTEXT() REPRESENTATION_CONTEXT('2D SPACE',''
  ) );
#1017 = ORIENTED_EDGE('',*,*,#742,.T.);
#1018 = ORIENTED_EDGE('',*,*,#974,.T.);
#1019 = ADVANCED_FACE('',(#1020),#213,.T.);
#1020 = FACE_BOUND('',#1021,.F.);
#1021 = EDGE_LOOP('',(#1022,#1023,#1024,#1025));
#1022 = ORIENTED_EDGE('',*,*,#196,.F.);
#1023 = ORIENTED_EDGE('',*,*,#582,.F.);
#1024 = ORIENTED_EDGE('',*,*,#662,.F.);
#1025 = ORIENTED_EDGE('',*,*,#1026,.T.);
#1026 = EDGE_CURVE('',#663,#197,#1027,.T.);
#1027 = SURFACE_CURVE('',#1028,(#1032,#1038),.PCURVE_S1.);
#1028 = LINE('',#1029,#1030);
#1029 = CARTESIAN_POINT('',(-34.03473792239,-26.2799660303,101.));
#1030 = VECTOR('',#1031,1.);
#1031 = DIRECTION('',(-0.,-0.,-1.));
#1032 = PCURVE('',#213,#1033);
#1033 = DEFINITIONAL_REPRESENTATION('',(#1034),#1037);
#1034 = B_SPLINE_CURVE_WITH_KNOTS('',1,(#1035,#1036),.UNSPECIFIED.,.F.,
  .F.,(2,2),(-3.0000006,6.000000070117E-07),.PIECEWISE_BEZIER_KNOTS.);
#1035 = CARTESIAN_POINT('',(-3.799120503054,-3.0000006));
#1036 = CARTESIAN_POINT('',(-3.799120503054,6.000000070117E-07));
#1037 = ( GEOMETRIC_REPRESENTATION_CONTEXT(2) 
PARAMETRIC_REPRESENTATION_CONTEXT() REPRESENTATION_CONTEXT('2D SPACE',''
  ) );
#1038 = PCURVE('',#242,#1039);
#1039 = DEFINITIONAL_REPRESENTATION('',(#1040),#1043);
#1040 = B_SPLINE_CURVE_WITH_KNOTS('',1,(#1041,#1042),.UNSPECIFIED.,.F.,
  .F.,(2,2),(-3.0000006,6.000000070117E-07),.PIECEWISE_BEZIER_KNOTS.);
#1041 = CARTESIAN_POINT('',(-1.685435722071,-3.0000006));
#1042 = CARTESIAN_POINT('',(-1.685435722071,6.000000070117E-07));
#1043 = ( GEOMETRIC_REPRESENTATION_CONTEXT(2) 
PARAMETRIC_REPRESENTATION_CONTEXT() REPRESENTATION_CONTEXT('2D SPACE',''
  ) );
#1044 = ADVANCED_FACE('',(#1045),#271,.T.);
#1045 = FACE_BOUND('',#1046,.F.);
#1046 = EDGE_LOOP('',(#1047,#1048,#1067,#1068));
#1047 = ORIENTED_EDGE('',*,*,#254,.F.);
#1048 = ORIENTED_EDGE('',*,*,#1049,.F.);
#1049 = EDGE_CURVE('',#691,#226,#1050,.T.);
#1050 = SURFACE_CURVE('',#1051,(#1055,#1061),.PCURVE_S1.);
#1051 = LINE('',#1052,#1053);
#1052 = CARTESIAN_POINT('',(-26.2799660303,-34.03473792239,101.));
#1053 = VECTOR('',#1054,1.);
#1054 = DIRECTION('',(-0.,-0.,-1.));
#1055 = PCURVE('',#271,#1056);
#1056 = DEFINITIONAL_REPRESENTATION('',(#1057),#1060);
#1057 = B_SPLINE_CURVE_WITH_KNOTS('',1,(#1058,#1059),.UNSPECIFIED.,.F.,
  .F.,(2,2),(-3.0000006,6.000000070117E-07),.PIECEWISE_BEZIER_KNOTS.);
#1058 = CARTESIAN_POINT('',(-4.05486113092,-3.0000006));
#1059 = CARTESIAN_POINT('',(-4.05486113092,6.000000070117E-07));
#1060 = ( GEOMETRIC_REPRESENTATION_CONTEXT(2) 
PARAMETRIC_REPRESENTATION_CONTEXT() REPRESENTATION_CONTEXT('2D SPACE',''
  ) );
#1061 = PCURVE('',#242,#1062);
#1062 = DEFINITIONAL_REPRESENTATION('',(#1063),#1066);
#1063 = B_SPLINE_CURVE_WITH_KNOTS('',1,(#1064,#1065),.UNSPECIFIED.,.F.,
  .F.,(2,2),(-3.0000006,6.000000070117E-07),.PIECEWISE_BEZIER_KNOTS.);
#1064 = CARTESIAN_POINT('',(-6.168545911903,-3.0000006));
#1065 = CARTESIAN_POINT('',(-6.168545911903,6.000000070117E-07));
#1066 = ( GEOMETRIC_REPRESENTATION_CONTEXT(2) 
PARAMETRIC_REPRESENTATION_CONTEXT() REPRESENTATION_CONTEXT('2D SPACE',''
  ) );
#1067 = ORIENTED_EDGE('',*,*,#714,.F.);
#1068 = ORIENTED_EDGE('',*,*,#999,.T.);
#1069 = ADVANCED_FACE('',(#1070),#242,.T.);
#1070 = FACE_BOUND('',#1071,.F.);
#1071 = EDGE_LOOP('',(#1072,#1073,#1074,#1075));
#1072 = ORIENTED_EDGE('',*,*,#225,.F.);
#1073 = ORIENTED_EDGE('',*,*,#1026,.F.);
#1074 = ORIENTED_EDGE('',*,*,#690,.T.);
#1075 = ORIENTED_EDGE('',*,*,#1049,.T.);
#1076 = ADVANCED_FACE('',(#1077),#366,.F.);
#1077 = FACE_BOUND('',#1078,.T.);
#1078 = EDGE_LOOP('',(#1079,#1080,#1101,#1102));
#1079 = ORIENTED_EDGE('',*,*,#345,.T.);
#1080 = ORIENTED_EDGE('',*,*,#1081,.T.);
#1081 = EDGE_CURVE('',#346,#767,#1082,.T.);
#1082 = SEAM_CURVE('',#1083,(#1087,#1094),.PCURVE_S1.);
#1083 = LINE('',#1084,#1085);
#1084 = CARTESIAN_POINT('',(-30.98401871576,-33.23401871576,100.));
#1085 = VECTOR('',#1086,1.);
#1086 = DIRECTION('',(0.,0.,1.));
#1087 = PCURVE('',#366,#1088);
#1088 = DEFINITIONAL_REPRESENTATION('',(#1089),#1093);
#1089 = LINE('',#1090,#1091);
#1090 = CARTESIAN_POINT('',(-6.28318530718,0.));
#1091 = VECTOR('',#1092,1.);
#1092 = DIRECTION('',(-0.,-1.));
#1093 = ( GEOMETRIC_REPRESENTATION_CONTEXT(2) 
PARAMETRIC_REPRESENTATION_CONTEXT() REPRESENTATION_CONTEXT('2D SPACE',''
  ) );
#1094 = PCURVE('',#366,#1095);
#1095 = DEFINITIONAL_REPRESENTATION('',(#1096),#1100);
#1096 = LINE('',#1097,#1098);
#1097 = CARTESIAN_POINT('',(-0.,0.));
#1098 = VECTOR('',#1099,1.);
#1099 = DIRECTION('',(-0.,-1.));
#1100 = ( GEOMETRIC_REPRESENTATION_CONTEXT(2) 
PARAMETRIC_REPRESENTATION_CONTEXT() REPRESENTATION_CONTEXT('2D SPACE',''
  ) );
#1101 = ORIENTED_EDGE('',*,*,#766,.F.);
#1102 = ORIENTED_EDGE('',*,*,#1081,.F.);
#1103 = ADVANCED_FACE('',(#1104),#401,.F.);
#1104 = FACE_BOUND('',#1105,.T.);
#1105 = EDGE_LOOP('',(#1106,#1107,#1128,#1129));
#1106 = ORIENTED_EDGE('',*,*,#380,.T.);
#1107 = ORIENTED_EDGE('',*,*,#1108,.T.);
#1108 = EDGE_CURVE('',#381,#797,#1109,.T.);
#1109 = SEAM_CURVE('',#1110,(#1114,#1121),.PCURVE_S1.);
#1110 = LINE('',#1111,#1112);
#1111 = CARTESIAN_POINT('',(35.484018715768,-33.23401871576,100.));
#1112 = VECTOR('',#1113,1.);
#1113 = DIRECTION('',(0.,0.,1.));
#1114 = PCURVE('',#401,#1115);
#1115 = DEFINITIONAL_REPRESENTATION('',(#1116),#1120);
#1116 = LINE('',#1117,#1118);
#1117 = CARTESIAN_POINT('',(-6.28318530718,0.));
#1118 = VECTOR('',#1119,1.);
#1119 = DIRECTION('',(-0.,-1.));
#1120 = ( GEOMETRIC_REPRESENTATION_CONTEXT(2) 
PARAMETRIC_REPRESENTATION_CONTEXT() REPRESENTATION_CONTEXT('2D SPACE',''
  ) );
#1121 = PCURVE('',#401,#1122);
#1122 = DEFINITIONAL_REPRESENTATION('',(#1123),#1127);
#1123 = LINE('',#1124,#1125);
#1124 = CARTESIAN_POINT('',(-0.,0.));
#1125 = VECTOR('',#1126,1.);
#1126 = DIRECTION('',(-0.,-1.));
#1127 = ( GEOMETRIC_REPRESENTATION_CONTEXT(2) 
PARAMETRIC_REPRESENTATION_CONTEXT() REPRESENTATION_CONTEXT('2D SPACE',''
  ) );
#1128 = ORIENTED_EDGE('',*,*,#796,.F.);
#1129 = ORIENTED_EDGE('',*,*,#1108,.F.);
#1130 = ADVANCED_FACE('',(#1131),#436,.F.);
#1131 = FACE_BOUND('',#1132,.T.);
#1132 = EDGE_LOOP('',(#1133,#1134,#1155,#1156));
#1133 = ORIENTED_EDGE('',*,*,#415,.T.);
#1134 = ORIENTED_EDGE('',*,*,#1135,.T.);
#1135 = EDGE_CURVE('',#416,#827,#1136,.T.);
#1136 = SEAM_CURVE('',#1137,(#1141,#1148),.PCURVE_S1.);
#1137 = LINE('',#1138,#1139);
#1138 = CARTESIAN_POINT('',(-30.98401871576,33.234018715768,100.));
#1139 = VECTOR('',#1140,1.);
#1140 = DIRECTION('',(0.,0.,1.));
#1141 = PCURVE('',#436,#1142);
#1142 = DEFINITIONAL_REPRESENTATION('',(#1143),#1147);
#1143 = LINE('',#1144,#1145);
#1144 = CARTESIAN_POINT('',(-6.28318530718,0.));
#1145 = VECTOR('',#1146,1.);
#1146 = DIRECTION('',(-0.,-1.));
#1147 = ( GEOMETRIC_REPRESENTATION_CONTEXT(2) 
PARAMETRIC_REPRESENTATION_CONTEXT() REPRESENTATION_CONTEXT('2D SPACE',''
  ) );
#1148 = PCURVE('',#436,#1149);
#1149 = DEFINITIONAL_REPRESENTATION('',(#1150),#1154);
#1150 = LINE('',#1151,#1152);
#1151 = CARTESIAN_POINT('',(-0.,0.));
#1152 = VECTOR('',#1153,1.);
#1153 = DIRECTION('',(-0.,-1.));
#1154 = ( GEOMETRIC_REPRESENTATION_CONTEXT(2) 
PARAMETRIC_REPRESENTATION_CONTEXT() REPRESENTATION_CONTEXT('2D SPACE',''
  ) );
#1155 = ORIENTED_EDGE('',*,*,#826,.F.);
#1156 = ORIENTED_EDGE('',*,*,#1135,.F.);
#1157 = ADVANCED_FACE('',(#1158),#471,.F.);
#1158 = FACE_BOUND('',#1159,.T.);
#1159 = EDGE_LOOP('',(#1160,#1161,#1182,#1183));
#1160 = ORIENTED_EDGE('',*,*,#450,.T.);
#1161 = ORIENTED_EDGE('',*,*,#1162,.T.);
#1162 = EDGE_CURVE('',#451,#857,#1163,.T.);
#1163 = SEAM_CURVE('',#1164,(#1168,#1175),.PCURVE_S1.);
#1164 = LINE('',#1165,#1166);
#1165 = CARTESIAN_POINT('',(13.,0.,100.));
#1166 = VECTOR('',#1167,1.);
#1167 = DIRECTION('',(0.,0.,1.));
#1168 = PCURVE('',#471,#1169);
#1169 = DEFINITIONAL_REPRESENTATION('',(#1170),#1174);
#1170 = LINE('',#1171,#1172);
#1171 = CARTESIAN_POINT('',(-6.28318530718,0.));
#1172 = VECTOR('',#1173,1.);
#1173 = DIRECTION('',(-0.,-1.));
#1174 = ( GEOMETRIC_REPRESENTATION_CONTEXT(2) 
PARAMETRIC_REPRESENTATION_CONTEXT() REPRESENTATION_CONTEXT('2D SPACE',''
  ) );
#1175 = PCURVE('',#471,#1176);
#1176 = DEFINITIONAL_REPRESENTATION('',(#1177),#1181);
#1177 = LINE('',#1178,#1179);
#1178 = CARTESIAN_POINT('',(-0.,0.));
#1179 = VECTOR('',#1180,1.);
#1180 = DIRECTION('',(-0.,-1.));
#1181 = ( GEOMETRIC_REPRESENTATION_CONTEXT(2) 
PARAMETRIC_REPRESENTATION_CONTEXT() REPRESENTATION_CONTEXT('2D SPACE',''
  ) );
#1182 = ORIENTED_EDGE('',*,*,#856,.F.);
#1183 = ORIENTED_EDGE('',*,*,#1162,.F.);
#1184 = ADVANCED_FACE('',(#1185),#506,.F.);
#1185 = FACE_BOUND('',#1186,.T.);
#1186 = EDGE_LOOP('',(#1187,#1188,#1211,#1242));
#1187 = ORIENTED_EDGE('',*,*,#485,.T.);
#1188 = ORIENTED_EDGE('',*,*,#1189,.T.);
#1189 = EDGE_CURVE('',#486,#1190,#1192,.T.);
#1190 = VERTEX_POINT('',#1191);
#1191 = CARTESIAN_POINT('',(23.6,0.,102.));
#1192 = SEAM_CURVE('',#1193,(#1197,#1204),.PCURVE_S1.);
#1193 = LINE('',#1194,#1195);
#1194 = CARTESIAN_POINT('',(23.6,0.,100.));
#1195 = VECTOR('',#1196,1.);
#1196 = DIRECTION('',(0.,0.,1.));
#1197 = PCURVE('',#506,#1198);
#1198 = DEFINITIONAL_REPRESENTATION('',(#1199),#1203);
#1199 = LINE('',#1200,#1201);
#1200 = CARTESIAN_POINT('',(-6.28318530718,0.));
#1201 = VECTOR('',#1202,1.);
#1202 = DIRECTION('',(-0.,-1.));
#1203 = ( GEOMETRIC_REPRESENTATION_CONTEXT(2) 
PARAMETRIC_REPRESENTATION_CONTEXT() REPRESENTATION_CONTEXT('2D SPACE',''
  ) );
#1204 = PCURVE('',#506,#1205);
#1205 = DEFINITIONAL_REPRESENTATION('',(#1206),#1210);
#1206 = LINE('',#1207,#1208);
#1207 = CARTESIAN_POINT('',(-0.,0.));
#1208 = VECTOR('',#1209,1.);
#1209 = DIRECTION('',(-0.,-1.));
#1210 = ( GEOMETRIC_REPRESENTATION_CONTEXT(2) 
PARAMETRIC_REPRESENTATION_CONTEXT() REPRESENTATION_CONTEXT('2D SPACE',''
  ) );
#1211 = ORIENTED_EDGE('',*,*,#1212,.F.);
#1212 = EDGE_CURVE('',#1190,#1190,#1213,.T.);
#1213 = SURFACE_CURVE('',#1214,(#1219,#1226),.PCURVE_S1.);
#1214 = CIRCLE('',#1215,1.6);
#1215 = AXIS2_PLACEMENT_3D('',#1216,#1217,#1218);
#1216 = CARTESIAN_POINT('',(22.,0.,102.));
#1217 = DIRECTION('',(0.,0.,-1.));
#1218 = DIRECTION('',(1.,0.,0.));
#1219 = PCURVE('',#506,#1220);
#1220 = DEFINITIONAL_REPRESENTATION('',(#1221),#1225);
#1221 = LINE('',#1222,#1223);
#1222 = CARTESIAN_POINT('',(-6.28318530718,-2.));
#1223 = VECTOR('',#1224,1.);
#1224 = DIRECTION('',(1.,-0.));
#1225 = ( GEOMETRIC_REPRESENTATION_CONTEXT(2) 
PARAMETRIC_REPRESENTATION_CONTEXT() REPRESENTATION_CONTEXT('2D SPACE',''
  ) );
#1226 = PCURVE('',#1227,#1232);
#1227 = PLANE('',#1228);
#1228 = AXIS2_PLACEMENT_3D('',#1229,#1230,#1231);
#1229 = CARTESIAN_POINT('',(22.,7.706521602866E-17,102.));
#1230 = DIRECTION('',(0.,0.,1.));
#1231 = DIRECTION('',(1.,0.,-0.));
#1232 = DEFINITIONAL_REPRESENTATION('',(#1233),#1241);
#1233 = ( BOUNDED_CURVE() B_SPLINE_CURVE(2,(#1234,#1235,#1236,#1237,
#1238,#1239,#1240),.UNSPECIFIED.,.T.,.F.) B_SPLINE_CURVE_WITH_KNOTS((1,2
    ,2,2,2,1),(-2.094395102393,0.,2.094395102393,4.188790204786,
6.28318530718,8.377580409573),.UNSPECIFIED.) CURVE() 
GEOMETRIC_REPRESENTATION_ITEM() RATIONAL_B_SPLINE_CURVE((1.,0.5,1.,0.5,
1.,0.5,1.)) REPRESENTATION_ITEM('') );
#1234 = CARTESIAN_POINT('',(1.6,-7.706521602866E-17));
#1235 = CARTESIAN_POINT('',(1.6,-2.77128129211));
#1236 = CARTESIAN_POINT('',(-0.8,-1.385640646055));
#1237 = CARTESIAN_POINT('',(-3.2,-4.689521917558E-16));
#1238 = CARTESIAN_POINT('',(-0.8,1.385640646055));
#1239 = CARTESIAN_POINT('',(1.6,2.77128129211));
#1240 = CARTESIAN_POINT('',(1.6,-7.706521602866E-17));
#1241 = ( GEOMETRIC_REPRESENTATION_CONTEXT(2) 
PARAMETRIC_REPRESENTATION_CONTEXT() REPRESENTATION_CONTEXT('2D SPACE',''
  ) );
#1242 = ORIENTED_EDGE('',*,*,#1189,.F.);
#1243 = ADVANCED_FACE('',(#1244),#541,.F.);
#1244 = FACE_BOUND('',#1245,.T.);
#1245 = EDGE_LOOP('',(#1246,#1247,#1268,#1269));
#1246 = ORIENTED_EDGE('',*,*,#520,.T.);
#1247 = ORIENTED_EDGE('',*,*,#1248,.T.);
#1248 = EDGE_CURVE('',#521,#918,#1249,.T.);
#1249 = SEAM_CURVE('',#1250,(#1254,#1261),.PCURVE_S1.);
#1250 = LINE('',#1251,#1252);
#1251 = CARTESIAN_POINT('',(35.484018715768,33.234018715768,100.));
#1252 = VECTOR('',#1253,1.);
#1253 = DIRECTION('',(0.,0.,1.));
#1254 = PCURVE('',#541,#1255);
#1255 = DEFINITIONAL_REPRESENTATION('',(#1256),#1260);
#1256 = LINE('',#1257,#1258);
#1257 = CARTESIAN_POINT('',(-6.28318530718,0.));
#1258 = VECTOR('',#1259,1.);
#1259 = DIRECTION('',(-0.,-1.));
#1260 = ( GEOMETRIC_REPRESENTATION_CONTEXT(2) 
PARAMETRIC_REPRESENTATION_CONTEXT() REPRESENTATION_CONTEXT('2D SPACE',''
  ) );
#1261 = PCURVE('',#541,#1262);
#1262 = DEFINITIONAL_REPRESENTATION('',(#1263),#1267);
#1263 = LINE('',#1264,#1265);
#1264 = CARTESIAN_POINT('',(-0.,0.));
#1265 = VECTOR('',#1266,1.);
#1266 = DIRECTION('',(-0.,-1.));
#1267 = ( GEOMETRIC_REPRESENTATION_CONTEXT(2) 
PARAMETRIC_REPRESENTATION_CONTEXT() REPRESENTATION_CONTEXT('2D SPACE',''
  ) );
#1268 = ORIENTED_EDGE('',*,*,#917,.F.);
#1269 = ORIENTED_EDGE('',*,*,#1248,.F.);
#1270 = ADVANCED_FACE('',(#1271),#903,.T.);
#1271 = FACE_BOUND('',#1272,.T.);
#1272 = EDGE_LOOP('',(#1273,#1303,#1378,#1410,#1442,#1463,#1464,#1465,
    #1492,#1524));
#1273 = ORIENTED_EDGE('',*,*,#1274,.F.);
#1274 = EDGE_CURVE('',#1275,#1277,#1279,.T.);
#1275 = VERTEX_POINT('',#1276);
#1276 = CARTESIAN_POINT('',(27.385164807135,2.645751311065,110.));
#1277 = VERTEX_POINT('',#1278);
#1278 = CARTESIAN_POINT('',(27.385164807135,-2.645751311065,110.));
#1279 = SURFACE_CURVE('',#1280,(#1285,#1292),.PCURVE_S1.);
#1280 = CIRCLE('',#1281,6.);
#1281 = AXIS2_PLACEMENT_3D('',#1282,#1283,#1284);
#1282 = CARTESIAN_POINT('',(22.,0.,110.));
#1283 = DIRECTION('',(0.,0.,1.));
#1284 = DIRECTION('',(1.,0.,-0.));
#1285 = PCURVE('',#903,#1286);
#1286 = DEFINITIONAL_REPRESENTATION('',(#1287),#1291);
#1287 = LINE('',#1288,#1289);
#1288 = CARTESIAN_POINT('',(-0.,-6.));
#1289 = VECTOR('',#1290,1.);
#1290 = DIRECTION('',(-1.,-0.));
#1291 = ( GEOMETRIC_REPRESENTATION_CONTEXT(2) 
PARAMETRIC_REPRESENTATION_CONTEXT() REPRESENTATION_CONTEXT('2D SPACE',''
  ) );
#1292 = PCURVE('',#1293,#1298);
#1293 = CYLINDRICAL_SURFACE('',#1294,6.);
#1294 = AXIS2_PLACEMENT_3D('',#1295,#1296,#1297);
#1295 = CARTESIAN_POINT('',(22.,0.,110.));
#1296 = DIRECTION('',(-0.,-0.,-1.));
#1297 = DIRECTION('',(1.,0.,0.));
#1298 = DEFINITIONAL_REPRESENTATION('',(#1299),#1302);
#1299 = B_SPLINE_CURVE_WITH_KNOTS('',1,(#1300,#1301),.UNSPECIFIED.,.F.,
  .F.,(2,2),(0.,6.28318530718),.PIECEWISE_BEZIER_KNOTS.);
#1300 = CARTESIAN_POINT('',(0.,0.));
#1301 = CARTESIAN_POINT('',(-6.28318530718,0.));
#1302 = ( GEOMETRIC_REPRESENTATION_CONTEXT(2) 
PARAMETRIC_REPRESENTATION_CONTEXT() REPRESENTATION_CONTEXT('2D SPACE',''
  ) );
#1303 = ORIENTED_EDGE('',*,*,#1304,.F.);
#1304 = EDGE_CURVE('',#1305,#1275,#1307,.T.);
#1305 = VERTEX_POINT('',#1306);
#1306 = CARTESIAN_POINT('',(27.820681967764,2.,109.53589839524));
#1307 = SURFACE_CURVE('',#1308,(#1331,#1357),.PCURVE_S1.);
#1308 = B_SPLINE_CURVE_WITH_KNOTS('',6,(#1309,#1310,#1311,#1312,#1313,
    #1314,#1315,#1316,#1317,#1318,#1319,#1320,#1321,#1322,#1323,#1324,
    #1325,#1326,#1327,#1328,#1329,#1330),.UNSPECIFIED.,.F.,.F.,(7,5,5,5,
    7),(0.,0.265292705397,0.431621007905,0.698618052731,1.),
  .UNSPECIFIED.);
#1309 = CARTESIAN_POINT('',(28.333333333333,-1.143003679204E-15,109.));
#1310 = CARTESIAN_POINT('',(28.333333333333,0.15107585059,109.));
#1311 = CARTESIAN_POINT('',(28.326726370499,0.302211344757,
    109.00684723271));
#1312 = CARTESIAN_POINT('',(28.313502929171,0.451773568196,
    109.02055144225));
#1313 = CARTESIAN_POINT('',(28.294053665641,0.598508023448,
    109.04071855379));
#1314 = CARTESIAN_POINT('',(28.268966252271,0.741467102293,
    109.06675907078));
#1315 = CARTESIAN_POINT('',(28.220077713978,0.966800464692,
    109.1175754415));
#1316 = CARTESIAN_POINT('',(28.199280343808,1.051915319664,
    109.1392071379));
#1317 = CARTESIAN_POINT('',(28.176680276868,1.135182791067,
    109.16273264066));
#1318 = CARTESIAN_POINT('',(28.152434393287,1.216527713691,
    109.18799503281));
#1319 = CARTESIAN_POINT('',(28.126691867951,1.295917888765,
    109.21484551631));
#1320 = CARTESIAN_POINT('',(28.05607116704,1.497657196933,
    109.28859338335));
#1321 = CARTESIAN_POINT('',(28.009050166136,1.616899609179,
    109.33777882037));
#1322 = CARTESIAN_POINT('',(27.959060253976,1.731126607866,
    109.39017529026));
#1323 = CARTESIAN_POINT('',(27.906565894918,1.840475061322,
    109.44532469852));
#1324 = CARTESIAN_POINT('',(27.851945411843,1.94514950207,
    109.50285809756));
#1325 = CARTESIAN_POINT('',(27.731740485042,2.15855786831,
    109.62984174065));
#1326 = CARTESIAN_POINT('',(27.665667383177,2.266048267725,
    109.69985414253));
#1327 = CARTESIAN_POINT('',(27.597674646717,2.368217730172,
    109.7721500337));
#1328 = CARTESIAN_POINT('',(27.528094919299,2.465368099631,
    109.84641925571));
#1329 = CARTESIAN_POINT('',(27.457192493903,2.557788176592,
    109.92242380721));
#1330 = CARTESIAN_POINT('',(27.385164807135,2.645751311065,110.));
#1331 = PCURVE('',#903,#1332);
#1332 = DEFINITIONAL_REPRESENTATION('',(#1333),#1356);
#1333 = B_SPLINE_CURVE_WITH_KNOTS('',6,(#1334,#1335,#1336,#1337,#1338,
    #1339,#1340,#1341,#1342,#1343,#1344,#1345,#1346,#1347,#1348,#1349,
    #1350,#1351,#1352,#1353,#1354,#1355),.UNSPECIFIED.,.F.,.F.,(7,5,5,5,
    7),(0.,0.265292705397,0.431621007905,0.698618052731,1.),
  .UNSPECIFIED.);
#1334 = CARTESIAN_POINT('',(0.,-5.));
#1335 = CARTESIAN_POINT('',(-2.385408167213E-02,-5.));
#1336 = CARTESIAN_POINT('',(-4.771756887008E-02,-5.00684723271));
#1337 = CARTESIAN_POINT('',(-7.139583105372E-02,-5.020551442254));
#1338 = CARTESIAN_POINT('',(-9.475387218113E-02,-5.040718553797));
#1339 = CARTESIAN_POINT('',(-0.117688123869,-5.066759070787));
#1340 = CARTESIAN_POINT('',(-0.15418469288,-5.117575441505));
#1341 = CARTESIAN_POINT('',(-0.168057115569,-5.139207137909));
#1342 = CARTESIAN_POINT('',(-0.181725145624,-5.162732640666));
#1343 = CARTESIAN_POINT('',(-0.195182310008,-5.18799503281));
#1344 = CARTESIAN_POINT('',(-0.208427173861,-5.214845516315));
#1345 = CARTESIAN_POINT('',(-0.242386705298,-5.288593383353));
#1346 = CARTESIAN_POINT('',(-0.262766348053,-5.337778820376));
#1347 = CARTESIAN_POINT('',(-0.282618742272,-5.390175290264));
#1348 = CARTESIAN_POINT('',(-0.301967554509,-5.445324698529));
#1349 = CARTESIAN_POINT('',(-0.320843067535,-5.502858097567));
#1350 = CARTESIAN_POINT('',(-0.360097034812,-5.629841740659));
#1351 = CARTESIAN_POINT('',(-0.380350409861,-5.699854142532));
#1352 = CARTESIAN_POINT('',(-0.400094354435,-5.772150033703));
#1353 = CARTESIAN_POINT('',(-0.419369714572,-5.846419255718));
#1354 = CARTESIAN_POINT('',(-0.43821462624,-5.922423807215));
#1355 = CARTESIAN_POINT('',(-0.456666385207,-6.));
#1356 = ( GEOMETRIC_REPRESENTATION_CONTEXT(2) 
PARAMETRIC_REPRESENTATION_CONTEXT() REPRESENTATION_CONTEXT('2D SPACE',''
  ) );
#1357 = PCURVE('',#1358,#1363);
#1358 = CYLINDRICAL_SURFACE('',#1359,4.);
#1359 = AXIS2_PLACEMENT_3D('',#1360,#1361,#1362);
#1360 = CARTESIAN_POINT('',(25.,0.,113.));
#1361 = DIRECTION('',(-1.,-0.,-0.));
#1362 = DIRECTION('',(0.,1.,0.));
#1363 = DEFINITIONAL_REPRESENTATION('',(#1364),#1377);
#1364 = B_SPLINE_CURVE_WITH_KNOTS('',6,(#1365,#1366,#1367,#1368,#1369,
    #1370,#1371,#1372,#1373,#1374,#1375,#1376),.UNSPECIFIED.,.F.,.F.,(7,
    5,7),(0.678632152382,0.698618052731,1.),.UNSPECIFIED.);
#1365 = CARTESIAN_POINT('',(-5.235987756252,-2.820681967764));
#1366 = CARTESIAN_POINT('',(-5.238190083813,-2.816508126901));
#1367 = CARTESIAN_POINT('',(-5.240388495605,-2.81232345424));
#1368 = CARTESIAN_POINT('',(-5.242583017302,-2.808128076438));
#1369 = CARTESIAN_POINT('',(-5.244773674948,-2.803922117125));
#1370 = CARTESIAN_POINT('',(-5.246960494956,-2.799705696875));
#1371 = CARTESIAN_POINT('',(-5.282062689103,-2.731740485042));
#1372 = CARTESIAN_POINT('',(-5.314106480465,-2.665667383177));
#1373 = CARTESIAN_POINT('',(-5.345363190064,-2.597674646717));
#1374 = CARTESIAN_POINT('',(-5.375905339593,-2.528094919299));
#1375 = CARTESIAN_POINT('',(-5.405802183374,-2.457192493903));
#1376 = CARTESIAN_POINT('',(-5.435123228198,-2.385164807135));
#1377 = ( GEOMETRIC_REPRESENTATION_CONTEXT(2) 
PARAMETRIC_REPRESENTATION_CONTEXT() REPRESENTATION_CONTEXT('2D SPACE',''
  ) );
#1378 = ORIENTED_EDGE('',*,*,#1379,.T.);
#1379 = EDGE_CURVE('',#1305,#1380,#1382,.T.);
#1380 = VERTEX_POINT('',#1381);
#1381 = CARTESIAN_POINT('',(29.219838970747,2.,105.52479871343));
#1382 = SURFACE_CURVE('',#1383,(#1388,#1398),.PCURVE_S1.);
#1383 = HYPERBOLA('',#1384,6.,2.);
#1384 = AXIS2_PLACEMENT_3D('',#1385,#1386,#1387);
#1385 = CARTESIAN_POINT('',(22.,2.,128.));
#1386 = DIRECTION('',(0.,-1.,-0.));
#1387 = DIRECTION('',(0.,0.,-1.));
#1388 = PCURVE('',#903,#1389);
#1389 = DEFINITIONAL_REPRESENTATION('',(#1390),#1397);
#1390 = B_SPLINE_CURVE_WITH_KNOTS('',5,(#1391,#1392,#1393,#1394,#1395,
    #1396),.UNSPECIFIED.,.F.,.F.,(6,6),(1.762747174039,2.063437068896),
  .PIECEWISE_BEZIER_KNOTS.);
#1391 = CARTESIAN_POINT('',(-0.339836909454,-6.));
#1392 = CARTESIAN_POINT('',(-0.319790916464,-4.979424654301));
#1393 = CARTESIAN_POINT('',(-0.301165669734,-3.877476796679));
#1394 = CARTESIAN_POINT('',(-0.283843555767,-2.686463871699));
#1395 = CARTESIAN_POINT('',(-0.267714749885,-1.397480346182));
#1396 = CARTESIAN_POINT('',(-0.252680255142,-2.6645352591E-16));
#1397 = ( GEOMETRIC_REPRESENTATION_CONTEXT(2) 
PARAMETRIC_REPRESENTATION_CONTEXT() REPRESENTATION_CONTEXT('2D SPACE',''
  ) );
#1398 = PCURVE('',#1399,#1404);
#1399 = PLANE('',#1400);
#1400 = AXIS2_PLACEMENT_3D('',#1401,#1402,#1403);
#1401 = CARTESIAN_POINT('',(28.027420503629,2.,109.01673935743));
#1402 = DIRECTION('',(-0.,-1.,-0.));
#1403 = DIRECTION('',(0.,0.,-1.));
#1404 = DEFINITIONAL_REPRESENTATION('',(#1405),#1409);
#1405 = ( BOUNDED_CURVE() B_SPLINE_CURVE(2,(#1406,#1407,#1408),
.UNSPECIFIED.,.F.,.F.) B_SPLINE_CURVE_WITH_KNOTS((3,3),(1.762747174039,
2.063437068896),.PIECEWISE_BEZIER_KNOTS.) CURVE() 
GEOMETRIC_REPRESENTATION_ITEM() RATIONAL_B_SPLINE_CURVE((1.,
1.011323106108,1.)) REPRESENTATION_ITEM('') );
#1406 = CARTESIAN_POINT('',(-0.983260642562,-0.370566254137));
#1407 = CARTESIAN_POINT('',(1.549126057527,0.524767649973));
#1408 = CARTESIAN_POINT('',(5.016739357438,1.718546188786));
#1409 = ( GEOMETRIC_REPRESENTATION_CONTEXT(2) 
PARAMETRIC_REPRESENTATION_CONTEXT() REPRESENTATION_CONTEXT('2D SPACE',''
  ) );
#1410 = ORIENTED_EDGE('',*,*,#1411,.F.);
#1411 = EDGE_CURVE('',#1412,#1380,#1414,.T.);
#1412 = VERTEX_POINT('',#1413);
#1413 = CARTESIAN_POINT('',(29.411764705882,-1.815358784618E-15,
    105.76470588235));
#1414 = SURFACE_CURVE('',#1415,(#1420,#1430),.PCURVE_S1.);
#1415 = ELLIPSE('',#1416,20.339335813022,11.550401062555);
#1416 = AXIS2_PLACEMENT_3D('',#1417,#1418,#1419);
#1417 = CARTESIAN_POINT('',(16.705882352941,0.,89.882352941176));
#1418 = DIRECTION('',(-0.780868809443,0.,0.624695047554));
#1419 = DIRECTION('',(-0.624695047554,0.,-0.780868809443));
#1420 = PCURVE('',#903,#1421);
#1421 = DEFINITIONAL_REPRESENTATION('',(#1422),#1429);
#1422 = B_SPLINE_CURVE_WITH_KNOTS('',5,(#1423,#1424,#1425,#1426,#1427,
    #1428),.UNSPECIFIED.,.F.,.F.,(6,6),(3.14159265359,3.350902636942),
  .PIECEWISE_BEZIER_KNOTS.);
#1423 = CARTESIAN_POINT('',(0.,-1.764705882353));
#1424 = CARTESIAN_POINT('',(-6.523721003153E-02,-1.764705882353));
#1425 = CARTESIAN_POINT('',(-0.13047443729,-1.729915097276));
#1426 = CARTESIAN_POINT('',(-0.195541451194,-1.660333261583));
#1427 = CARTESIAN_POINT('',(-0.26026844672,-1.556215334438));
#1428 = CARTESIAN_POINT('',(-0.324504244644,-1.418065948489));
#1429 = ( GEOMETRIC_REPRESENTATION_CONTEXT(2) 
PARAMETRIC_REPRESENTATION_CONTEXT() REPRESENTATION_CONTEXT('2D SPACE',''
  ) );
#1430 = PCURVE('',#1431,#1436);
#1431 = PLANE('',#1432);
#1432 = AXIS2_PLACEMENT_3D('',#1433,#1434,#1435);
#1433 = CARTESIAN_POINT('',(28.,0.,104.));
#1434 = DIRECTION('',(-0.780868809443,0.,0.624695047554));
#1435 = DIRECTION('',(0.624695047554,0.,0.780868809443));
#1436 = DEFINITIONAL_REPRESENTATION('',(#1437),#1441);
#1437 = ELLIPSE('',#1438,20.339335813022,11.550401062555);
#1438 = AXIS2_PLACEMENT_2D('',#1439,#1440);
#1439 = CARTESIAN_POINT('',(-18.07940961157,0.));
#1440 = DIRECTION('',(-1.,0.));
#1441 = ( GEOMETRIC_REPRESENTATION_CONTEXT(2) 
PARAMETRIC_REPRESENTATION_CONTEXT() REPRESENTATION_CONTEXT('2D SPACE',''
  ) );
#1442 = ORIENTED_EDGE('',*,*,#1443,.F.);
#1443 = EDGE_CURVE('',#887,#1412,#1444,.T.);
#1444 = SEAM_CURVE('',#1445,(#1449,#1456),.PCURVE_S1.);
#1445 = LINE('',#1446,#1447);
#1446 = CARTESIAN_POINT('',(30.,-1.959434878636E-15,104.));
#1447 = VECTOR('',#1448,1.);
#1448 = DIRECTION('',(-0.316227766017,7.745346429081E-17,0.948683298051)
  );
#1449 = PCURVE('',#903,#1450);
#1450 = DEFINITIONAL_REPRESENTATION('',(#1451),#1455);
#1451 = LINE('',#1452,#1453);
#1452 = CARTESIAN_POINT('',(-6.28318530718,0.));
#1453 = VECTOR('',#1454,1.);
#1454 = DIRECTION('',(-0.,-1.));
#1455 = ( GEOMETRIC_REPRESENTATION_CONTEXT(2) 
PARAMETRIC_REPRESENTATION_CONTEXT() REPRESENTATION_CONTEXT('2D SPACE',''
  ) );
#1456 = PCURVE('',#903,#1457);
#1457 = DEFINITIONAL_REPRESENTATION('',(#1458),#1462);
#1458 = LINE('',#1459,#1460);
#1459 = CARTESIAN_POINT('',(0.,-0.));
#1460 = VECTOR('',#1461,1.);
#1461 = DIRECTION('',(-0.,-1.));
#1462 = ( GEOMETRIC_REPRESENTATION_CONTEXT(2) 
PARAMETRIC_REPRESENTATION_CONTEXT() REPRESENTATION_CONTEXT('2D SPACE',''
  ) );
#1463 = ORIENTED_EDGE('',*,*,#886,.T.);
#1464 = ORIENTED_EDGE('',*,*,#1443,.T.);
#1465 = ORIENTED_EDGE('',*,*,#1466,.F.);
#1466 = EDGE_CURVE('',#1467,#1412,#1469,.T.);
#1467 = VERTEX_POINT('',#1468);
#1468 = CARTESIAN_POINT('',(29.219838970747,-2.,105.52479871343));
#1469 = SURFACE_CURVE('',#1470,(#1475,#1485),.PCURVE_S1.);
#1470 = ELLIPSE('',#1471,20.339335813022,11.550401062555);
#1471 = AXIS2_PLACEMENT_3D('',#1472,#1473,#1474);
#1472 = CARTESIAN_POINT('',(16.705882352941,0.,89.882352941176));
#1473 = DIRECTION('',(-0.780868809443,0.,0.624695047554));
#1474 = DIRECTION('',(-0.624695047554,0.,-0.780868809443));
#1475 = PCURVE('',#903,#1476);
#1476 = DEFINITIONAL_REPRESENTATION('',(#1477),#1484);
#1477 = B_SPLINE_CURVE_WITH_KNOTS('',5,(#1478,#1479,#1480,#1481,#1482,
    #1483),.UNSPECIFIED.,.F.,.F.,(6,6),(2.932282670238,3.14159265359),
  .PIECEWISE_BEZIER_KNOTS.);
#1478 = CARTESIAN_POINT('',(-5.958681062536,-1.418065948489));
#1479 = CARTESIAN_POINT('',(-6.02291686046,-1.556215334438));
#1480 = CARTESIAN_POINT('',(-6.087643855986,-1.660333261583));
#1481 = CARTESIAN_POINT('',(-6.152710869889,-1.729915097276));
#1482 = CARTESIAN_POINT('',(-6.217948097148,-1.764705882353));
#1483 = CARTESIAN_POINT('',(-6.28318530718,-1.764705882353));
#1484 = ( GEOMETRIC_REPRESENTATION_CONTEXT(2) 
PARAMETRIC_REPRESENTATION_CONTEXT() REPRESENTATION_CONTEXT('2D SPACE',''
  ) );
#1485 = PCURVE('',#1431,#1486);
#1486 = DEFINITIONAL_REPRESENTATION('',(#1487),#1491);
#1487 = ELLIPSE('',#1488,20.339335813022,11.550401062555);
#1488 = AXIS2_PLACEMENT_2D('',#1489,#1490);
#1489 = CARTESIAN_POINT('',(-18.07940961157,0.));
#1490 = DIRECTION('',(-1.,0.));
#1491 = ( GEOMETRIC_REPRESENTATION_CONTEXT(2) 
PARAMETRIC_REPRESENTATION_CONTEXT() REPRESENTATION_CONTEXT('2D SPACE',''
  ) );
#1492 = ORIENTED_EDGE('',*,*,#1493,.F.);
#1493 = EDGE_CURVE('',#1494,#1467,#1496,.T.);
#1494 = VERTEX_POINT('',#1495);
#1495 = CARTESIAN_POINT('',(27.82068199071,-2.,109.53589837368));
#1496 = SURFACE_CURVE('',#1497,(#1502,#1512),.PCURVE_S1.);
#1497 = HYPERBOLA('',#1498,6.,2.);
#1498 = AXIS2_PLACEMENT_3D('',#1499,#1500,#1501);
#1499 = CARTESIAN_POINT('',(22.,-2.,128.));
#1500 = DIRECTION('',(0.,-1.,-0.));
#1501 = DIRECTION('',(0.,0.,-1.));
#1502 = PCURVE('',#903,#1503);
#1503 = DEFINITIONAL_REPRESENTATION('',(#1504),#1511);
#1504 = B_SPLINE_CURVE_WITH_KNOTS('',5,(#1505,#1506,#1507,#1508,#1509,
    #1510),.UNSPECIFIED.,.F.,.F.,(6,6),(1.762747174039,2.063437068896),
  .PIECEWISE_BEZIER_KNOTS.);
#1505 = CARTESIAN_POINT('',(-5.943348397725,-6.));
#1506 = CARTESIAN_POINT('',(-5.963394390716,-4.979424654301));
#1507 = CARTESIAN_POINT('',(-5.982019637446,-3.877476796679));
#1508 = CARTESIAN_POINT('',(-5.999341751413,-2.686463871699));
#1509 = CARTESIAN_POINT('',(-6.015470557295,-1.397480346182));
#1510 = CARTESIAN_POINT('',(-6.030505052038,-2.6645352591E-16));
#1511 = ( GEOMETRIC_REPRESENTATION_CONTEXT(2) 
PARAMETRIC_REPRESENTATION_CONTEXT() REPRESENTATION_CONTEXT('2D SPACE',''
  ) );
#1512 = PCURVE('',#1513,#1518);
#1513 = PLANE('',#1514);
#1514 = AXIS2_PLACEMENT_3D('',#1515,#1516,#1517);
#1515 = CARTESIAN_POINT('',(28.027420503629,-2.,109.01673935743));
#1516 = DIRECTION('',(-0.,-1.,-0.));
#1517 = DIRECTION('',(0.,0.,-1.));
#1518 = DEFINITIONAL_REPRESENTATION('',(#1519),#1523);
#1519 = ( BOUNDED_CURVE() B_SPLINE_CURVE(2,(#1520,#1521,#1522),
.UNSPECIFIED.,.F.,.F.) B_SPLINE_CURVE_WITH_KNOTS((3,3),(1.762747174039,
2.063437068896),.PIECEWISE_BEZIER_KNOTS.) CURVE() 
GEOMETRIC_REPRESENTATION_ITEM() RATIONAL_B_SPLINE_CURVE((1.,
1.011323106108,1.)) REPRESENTATION_ITEM('') );
#1520 = CARTESIAN_POINT('',(-0.983260642562,-0.370566254137));
#1521 = CARTESIAN_POINT('',(1.549126057527,0.524767649973));
#1522 = CARTESIAN_POINT('',(5.016739357438,1.718546188786));
#1523 = ( GEOMETRIC_REPRESENTATION_CONTEXT(2) 
PARAMETRIC_REPRESENTATION_CONTEXT() REPRESENTATION_CONTEXT('2D SPACE',''
  ) );
#1524 = ORIENTED_EDGE('',*,*,#1525,.F.);
#1525 = EDGE_CURVE('',#1277,#1494,#1526,.T.);
#1526 = SURFACE_CURVE('',#1527,(#1548,#1572),.PCURVE_S1.);
#1527 = B_SPLINE_CURVE_WITH_KNOTS('',7,(#1528,#1529,#1530,#1531,#1532,
    #1533,#1534,#1535,#1536,#1537,#1538,#1539,#1540,#1541,#1542,#1543,
    #1544,#1545,#1546,#1547),.UNSPECIFIED.,.F.,.F.,(8,6,6,8),(0.,
    0.568526971425,0.733886715481,1.),.UNSPECIFIED.);
#1528 = CARTESIAN_POINT('',(27.385164807134,-2.645751311065,110.));
#1529 = CARTESIAN_POINT('',(27.501658936079,-2.503483952646,
    109.87453198331));
#1530 = CARTESIAN_POINT('',(27.61512553526,-2.350085138952,
    109.75323947811));
#1531 = CARTESIAN_POINT('',(27.725055790214,-2.184271078243,
    109.63647790239));
#1532 = CARTESIAN_POINT('',(27.830384487514,-2.004785187631,
    109.52522788094));
#1533 = CARTESIAN_POINT('',(27.929468571533,-1.810449779705,
    109.42106892986));
#1534 = CARTESIAN_POINT('',(28.020141463837,-1.600297103756,
    109.32611408996));
#1535 = CARTESIAN_POINT('',(28.122693665047,-1.307339110817,
    109.2190207658));
#1536 = CARTESIAN_POINT('',(28.144836708203,-1.23994906118,
    109.19591977656));
#1537 = CARTESIAN_POINT('',(28.165941474762,-1.171178129079,
    109.17392180412));
#1538 = CARTESIAN_POINT('',(28.185926573655,-1.101039742104,
    109.15310794889));
#1539 = CARTESIAN_POINT('',(28.204706049908,-1.029563885671,
    109.13356406811));
#1540 = CARTESIAN_POINT('',(28.222192008444,-0.956799950034,
    109.11537811359));
#1541 = CARTESIAN_POINT('',(28.264215368824,-0.763763031316,
    109.07169676646));
#1542 = CARTESIAN_POINT('',(28.286571555068,-0.641493345565,
    109.04848471427));
#1543 = CARTESIAN_POINT('',(28.304974896703,-0.5164034328,
    109.02939419093));
#1544 = CARTESIAN_POINT('',(28.319072654916,-0.389000646837,
    109.01477921634));
#1545 = CARTESIAN_POINT('',(28.328581611905,-0.259919447487,
    109.00492452349));
#1546 = CARTESIAN_POINT('',(28.333333333333,-0.129938184424,109.));
#1547 = CARTESIAN_POINT('',(28.333333333333,-1.33226762955E-15,109.));
#1548 = PCURVE('',#903,#1549);
#1549 = DEFINITIONAL_REPRESENTATION('',(#1550),#1571);
#1550 = B_SPLINE_CURVE_WITH_KNOTS('',7,(#1551,#1552,#1553,#1554,#1555,
    #1556,#1557,#1558,#1559,#1560,#1561,#1562,#1563,#1564,#1565,#1566,
    #1567,#1568,#1569,#1570),.UNSPECIFIED.,.F.,.F.,(8,6,6,8),(0.,
    0.568526971425,0.733886715481,1.),.UNSPECIFIED.);
#1551 = CARTESIAN_POINT('',(-5.826518921973,-6.));
#1552 = CARTESIAN_POINT('',(-5.856361912699,-5.874531983314));
#1553 = CARTESIAN_POINT('',(-5.887162129956,-5.753239478116));
#1554 = CARTESIAN_POINT('',(-5.919118854207,-5.636477902399));
#1555 = CARTESIAN_POINT('',(-5.952397511939,-5.525227880946));
#1556 = CARTESIAN_POINT('',(-5.98714978346,-5.421068929864));
#1557 = CARTESIAN_POINT('',(-6.023520862715,-5.326114089962));
#1558 = CARTESIAN_POINT('',(-6.072835550579,-5.219020765802));
#1559 = CARTESIAN_POINT('',(-6.084095366344,-5.195919776565));
#1560 = CARTESIAN_POINT('',(-6.095504800877,-5.173921804122));
#1561 = CARTESIAN_POINT('',(-6.107063611897,-5.153107948898));
#1562 = CARTESIAN_POINT('',(-6.118769599276,-5.133564068116));
#1563 = CARTESIAN_POINT('',(-6.13061830411,-5.115378113596));
#1564 = CARTESIAN_POINT('',(-6.161889197634,-5.071696766462));
#1565 = CARTESIAN_POINT('',(-6.181537273138,-5.048484714278));
#1566 = CARTESIAN_POINT('',(-6.201502078451,-5.029394190939));
#1567 = CARTESIAN_POINT('',(-6.221727691332,-5.014779216348));
#1568 = CARTESIAN_POINT('',(-6.242145403148,-5.004924523499));
#1569 = CARTESIAN_POINT('',(-6.262668751744,-5.));
#1570 = CARTESIAN_POINT('',(-6.28318530718,-5.));
#1571 = ( GEOMETRIC_REPRESENTATION_CONTEXT(2) 
PARAMETRIC_REPRESENTATION_CONTEXT() REPRESENTATION_CONTEXT('2D SPACE',''
  ) );
#1572 = PCURVE('',#1358,#1573);
#1573 = DEFINITIONAL_REPRESENTATION('',(#1574),#1583);
#1574 = B_SPLINE_CURVE_WITH_KNOTS('',7,(#1575,#1576,#1577,#1578,#1579,
    #1580,#1581,#1582),.UNSPECIFIED.,.F.,.F.,(8,8),(0.,0.321447980219),
  .PIECEWISE_BEZIER_KNOTS.);
#1575 = CARTESIAN_POINT('',(-10.27284003975,-2.385164807134));
#1576 = CARTESIAN_POINT('',(-10.29965293067,-2.451031167639));
#1577 = CARTESIAN_POINT('',(-10.32691229704,-2.515929678982));
#1578 = CARTESIAN_POINT('',(-10.35468259497,-2.579768372827));
#1579 = CARTESIAN_POINT('',(-10.38302170277,-2.642398418482));
#1580 = CARTESIAN_POINT('',(-10.41198321153,-2.703612883858));
#1581 = CARTESIAN_POINT('',(-10.44161769529,-2.763147971626));
#1582 = CARTESIAN_POINT('',(-10.47197551208,-2.82068199071));
#1583 = ( GEOMETRIC_REPRESENTATION_CONTEXT(2) 
PARAMETRIC_REPRESENTATION_CONTEXT() REPRESENTATION_CONTEXT('2D SPACE',''
  ) );
#1584 = ADVANCED_FACE('',(#1585,#1616),#1227,.T.);
#1585 = FACE_BOUND('',#1586,.T.);
#1586 = EDGE_LOOP('',(#1587));
#1587 = ORIENTED_EDGE('',*,*,#1588,.T.);
#1588 = EDGE_CURVE('',#1589,#1589,#1591,.T.);
#1589 = VERTEX_POINT('',#1590);
#1590 = CARTESIAN_POINT('',(24.1,0.,102.));
#1591 = SURFACE_CURVE('',#1592,(#1597,#1604),.PCURVE_S1.);
#1592 = CIRCLE('',#1593,2.1);
#1593 = AXIS2_PLACEMENT_3D('',#1594,#1595,#1596);
#1594 = CARTESIAN_POINT('',(22.,0.,102.));
#1595 = DIRECTION('',(0.,0.,1.));
#1596 = DIRECTION('',(1.,0.,0.));
#1597 = PCURVE('',#1227,#1598);
#1598 = DEFINITIONAL_REPRESENTATION('',(#1599),#1603);
#1599 = CIRCLE('',#1600,2.1);
#1600 = AXIS2_PLACEMENT_2D('',#1601,#1602);
#1601 = CARTESIAN_POINT('',(0.,-7.706521602866E-17));
#1602 = DIRECTION('',(1.,0.));
#1603 = ( GEOMETRIC_REPRESENTATION_CONTEXT(2) 
PARAMETRIC_REPRESENTATION_CONTEXT() REPRESENTATION_CONTEXT('2D SPACE',''
  ) );
#1604 = PCURVE('',#1605,#1610);
#1605 = CYLINDRICAL_SURFACE('',#1606,2.1);
#1606 = AXIS2_PLACEMENT_3D('',#1607,#1608,#1609);
#1607 = CARTESIAN_POINT('',(22.,0.,102.));
#1608 = DIRECTION('',(-0.,-0.,-1.));
#1609 = DIRECTION('',(1.,0.,0.));
#1610 = DEFINITIONAL_REPRESENTATION('',(#1611),#1615);
#1611 = LINE('',#1612,#1613);
#1612 = CARTESIAN_POINT('',(-0.,0.));
#1613 = VECTOR('',#1614,1.);
#1614 = DIRECTION('',(-1.,0.));
#1615 = ( GEOMETRIC_REPRESENTATION_CONTEXT(2) 
PARAMETRIC_REPRESENTATION_CONTEXT() REPRESENTATION_CONTEXT('2D SPACE',''
  ) );
#1616 = FACE_BOUND('',#1617,.T.);
#1617 = EDGE_LOOP('',(#1618));
#1618 = ORIENTED_EDGE('',*,*,#1212,.T.);
#1619 = ADVANCED_FACE('',(#1620),#1293,.T.);
#1620 = FACE_BOUND('',#1621,.F.);
#1621 = EDGE_LOOP('',(#1622,#1870,#1893,#1920,#1921,#2104));
#1622 = ORIENTED_EDGE('',*,*,#1623,.F.);
#1623 = EDGE_CURVE('',#1624,#1275,#1626,.T.);
#1624 = VERTEX_POINT('',#1625);
#1625 = CARTESIAN_POINT('',(28.,0.,117.));
#1626 = SURFACE_CURVE('',#1627,(#1680,#1775),.PCURVE_S1.);
#1627 = B_SPLINE_CURVE_WITH_KNOTS('',6,(#1628,#1629,#1630,#1631,#1632,
    #1633,#1634,#1635,#1636,#1637,#1638,#1639,#1640,#1641,#1642,#1643,
    #1644,#1645,#1646,#1647,#1648,#1649,#1650,#1651,#1652,#1653,#1654,
    #1655,#1656,#1657,#1658,#1659,#1660,#1661,#1662,#1663,#1664,#1665,
    #1666,#1667,#1668,#1669,#1670,#1671,#1672,#1673,#1674,#1675,#1676,
    #1677,#1678,#1679),.UNSPECIFIED.,.F.,.F.,(7,5,5,5,5,5,5,5,5,5,7),(0.
    ,0.136724143931,0.213766772946,0.312813812621,0.388034187442,
    0.57940405226,0.79770013535,1.,1.202399418329,1.419665083507,
    1.590074287036),.UNSPECIFIED.);
#1628 = CARTESIAN_POINT('',(28.,6.123233995737E-16,117.));
#1629 = CARTESIAN_POINT('',(28.,0.179233362806,117.));
#1630 = CARTESIAN_POINT('',(27.993575055776,0.35810883815,
    116.99036259391));
#1631 = CARTESIAN_POINT('',(27.980773440816,0.535213064659,
    116.97116012243));
#1632 = CARTESIAN_POINT('',(27.961928731851,0.709143117929,
    116.94279643139));
#1633 = CARTESIAN_POINT('',(27.937655954699,0.878535351492,
    116.90600486647));
#1634 = CARTESIAN_POINT('',(27.892556932568,1.134253427286,
    116.83700162715));
#1635 = CARTESIAN_POINT('',(27.874830325502,1.224679639553,
    116.80976956422));
#1636 = CARTESIAN_POINT('',(27.855748038546,1.313297249253,
    116.78031176728));
#1637 = CARTESIAN_POINT('',(27.835430111871,1.400039718383,
    116.74876864303));
#1638 = CARTESIAN_POINT('',(27.813999614918,1.484846694463,
    116.71528379327));
#1639 = CARTESIAN_POINT('',(27.762763090282,1.674135065535,
    116.63464785762));
#1640 = CARTESIAN_POINT('',(27.732308904812,1.777331936795,
    116.58631917713));
#1641 = CARTESIAN_POINT('',(27.700449901267,1.877270832663,
    116.53527222015));
#1642 = CARTESIAN_POINT('',(27.667402620617,1.973978603845,
    116.48173897895));
#1643 = CARTESIAN_POINT('',(27.633369747159,2.067492336151,
    116.42592959728));
#1644 = CARTESIAN_POINT('',(27.572088024063,2.226487042368,
    116.32406356106));
#1645 = CARTESIAN_POINT('',(27.545172078668,2.293311969975,
    116.27888268124));
#1646 = CARTESIAN_POINT('',(27.517868969651,2.358365393698,
    116.23256414873));
#1647 = CARTESIAN_POINT('',(27.490250895998,2.421680139742,
    116.18517313185));
#1648 = CARTESIAN_POINT('',(27.462384971994,2.483290192888,
    116.13676595509));
#1649 = CARTESIAN_POINT('',(27.362966145912,2.695726693726,
    115.96177186214));
#1650 = CARTESIAN_POINT('',(27.290374964829,2.837462051647,
    115.82984566855));
#1651 = CARTESIAN_POINT('',(27.217613686791,2.968935495967,
    115.69243730078));
#1652 = CARTESIAN_POINT('',(27.145584695016,3.090615130208,
    115.55009283175));
#1653 = CARTESIAN_POINT('',(27.075113346414,3.202888634706,
    115.40313625375));
#1654 = CARTESIAN_POINT('',(26.929351240201,3.423648217964,
    115.07901431526));
#1655 = CARTESIAN_POINT('',(26.854724768056,3.529458877617,
    114.90039031503));
#1656 = CARTESIAN_POINT('',(26.784543513734,3.623539815821,
    114.71645549683));
#1657 = CARTESIAN_POINT('',(26.720190997942,3.705908758726,
    114.52767199087));
#1658 = CARTESIAN_POINT('',(26.663033433711,3.776495616171,
    114.33437378441));
#1659 = CARTESIAN_POINT('',(26.569244306909,3.889342815696,
    113.95367105724));
#1660 = CARTESIAN_POINT('',(26.53138349354,3.933338444065,113.7667419292
    ));
#1661 = CARTESIAN_POINT('',(26.502033879189,3.966573196696,
    113.57705631991));
#1662 = CARTESIAN_POINT('',(26.482121100342,3.988836242274,
    113.38551244896));
#1663 = CARTESIAN_POINT('',(26.472135955,4.,113.1929064112));
#1664 = CARTESIAN_POINT('',(26.472135955,4.,112.80699865772));
#1665 = CARTESIAN_POINT('',(26.482130930052,3.988825252235,
    112.61429832557));
#1666 = CARTESIAN_POINT('',(26.502063218679,3.966540394488,
    112.42266169666));
#1667 = CARTESIAN_POINT('',(26.531441092859,3.933273216826,
    112.23288585282));
#1668 = CARTESIAN_POINT('',(26.569337211146,3.889234861839,
    112.04587022607));
#1669 = CARTESIAN_POINT('',(26.662955967413,3.776584702152,
    111.66602851125));
#1670 = CARTESIAN_POINT('',(26.719821239479,3.706360138762,
    111.47363094553));
#1671 = CARTESIAN_POINT('',(26.783817721175,3.624462966102,
    111.28570449937));
#1672 = CARTESIAN_POINT('',(26.853598379391,3.530963267404,
    111.10257926937));
#1673 = CARTESIAN_POINT('',(26.927798630315,3.425845157786,
    110.92471098332));
#1674 = CARTESIAN_POINT('',(27.065618489206,3.217386477668,
    110.61776901588));
#1675 = CARTESIAN_POINT('',(27.128106418158,3.118494813128,
    110.48636122854));
#1676 = CARTESIAN_POINT('',(27.191916130463,3.012166439718,
    110.35858965875));
#1677 = CARTESIAN_POINT('',(27.256461467403,2.898144827247,110.234676081
    ));
#1678 = CARTESIAN_POINT('',(27.32111448818,2.77611939293,110.11497384117
    ));
#1679 = CARTESIAN_POINT('',(27.385164807135,2.645751311065,110.));
#1680 = PCURVE('',#1293,#1681);
#1681 = DEFINITIONAL_REPRESENTATION('',(#1682),#1774);
#1682 = B_SPLINE_CURVE_WITH_KNOTS('',3,(#1683,#1684,#1685,#1686,#1687,
    #1688,#1689,#1690,#1691,#1692,#1693,#1694,#1695,#1696,#1697,#1698,
    #1699,#1700,#1701,#1702,#1703,#1704,#1705,#1706,#1707,#1708,#1709,
    #1710,#1711,#1712,#1713,#1714,#1715,#1716,#1717,#1718,#1719,#1720,
    #1721,#1722,#1723,#1724,#1725,#1726,#1727,#1728,#1729,#1730,#1731,
    #1732,#1733,#1734,#1735,#1736,#1737,#1738,#1739,#1740,#1741,#1742,
    #1743,#1744,#1745,#1746,#1747,#1748,#1749,#1750,#1751,#1752,#1753,
    #1754,#1755,#1756,#1757,#1758,#1759,#1760,#1761,#1762,#1763,#1764,
    #1765,#1766,#1767,#1768,#1769,#1770,#1771,#1772,#1773),
  .UNSPECIFIED.,.F.,.F.,(4,1,1,1,1,1,1,1,1,1,1,1,1,1,1,1,1,1,1,1,1,1,1,1
    ,1,1,1,1,1,1,1,1,1,1,1,1,1,1,1,1,1,1,1,1,1,1,1,1,1,1,1,1,1,1,1,1,1,1
    ,1,1,1,1,1,1,1,1,1,1,1,1,1,1,1,1,1,1,1,1,1,1,1,1,1,1,1,1,1,1,4),(0.,
    1.806902598905E-02,3.61380519781E-02,5.420707796715E-02,
    7.22761039562E-02,9.034512994525E-02,0.108414155934,0.126483181923,
    0.144552207912,0.162621233901,0.18069025989,0.19875928588,
    0.216828311869,0.234897337858,0.252966363847,0.271035389836,
    0.289104415825,0.307173441814,0.325242467803,0.343311493792,
    0.361380519781,0.37944954577,0.397518571759,0.415587597748,
    0.433656623737,0.451725649726,0.469794675715,0.487863701704,
    0.505932727693,0.524001753682,0.542070779671,0.560139805661,
    0.57820883165,0.596277857639,0.614346883628,0.632415909617,
    0.650484935606,0.668553961595,0.686622987584,0.704692013573,
    0.722761039562,0.740830065551,0.75889909154,0.776968117529,
    0.795037143518,0.813106169507,0.831175195496,0.849244221485,
    0.867313247474,0.885382273463,0.903451299452,0.921520325442,
    0.939589351431,0.95765837742,0.975727403409,0.993796429398,
    1.011865455387,1.029934481376,1.048003507365,1.066072533354,
    1.084141559343,1.102210585332,1.120279611321,1.13834863731,
    1.156417663299,1.174486689288,1.192555715277,1.210624741266,
    1.228693767255,1.246762793244,1.264831819233,1.282900845223,
    1.300969871212,1.319038897201,1.33710792319,1.355176949179,
    1.373245975168,1.391315001157,1.409384027146,1.427453053135,
    1.445522079124,1.463591105113,1.481660131102,1.499729157091,
    1.51779818308,1.535867209069,1.553936235058,1.572005261047,
    1.590074287036),.QUASI_UNIFORM_KNOTS.);
#1683 = CARTESIAN_POINT('',(0.,-7.));
#1684 = CARTESIAN_POINT('',(-7.895627626322E-03,-7.000003034379));
#1685 = CARTESIAN_POINT('',(-2.367649386537E-02,-6.998314366551));
#1686 = CARTESIAN_POINT('',(-4.726457922892E-02,-6.990775379459));
#1687 = CARTESIAN_POINT('',(-7.071749664678E-02,-6.978294297306));
#1688 = CARTESIAN_POINT('',(-9.398296665583E-02,-6.96098517978));
#1689 = CARTESIAN_POINT('',(-0.117008573721,-6.938994690122));
#1690 = CARTESIAN_POINT('',(-0.139740555655,-6.9125089141));
#1691 = CARTESIAN_POINT('',(-0.162127653355,-6.881745272428));
#1692 = CARTESIAN_POINT('',(-0.184106208981,-6.846980237928));
#1693 = CARTESIAN_POINT('',(-0.205677197775,-6.808412522426));
#1694 = CARTESIAN_POINT('',(-0.226829875766,-6.766252198598));
#1695 = CARTESIAN_POINT('',(-0.247550396415,-6.720719240946));
#1696 = CARTESIAN_POINT('',(-0.267824184336,-6.672038530311));
#1697 = CARTESIAN_POINT('',(-0.287641991537,-6.620425590674));
#1698 = CARTESIAN_POINT('',(-0.307008519145,-6.56605520804));
#1699 = CARTESIAN_POINT('',(-0.325925736791,-6.509099082888));
#1700 = CARTESIAN_POINT('',(-0.344396253245,-6.449718676147));
#1701 = CARTESIAN_POINT('',(-0.362422501838,-6.38806702046));
#1702 = CARTESIAN_POINT('',(-0.380006979346,-6.324288983372));
#1703 = CARTESIAN_POINT('',(-0.397158762011,-6.258494964541));
#1704 = CARTESIAN_POINT('',(-0.413883033639,-6.190797448912));
#1705 = CARTESIAN_POINT('',(-0.430185597038,-6.121295703872));
#1706 = CARTESIAN_POINT('',(-0.446071916771,-6.050079657951));
#1707 = CARTESIAN_POINT('',(-0.461549407065,-5.977218472059));
#1708 = CARTESIAN_POINT('',(-0.47662125517,-5.902789300048));
#1709 = CARTESIAN_POINT('',(-0.49129072648,-5.826859493531));
#1710 = CARTESIAN_POINT('',(-0.505560425334,-5.749489798107));
#1711 = CARTESIAN_POINT('',(-0.519432456316,-5.670733884563));
#1712 = CARTESIAN_POINT('',(-0.532908335357,-5.590638896074));
#1713 = CARTESIAN_POINT('',(-0.545988980996,-5.509245596432));
#1714 = CARTESIAN_POINT('',(-0.558674616823,-5.426589098143));
#1715 = CARTESIAN_POINT('',(-0.570964932268,-5.342697670043));
#1716 = CARTESIAN_POINT('',(-0.582858283491,-5.25759864697));
#1717 = CARTESIAN_POINT('',(-0.594354461532,-5.171297851673));
#1718 = CARTESIAN_POINT('',(-0.605449681936,-5.083815262935));
#1719 = CARTESIAN_POINT('',(-0.616136295213,-4.995193654129));
#1720 = CARTESIAN_POINT('',(-0.626407100753,-4.905466879969));
#1721 = CARTESIAN_POINT('',(-0.636254219266,-4.814668326408));
#1722 = CARTESIAN_POINT('',(-0.645669410675,-4.7228286905));
#1723 = CARTESIAN_POINT('',(-0.654644004982,-4.629976609915));
#1724 = CARTESIAN_POINT('',(-0.663168934005,-4.536138572331));
#1725 = CARTESIAN_POINT('',(-0.67123474542,-4.44133886413));
#1726 = CARTESIAN_POINT('',(-0.678831585796,-4.345600090461));
#1727 = CARTESIAN_POINT('',(-0.685949324688,-4.248941378984));
#1728 = CARTESIAN_POINT('',(-0.692577144874,-4.151385285979));
#1729 = CARTESIAN_POINT('',(-0.698705126172,-4.052932217779));
#1730 = CARTESIAN_POINT('',(-0.704319664965,-3.953634510378));
#1731 = CARTESIAN_POINT('',(-0.709405666589,-3.853587365125));
#1732 = CARTESIAN_POINT('',(-0.713950214712,-3.752870905927));
#1733 = CARTESIAN_POINT('',(-0.71794159516,-3.651565414075));
#1734 = CARTESIAN_POINT('',(-0.721369529563,-3.549747573945));
#1735 = CARTESIAN_POINT('',(-0.724225089441,-3.447491793783));
#1736 = CARTESIAN_POINT('',(-0.726500696455,-3.344870231498));
#1737 = CARTESIAN_POINT('',(-0.728190111519,-3.24195294154));
#1738 = CARTESIAN_POINT('',(-0.729288392839,-3.138808848631));
#1739 = CARTESIAN_POINT('',(-0.729791997097,-3.035503309237));
#1740 = CARTESIAN_POINT('',(-0.729698344356,-2.932108511383));
#1741 = CARTESIAN_POINT('',(-0.729008086169,-2.828852122179));
#1742 = CARTESIAN_POINT('',(-0.727724127889,-2.725770452337));
#1743 = CARTESIAN_POINT('',(-0.725850443902,-2.622938955847));
#1744 = CARTESIAN_POINT('',(-0.723392382839,-2.520424443754));
#1745 = CARTESIAN_POINT('',(-0.720356601577,-2.418298236733));
#1746 = CARTESIAN_POINT('',(-0.716751097707,-2.31663295462));
#1747 = CARTESIAN_POINT('',(-0.712585225339,-2.215503803107));
#1748 = CARTESIAN_POINT('',(-0.707869687579,-2.114988218573));
#1749 = CARTESIAN_POINT('',(-0.702616650559,-2.015167567009));
#1750 = CARTESIAN_POINT('',(-0.696839409647,-1.916122252169));
#1751 = CARTESIAN_POINT('',(-0.690553744433,-1.817951116529));
#1752 = CARTESIAN_POINT('',(-0.683771193778,-1.720673285204));
#1753 = CARTESIAN_POINT('',(-0.67650217474,-1.624300354294));
#1754 = CARTESIAN_POINT('',(-0.668757235515,-1.52885275341));
#1755 = CARTESIAN_POINT('',(-0.660546440491,-1.434351070712));
#1756 = CARTESIAN_POINT('',(-0.651879520261,-1.340818428088));
#1757 = CARTESIAN_POINT('',(-0.642765817197,-1.248279898399));
#1758 = CARTESIAN_POINT('',(-0.633214283132,-1.156762695845));
#1759 = CARTESIAN_POINT('',(-0.623233472412,-1.066296223302));
#1760 = CARTESIAN_POINT('',(-0.61283150065,-0.97691191023));
#1761 = CARTESIAN_POINT('',(-0.602016144343,-0.88864402285));
#1762 = CARTESIAN_POINT('',(-0.590794409926,-0.801526786206));
#1763 = CARTESIAN_POINT('',(-0.579174082305,-0.715605277981));
#1764 = CARTESIAN_POINT('',(-0.567155446375,-0.630877334979));
#1765 = CARTESIAN_POINT('',(-0.554740168334,-0.547363793675));
#1766 = CARTESIAN_POINT('',(-0.541929383995,-0.465091727528));
#1767 = CARTESIAN_POINT('',(-0.528723449077,-0.384093145377));
#1768 = CARTESIAN_POINT('',(-0.515122056769,-0.304405749518));
#1769 = CARTESIAN_POINT('',(-0.50112425947,-0.226073066164));
#1770 = CARTESIAN_POINT('',(-0.486728492031,-0.149145026698));
#1771 = CARTESIAN_POINT('',(-0.471932668992,-7.367737336151E-02));
#1772 = CARTESIAN_POINT('',(-0.46180020106,-2.438266873125E-02));
#1773 = CARTESIAN_POINT('',(-0.456666385207,0.));
#1774 = ( GEOMETRIC_REPRESENTATION_CONTEXT(2) 
PARAMETRIC_REPRESENTATION_CONTEXT() REPRESENTATION_CONTEXT('2D SPACE',''
  ) );
#1775 = PCURVE('',#1358,#1776);
#1776 = DEFINITIONAL_REPRESENTATION('',(#1777),#1869);
#1777 = B_SPLINE_CURVE_WITH_KNOTS('',3,(#1778,#1779,#1780,#1781,#1782,
    #1783,#1784,#1785,#1786,#1787,#1788,#1789,#1790,#1791,#1792,#1793,
    #1794,#1795,#1796,#1797,#1798,#1799,#1800,#1801,#1802,#1803,#1804,
    #1805,#1806,#1807,#1808,#1809,#1810,#1811,#1812,#1813,#1814,#1815,
    #1816,#1817,#1818,#1819,#1820,#1821,#1822,#1823,#1824,#1825,#1826,
    #1827,#1828,#1829,#1830,#1831,#1832,#1833,#1834,#1835,#1836,#1837,
    #1838,#1839,#1840,#1841,#1842,#1843,#1844,#1845,#1846,#1847,#1848,
    #1849,#1850,#1851,#1852,#1853,#1854,#1855,#1856,#1857,#1858,#1859,
    #1860,#1861,#1862,#1863,#1864,#1865,#1866,#1867,#1868),
  .UNSPECIFIED.,.F.,.F.,(4,1,1,1,1,1,1,1,1,1,1,1,1,1,1,1,1,1,1,1,1,1,1,1
    ,1,1,1,1,1,1,1,1,1,1,1,1,1,1,1,1,1,1,1,1,1,1,1,1,1,1,1,1,1,1,1,1,1,1
    ,1,1,1,1,1,1,1,1,1,1,1,1,1,1,1,1,1,1,1,1,1,1,1,1,1,1,1,1,1,1,4),(0.,
    1.806902598905E-02,3.61380519781E-02,5.420707796715E-02,
    7.22761039562E-02,9.034512994525E-02,0.108414155934,0.126483181923,
    0.144552207912,0.162621233901,0.18069025989,0.19875928588,
    0.216828311869,0.234897337858,0.252966363847,0.271035389836,
    0.289104415825,0.307173441814,0.325242467803,0.343311493792,
    0.361380519781,0.37944954577,0.397518571759,0.415587597748,
    0.433656623737,0.451725649726,0.469794675715,0.487863701704,
    0.505932727693,0.524001753682,0.542070779671,0.560139805661,
    0.57820883165,0.596277857639,0.614346883628,0.632415909617,
    0.650484935606,0.668553961595,0.686622987584,0.704692013573,
    0.722761039562,0.740830065551,0.75889909154,0.776968117529,
    0.795037143518,0.813106169507,0.831175195496,0.849244221485,
    0.867313247474,0.885382273463,0.903451299452,0.921520325442,
    0.939589351431,0.95765837742,0.975727403409,0.993796429398,
    1.011865455387,1.029934481376,1.048003507365,1.066072533354,
    1.084141559343,1.102210585332,1.120279611321,1.13834863731,
    1.156417663299,1.174486689288,1.192555715277,1.210624741266,
    1.228693767255,1.246762793244,1.264831819233,1.282900845223,
    1.300969871212,1.319038897201,1.33710792319,1.355176949179,
    1.373245975168,1.391315001157,1.409384027146,1.427453053135,
    1.445522079124,1.463591105113,1.481660131102,1.499729157091,
    1.51779818308,1.535867209069,1.553936235058,1.572005261047,
    1.590074287036),.QUASI_UNIFORM_KNOTS.);
#1778 = CARTESIAN_POINT('',(-7.853981633974,-3.));
#1779 = CARTESIAN_POINT('',(-7.842138236921,-3.000002589864));
#1780 = CARTESIAN_POINT('',(-7.8184668653,-2.998875784208));
#1781 = CARTESIAN_POINT('',(-7.78305994049,-2.993852775124));
#1782 = CARTESIAN_POINT('',(-7.747806598402,-2.985547981376));
#1783 = CARTESIAN_POINT('',(-7.712761741831,-2.974054907529));
#1784 = CARTESIAN_POINT('',(-7.677981478174,-2.959494044666));
#1785 = CARTESIAN_POINT('',(-7.643525369432,-2.942017457264));
#1786 = CARTESIAN_POINT('',(-7.609450840888,-2.921802295648));
#1787 = CARTESIAN_POINT('',(-7.575836499511,-2.899067668299));
#1788 = CARTESIAN_POINT('',(-7.542664161978,-2.873984150269));
#1789 = CARTESIAN_POINT('',(-7.50993445444,-2.846732524118));
#1790 = CARTESIAN_POINT('',(-7.477654128807,-2.817500775637));
#1791 = CARTESIAN_POINT('',(-7.44583238309,-2.786481302264));
#1792 = CARTESIAN_POINT('',(-7.414471416071,-2.753860952));
#1793 = CARTESIAN_POINT('',(-7.383552284226,-2.719800536535));
#1794 = CARTESIAN_POINT('',(-7.353060793346,-2.684459352366));
#1795 = CARTESIAN_POINT('',(-7.322982181424,-2.647990202186));
#1796 = CARTESIAN_POINT('',(-7.293302287521,-2.610540521365));
#1797 = CARTESIAN_POINT('',(-7.264007166443,-2.572252338821));
#1798 = CARTESIAN_POINT('',(-7.235071890491,-2.533246740187));
#1799 = CARTESIAN_POINT('',(-7.20647772017,-2.493646188681));
#1800 = CARTESIAN_POINT('',(-7.178204540595,-2.453565543715));
#1801 = CARTESIAN_POINT('',(-7.150232408403,-2.413114187278));
#1802 = CARTESIAN_POINT('',(-7.122537222967,-2.372390232725));
#1803 = CARTESIAN_POINT('',(-7.095101590665,-2.331496972783));
#1804 = CARTESIAN_POINT('',(-7.067907326997,-2.290532608309));
#1805 = CARTESIAN_POINT('',(-7.040936625623,-2.249592386957));
#1806 = CARTESIAN_POINT('',(-7.014171694359,-2.208768537942));
#1807 = CARTESIAN_POINT('',(-6.9875948198,-2.168150812506));
#1808 = CARTESIAN_POINT('',(-6.961188285582,-2.127826805481));
#1809 = CARTESIAN_POINT('',(-6.934934478182,-2.087882546753));
#1810 = CARTESIAN_POINT('',(-6.908815415288,-2.048402232017));
#1811 = CARTESIAN_POINT('',(-6.882814418231,-2.009471126495));
#1812 = CARTESIAN_POINT('',(-6.856909803105,-1.971166637486));
#1813 = CARTESIAN_POINT('',(-6.831085670499,-1.933575034753));
#1814 = CARTESIAN_POINT('',(-6.805333724843,-1.896793548858));
#1815 = CARTESIAN_POINT('',(-6.779643646485,-1.860916119382));
#1816 = CARTESIAN_POINT('',(-6.754005592962,-1.826037131109));
#1817 = CARTESIAN_POINT('',(-6.728409480145,-1.792250351374));
#1818 = CARTESIAN_POINT('',(-6.702845125525,-1.759649131859));
#1819 = CARTESIAN_POINT('',(-6.677302172897,-1.728326262654));
#1820 = CARTESIAN_POINT('',(-6.651770036179,-1.698373864014));
#1821 = CARTESIAN_POINT('',(-6.626237989023,-1.669883386321));
#1822 = CARTESIAN_POINT('',(-6.600694652642,-1.642945050713));
#1823 = CARTESIAN_POINT('',(-6.575129742133,-1.617649330076));
#1824 = CARTESIAN_POINT('',(-6.549527374384,-1.594080739138));
#1825 = CARTESIAN_POINT('',(-6.523885269064,-1.572335329422));
#1826 = CARTESIAN_POINT('',(-6.49821186371,-1.552512459747));
#1827 = CARTESIAN_POINT('',(-6.472511312544,-1.53470023247));
#1828 = CARTESIAN_POINT('',(-6.446787526242,-1.518978827825));
#1829 = CARTESIAN_POINT('',(-6.421043254238,-1.505419241781));
#1830 = CARTESIAN_POINT('',(-6.395280476672,-1.49408329961));
#1831 = CARTESIAN_POINT('',(-6.369500447705,-1.48502338476));
#1832 = CARTESIAN_POINT('',(-6.34370376373,-1.478282252521));
#1833 = CARTESIAN_POINT('',(-6.317890628827,-1.473893010872));
#1834 = CARTESIAN_POINT('',(-6.29206026329,-1.471878569531));
#1835 = CARTESIAN_POINT('',(-6.266213508703,-1.472253270678));
#1836 = CARTESIAN_POINT('',(-6.240390029124,-1.47501375977));
#1837 = CARTESIAN_POINT('',(-6.214581725673,-1.480142906377));
#1838 = CARTESIAN_POINT('',(-6.188790369713,-1.487614620474));
#1839 = CARTESIAN_POINT('',(-6.163015669587,-1.497392752199));
#1840 = CARTESIAN_POINT('',(-6.13725857689,-1.509431514855));
#1841 = CARTESIAN_POINT('',(-6.111520508519,-1.523675554826));
#1842 = CARTESIAN_POINT('',(-6.085803702881,-1.540060132224));
#1843 = CARTESIAN_POINT('',(-6.060111169553,-1.558511433325));
#1844 = CARTESIAN_POINT('',(-6.034447185365,-1.578946466737));
#1845 = CARTESIAN_POINT('',(-6.00881607377,-1.601274714458));
#1846 = CARTESIAN_POINT('',(-5.983227374315,-1.62539340129));
#1847 = CARTESIAN_POINT('',(-5.957670191662,-1.65121361762));
#1848 = CARTESIAN_POINT('',(-5.932131490396,-1.678648123206));
#1849 = CARTESIAN_POINT('',(-5.906600377094,-1.707606720991));
#1850 = CARTESIAN_POINT('',(-5.881065776944,-1.737998712275));
#1851 = CARTESIAN_POINT('',(-5.855517009916,-1.769732416719));
#1852 = CARTESIAN_POINT('',(-5.82994359271,-1.80271545792));
#1853 = CARTESIAN_POINT('',(-5.804335243245,-1.836854833368));
#1854 = CARTESIAN_POINT('',(-5.77868185106,-1.872056992757));
#1855 = CARTESIAN_POINT('',(-5.752973380065,-1.908228009994));
#1856 = CARTESIAN_POINT('',(-5.727200071327,-1.945273283517));
#1857 = CARTESIAN_POINT('',(-5.701351505663,-1.98309894117));
#1858 = CARTESIAN_POINT('',(-5.675419916321,-2.021606809992));
#1859 = CARTESIAN_POINT('',(-5.649382272912,-2.060721332895));
#1860 = CARTESIAN_POINT('',(-5.623220871996,-2.100359167428));
#1861 = CARTESIAN_POINT('',(-5.596918449478,-2.140435658255));
#1862 = CARTESIAN_POINT('',(-5.57045762221,-2.180865334394));
#1863 = CARTESIAN_POINT('',(-5.543821016574,-2.221561271025));
#1864 = CARTESIAN_POINT('',(-5.51699121054,-2.262434790578));
#1865 = CARTESIAN_POINT('',(-5.489950714166,-2.30339494212));
#1866 = CARTESIAN_POINT('',(-5.462681957989,-2.344348528264));
#1867 = CARTESIAN_POINT('',(-5.444338774218,-2.371581618561));
#1868 = CARTESIAN_POINT('',(-5.435123228198,-2.385164807135));
#1869 = ( GEOMETRIC_REPRESENTATION_CONTEXT(2) 
PARAMETRIC_REPRESENTATION_CONTEXT() REPRESENTATION_CONTEXT('2D SPACE',''
  ) );
#1870 = ORIENTED_EDGE('',*,*,#1871,.T.);
#1871 = EDGE_CURVE('',#1624,#1872,#1874,.T.);
#1872 = VERTEX_POINT('',#1873);
#1873 = CARTESIAN_POINT('',(28.,0.,120.));
#1874 = SEAM_CURVE('',#1875,(#1879,#1886),.PCURVE_S1.);
#1875 = LINE('',#1876,#1877);
#1876 = CARTESIAN_POINT('',(28.,0.,110.));
#1877 = VECTOR('',#1878,1.);
#1878 = DIRECTION('',(0.,0.,1.));
#1879 = PCURVE('',#1293,#1880);
#1880 = DEFINITIONAL_REPRESENTATION('',(#1881),#1885);
#1881 = LINE('',#1882,#1883);
#1882 = CARTESIAN_POINT('',(-0.,0.));
#1883 = VECTOR('',#1884,1.);
#1884 = DIRECTION('',(-0.,-1.));
#1885 = ( GEOMETRIC_REPRESENTATION_CONTEXT(2) 
PARAMETRIC_REPRESENTATION_CONTEXT() REPRESENTATION_CONTEXT('2D SPACE',''
  ) );
#1886 = PCURVE('',#1293,#1887);
#1887 = DEFINITIONAL_REPRESENTATION('',(#1888),#1892);
#1888 = LINE('',#1889,#1890);
#1889 = CARTESIAN_POINT('',(-6.28318530718,0.));
#1890 = VECTOR('',#1891,1.);
#1891 = DIRECTION('',(-0.,-1.));
#1892 = ( GEOMETRIC_REPRESENTATION_CONTEXT(2) 
PARAMETRIC_REPRESENTATION_CONTEXT() REPRESENTATION_CONTEXT('2D SPACE',''
  ) );
#1893 = ORIENTED_EDGE('',*,*,#1894,.T.);
#1894 = EDGE_CURVE('',#1872,#1872,#1895,.T.);
#1895 = SURFACE_CURVE('',#1896,(#1901,#1908),.PCURVE_S1.);
#1896 = CIRCLE('',#1897,6.);
#1897 = AXIS2_PLACEMENT_3D('',#1898,#1899,#1900);
#1898 = CARTESIAN_POINT('',(22.,0.,120.));
#1899 = DIRECTION('',(0.,0.,1.));
#1900 = DIRECTION('',(1.,0.,0.));
#1901 = PCURVE('',#1293,#1902);
#1902 = DEFINITIONAL_REPRESENTATION('',(#1903),#1907);
#1903 = LINE('',#1904,#1905);
#1904 = CARTESIAN_POINT('',(-0.,-10.));
#1905 = VECTOR('',#1906,1.);
#1906 = DIRECTION('',(-1.,0.));
#1907 = ( GEOMETRIC_REPRESENTATION_CONTEXT(2) 
PARAMETRIC_REPRESENTATION_CONTEXT() REPRESENTATION_CONTEXT('2D SPACE',''
  ) );
#1908 = PCURVE('',#1909,#1914);
#1909 = PLANE('',#1910);
#1910 = AXIS2_PLACEMENT_3D('',#1911,#1912,#1913);
#1911 = CARTESIAN_POINT('',(22.,2.108840176837E-16,120.));
#1912 = DIRECTION('',(0.,0.,1.));
#1913 = DIRECTION('',(1.,0.,-0.));
#1914 = DEFINITIONAL_REPRESENTATION('',(#1915),#1919);
#1915 = CIRCLE('',#1916,6.);
#1916 = AXIS2_PLACEMENT_2D('',#1917,#1918);
#1917 = CARTESIAN_POINT('',(0.,-2.108840176837E-16));
#1918 = DIRECTION('',(1.,0.));
#1919 = ( GEOMETRIC_REPRESENTATION_CONTEXT(2) 
PARAMETRIC_REPRESENTATION_CONTEXT() REPRESENTATION_CONTEXT('2D SPACE',''
  ) );
#1920 = ORIENTED_EDGE('',*,*,#1871,.F.);
#1921 = ORIENTED_EDGE('',*,*,#1922,.T.);
#1922 = EDGE_CURVE('',#1624,#1277,#1923,.T.);
#1923 = SURFACE_CURVE('',#1924,(#1982,#2043),.PCURVE_S1.);
#1924 = B_SPLINE_CURVE_WITH_KNOTS('',6,(#1925,#1926,#1927,#1928,#1929,
    #1930,#1931,#1932,#1933,#1934,#1935,#1936,#1937,#1938,#1939,#1940,
    #1941,#1942,#1943,#1944,#1945,#1946,#1947,#1948,#1949,#1950,#1951,
    #1952,#1953,#1954,#1955,#1956,#1957,#1958,#1959,#1960,#1961,#1962,
    #1963,#1964,#1965,#1966,#1967,#1968,#1969,#1970,#1971,#1972,#1973,
    #1974,#1975,#1976,#1977,#1978,#1979,#1980,#1981),.UNSPECIFIED.,.F.,
  .F.,(7,5,5,5,5,5,5,5,5,5,5,7),(0.,8.605370843837E-02,0.135711073616,
    0.198912931916,0.244393819956,0.364826806311,0.500367384231,
    0.544353434083,0.62864317366,0.755958916659,0.892232075022,1.),
  .UNSPECIFIED.);
#1925 = CARTESIAN_POINT('',(28.,0.,117.));
#1926 = CARTESIAN_POINT('',(28.,-0.179487950275,117.));
#1927 = CARTESIAN_POINT('',(27.993556789368,-0.358607823287,
    116.99033519502));
#1928 = CARTESIAN_POINT('',(27.980720088239,-0.535945020292,
    116.97108009149));
#1929 = CARTESIAN_POINT('',(27.961825370747,-0.710095290034,
    116.94264084209));
#1930 = CARTESIAN_POINT('',(27.93749006561,-0.879693671031,
    116.90575343114));
#1931 = CARTESIAN_POINT('',(27.891885987,-1.137930740618,116.83597366492
    ));
#1932 = CARTESIAN_POINT('',(27.873652568171,-1.230590813213,
    116.80795826073));
#1933 = CARTESIAN_POINT('',(27.853998001687,-1.321344436145,
    116.77760848564));
#1934 = CARTESIAN_POINT('',(27.83305192762,-1.410122182767,
    116.74507506596));
#1935 = CARTESIAN_POINT('',(27.810947042942,-1.496861444263,
    116.71051184133));
#1936 = CARTESIAN_POINT('',(27.758380365051,-1.689239019673,
    116.62770290341));
#1937 = CARTESIAN_POINT('',(27.727279544369,-1.793594270433,
    116.57829008887));
#1938 = CARTESIAN_POINT('',(27.69475480681,-1.894592348785,
    116.52610199964));
#1939 = CARTESIAN_POINT('',(27.661030954833,-1.992264461644,
    116.47137861351));
#1940 = CARTESIAN_POINT('',(27.626317802617,-2.086652381844,
    116.41433625591));
#1941 = CARTESIAN_POINT('',(27.565257476453,-2.243404794409,
    116.31258973838));
#1942 = CARTESIAN_POINT('',(27.539289469205,-2.307338500181,
    116.26890355448));
#1943 = CARTESIAN_POINT('',(27.512973641682,-2.369637675569,
    116.22417406096));
#1944 = CARTESIAN_POINT('',(27.486373738303,-2.430331733386,
    116.17845837706));
#1945 = CARTESIAN_POINT('',(27.459549211127,-2.489450948752,
    116.13180612451));
#1946 = CARTESIAN_POINT('',(27.361075371425,-2.699485897538,
    115.95835619773));
#1947 = CARTESIAN_POINT('',(27.288385431193,-2.841167670783,
    115.82614235443));
#1948 = CARTESIAN_POINT('',(27.215541508981,-2.972571388447,
    115.68844330256));
#1949 = CARTESIAN_POINT('',(27.143448205811,-3.094165328149,
    115.54580421671));
#1950 = CARTESIAN_POINT('',(27.072933563493,-3.206336516231,
    115.39854814066));
#1951 = CARTESIAN_POINT('',(26.928170532881,-3.425266367794,115.07608842
    ));
#1952 = CARTESIAN_POINT('',(26.854514378475,-3.529655333003,
    114.8995867723));
#1953 = CARTESIAN_POINT('',(26.7852044359,-3.622598792809,
    114.71790471227));
#1954 = CARTESIAN_POINT('',(26.721573716909,-3.704114002803,
    114.53148615598));
#1955 = CARTESIAN_POINT('',(26.664938943125,-3.774133810321,
    114.34065303906));
#1956 = CARTESIAN_POINT('',(26.60083415685,-3.851354270131,
    114.08232813446));
#1957 = CARTESIAN_POINT('',(26.586001588563,-3.869032025965,
    114.01861949934));
#1958 = CARTESIAN_POINT('',(26.572089404589,-3.885455857633,
    113.95452412037));
#1959 = CARTESIAN_POINT('',(26.559140455686,-3.900614935946,
    113.89006969169));
#1960 = CARTESIAN_POINT('',(26.547193886858,-3.914499398403,
    113.82528222731));
#1961 = CARTESIAN_POINT('',(26.515380881187,-3.95124734268,
    113.63544335471));
#1962 = CARTESIAN_POINT('',(26.498280556893,-3.970688183314,
    113.50952809467));
#1963 = CARTESIAN_POINT('',(26.485260649864,-3.985326942232,
    113.38274469617));
#1964 = CARTESIAN_POINT('',(26.476512304576,-3.995106653456,
    113.25538212416));
#1965 = CARTESIAN_POINT('',(26.472135955,-4.,113.12771421531));
#1966 = CARTESIAN_POINT('',(26.472135955,-4.,112.80709360005));
#1967 = CARTESIAN_POINT('',(26.482121099176,-3.988836243578,
    112.61448757118));
#1968 = CARTESIAN_POINT('',(26.502033876155,-3.966573200086,
    112.42294370523));
#1969 = CARTESIAN_POINT('',(26.531383488975,-3.933338449268,
    112.23325809547));
#1970 = CARTESIAN_POINT('',(26.56924430274,-3.889342820712,
    112.04632895967));
#1971 = CARTESIAN_POINT('',(26.662640254417,-3.77696869001,
    111.66722218341));
#1972 = CARTESIAN_POINT('',(26.719269113005,-3.707047169372,
    111.47544721547));
#1973 = CARTESIAN_POINT('',(26.782988414031,-3.625529882164,
    111.28811103703));
#1974 = CARTESIAN_POINT('',(26.852464595964,-3.532487261976,
    111.10554126795));
#1975 = CARTESIAN_POINT('',(26.926346176154,-3.427905238258,
    110.92818936761));
#1976 = CARTESIAN_POINT('',(27.064094839759,-3.219796475403,
    110.62097470073));
#1977 = CARTESIAN_POINT('',(27.126861606663,-3.120568181777,
    110.48885456263));
#1978 = CARTESIAN_POINT('',(27.190971792546,-3.013834101722,
    110.36040288591));
#1979 = CARTESIAN_POINT('',(27.255830915188,-2.899334708272,
    110.2358436065));
#1980 = CARTESIAN_POINT('',(27.320802243016,-2.776754978861,
    110.11553432246));
#1981 = CARTESIAN_POINT('',(27.385165141386,-2.645750630728,109.9999994)
  );
#1982 = PCURVE('',#1293,#1983);
#1983 = DEFINITIONAL_REPRESENTATION('',(#1984),#2042);
#1984 = B_SPLINE_CURVE_WITH_KNOTS('',6,(#1985,#1986,#1987,#1988,#1989,
    #1990,#1991,#1992,#1993,#1994,#1995,#1996,#1997,#1998,#1999,#2000,
    #2001,#2002,#2003,#2004,#2005,#2006,#2007,#2008,#2009,#2010,#2011,
    #2012,#2013,#2014,#2015,#2016,#2017,#2018,#2019,#2020,#2021,#2022,
    #2023,#2024,#2025,#2026,#2027,#2028,#2029,#2030,#2031,#2032,#2033,
    #2034,#2035,#2036,#2037,#2038,#2039,#2040,#2041),.UNSPECIFIED.,.F.,
  .F.,(7,5,5,5,5,5,5,5,5,5,5,7),(0.,8.605370843837E-02,0.135711073616,
    0.198912931916,0.244393819956,0.364826806311,0.500367384231,
    0.544353434083,0.62864317366,0.755958916659,0.892232075022,1.),
  .UNSPECIFIED.);
#1985 = CARTESIAN_POINT('',(-6.28318530718,-7.));
#1986 = CARTESIAN_POINT('',(-6.2532706488,-7.));
#1987 = CARTESIAN_POINT('',(-6.223417329971,-6.990335195021));
#1988 = CARTESIAN_POINT('',(-6.193812976204,-6.971080091495));
#1989 = CARTESIAN_POINT('',(-6.164644275265,-6.942640842093));
#1990 = CARTESIAN_POINT('',(-6.136103246649,-6.905753431143));
#1991 = CARTESIAN_POINT('',(-6.092397756245,-6.835973664927));
#1992 = CARTESIAN_POINT('',(-6.076661249748,-6.807958260733));
#1993 = CARTESIAN_POINT('',(-6.061189086652,-6.777608485646));
#1994 = CARTESIAN_POINT('',(-6.045990242347,-6.745075065966));
#1995 = CARTESIAN_POINT('',(-6.031073850441,-6.71051184133));
#1996 = CARTESIAN_POINT('',(-5.997835491098,-6.627702903412));
#1997 = CARTESIAN_POINT('',(-5.979691730154,-6.57829008887));
#1998 = CARTESIAN_POINT('',(-5.962013553865,-6.526101999648));
#1999 = CARTESIAN_POINT('',(-5.944797130077,-6.47137861351));
#2000 = CARTESIAN_POINT('',(-5.928038701537,-6.414336255916));
#2001 = CARTESIAN_POINT('',(-5.900001185858,-6.312589738386));
#2002 = CARTESIAN_POINT('',(-5.888501321012,-6.26890355448));
#2003 = CARTESIAN_POINT('',(-5.877231385667,-6.224174060967));
#2004 = CARTESIAN_POINT('',(-5.866188301567,-6.178458377063));
#2005 = CARTESIAN_POINT('',(-5.855369085182,-6.131806124513));
#2006 = CARTESIAN_POINT('',(-5.816706809276,-5.958356197731));
#2007 = CARTESIAN_POINT('',(-5.790183461108,-5.826142354437));
#2008 = CARTESIAN_POINT('',(-5.765160789991,-5.688443302565));
#2009 = CARTESIAN_POINT('',(-5.741613279285,-5.545804216719));
#2010 = CARTESIAN_POINT('',(-5.719536859259,-5.398548140662));
#2011 = CARTESIAN_POINT('',(-5.675793093057,-5.076088420001));
#2012 = CARTESIAN_POINT('',(-5.654509709314,-4.899586772301));
#2013 = CARTESIAN_POINT('',(-5.635194691714,-4.717904712274));
#2014 = CARTESIAN_POINT('',(-5.617963881365,-4.531486155981));
#2015 = CARTESIAN_POINT('',(-5.602955593012,-4.340653039061));
#2016 = CARTESIAN_POINT('',(-5.586228682694,-4.082328134468));
#2017 = CARTESIAN_POINT('',(-5.582382707842,-4.018619499347));
#2018 = CARTESIAN_POINT('',(-5.578795399338,-3.954524120372));
#2019 = CARTESIAN_POINT('',(-5.575472650611,-3.890069691696));
#2020 = CARTESIAN_POINT('',(-5.572419889119,-3.825282227317));
#2021 = CARTESIAN_POINT('',(-5.564318999699,-3.635443354715));
#2022 = CARTESIAN_POINT('',(-5.560003883744,-3.509528094677));
#2023 = CARTESIAN_POINT('',(-5.55673874222,-3.382744696175));
#2024 = CARTESIAN_POINT('',(-5.554551784323,-3.255382124163));
#2025 = CARTESIAN_POINT('',(-5.553457650953,-3.127714215314));
#2026 = CARTESIAN_POINT('',(-5.553457650953,-2.807093600053));
#2027 = CARTESIAN_POINT('',(-5.555953926412,-2.614487571187));
#2028 = CARTESIAN_POINT('',(-5.560932170684,-2.422943705233));
#2029 = CARTESIAN_POINT('',(-5.568321700546,-2.23325809547));
#2030 = CARTESIAN_POINT('',(-5.577994188324,-2.046328959675));
#2031 = CARTESIAN_POINT('',(-5.602347347508,-1.667222183414));
#2032 = CARTESIAN_POINT('',(-5.617342295974,-1.475447215479));
#2033 = CARTESIAN_POINT('',(-5.634582479074,-1.288111037033));
#2034 = CARTESIAN_POINT('',(-5.653927268151,-1.105541267957));
#2035 = CARTESIAN_POINT('',(-5.675258521008,-0.928189367612));
#2036 = CARTESIAN_POINT('',(-5.716853109165,-0.620974700739));
#2037 = CARTESIAN_POINT('',(-5.736417791327,-0.488854562633));
#2038 = CARTESIAN_POINT('',(-5.757160509649,-0.360402885914));
#2039 = CARTESIAN_POINT('',(-5.779080720268,-0.235843606507));
#2040 = CARTESIAN_POINT('',(-5.802192153089,-0.11553432246));
#2041 = CARTESIAN_POINT('',(-5.826519048308,5.999999999062E-07));
#2042 = ( GEOMETRIC_REPRESENTATION_CONTEXT(2) 
PARAMETRIC_REPRESENTATION_CONTEXT() REPRESENTATION_CONTEXT('2D SPACE',''
  ) );
#2043 = PCURVE('',#1358,#2044);
#2044 = DEFINITIONAL_REPRESENTATION('',(#2045),#2103);
#2045 = B_SPLINE_CURVE_WITH_KNOTS('',6,(#2046,#2047,#2048,#2049,#2050,
    #2051,#2052,#2053,#2054,#2055,#2056,#2057,#2058,#2059,#2060,#2061,
    #2062,#2063,#2064,#2065,#2066,#2067,#2068,#2069,#2070,#2071,#2072,
    #2073,#2074,#2075,#2076,#2077,#2078,#2079,#2080,#2081,#2082,#2083,
    #2084,#2085,#2086,#2087,#2088,#2089,#2090,#2091,#2092,#2093,#2094,
    #2095,#2096,#2097,#2098,#2099,#2100,#2101,#2102),.UNSPECIFIED.,.F.,
  .F.,(7,5,5,5,5,5,5,5,5,5,5,7),(0.,8.605370843837E-02,0.135711073616,
    0.198912931916,0.244393819956,0.364826806311,0.500367384231,
    0.544353434083,0.62864317366,0.755958916659,0.892232075022,
    0.999999906723),.UNSPECIFIED.);
#2046 = CARTESIAN_POINT('',(-7.853981633974,-3.));
#2047 = CARTESIAN_POINT('',(-7.898853621543,-3.));
#2048 = CARTESIAN_POINT('',(-7.943633587761,-2.993556789368));
#2049 = CARTESIAN_POINT('',(-7.988130528102,-2.980720088239));
#2050 = CARTESIAN_POINT('',(-8.032152605437,-2.961825370747));
#2051 = CARTESIAN_POINT('',(-8.075489794277,-2.93749006561));
#2052 = CARTESIAN_POINT('',(-8.142364490483,-2.891885987));
#2053 = CARTESIAN_POINT('',(-8.166554484608,-2.873652568171));
#2054 = CARTESIAN_POINT('',(-8.190462969863,-2.853998001687));
#2055 = CARTESIAN_POINT('',(-8.214086737839,-2.83305192762));
#2056 = CARTESIAN_POINT('',(-8.237421025751,-2.810947042942));
#2057 = CARTESIAN_POINT('',(-8.289781824375,-2.758380365051));
#2058 = CARTESIAN_POINT('',(-8.31862907249,-2.727279544369));
#2059 = CARTESIAN_POINT('',(-8.347025083644,-2.69475480681));
#2060 = CARTESIAN_POINT('',(-8.374991413658,-2.661030954833));
#2061 = CARTESIAN_POINT('',(-8.402548570092,-2.626317802617));
#2062 = CARTESIAN_POINT('',(-8.449268261253,-2.565257476453));
#2063 = CARTESIAN_POINT('',(-8.46862134486,-2.539289469205));
#2064 = CARTESIAN_POINT('',(-8.487787017926,-2.512973641682));
#2065 = CARTESIAN_POINT('',(-8.50677587955,-2.486373738303));
#2066 = CARTESIAN_POINT('',(-8.525598652721,-2.459549211127));
#2067 = CARTESIAN_POINT('',(-8.593697641706,-2.361075371425));
#2068 = CARTESIAN_POINT('',(-8.642056260162,-2.288385431193));
#2069 = CARTESIAN_POINT('',(-8.689523615678,-2.215541508981));
#2070 = CARTESIAN_POINT('',(-8.736275033495,-2.143448205811));
#2071 = CARTESIAN_POINT('',(-8.782484323388,-2.072933563493));
#2072 = CARTESIAN_POINT('',(-8.879923583749,-1.928170532881));
#2073 = CARTESIAN_POINT('',(-8.931089155904,-1.854514378475));
#2074 = CARTESIAN_POINT('',(-8.981966046579,-1.7852044359));
#2075 = CARTESIAN_POINT('',(-9.032692059735,-1.721573716909));
#2076 = CARTESIAN_POINT('',(-9.083415304325,-1.664938943125));
#2077 = CARTESIAN_POINT('',(-9.150820216862,-1.60083415685));
#2078 = CARTESIAN_POINT('',(-9.167345916117,-1.586001588563));
#2079 = CARTESIAN_POINT('',(-9.183882574579,-1.572089404589));
#2080 = CARTESIAN_POINT('',(-9.200430942357,-1.559140455686));
#2081 = CARTESIAN_POINT('',(-9.216992295444,-1.547193886858));
#2082 = CARTESIAN_POINT('',(-9.265333019062,-1.515380881187));
#2083 = CARTESIAN_POINT('',(-9.297161782034,-1.498280556893));
#2084 = CARTESIAN_POINT('',(-9.329033234961,-1.485260649864));
#2085 = CARTESIAN_POINT('',(-9.360932408549,-1.476512304576));
#2086 = CARTESIAN_POINT('',(-9.392849406941,-1.472135955));
#2087 = CARTESIAN_POINT('',(-9.473004560756,-1.472135955));
#2088 = CARTESIAN_POINT('',(-9.521156027385,-1.482121099176));
#2089 = CARTESIAN_POINT('',(-9.569244086718,-1.502033876155));
#2090 = CARTESIAN_POINT('',(-9.617267535152,-1.531383488975));
#2091 = CARTESIAN_POINT('',(-9.665198679539,-1.56924430274));
#2092 = CARTESIAN_POINT('',(-9.764051440331,-1.662640254417));
#2093 = CARTESIAN_POINT('',(-9.814986157101,-1.719269113005));
#2094 = CARTESIAN_POINT('',(-9.865920921822,-1.782988414031));
#2095 = CARTESIAN_POINT('',(-9.917004997354,-1.852464595964));
#2096 = CARTESIAN_POINT('',(-9.968376948999,-1.926346176154));
#2097 = CARTESIAN_POINT('',(-10.06114345813,-2.064094787108));
#2098 = CARTESIAN_POINT('',(-10.10240252552,-2.126861498009));
#2099 = CARTESIAN_POINT('',(-10.1440786406,-2.190971626077));
#2100 = CARTESIAN_POINT('',(-10.18629396387,-2.255830690636));
#2101 = CARTESIAN_POINT('',(-10.22917197365,-2.32080196184));
#2102 = CARTESIAN_POINT('',(-10.27284003975,-2.385164807135));
#2103 = ( GEOMETRIC_REPRESENTATION_CONTEXT(2) 
PARAMETRIC_REPRESENTATION_CONTEXT() REPRESENTATION_CONTEXT('2D SPACE',''
  ) );
#2104 = ORIENTED_EDGE('',*,*,#1274,.F.);
#2105 = ADVANCED_FACE('',(#2106),#1358,.T.);
#2106 = FACE_BOUND('',#2107,.F.);
#2107 = EDGE_LOOP('',(#2108,#2109,#2110,#2131,#2164,#2183,#2184));
#2108 = ORIENTED_EDGE('',*,*,#1623,.T.);
#2109 = ORIENTED_EDGE('',*,*,#1304,.F.);
#2110 = ORIENTED_EDGE('',*,*,#2111,.F.);
#2111 = EDGE_CURVE('',#2112,#1305,#2114,.T.);
#2112 = VERTEX_POINT('',#2113);
#2113 = CARTESIAN_POINT('',(32.,2.,109.53589838486));
#2114 = SURFACE_CURVE('',#2115,(#2119,#2125),.PCURVE_S1.);
#2115 = LINE('',#2116,#2117);
#2116 = CARTESIAN_POINT('',(25.,2.,109.53589838486));
#2117 = VECTOR('',#2118,1.);
#2118 = DIRECTION('',(-1.,-0.,-0.));
#2119 = PCURVE('',#1358,#2120);
#2120 = DEFINITIONAL_REPRESENTATION('',(#2121),#2124);
#2121 = B_SPLINE_CURVE_WITH_KNOTS('',1,(#2122,#2123),.UNSPECIFIED.,.F.,
  .F.,(2,2),(-7.,-2.820681967764),.PIECEWISE_BEZIER_KNOTS.);
#2122 = CARTESIAN_POINT('',(-5.235987755983,-7.));
#2123 = CARTESIAN_POINT('',(-5.235987755983,-2.820681967764));
#2124 = ( GEOMETRIC_REPRESENTATION_CONTEXT(2) 
PARAMETRIC_REPRESENTATION_CONTEXT() REPRESENTATION_CONTEXT('2D SPACE',''
  ) );
#2125 = PCURVE('',#1399,#2126);
#2126 = DEFINITIONAL_REPRESENTATION('',(#2127),#2130);
#2127 = B_SPLINE_CURVE_WITH_KNOTS('',1,(#2128,#2129),.UNSPECIFIED.,.F.,
  .F.,(2,2),(-7.0000006,-1.472135355),.PIECEWISE_BEZIER_KNOTS.);
#2128 = CARTESIAN_POINT('',(-0.519159027424,3.972580096371));
#2129 = CARTESIAN_POINT('',(-0.519159027424,-1.55528514863));
#2130 = ( GEOMETRIC_REPRESENTATION_CONTEXT(2) 
PARAMETRIC_REPRESENTATION_CONTEXT() REPRESENTATION_CONTEXT('2D SPACE',''
  ) );
#2131 = ORIENTED_EDGE('',*,*,#2132,.F.);
#2132 = EDGE_CURVE('',#2133,#2112,#2135,.T.);
#2133 = VERTEX_POINT('',#2134);
#2134 = CARTESIAN_POINT('',(32.,-2.,109.53589838486));
#2135 = SURFACE_CURVE('',#2136,(#2141,#2148),.PCURVE_S1.);
#2136 = CIRCLE('',#2137,4.);
#2137 = AXIS2_PLACEMENT_3D('',#2138,#2139,#2140);
#2138 = CARTESIAN_POINT('',(32.,0.,113.));
#2139 = DIRECTION('',(-1.,-0.,0.));
#2140 = DIRECTION('',(0.,-0.5,-0.866025403784));
#2141 = PCURVE('',#1358,#2142);
#2142 = DEFINITIONAL_REPRESENTATION('',(#2143),#2147);
#2143 = LINE('',#2144,#2145);
#2144 = CARTESIAN_POINT('',(-10.47197551196,-7.));
#2145 = VECTOR('',#2146,1.);
#2146 = DIRECTION('',(1.,-0.));
#2147 = ( GEOMETRIC_REPRESENTATION_CONTEXT(2) 
PARAMETRIC_REPRESENTATION_CONTEXT() REPRESENTATION_CONTEXT('2D SPACE',''
  ) );
#2148 = PCURVE('',#2149,#2154);
#2149 = PLANE('',#2150);
#2150 = AXIS2_PLACEMENT_3D('',#2151,#2152,#2153);
#2151 = CARTESIAN_POINT('',(32.,3.418600331349E-16,113.));
#2152 = DIRECTION('',(1.,0.,0.));
#2153 = DIRECTION('',(-0.,0.,1.));
#2154 = DEFINITIONAL_REPRESENTATION('',(#2155),#2163);
#2155 = ( BOUNDED_CURVE() B_SPLINE_CURVE(2,(#2156,#2157,#2158,#2159,
#2160,#2161,#2162),.UNSPECIFIED.,.T.,.F.) B_SPLINE_CURVE_WITH_KNOTS((1,2
    ,2,2,2,1),(-2.094395102393,0.,2.094395102393,4.188790204786,
6.28318530718,8.377580409573),.UNSPECIFIED.) CURVE() 
GEOMETRIC_REPRESENTATION_ITEM() RATIONAL_B_SPLINE_CURVE((1.,0.5,1.,0.5,
1.,0.5,1.)) REPRESENTATION_ITEM('') );
#2156 = CARTESIAN_POINT('',(-3.464101615138,2.));
#2157 = CARTESIAN_POINT('',(-1.483257960899E-13,8.));
#2158 = CARTESIAN_POINT('',(3.464101615138,2.));
#2159 = CARTESIAN_POINT('',(6.928203230276,-4.));
#2160 = CARTESIAN_POINT('',(5.440092820663E-14,-4.));
#2161 = CARTESIAN_POINT('',(-6.928203230275,-4.));
#2162 = CARTESIAN_POINT('',(-3.464101615138,2.));
#2163 = ( GEOMETRIC_REPRESENTATION_CONTEXT(2) 
PARAMETRIC_REPRESENTATION_CONTEXT() REPRESENTATION_CONTEXT('2D SPACE',''
  ) );
#2164 = ORIENTED_EDGE('',*,*,#2165,.T.);
#2165 = EDGE_CURVE('',#2133,#1494,#2166,.T.);
#2166 = SURFACE_CURVE('',#2167,(#2171,#2177),.PCURVE_S1.);
#2167 = LINE('',#2168,#2169);
#2168 = CARTESIAN_POINT('',(25.,-2.,109.53589838486));
#2169 = VECTOR('',#2170,1.);
#2170 = DIRECTION('',(-1.,-0.,-0.));
#2171 = PCURVE('',#1358,#2172);
#2172 = DEFINITIONAL_REPRESENTATION('',(#2173),#2176);
#2173 = B_SPLINE_CURVE_WITH_KNOTS('',1,(#2174,#2175),.UNSPECIFIED.,.F.,
  .F.,(2,2),(-7.,-2.82068199071),.PIECEWISE_BEZIER_KNOTS.);
#2174 = CARTESIAN_POINT('',(-10.47197551196,-7.));
#2175 = CARTESIAN_POINT('',(-10.47197551196,-2.82068199071));
#2176 = ( GEOMETRIC_REPRESENTATION_CONTEXT(2) 
PARAMETRIC_REPRESENTATION_CONTEXT() REPRESENTATION_CONTEXT('2D SPACE',''
  ) );
#2177 = PCURVE('',#1513,#2178);
#2178 = DEFINITIONAL_REPRESENTATION('',(#2179),#2182);
#2179 = B_SPLINE_CURVE_WITH_KNOTS('',1,(#2180,#2181),.UNSPECIFIED.,.F.,
  .F.,(2,2),(-7.0000006,-1.472135355),.PIECEWISE_BEZIER_KNOTS.);
#2180 = CARTESIAN_POINT('',(-0.519159027424,3.972580096371));
#2181 = CARTESIAN_POINT('',(-0.519159027424,-1.55528514863));
#2182 = ( GEOMETRIC_REPRESENTATION_CONTEXT(2) 
PARAMETRIC_REPRESENTATION_CONTEXT() REPRESENTATION_CONTEXT('2D SPACE',''
  ) );
#2183 = ORIENTED_EDGE('',*,*,#1525,.F.);
#2184 = ORIENTED_EDGE('',*,*,#1922,.F.);
#2185 = ADVANCED_FACE('',(#2186),#1513,.T.);
#2186 = FACE_BOUND('',#2187,.T.);
#2187 = EDGE_LOOP('',(#2188,#2189,#2212,#2233));
#2188 = ORIENTED_EDGE('',*,*,#1493,.T.);
#2189 = ORIENTED_EDGE('',*,*,#2190,.T.);
#2190 = EDGE_CURVE('',#1467,#2191,#2193,.T.);
#2191 = VERTEX_POINT('',#2192);
#2192 = CARTESIAN_POINT('',(32.,-2.,109.));
#2193 = SURFACE_CURVE('',#2194,(#2198,#2205),.PCURVE_S1.);
#2194 = LINE('',#2195,#2196);
#2195 = CARTESIAN_POINT('',(28.,-2.,104.));
#2196 = VECTOR('',#2197,1.);
#2197 = DIRECTION('',(0.624695047554,0.,0.780868809443));
#2198 = PCURVE('',#1513,#2199);
#2199 = DEFINITIONAL_REPRESENTATION('',(#2200),#2204);
#2200 = LINE('',#2201,#2202);
#2201 = CARTESIAN_POINT('',(5.016739357438,-2.742050362932E-02));
#2202 = VECTOR('',#2203,1.);
#2203 = DIRECTION('',(-0.780868809443,0.624695047554));
#2204 = ( GEOMETRIC_REPRESENTATION_CONTEXT(2) 
PARAMETRIC_REPRESENTATION_CONTEXT() REPRESENTATION_CONTEXT('2D SPACE',''
  ) );
#2205 = PCURVE('',#1431,#2206);
#2206 = DEFINITIONAL_REPRESENTATION('',(#2207),#2211);
#2207 = LINE('',#2208,#2209);
#2208 = CARTESIAN_POINT('',(0.,-2.));
#2209 = VECTOR('',#2210,1.);
#2210 = DIRECTION('',(1.,0.));
#2211 = ( GEOMETRIC_REPRESENTATION_CONTEXT(2) 
PARAMETRIC_REPRESENTATION_CONTEXT() REPRESENTATION_CONTEXT('2D SPACE',''
  ) );
#2212 = ORIENTED_EDGE('',*,*,#2213,.T.);
#2213 = EDGE_CURVE('',#2191,#2133,#2214,.T.);
#2214 = SURFACE_CURVE('',#2215,(#2219,#2226),.PCURVE_S1.);
#2215 = LINE('',#2216,#2217);
#2216 = CARTESIAN_POINT('',(32.,-2.,109.));
#2217 = VECTOR('',#2218,1.);
#2218 = DIRECTION('',(0.,0.,1.));
#2219 = PCURVE('',#1513,#2220);
#2220 = DEFINITIONAL_REPRESENTATION('',(#2221),#2225);
#2221 = LINE('',#2222,#2223);
#2222 = CARTESIAN_POINT('',(1.673935743847E-02,3.972579496371));
#2223 = VECTOR('',#2224,1.);
#2224 = DIRECTION('',(-1.,0.));
#2225 = ( GEOMETRIC_REPRESENTATION_CONTEXT(2) 
PARAMETRIC_REPRESENTATION_CONTEXT() REPRESENTATION_CONTEXT('2D SPACE',''
  ) );
#2226 = PCURVE('',#2149,#2227);
#2227 = DEFINITIONAL_REPRESENTATION('',(#2228),#2232);
#2228 = LINE('',#2229,#2230);
#2229 = CARTESIAN_POINT('',(-4.,2.));
#2230 = VECTOR('',#2231,1.);
#2231 = DIRECTION('',(1.,0.));
#2232 = ( GEOMETRIC_REPRESENTATION_CONTEXT(2) 
PARAMETRIC_REPRESENTATION_CONTEXT() REPRESENTATION_CONTEXT('2D SPACE',''
  ) );
#2233 = ORIENTED_EDGE('',*,*,#2165,.T.);
#2234 = ADVANCED_FACE('',(#2235),#1431,.F.);
#2235 = FACE_BOUND('',#2236,.F.);
#2236 = EDGE_LOOP('',(#2237,#2238,#2239,#2262,#2283));
#2237 = ORIENTED_EDGE('',*,*,#1466,.F.);
#2238 = ORIENTED_EDGE('',*,*,#2190,.T.);
#2239 = ORIENTED_EDGE('',*,*,#2240,.F.);
#2240 = EDGE_CURVE('',#2241,#2191,#2243,.T.);
#2241 = VERTEX_POINT('',#2242);
#2242 = CARTESIAN_POINT('',(32.,2.,109.));
#2243 = SURFACE_CURVE('',#2244,(#2248,#2255),.PCURVE_S1.);
#2244 = LINE('',#2245,#2246);
#2245 = CARTESIAN_POINT('',(32.,2.,109.));
#2246 = VECTOR('',#2247,1.);
#2247 = DIRECTION('',(0.,-1.,0.));
#2248 = PCURVE('',#1431,#2249);
#2249 = DEFINITIONAL_REPRESENTATION('',(#2250),#2254);
#2250 = LINE('',#2251,#2252);
#2251 = CARTESIAN_POINT('',(6.403124237433,2.));
#2252 = VECTOR('',#2253,1.);
#2253 = DIRECTION('',(0.,-1.));
#2254 = ( GEOMETRIC_REPRESENTATION_CONTEXT(2) 
PARAMETRIC_REPRESENTATION_CONTEXT() REPRESENTATION_CONTEXT('2D SPACE',''
  ) );
#2255 = PCURVE('',#2149,#2256);
#2256 = DEFINITIONAL_REPRESENTATION('',(#2257),#2261);
#2257 = LINE('',#2258,#2259);
#2258 = CARTESIAN_POINT('',(-4.,-2.));
#2259 = VECTOR('',#2260,1.);
#2260 = DIRECTION('',(0.,1.));
#2261 = ( GEOMETRIC_REPRESENTATION_CONTEXT(2) 
PARAMETRIC_REPRESENTATION_CONTEXT() REPRESENTATION_CONTEXT('2D SPACE',''
  ) );
#2262 = ORIENTED_EDGE('',*,*,#2263,.F.);
#2263 = EDGE_CURVE('',#1380,#2241,#2264,.T.);
#2264 = SURFACE_CURVE('',#2265,(#2269,#2276),.PCURVE_S1.);
#2265 = LINE('',#2266,#2267);
#2266 = CARTESIAN_POINT('',(28.,2.,104.));
#2267 = VECTOR('',#2268,1.);
#2268 = DIRECTION('',(0.624695047554,0.,0.780868809443));
#2269 = PCURVE('',#1431,#2270);
#2270 = DEFINITIONAL_REPRESENTATION('',(#2271),#2275);
#2271 = LINE('',#2272,#2273);
#2272 = CARTESIAN_POINT('',(0.,2.));
#2273 = VECTOR('',#2274,1.);
#2274 = DIRECTION('',(1.,0.));
#2275 = ( GEOMETRIC_REPRESENTATION_CONTEXT(2) 
PARAMETRIC_REPRESENTATION_CONTEXT() REPRESENTATION_CONTEXT('2D SPACE',''
  ) );
#2276 = PCURVE('',#1399,#2277);
#2277 = DEFINITIONAL_REPRESENTATION('',(#2278),#2282);
#2278 = LINE('',#2279,#2280);
#2279 = CARTESIAN_POINT('',(5.016739357438,-2.742050362932E-02));
#2280 = VECTOR('',#2281,1.);
#2281 = DIRECTION('',(-0.780868809443,0.624695047554));
#2282 = ( GEOMETRIC_REPRESENTATION_CONTEXT(2) 
PARAMETRIC_REPRESENTATION_CONTEXT() REPRESENTATION_CONTEXT('2D SPACE',''
  ) );
#2283 = ORIENTED_EDGE('',*,*,#1411,.F.);
#2284 = ADVANCED_FACE('',(#2285),#1399,.F.);
#2285 = FACE_BOUND('',#2286,.F.);
#2286 = EDGE_LOOP('',(#2287,#2288,#2289,#2310));
#2287 = ORIENTED_EDGE('',*,*,#1379,.T.);
#2288 = ORIENTED_EDGE('',*,*,#2263,.T.);
#2289 = ORIENTED_EDGE('',*,*,#2290,.T.);
#2290 = EDGE_CURVE('',#2241,#2112,#2291,.T.);
#2291 = SURFACE_CURVE('',#2292,(#2296,#2303),.PCURVE_S1.);
#2292 = LINE('',#2293,#2294);
#2293 = CARTESIAN_POINT('',(32.,2.,109.));
#2294 = VECTOR('',#2295,1.);
#2295 = DIRECTION('',(0.,0.,1.));
#2296 = PCURVE('',#1399,#2297);
#2297 = DEFINITIONAL_REPRESENTATION('',(#2298),#2302);
#2298 = LINE('',#2299,#2300);
#2299 = CARTESIAN_POINT('',(1.673935743847E-02,3.972579496371));
#2300 = VECTOR('',#2301,1.);
#2301 = DIRECTION('',(-1.,0.));
#2302 = ( GEOMETRIC_REPRESENTATION_CONTEXT(2) 
PARAMETRIC_REPRESENTATION_CONTEXT() REPRESENTATION_CONTEXT('2D SPACE',''
  ) );
#2303 = PCURVE('',#2149,#2304);
#2304 = DEFINITIONAL_REPRESENTATION('',(#2305),#2309);
#2305 = LINE('',#2306,#2307);
#2306 = CARTESIAN_POINT('',(-4.,-2.));
#2307 = VECTOR('',#2308,1.);
#2308 = DIRECTION('',(1.,0.));
#2309 = ( GEOMETRIC_REPRESENTATION_CONTEXT(2) 
PARAMETRIC_REPRESENTATION_CONTEXT() REPRESENTATION_CONTEXT('2D SPACE',''
  ) );
#2310 = ORIENTED_EDGE('',*,*,#2111,.T.);
#2311 = ADVANCED_FACE('',(#2312),#1605,.F.);
#2312 = FACE_BOUND('',#2313,.T.);
#2313 = EDGE_LOOP('',(#2314,#2337,#2338,#2339,#2394,#2420,#2470,#2493,
    #2519,#2520,#2570,#2596));
#2314 = ORIENTED_EDGE('',*,*,#2315,.F.);
#2315 = EDGE_CURVE('',#1589,#2316,#2318,.T.);
#2316 = VERTEX_POINT('',#2317);
#2317 = CARTESIAN_POINT('',(24.1,0.,111.4));
#2318 = SEAM_CURVE('',#2319,(#2323,#2330),.PCURVE_S1.);
#2319 = LINE('',#2320,#2321);
#2320 = CARTESIAN_POINT('',(24.1,0.,102.));
#2321 = VECTOR('',#2322,1.);
#2322 = DIRECTION('',(0.,0.,1.));
#2323 = PCURVE('',#1605,#2324);
#2324 = DEFINITIONAL_REPRESENTATION('',(#2325),#2329);
#2325 = LINE('',#2326,#2327);
#2326 = CARTESIAN_POINT('',(-6.28318530718,0.));
#2327 = VECTOR('',#2328,1.);
#2328 = DIRECTION('',(-0.,-1.));
#2329 = ( GEOMETRIC_REPRESENTATION_CONTEXT(2) 
PARAMETRIC_REPRESENTATION_CONTEXT() REPRESENTATION_CONTEXT('2D SPACE',''
  ) );
#2330 = PCURVE('',#1605,#2331);
#2331 = DEFINITIONAL_REPRESENTATION('',(#2332),#2336);
#2332 = LINE('',#2333,#2334);
#2333 = CARTESIAN_POINT('',(-0.,0.));
#2334 = VECTOR('',#2335,1.);
#2335 = DIRECTION('',(-0.,-1.));
#2336 = ( GEOMETRIC_REPRESENTATION_CONTEXT(2) 
PARAMETRIC_REPRESENTATION_CONTEXT() REPRESENTATION_CONTEXT('2D SPACE',''
  ) );
#2337 = ORIENTED_EDGE('',*,*,#1588,.F.);
#2338 = ORIENTED_EDGE('',*,*,#2315,.T.);
#2339 = ORIENTED_EDGE('',*,*,#2340,.T.);
#2340 = EDGE_CURVE('',#2316,#2341,#2343,.T.);
#2341 = VERTEX_POINT('',#2342);
#2342 = CARTESIAN_POINT('',(23.7,1.232882800594,111.98019609728));
#2343 = SURFACE_CURVE('',#2344,(#2357,#2373),.PCURVE_S1.);
#2344 = B_SPLINE_CURVE_WITH_KNOTS('',6,(#2345,#2346,#2347,#2348,#2349,
    #2350,#2351,#2352,#2353,#2354,#2355,#2356),.UNSPECIFIED.,.F.,.F.,(7,
    5,7),(0.,0.443857550453,1.),.UNSPECIFIED.);
#2345 = CARTESIAN_POINT('',(24.1,-1.469576158977E-16,111.4));
#2346 = CARTESIAN_POINT('',(24.1,0.116609736944,111.4));
#2347 = CARTESIAN_POINT('',(24.092229509758,0.232281108797,
    111.4101984087));
#2348 = CARTESIAN_POINT('',(24.076924868993,0.345358641107,
    111.43028726745));
#2349 = CARTESIAN_POINT('',(24.054831536858,0.454237382133,
    111.45948582648));
#2350 = CARTESIAN_POINT('',(24.027194306957,0.557455140069,
    111.4965438176));
#2351 = CARTESIAN_POINT('',(23.956103538523,0.774459162189,
    111.59369382067));
#2352 = CARTESIAN_POINT('',(23.910142584926,0.885151539725,
    111.65761671987));
#2353 = CARTESIAN_POINT('',(23.859873874885,0.985943447252,
    111.72940482622));
#2354 = CARTESIAN_POINT('',(23.807077355003,1.077221415212,
    111.80763985398));
#2355 = CARTESIAN_POINT('',(23.753273324591,1.159425243215,
    111.89139009406));
#2356 = CARTESIAN_POINT('',(23.6999994,1.232883627923,111.98019709747));
#2357 = PCURVE('',#1605,#2358);
#2358 = DEFINITIONAL_REPRESENTATION('',(#2359),#2372);
#2359 = B_SPLINE_CURVE_WITH_KNOTS('',6,(#2360,#2361,#2362,#2363,#2364,
    #2365,#2366,#2367,#2368,#2369,#2370,#2371),.UNSPECIFIED.,.F.,.F.,(7,
    5,7),(0.,0.443857550453,1.),.UNSPECIFIED.);
#2360 = CARTESIAN_POINT('',(0.,-9.4));
#2361 = CARTESIAN_POINT('',(-5.552844616391E-02,-9.4));
#2362 = CARTESIAN_POINT('',(-0.110610165906,-9.410198408709));
#2363 = CARTESIAN_POINT('',(-0.164764329563,-9.430287267451));
#2364 = CARTESIAN_POINT('',(-0.217512149174,-9.459485826482));
#2365 = CARTESIAN_POINT('',(-0.268318103021,-9.496543817602));
#2366 = CARTESIAN_POINT('',(-0.377057158011,-9.593693820678));
#2367 = CARTESIAN_POINT('',(-0.433961965919,-9.657616719875));
#2368 = CARTESIAN_POINT('',(-0.48742330238,-9.72940482622));
#2369 = CARTESIAN_POINT('',(-0.53751515054,-9.807639853981));
#2370 = CARTESIAN_POINT('',(-0.584245429802,-9.891390094066));
#2371 = CARTESIAN_POINT('',(-0.627456259587,-9.980197097474));
#2372 = ( GEOMETRIC_REPRESENTATION_CONTEXT(2) 
PARAMETRIC_REPRESENTATION_CONTEXT() REPRESENTATION_CONTEXT('2D SPACE',''
  ) );
#2373 = PCURVE('',#2374,#2379);
#2374 = CYLINDRICAL_SURFACE('',#2375,1.6);
#2375 = AXIS2_PLACEMENT_3D('',#2376,#2377,#2378);
#2376 = CARTESIAN_POINT('',(23.7,0.,113.));
#2377 = DIRECTION('',(-1.,-0.,-0.));
#2378 = DIRECTION('',(0.,1.,0.));
#2379 = DEFINITIONAL_REPRESENTATION('',(#2380),#2393);
#2380 = B_SPLINE_CURVE_WITH_KNOTS('',6,(#2381,#2382,#2383,#2384,#2385,
    #2386,#2387,#2388,#2389,#2390,#2391,#2392),.UNSPECIFIED.,.F.,.F.,(7,
    5,7),(0.,0.443857550453,1.),.UNSPECIFIED.);
#2381 = CARTESIAN_POINT('',(-4.712388980385,-0.4));
#2382 = CARTESIAN_POINT('',(-4.785270065975,-0.4));
#2383 = CARTESIAN_POINT('',(-4.857564598549,-0.392229509758));
#2384 = CARTESIAN_POINT('',(-4.928935225458,-0.376924868993));
#2385 = CARTESIAN_POINT('',(-4.999017794913,-0.354831536858));
#2386 = CARTESIAN_POINT('',(-5.067361545184,-0.327194306957));
#2387 = CARTESIAN_POINT('',(-5.21596029801,-0.256103538523));
#2388 = CARTESIAN_POINT('',(-5.29542902658,-0.210142584926));
#2389 = CARTESIAN_POINT('',(-5.372272799567,-0.159873874885));
#2390 = CARTESIAN_POINT('',(-5.446983492996,-0.107077355003));
#2391 = CARTESIAN_POINT('',(-5.520064204974,-5.32733245909E-02));
#2392 = CARTESIAN_POINT('',(-5.592096148133,6.000000000173E-07));
#2393 = ( GEOMETRIC_REPRESENTATION_CONTEXT(2) 
PARAMETRIC_REPRESENTATION_CONTEXT() REPRESENTATION_CONTEXT('2D SPACE',''
  ) );
#2394 = ORIENTED_EDGE('',*,*,#2395,.F.);
#2395 = EDGE_CURVE('',#2396,#2341,#2398,.T.);
#2396 = VERTEX_POINT('',#2397);
#2397 = CARTESIAN_POINT('',(23.7,1.232882800594,114.01980390271));
#2398 = SURFACE_CURVE('',#2399,(#2403,#2409),.PCURVE_S1.);
#2399 = LINE('',#2400,#2401);
#2400 = CARTESIAN_POINT('',(23.7,1.232882800594,102.));
#2401 = VECTOR('',#2402,1.);
#2402 = DIRECTION('',(-0.,-0.,-1.));
#2403 = PCURVE('',#1605,#2404);
#2404 = DEFINITIONAL_REPRESENTATION('',(#2405),#2408);
#2405 = B_SPLINE_CURVE_WITH_KNOTS('',1,(#2406,#2407),.UNSPECIFIED.,.F.,
  .F.,(2,2),(-12.92,-9.08),.PIECEWISE_BEZIER_KNOTS.);
#2406 = CARTESIAN_POINT('',(-0.627455772923,-12.92));
#2407 = CARTESIAN_POINT('',(-0.627455772923,-9.08));
#2408 = ( GEOMETRIC_REPRESENTATION_CONTEXT(2) 
PARAMETRIC_REPRESENTATION_CONTEXT() REPRESENTATION_CONTEXT('2D SPACE',''
  ) );
#2409 = PCURVE('',#2410,#2415);
#2410 = PLANE('',#2411);
#2411 = AXIS2_PLACEMENT_3D('',#2412,#2413,#2414);
#2412 = CARTESIAN_POINT('',(23.7,0.,113.));
#2413 = DIRECTION('',(1.,0.,0.));
#2414 = DIRECTION('',(-0.,0.,1.));
#2415 = DEFINITIONAL_REPRESENTATION('',(#2416),#2419);
#2416 = B_SPLINE_CURVE_WITH_KNOTS('',1,(#2417,#2418),.UNSPECIFIED.,.F.,
  .F.,(2,2),(-12.92,-9.08),.PIECEWISE_BEZIER_KNOTS.);
#2417 = CARTESIAN_POINT('',(1.92,-1.232882800594));
#2418 = CARTESIAN_POINT('',(-1.92,-1.232882800594));
#2419 = ( GEOMETRIC_REPRESENTATION_CONTEXT(2) 
PARAMETRIC_REPRESENTATION_CONTEXT() REPRESENTATION_CONTEXT('2D SPACE',''
  ) );
#2420 = ORIENTED_EDGE('',*,*,#2421,.T.);
#2421 = EDGE_CURVE('',#2396,#2422,#2424,.T.);
#2422 = VERTEX_POINT('',#2423);
#2423 = CARTESIAN_POINT('',(24.1,0.,114.59999999999));
#2424 = SURFACE_CURVE('',#2425,(#2438,#2454),.PCURVE_S1.);
#2425 = B_SPLINE_CURVE_WITH_KNOTS('',6,(#2426,#2427,#2428,#2429,#2430,
    #2431,#2432,#2433,#2434,#2435,#2436,#2437),.UNSPECIFIED.,.F.,.F.,(7,
    5,7),(0.,0.556079240869,1.),.UNSPECIFIED.);
#2426 = CARTESIAN_POINT('',(23.6999994,1.232883627923,114.01980290252));
#2427 = CARTESIAN_POINT('',(23.753266845192,1.159434177533,
    114.10859910485));
#2428 = CARTESIAN_POINT('',(23.807064293987,1.077241374256,
    114.19233981822));
#2429 = CARTESIAN_POINT('',(23.859854666977,0.985976658999,
    114.27056671093));
#2430 = CARTESIAN_POINT('',(23.910118208258,0.885200417636,
    114.34234846855));
#2431 = CARTESIAN_POINT('',(23.956075690107,0.774526238277,
    114.40626744761));
#2432 = CARTESIAN_POINT('',(24.027172947651,0.557534641868,
    114.50342753205));
#2433 = CARTESIAN_POINT('',(24.054817619434,0.454305472762,
    114.5404957765));
#2434 = CARTESIAN_POINT('',(24.076917467885,0.345412595866,
    114.56970301232));
#2435 = CARTESIAN_POINT('',(24.092226923266,0.232318639444,
    114.58979820144));
#2436 = CARTESIAN_POINT('',(24.1,0.116629121883,114.6));
#2437 = CARTESIAN_POINT('',(24.1,2.449293598295E-16,114.6));
#2438 = PCURVE('',#1605,#2439);
#2439 = DEFINITIONAL_REPRESENTATION('',(#2440),#2453);
#2440 = B_SPLINE_CURVE_WITH_KNOTS('',6,(#2441,#2442,#2443,#2444,#2445,
    #2446,#2447,#2448,#2449,#2450,#2451,#2452),.UNSPECIFIED.,.F.,.F.,(7,
    5,7),(0.,0.556079240869,1.),.UNSPECIFIED.);
#2441 = CARTESIAN_POINT('',(-0.627456259587,-12.01980290252));
#2442 = CARTESIAN_POINT('',(-0.584250685286,-12.10859910485));
#2443 = CARTESIAN_POINT('',(-0.537526495893,-12.19233981822));
#2444 = CARTESIAN_POINT('',(-0.487441528009,-12.27056671093));
#2445 = CARTESIAN_POINT('',(-0.433987891192,-12.34234846855));
#2446 = CARTESIAN_POINT('',(-0.377091640224,-12.40626744761));
#2447 = CARTESIAN_POINT('',(-0.26835724609,-12.50342753205));
#2448 = CARTESIAN_POINT('',(-0.217545148063,-12.5404957765));
#2449 = CARTESIAN_POINT('',(-0.164790174638,-12.56970301232));
#2450 = CARTESIAN_POINT('',(-0.110628038974,-12.58979820144));
#2451 = CARTESIAN_POINT('',(-5.553767708729E-02,-12.6));
#2452 = CARTESIAN_POINT('',(0.,-12.6));
#2453 = ( GEOMETRIC_REPRESENTATION_CONTEXT(2) 
PARAMETRIC_REPRESENTATION_CONTEXT() REPRESENTATION_CONTEXT('2D SPACE',''
  ) );
#2454 = PCURVE('',#2374,#2455);
#2455 = DEFINITIONAL_REPRESENTATION('',(#2456),#2469);
#2456 = B_SPLINE_CURVE_WITH_KNOTS('',6,(#2457,#2458,#2459,#2460,#2461,
    #2462,#2463,#2464,#2465,#2466,#2467,#2468),.UNSPECIFIED.,.F.,.F.,(7,
    5,7),(0.,0.556079240869,1.),.UNSPECIFIED.);
#2457 = CARTESIAN_POINT('',(-0.691089159047,6.000000000173E-07));
#2458 = CARTESIAN_POINT('',(-0.763112341377,-5.326684519159E-02));
#2459 = CARTESIAN_POINT('',(-0.836184073468,-0.107064293987));
#2460 = CARTESIAN_POINT('',(-0.910885324908,-0.159854666977));
#2461 = CARTESIAN_POINT('',(-0.987719016495,-0.210118208258));
#2462 = CARTESIAN_POINT('',(-1.067176854578,-0.256075690107));
#2463 = CARTESIAN_POINT('',(-1.215771094091,-0.327172947651));
#2464 = CARTESIAN_POINT('',(-1.284123659228,-0.354817619434));
#2465 = CARTESIAN_POINT('',(-1.354216010663,-0.376917467885));
#2466 = CARTESIAN_POINT('',(-1.425597253254,-0.392226923266));
#2467 = CARTESIAN_POINT('',(-1.497903125618,-0.4));
#2468 = CARTESIAN_POINT('',(-1.570796326795,-0.4));
#2469 = ( GEOMETRIC_REPRESENTATION_CONTEXT(2) 
PARAMETRIC_REPRESENTATION_CONTEXT() REPRESENTATION_CONTEXT('2D SPACE',''
  ) );
#2470 = ORIENTED_EDGE('',*,*,#2471,.T.);
#2471 = EDGE_CURVE('',#2422,#2472,#2474,.T.);
#2472 = VERTEX_POINT('',#2473);
#2473 = CARTESIAN_POINT('',(24.1,0.,120.));
#2474 = SEAM_CURVE('',#2475,(#2479,#2486),.PCURVE_S1.);
#2475 = LINE('',#2476,#2477);
#2476 = CARTESIAN_POINT('',(24.1,0.,102.));
#2477 = VECTOR('',#2478,1.);
#2478 = DIRECTION('',(0.,0.,1.));
#2479 = PCURVE('',#1605,#2480);
#2480 = DEFINITIONAL_REPRESENTATION('',(#2481),#2485);
#2481 = LINE('',#2482,#2483);
#2482 = CARTESIAN_POINT('',(-6.28318530718,0.));
#2483 = VECTOR('',#2484,1.);
#2484 = DIRECTION('',(-0.,-1.));
#2485 = ( GEOMETRIC_REPRESENTATION_CONTEXT(2) 
PARAMETRIC_REPRESENTATION_CONTEXT() REPRESENTATION_CONTEXT('2D SPACE',''
  ) );
#2486 = PCURVE('',#1605,#2487);
#2487 = DEFINITIONAL_REPRESENTATION('',(#2488),#2492);
#2488 = LINE('',#2489,#2490);
#2489 = CARTESIAN_POINT('',(-0.,0.));
#2490 = VECTOR('',#2491,1.);
#2491 = DIRECTION('',(-0.,-1.));
#2492 = ( GEOMETRIC_REPRESENTATION_CONTEXT(2) 
PARAMETRIC_REPRESENTATION_CONTEXT() REPRESENTATION_CONTEXT('2D SPACE',''
  ) );
#2493 = ORIENTED_EDGE('',*,*,#2494,.F.);
#2494 = EDGE_CURVE('',#2472,#2472,#2495,.T.);
#2495 = SURFACE_CURVE('',#2496,(#2501,#2508),.PCURVE_S1.);
#2496 = CIRCLE('',#2497,2.1);
#2497 = AXIS2_PLACEMENT_3D('',#2498,#2499,#2500);
#2498 = CARTESIAN_POINT('',(22.,0.,120.));
#2499 = DIRECTION('',(0.,0.,-1.));
#2500 = DIRECTION('',(1.,0.,0.));
#2501 = PCURVE('',#1605,#2502);
#2502 = DEFINITIONAL_REPRESENTATION('',(#2503),#2507);
#2503 = LINE('',#2504,#2505);
#2504 = CARTESIAN_POINT('',(-6.28318530718,-18.));
#2505 = VECTOR('',#2506,1.);
#2506 = DIRECTION('',(1.,-0.));
#2507 = ( GEOMETRIC_REPRESENTATION_CONTEXT(2) 
PARAMETRIC_REPRESENTATION_CONTEXT() REPRESENTATION_CONTEXT('2D SPACE',''
  ) );
#2508 = PCURVE('',#1909,#2509);
#2509 = DEFINITIONAL_REPRESENTATION('',(#2510),#2518);
#2510 = ( BOUNDED_CURVE() B_SPLINE_CURVE(2,(#2511,#2512,#2513,#2514,
#2515,#2516,#2517),.UNSPECIFIED.,.T.,.F.) B_SPLINE_CURVE_WITH_KNOTS((1,2
    ,2,2,2,1),(-2.094395102393,0.,2.094395102393,4.188790204786,
6.28318530718,8.377580409573),.UNSPECIFIED.) CURVE() 
GEOMETRIC_REPRESENTATION_ITEM() RATIONAL_B_SPLINE_CURVE((1.,0.5,1.,0.5,
1.,0.5,1.)) REPRESENTATION_ITEM('') );
#2511 = CARTESIAN_POINT('',(2.1,-2.108840176837E-16));
#2512 = CARTESIAN_POINT('',(2.1,-3.637306695895));
#2513 = CARTESIAN_POINT('',(-1.05,-1.818653347947));
#2514 = CARTESIAN_POINT('',(-4.2,-7.252356733256E-16));
#2515 = CARTESIAN_POINT('',(-1.05,1.818653347947));
#2516 = CARTESIAN_POINT('',(2.1,3.637306695895));
#2517 = CARTESIAN_POINT('',(2.1,-2.108840176837E-16));
#2518 = ( GEOMETRIC_REPRESENTATION_CONTEXT(2) 
PARAMETRIC_REPRESENTATION_CONTEXT() REPRESENTATION_CONTEXT('2D SPACE',''
  ) );
#2519 = ORIENTED_EDGE('',*,*,#2471,.F.);
#2520 = ORIENTED_EDGE('',*,*,#2521,.T.);
#2521 = EDGE_CURVE('',#2422,#2522,#2524,.T.);
#2522 = VERTEX_POINT('',#2523);
#2523 = CARTESIAN_POINT('',(23.7,-1.232882800594,114.01980390271));
#2524 = SURFACE_CURVE('',#2525,(#2538,#2554),.PCURVE_S1.);
#2525 = B_SPLINE_CURVE_WITH_KNOTS('',6,(#2526,#2527,#2528,#2529,#2530,
    #2531,#2532,#2533,#2534,#2535,#2536,#2537),.UNSPECIFIED.,.F.,.F.,(7,
    5,7),(0.,0.443857550452,1.),.UNSPECIFIED.);
#2526 = CARTESIAN_POINT('',(24.1,0.,114.6));
#2527 = CARTESIAN_POINT('',(24.1,-0.116609736945,114.6));
#2528 = CARTESIAN_POINT('',(24.092229509758,-0.232281108797,
    114.58980159129));
#2529 = CARTESIAN_POINT('',(24.076924868993,-0.345358641106,
    114.56971273254));
#2530 = CARTESIAN_POINT('',(24.054831536858,-0.454237382133,
    114.54051417351));
#2531 = CARTESIAN_POINT('',(24.027194306957,-0.55745514007,
    114.50345618239));
#2532 = CARTESIAN_POINT('',(23.956103538523,-0.774459162189,
    114.40630617932));
#2533 = CARTESIAN_POINT('',(23.910142584926,-0.885151539724,
    114.34238328012));
#2534 = CARTESIAN_POINT('',(23.859873874885,-0.985943447252,
    114.27059517378));
#2535 = CARTESIAN_POINT('',(23.807077355003,-1.077221415212,
    114.19236014601));
#2536 = CARTESIAN_POINT('',(23.753273324591,-1.159425243215,
    114.10860990593));
#2537 = CARTESIAN_POINT('',(23.6999994,-1.232883627923,114.01980290252)
  );
#2538 = PCURVE('',#1605,#2539);
#2539 = DEFINITIONAL_REPRESENTATION('',(#2540),#2553);
#2540 = B_SPLINE_CURVE_WITH_KNOTS('',6,(#2541,#2542,#2543,#2544,#2545,
    #2546,#2547,#2548,#2549,#2550,#2551,#2552),.UNSPECIFIED.,.F.,.F.,(7,
    5,7),(0.,0.443857550452,1.),.UNSPECIFIED.);
#2541 = CARTESIAN_POINT('',(-6.28318530718,-12.6));
#2542 = CARTESIAN_POINT('',(-6.227656861015,-12.6));
#2543 = CARTESIAN_POINT('',(-6.172575141273,-12.58980159129));
#2544 = CARTESIAN_POINT('',(-6.118420977616,-12.56971273254));
#2545 = CARTESIAN_POINT('',(-6.065673158006,-12.54051417351));
#2546 = CARTESIAN_POINT('',(-6.014867204158,-12.50345618239));
#2547 = CARTESIAN_POINT('',(-5.906128149169,-12.40630617932));
#2548 = CARTESIAN_POINT('',(-5.849223341261,-12.34238328012));
#2549 = CARTESIAN_POINT('',(-5.7957620048,-12.27059517378));
#2550 = CARTESIAN_POINT('',(-5.74567015664,-12.19236014601));
#2551 = CARTESIAN_POINT('',(-5.698939877377,-12.10860990593));
#2552 = CARTESIAN_POINT('',(-5.655729047592,-12.01980290252));
#2553 = ( GEOMETRIC_REPRESENTATION_CONTEXT(2) 
PARAMETRIC_REPRESENTATION_CONTEXT() REPRESENTATION_CONTEXT('2D SPACE',''
  ) );
#2554 = PCURVE('',#2374,#2555);
#2555 = DEFINITIONAL_REPRESENTATION('',(#2556),#2569);
#2556 = B_SPLINE_CURVE_WITH_KNOTS('',6,(#2557,#2558,#2559,#2560,#2561,
    #2562,#2563,#2564,#2565,#2566,#2567,#2568),.UNSPECIFIED.,.F.,.F.,(7,
    5,7),(0.,0.443857550452,1.),.UNSPECIFIED.);
#2557 = CARTESIAN_POINT('',(-1.570796326795,-0.4));
#2558 = CARTESIAN_POINT('',(-1.643677412385,-0.4));
#2559 = CARTESIAN_POINT('',(-1.715971944959,-0.392229509758));
#2560 = CARTESIAN_POINT('',(-1.787342571868,-0.376924868993));
#2561 = CARTESIAN_POINT('',(-1.857425141323,-0.354831536858));
#2562 = CARTESIAN_POINT('',(-1.925768891595,-0.327194306957));
#2563 = CARTESIAN_POINT('',(-2.07436764442,-0.256103538523));
#2564 = CARTESIAN_POINT('',(-2.15383637299,-0.210142584926));
#2565 = CARTESIAN_POINT('',(-2.230680145977,-0.159873874885));
#2566 = CARTESIAN_POINT('',(-2.305390839406,-0.107077355003));
#2567 = CARTESIAN_POINT('',(-2.378471551384,-5.32733245909E-02));
#2568 = CARTESIAN_POINT('',(-2.450503494543,6.000000000173E-07));
#2569 = ( GEOMETRIC_REPRESENTATION_CONTEXT(2) 
PARAMETRIC_REPRESENTATION_CONTEXT() REPRESENTATION_CONTEXT('2D SPACE',''
  ) );
#2570 = ORIENTED_EDGE('',*,*,#2571,.T.);
#2571 = EDGE_CURVE('',#2522,#2572,#2574,.T.);
#2572 = VERTEX_POINT('',#2573);
#2573 = CARTESIAN_POINT('',(23.7,-1.232882800594,111.98019609728));
#2574 = SURFACE_CURVE('',#2575,(#2579,#2585),.PCURVE_S1.);
#2575 = LINE('',#2576,#2577);
#2576 = CARTESIAN_POINT('',(23.7,-1.232882800594,102.));
#2577 = VECTOR('',#2578,1.);
#2578 = DIRECTION('',(-0.,-0.,-1.));
#2579 = PCURVE('',#1605,#2580);
#2580 = DEFINITIONAL_REPRESENTATION('',(#2581),#2584);
#2581 = B_SPLINE_CURVE_WITH_KNOTS('',1,(#2582,#2583),.UNSPECIFIED.,.F.,
  .F.,(2,2),(-12.92,-9.08),.PIECEWISE_BEZIER_KNOTS.);
#2582 = CARTESIAN_POINT('',(-5.655729534256,-12.92));
#2583 = CARTESIAN_POINT('',(-5.655729534256,-9.08));
#2584 = ( GEOMETRIC_REPRESENTATION_CONTEXT(2) 
PARAMETRIC_REPRESENTATION_CONTEXT() REPRESENTATION_CONTEXT('2D SPACE',''
  ) );
#2585 = PCURVE('',#2586,#2591);
#2586 = PLANE('',#2587);
#2587 = AXIS2_PLACEMENT_3D('',#2588,#2589,#2590);
#2588 = CARTESIAN_POINT('',(23.7,0.,113.));
#2589 = DIRECTION('',(1.,0.,0.));
#2590 = DIRECTION('',(-0.,0.,1.));
#2591 = DEFINITIONAL_REPRESENTATION('',(#2592),#2595);
#2592 = B_SPLINE_CURVE_WITH_KNOTS('',1,(#2593,#2594),.UNSPECIFIED.,.F.,
  .F.,(2,2),(-12.92,-9.08),.PIECEWISE_BEZIER_KNOTS.);
#2593 = CARTESIAN_POINT('',(1.92,1.232882800594));
#2594 = CARTESIAN_POINT('',(-1.92,1.232882800594));
#2595 = ( GEOMETRIC_REPRESENTATION_CONTEXT(2) 
PARAMETRIC_REPRESENTATION_CONTEXT() REPRESENTATION_CONTEXT('2D SPACE',''
  ) );
#2596 = ORIENTED_EDGE('',*,*,#2597,.T.);
#2597 = EDGE_CURVE('',#2572,#2316,#2598,.T.);
#2598 = SURFACE_CURVE('',#2599,(#2612,#2628),.PCURVE_S1.);
#2599 = B_SPLINE_CURVE_WITH_KNOTS('',6,(#2600,#2601,#2602,#2603,#2604,
    #2605,#2606,#2607,#2608,#2609,#2610,#2611),.UNSPECIFIED.,.F.,.F.,(7,
    5,7),(0.,0.556079240869,1.),.UNSPECIFIED.);
#2600 = CARTESIAN_POINT('',(23.6999994,-1.232883627923,111.98019709747)
  );
#2601 = CARTESIAN_POINT('',(23.753266845192,-1.159434177533,
    111.89140089514));
#2602 = CARTESIAN_POINT('',(23.807064293987,-1.077241374256,
    111.80766018177));
#2603 = CARTESIAN_POINT('',(23.859854666977,-0.985976658999,
    111.72943328906));
#2604 = CARTESIAN_POINT('',(23.910118208258,-0.885200417636,
    111.65765153144));
#2605 = CARTESIAN_POINT('',(23.956075690107,-0.774526238277,
    111.59373255238));
#2606 = CARTESIAN_POINT('',(24.027172947651,-0.557534641868,
    111.49657246794));
#2607 = CARTESIAN_POINT('',(24.054817619434,-0.454305472762,
    111.45950422349));
#2608 = CARTESIAN_POINT('',(24.076917467885,-0.345412595865,
    111.43029698767));
#2609 = CARTESIAN_POINT('',(24.092226923266,-0.232318639444,
    111.41020179855));
#2610 = CARTESIAN_POINT('',(24.1,-0.116629121883,111.4));
#2611 = CARTESIAN_POINT('',(24.1,-4.440892098501E-16,111.4));
#2612 = PCURVE('',#1605,#2613);
#2613 = DEFINITIONAL_REPRESENTATION('',(#2614),#2627);
#2614 = B_SPLINE_CURVE_WITH_KNOTS('',6,(#2615,#2616,#2617,#2618,#2619,
    #2620,#2621,#2622,#2623,#2624,#2625,#2626),.UNSPECIFIED.,.F.,.F.,(7,
    5,7),(0.,0.556079240869,1.),.UNSPECIFIED.);
#2615 = CARTESIAN_POINT('',(-5.655729047592,-9.980197097474));
#2616 = CARTESIAN_POINT('',(-5.698934621894,-9.891400895148));
#2617 = CARTESIAN_POINT('',(-5.745658811286,-9.807660181778));
#2618 = CARTESIAN_POINT('',(-5.795743779171,-9.729433289065));
#2619 = CARTESIAN_POINT('',(-5.849197415988,-9.657651531446));
#2620 = CARTESIAN_POINT('',(-5.906093666955,-9.593732552388));
#2621 = CARTESIAN_POINT('',(-6.014828061089,-9.496572467943));
#2622 = CARTESIAN_POINT('',(-6.065640159117,-9.459504223495));
#2623 = CARTESIAN_POINT('',(-6.118395132541,-9.430296987677));
#2624 = CARTESIAN_POINT('',(-6.172557268205,-9.410201798557));
#2625 = CARTESIAN_POINT('',(-6.227647630092,-9.4));
#2626 = CARTESIAN_POINT('',(-6.28318530718,-9.4));
#2627 = ( GEOMETRIC_REPRESENTATION_CONTEXT(2) 
PARAMETRIC_REPRESENTATION_CONTEXT() REPRESENTATION_CONTEXT('2D SPACE',''
  ) );
#2628 = PCURVE('',#2374,#2629);
#2629 = DEFINITIONAL_REPRESENTATION('',(#2630),#2643);
#2630 = B_SPLINE_CURVE_WITH_KNOTS('',6,(#2631,#2632,#2633,#2634,#2635,
    #2636,#2637,#2638,#2639,#2640,#2641,#2642),.UNSPECIFIED.,.F.,.F.,(7,
    5,7),(0.,0.556079240869,1.),.UNSPECIFIED.);
#2631 = CARTESIAN_POINT('',(-3.832681812636,6.000000000173E-07));
#2632 = CARTESIAN_POINT('',(-3.904704994967,-5.326684519158E-02));
#2633 = CARTESIAN_POINT('',(-3.977776727058,-0.107064293987));
#2634 = CARTESIAN_POINT('',(-4.052477978498,-0.159854666977));
#2635 = CARTESIAN_POINT('',(-4.129311670085,-0.210118208258));
#2636 = CARTESIAN_POINT('',(-4.208769508168,-0.256075690107));
#2637 = CARTESIAN_POINT('',(-4.35736374768,-0.327172947651));
#2638 = CARTESIAN_POINT('',(-4.425716312818,-0.354817619434));
#2639 = CARTESIAN_POINT('',(-4.495808664253,-0.376917467885));
#2640 = CARTESIAN_POINT('',(-4.567189906844,-0.392226923266));
#2641 = CARTESIAN_POINT('',(-4.639495779208,-0.4));
#2642 = CARTESIAN_POINT('',(-4.712388980385,-0.4));
#2643 = ( GEOMETRIC_REPRESENTATION_CONTEXT(2) 
PARAMETRIC_REPRESENTATION_CONTEXT() REPRESENTATION_CONTEXT('2D SPACE',''
  ) );
#2644 = ADVANCED_FACE('',(#2645,#2648),#1909,.T.);
#2645 = FACE_BOUND('',#2646,.T.);
#2646 = EDGE_LOOP('',(#2647));
#2647 = ORIENTED_EDGE('',*,*,#1894,.T.);
#2648 = FACE_BOUND('',#2649,.T.);
#2649 = EDGE_LOOP('',(#2650));
#2650 = ORIENTED_EDGE('',*,*,#2494,.T.);
#2651 = ADVANCED_FACE('',(#2652,#2658),#2149,.T.);
#2652 = FACE_BOUND('',#2653,.T.);
#2653 = EDGE_LOOP('',(#2654,#2655,#2656,#2657));
#2654 = ORIENTED_EDGE('',*,*,#2132,.F.);
#2655 = ORIENTED_EDGE('',*,*,#2213,.F.);
#2656 = ORIENTED_EDGE('',*,*,#2240,.F.);
#2657 = ORIENTED_EDGE('',*,*,#2290,.T.);
#2658 = FACE_BOUND('',#2659,.T.);
#2659 = EDGE_LOOP('',(#2660));
#2660 = ORIENTED_EDGE('',*,*,#2661,.F.);
#2661 = EDGE_CURVE('',#2662,#2662,#2664,.T.);
#2662 = VERTEX_POINT('',#2663);
#2663 = CARTESIAN_POINT('',(32.,5.633375276078E-16,115.3));
#2664 = SURFACE_CURVE('',#2665,(#2670,#2677),.PCURVE_S1.);
#2665 = CIRCLE('',#2666,2.3);
#2666 = AXIS2_PLACEMENT_3D('',#2667,#2668,#2669);
#2667 = CARTESIAN_POINT('',(32.,0.,113.));
#2668 = DIRECTION('',(1.,0.,0.));
#2669 = DIRECTION('',(-0.,0.,1.));
#2670 = PCURVE('',#2149,#2671);
#2671 = DEFINITIONAL_REPRESENTATION('',(#2672),#2676);
#2672 = CIRCLE('',#2673,2.3);
#2673 = AXIS2_PLACEMENT_2D('',#2674,#2675);
#2674 = CARTESIAN_POINT('',(-1.42108547152E-14,3.418600331349E-16));
#2675 = DIRECTION('',(1.,0.));
#2676 = ( GEOMETRIC_REPRESENTATION_CONTEXT(2) 
PARAMETRIC_REPRESENTATION_CONTEXT() REPRESENTATION_CONTEXT('2D SPACE',''
  ) );
#2677 = PCURVE('',#2678,#2683);
#2678 = CONICAL_SURFACE('',#2679,2.,0.785398163397);
#2679 = AXIS2_PLACEMENT_3D('',#2680,#2681,#2682);
#2680 = CARTESIAN_POINT('',(31.7,0.,113.));
#2681 = DIRECTION('',(1.,0.,0.));
#2682 = DIRECTION('',(-0.,0.,1.));
#2683 = DEFINITIONAL_REPRESENTATION('',(#2684),#2688);
#2684 = LINE('',#2685,#2686);
#2685 = CARTESIAN_POINT('',(0.,0.3));
#2686 = VECTOR('',#2687,1.);
#2687 = DIRECTION('',(1.,0.));
#2688 = ( GEOMETRIC_REPRESENTATION_CONTEXT(2) 
PARAMETRIC_REPRESENTATION_CONTEXT() REPRESENTATION_CONTEXT('2D SPACE',''
  ) );
#2689 = ADVANCED_FACE('',(#2690),#2374,.F.);
#2690 = FACE_BOUND('',#2691,.T.);
#2691 = EDGE_LOOP('',(#2692,#2717,#2739,#2740,#2741,#2763,#2764,#2765,
    #2787,#2788));
#2692 = ORIENTED_EDGE('',*,*,#2693,.F.);
#2693 = EDGE_CURVE('',#2694,#2696,#2698,.T.);
#2694 = VERTEX_POINT('',#2695);
#2695 = CARTESIAN_POINT('',(23.7,1.6,113.));
#2696 = VERTEX_POINT('',#2697);
#2697 = CARTESIAN_POINT('',(27.5,1.6,113.));
#2698 = SEAM_CURVE('',#2699,(#2703,#2710),.PCURVE_S1.);
#2699 = LINE('',#2700,#2701);
#2700 = CARTESIAN_POINT('',(23.7,1.6,113.));
#2701 = VECTOR('',#2702,1.);
#2702 = DIRECTION('',(1.,0.,0.));
#2703 = PCURVE('',#2374,#2704);
#2704 = DEFINITIONAL_REPRESENTATION('',(#2705),#2709);
#2705 = LINE('',#2706,#2707);
#2706 = CARTESIAN_POINT('',(-6.28318530718,0.));
#2707 = VECTOR('',#2708,1.);
#2708 = DIRECTION('',(-0.,-1.));
#2709 = ( GEOMETRIC_REPRESENTATION_CONTEXT(2) 
PARAMETRIC_REPRESENTATION_CONTEXT() REPRESENTATION_CONTEXT('2D SPACE',''
  ) );
#2710 = PCURVE('',#2374,#2711);
#2711 = DEFINITIONAL_REPRESENTATION('',(#2712),#2716);
#2712 = LINE('',#2713,#2714);
#2713 = CARTESIAN_POINT('',(-0.,0.));
#2714 = VECTOR('',#2715,1.);
#2715 = DIRECTION('',(-0.,-1.));
#2716 = ( GEOMETRIC_REPRESENTATION_CONTEXT(2) 
PARAMETRIC_REPRESENTATION_CONTEXT() REPRESENTATION_CONTEXT('2D SPACE',''
  ) );
#2717 = ORIENTED_EDGE('',*,*,#2718,.F.);
#2718 = EDGE_CURVE('',#2341,#2694,#2719,.T.);
#2719 = SURFACE_CURVE('',#2720,(#2725,#2732),.PCURVE_S1.);
#2720 = CIRCLE('',#2721,1.6);
#2721 = AXIS2_PLACEMENT_3D('',#2722,#2723,#2724);
#2722 = CARTESIAN_POINT('',(23.7,0.,113.));
#2723 = DIRECTION('',(1.,0.,0.));
#2724 = DIRECTION('',(0.,1.,0.));
#2725 = PCURVE('',#2374,#2726);
#2726 = DEFINITIONAL_REPRESENTATION('',(#2727),#2731);
#2727 = LINE('',#2728,#2729);
#2728 = CARTESIAN_POINT('',(-0.,0.));
#2729 = VECTOR('',#2730,1.);
#2730 = DIRECTION('',(-1.,0.));
#2731 = ( GEOMETRIC_REPRESENTATION_CONTEXT(2) 
PARAMETRIC_REPRESENTATION_CONTEXT() REPRESENTATION_CONTEXT('2D SPACE',''
  ) );
#2732 = PCURVE('',#2410,#2733);
#2733 = DEFINITIONAL_REPRESENTATION('',(#2734),#2738);
#2734 = CIRCLE('',#2735,1.6);
#2735 = AXIS2_PLACEMENT_2D('',#2736,#2737);
#2736 = CARTESIAN_POINT('',(-1.42108547152E-14,0.));
#2737 = DIRECTION('',(0.,-1.));
#2738 = ( GEOMETRIC_REPRESENTATION_CONTEXT(2) 
PARAMETRIC_REPRESENTATION_CONTEXT() REPRESENTATION_CONTEXT('2D SPACE',''
  ) );
#2739 = ORIENTED_EDGE('',*,*,#2340,.F.);
#2740 = ORIENTED_EDGE('',*,*,#2597,.F.);
#2741 = ORIENTED_EDGE('',*,*,#2742,.F.);
#2742 = EDGE_CURVE('',#2522,#2572,#2743,.T.);
#2743 = SURFACE_CURVE('',#2744,(#2749,#2756),.PCURVE_S1.);
#2744 = CIRCLE('',#2745,1.6);
#2745 = AXIS2_PLACEMENT_3D('',#2746,#2747,#2748);
#2746 = CARTESIAN_POINT('',(23.7,0.,113.));
#2747 = DIRECTION('',(1.,0.,0.));
#2748 = DIRECTION('',(0.,1.,0.));
#2749 = PCURVE('',#2374,#2750);
#2750 = DEFINITIONAL_REPRESENTATION('',(#2751),#2755);
#2751 = LINE('',#2752,#2753);
#2752 = CARTESIAN_POINT('',(-0.,0.));
#2753 = VECTOR('',#2754,1.);
#2754 = DIRECTION('',(-1.,0.));
#2755 = ( GEOMETRIC_REPRESENTATION_CONTEXT(2) 
PARAMETRIC_REPRESENTATION_CONTEXT() REPRESENTATION_CONTEXT('2D SPACE',''
  ) );
#2756 = PCURVE('',#2586,#2757);
#2757 = DEFINITIONAL_REPRESENTATION('',(#2758),#2762);
#2758 = CIRCLE('',#2759,1.6);
#2759 = AXIS2_PLACEMENT_2D('',#2760,#2761);
#2760 = CARTESIAN_POINT('',(-1.42108547152E-14,0.));
#2761 = DIRECTION('',(0.,-1.));
#2762 = ( GEOMETRIC_REPRESENTATION_CONTEXT(2) 
PARAMETRIC_REPRESENTATION_CONTEXT() REPRESENTATION_CONTEXT('2D SPACE',''
  ) );
#2763 = ORIENTED_EDGE('',*,*,#2521,.F.);
#2764 = ORIENTED_EDGE('',*,*,#2421,.F.);
#2765 = ORIENTED_EDGE('',*,*,#2766,.F.);
#2766 = EDGE_CURVE('',#2694,#2396,#2767,.T.);
#2767 = SURFACE_CURVE('',#2768,(#2773,#2780),.PCURVE_S1.);
#2768 = CIRCLE('',#2769,1.6);
#2769 = AXIS2_PLACEMENT_3D('',#2770,#2771,#2772);
#2770 = CARTESIAN_POINT('',(23.7,0.,113.));
#2771 = DIRECTION('',(1.,0.,0.));
#2772 = DIRECTION('',(0.,1.,0.));
#2773 = PCURVE('',#2374,#2774);
#2774 = DEFINITIONAL_REPRESENTATION('',(#2775),#2779);
#2775 = LINE('',#2776,#2777);
#2776 = CARTESIAN_POINT('',(-0.,0.));
#2777 = VECTOR('',#2778,1.);
#2778 = DIRECTION('',(-1.,0.));
#2779 = ( GEOMETRIC_REPRESENTATION_CONTEXT(2) 
PARAMETRIC_REPRESENTATION_CONTEXT() REPRESENTATION_CONTEXT('2D SPACE',''
  ) );
#2780 = PCURVE('',#2410,#2781);
#2781 = DEFINITIONAL_REPRESENTATION('',(#2782),#2786);
#2782 = CIRCLE('',#2783,1.6);
#2783 = AXIS2_PLACEMENT_2D('',#2784,#2785);
#2784 = CARTESIAN_POINT('',(-1.42108547152E-14,0.));
#2785 = DIRECTION('',(0.,-1.));
#2786 = ( GEOMETRIC_REPRESENTATION_CONTEXT(2) 
PARAMETRIC_REPRESENTATION_CONTEXT() REPRESENTATION_CONTEXT('2D SPACE',''
  ) );
#2787 = ORIENTED_EDGE('',*,*,#2693,.T.);
#2788 = ORIENTED_EDGE('',*,*,#2789,.F.);
#2789 = EDGE_CURVE('',#2696,#2696,#2790,.T.);
#2790 = SURFACE_CURVE('',#2791,(#2796,#2803),.PCURVE_S1.);
#2791 = CIRCLE('',#2792,1.6);
#2792 = AXIS2_PLACEMENT_3D('',#2793,#2794,#2795);
#2793 = CARTESIAN_POINT('',(27.5,0.,113.));
#2794 = DIRECTION('',(-1.,0.,0.));
#2795 = DIRECTION('',(0.,1.,0.));
#2796 = PCURVE('',#2374,#2797);
#2797 = DEFINITIONAL_REPRESENTATION('',(#2798),#2802);
#2798 = LINE('',#2799,#2800);
#2799 = CARTESIAN_POINT('',(-6.28318530718,-3.8));
#2800 = VECTOR('',#2801,1.);
#2801 = DIRECTION('',(1.,-0.));
#2802 = ( GEOMETRIC_REPRESENTATION_CONTEXT(2) 
PARAMETRIC_REPRESENTATION_CONTEXT() REPRESENTATION_CONTEXT('2D SPACE',''
  ) );
#2803 = PCURVE('',#2804,#2809);
#2804 = PLANE('',#2805);
#2805 = AXIS2_PLACEMENT_3D('',#2806,#2807,#2808);
#2806 = CARTESIAN_POINT('',(27.5,-8.546500828371E-16,113.));
#2807 = DIRECTION('',(1.,0.,0.));
#2808 = DIRECTION('',(-0.,0.,1.));
#2809 = DEFINITIONAL_REPRESENTATION('',(#2810),#2818);
#2810 = ( BOUNDED_CURVE() B_SPLINE_CURVE(2,(#2811,#2812,#2813,#2814,
#2815,#2816,#2817),.UNSPECIFIED.,.T.,.F.) B_SPLINE_CURVE_WITH_KNOTS((1,2
    ,2,2,2,1),(-2.094395102393,0.,2.094395102393,4.188790204786,
6.28318530718,8.377580409573),.UNSPECIFIED.) CURVE() 
GEOMETRIC_REPRESENTATION_ITEM() RATIONAL_B_SPLINE_CURVE((1.,0.5,1.,0.5,
1.,0.5,1.)) REPRESENTATION_ITEM('') );
#2811 = CARTESIAN_POINT('',(0.,-1.6));
#2812 = CARTESIAN_POINT('',(-2.77128129211,-1.6));
#2813 = CARTESIAN_POINT('',(-1.385640646055,0.8));
#2814 = CARTESIAN_POINT('',(-3.918869757272E-16,3.2));
#2815 = CARTESIAN_POINT('',(1.385640646055,0.8));
#2816 = CARTESIAN_POINT('',(2.77128129211,-1.6));
#2817 = CARTESIAN_POINT('',(0.,-1.6));
#2818 = ( GEOMETRIC_REPRESENTATION_CONTEXT(2) 
PARAMETRIC_REPRESENTATION_CONTEXT() REPRESENTATION_CONTEXT('2D SPACE',''
  ) );
#2819 = ADVANCED_FACE('',(#2820),#2586,.T.);
#2820 = FACE_BOUND('',#2821,.T.);
#2821 = EDGE_LOOP('',(#2822,#2823));
#2822 = ORIENTED_EDGE('',*,*,#2571,.F.);
#2823 = ORIENTED_EDGE('',*,*,#2742,.T.);
#2824 = ADVANCED_FACE('',(#2825),#2410,.T.);
#2825 = FACE_BOUND('',#2826,.T.);
#2826 = EDGE_LOOP('',(#2827,#2828,#2829));
#2827 = ORIENTED_EDGE('',*,*,#2718,.T.);
#2828 = ORIENTED_EDGE('',*,*,#2766,.T.);
#2829 = ORIENTED_EDGE('',*,*,#2395,.T.);
#2830 = ADVANCED_FACE('',(#2831),#2678,.F.);
#2831 = FACE_BOUND('',#2832,.F.);
#2832 = EDGE_LOOP('',(#2833,#2856,#2857,#2858,#2887));
#2833 = ORIENTED_EDGE('',*,*,#2834,.T.);
#2834 = EDGE_CURVE('',#2835,#2662,#2837,.T.);
#2835 = VERTEX_POINT('',#2836);
#2836 = CARTESIAN_POINT('',(31.7,4.898587196589E-16,115.));
#2837 = SEAM_CURVE('',#2838,(#2842,#2849),.PCURVE_S1.);
#2838 = LINE('',#2839,#2840);
#2839 = CARTESIAN_POINT('',(31.7,4.898587196589E-16,115.));
#2840 = VECTOR('',#2841,1.);
#2841 = DIRECTION('',(0.707106781187,1.731912112471E-16,0.707106781187)
  );
#2842 = PCURVE('',#2678,#2843);
#2843 = DEFINITIONAL_REPRESENTATION('',(#2844),#2848);
#2844 = LINE('',#2845,#2846);
#2845 = CARTESIAN_POINT('',(6.28318530718,-0.));
#2846 = VECTOR('',#2847,1.);
#2847 = DIRECTION('',(0.,1.));
#2848 = ( GEOMETRIC_REPRESENTATION_CONTEXT(2) 
PARAMETRIC_REPRESENTATION_CONTEXT() REPRESENTATION_CONTEXT('2D SPACE',''
  ) );
#2849 = PCURVE('',#2678,#2850);
#2850 = DEFINITIONAL_REPRESENTATION('',(#2851),#2855);
#2851 = LINE('',#2852,#2853);
#2852 = CARTESIAN_POINT('',(0.,-0.));
#2853 = VECTOR('',#2854,1.);
#2854 = DIRECTION('',(0.,1.));
#2855 = ( GEOMETRIC_REPRESENTATION_CONTEXT(2) 
PARAMETRIC_REPRESENTATION_CONTEXT() REPRESENTATION_CONTEXT('2D SPACE',''
  ) );
#2856 = ORIENTED_EDGE('',*,*,#2661,.F.);
#2857 = ORIENTED_EDGE('',*,*,#2834,.F.);
#2858 = ORIENTED_EDGE('',*,*,#2859,.T.);
#2859 = EDGE_CURVE('',#2835,#2860,#2862,.T.);
#2860 = VERTEX_POINT('',#2861);
#2861 = CARTESIAN_POINT('',(31.7,2.,113.));
#2862 = SURFACE_CURVE('',#2863,(#2868,#2875),.PCURVE_S1.);
#2863 = CIRCLE('',#2864,2.);
#2864 = AXIS2_PLACEMENT_3D('',#2865,#2866,#2867);
#2865 = CARTESIAN_POINT('',(31.7,0.,113.));
#2866 = DIRECTION('',(1.,0.,0.));
#2867 = DIRECTION('',(-0.,0.,1.));
#2868 = PCURVE('',#2678,#2869);
#2869 = DEFINITIONAL_REPRESENTATION('',(#2870),#2874);
#2870 = LINE('',#2871,#2872);
#2871 = CARTESIAN_POINT('',(0.,0.));
#2872 = VECTOR('',#2873,1.);
#2873 = DIRECTION('',(1.,0.));
#2874 = ( GEOMETRIC_REPRESENTATION_CONTEXT(2) 
PARAMETRIC_REPRESENTATION_CONTEXT() REPRESENTATION_CONTEXT('2D SPACE',''
  ) );
#2875 = PCURVE('',#2876,#2881);
#2876 = CYLINDRICAL_SURFACE('',#2877,2.);
#2877 = AXIS2_PLACEMENT_3D('',#2878,#2879,#2880);
#2878 = CARTESIAN_POINT('',(27.5,0.,113.));
#2879 = DIRECTION('',(-1.,-0.,-0.));
#2880 = DIRECTION('',(0.,1.,0.));
#2881 = DEFINITIONAL_REPRESENTATION('',(#2882),#2886);
#2882 = LINE('',#2883,#2884);
#2883 = CARTESIAN_POINT('',(-1.570796326795,-4.2));
#2884 = VECTOR('',#2885,1.);
#2885 = DIRECTION('',(-1.,0.));
#2886 = ( GEOMETRIC_REPRESENTATION_CONTEXT(2) 
PARAMETRIC_REPRESENTATION_CONTEXT() REPRESENTATION_CONTEXT('2D SPACE',''
  ) );
#2887 = ORIENTED_EDGE('',*,*,#2888,.T.);
#2888 = EDGE_CURVE('',#2860,#2835,#2889,.T.);
#2889 = SURFACE_CURVE('',#2890,(#2895,#2902),.PCURVE_S1.);
#2890 = CIRCLE('',#2891,2.);
#2891 = AXIS2_PLACEMENT_3D('',#2892,#2893,#2894);
#2892 = CARTESIAN_POINT('',(31.7,0.,113.));
#2893 = DIRECTION('',(1.,0.,0.));
#2894 = DIRECTION('',(-0.,0.,1.));
#2895 = PCURVE('',#2678,#2896);
#2896 = DEFINITIONAL_REPRESENTATION('',(#2897),#2901);
#2897 = LINE('',#2898,#2899);
#2898 = CARTESIAN_POINT('',(0.,0.));
#2899 = VECTOR('',#2900,1.);
#2900 = DIRECTION('',(1.,0.));
#2901 = ( GEOMETRIC_REPRESENTATION_CONTEXT(2) 
PARAMETRIC_REPRESENTATION_CONTEXT() REPRESENTATION_CONTEXT('2D SPACE',''
  ) );
#2902 = PCURVE('',#2876,#2903);
#2903 = DEFINITIONAL_REPRESENTATION('',(#2904),#2908);
#2904 = LINE('',#2905,#2906);
#2905 = CARTESIAN_POINT('',(4.712388980385,-4.2));
#2906 = VECTOR('',#2907,1.);
#2907 = DIRECTION('',(-1.,0.));
#2908 = ( GEOMETRIC_REPRESENTATION_CONTEXT(2) 
PARAMETRIC_REPRESENTATION_CONTEXT() REPRESENTATION_CONTEXT('2D SPACE',''
  ) );
#2909 = ADVANCED_FACE('',(#2910,#2936),#2804,.T.);
#2910 = FACE_BOUND('',#2911,.T.);
#2911 = EDGE_LOOP('',(#2912));
#2912 = ORIENTED_EDGE('',*,*,#2913,.T.);
#2913 = EDGE_CURVE('',#2914,#2914,#2916,.T.);
#2914 = VERTEX_POINT('',#2915);
#2915 = CARTESIAN_POINT('',(27.5,2.,113.));
#2916 = SURFACE_CURVE('',#2917,(#2922,#2929),.PCURVE_S1.);
#2917 = CIRCLE('',#2918,2.);
#2918 = AXIS2_PLACEMENT_3D('',#2919,#2920,#2921);
#2919 = CARTESIAN_POINT('',(27.5,0.,113.));
#2920 = DIRECTION('',(1.,0.,0.));
#2921 = DIRECTION('',(0.,1.,0.));
#2922 = PCURVE('',#2804,#2923);
#2923 = DEFINITIONAL_REPRESENTATION('',(#2924),#2928);
#2924 = CIRCLE('',#2925,2.);
#2925 = AXIS2_PLACEMENT_2D('',#2926,#2927);
#2926 = CARTESIAN_POINT('',(0.,-8.546500828371E-16));
#2927 = DIRECTION('',(0.,-1.));
#2928 = ( GEOMETRIC_REPRESENTATION_CONTEXT(2) 
PARAMETRIC_REPRESENTATION_CONTEXT() REPRESENTATION_CONTEXT('2D SPACE',''
  ) );
#2929 = PCURVE('',#2876,#2930);
#2930 = DEFINITIONAL_REPRESENTATION('',(#2931),#2935);
#2931 = LINE('',#2932,#2933);
#2932 = CARTESIAN_POINT('',(-0.,0.));
#2933 = VECTOR('',#2934,1.);
#2934 = DIRECTION('',(-1.,0.));
#2935 = ( GEOMETRIC_REPRESENTATION_CONTEXT(2) 
PARAMETRIC_REPRESENTATION_CONTEXT() REPRESENTATION_CONTEXT('2D SPACE',''
  ) );
#2936 = FACE_BOUND('',#2937,.T.);
#2937 = EDGE_LOOP('',(#2938));
#2938 = ORIENTED_EDGE('',*,*,#2789,.T.);
#2939 = ADVANCED_FACE('',(#2940),#2876,.F.);
#2940 = FACE_BOUND('',#2941,.T.);
#2941 = EDGE_LOOP('',(#2942,#2963,#2964,#2965,#2966));
#2942 = ORIENTED_EDGE('',*,*,#2943,.F.);
#2943 = EDGE_CURVE('',#2914,#2860,#2944,.T.);
#2944 = SEAM_CURVE('',#2945,(#2949,#2956),.PCURVE_S1.);
#2945 = LINE('',#2946,#2947);
#2946 = CARTESIAN_POINT('',(27.5,2.,113.));
#2947 = VECTOR('',#2948,1.);
#2948 = DIRECTION('',(1.,0.,0.));
#2949 = PCURVE('',#2876,#2950);
#2950 = DEFINITIONAL_REPRESENTATION('',(#2951),#2955);
#2951 = LINE('',#2952,#2953);
#2952 = CARTESIAN_POINT('',(-6.28318530718,0.));
#2953 = VECTOR('',#2954,1.);
#2954 = DIRECTION('',(-0.,-1.));
#2955 = ( GEOMETRIC_REPRESENTATION_CONTEXT(2) 
PARAMETRIC_REPRESENTATION_CONTEXT() REPRESENTATION_CONTEXT('2D SPACE',''
  ) );
#2956 = PCURVE('',#2876,#2957);
#2957 = DEFINITIONAL_REPRESENTATION('',(#2958),#2962);
#2958 = LINE('',#2959,#2960);
#2959 = CARTESIAN_POINT('',(-0.,0.));
#2960 = VECTOR('',#2961,1.);
#2961 = DIRECTION('',(-0.,-1.));
#2962 = ( GEOMETRIC_REPRESENTATION_CONTEXT(2) 
PARAMETRIC_REPRESENTATION_CONTEXT() REPRESENTATION_CONTEXT('2D SPACE',''
  ) );
#2963 = ORIENTED_EDGE('',*,*,#2913,.F.);
#2964 = ORIENTED_EDGE('',*,*,#2943,.T.);
#2965 = ORIENTED_EDGE('',*,*,#2888,.T.);
#2966 = ORIENTED_EDGE('',*,*,#2859,.T.);
#2967 = ( GEOMETRIC_REPRESENTATION_CONTEXT(3) 
GLOBAL_UNCERTAINTY_ASSIGNED_CONTEXT((#2971)) 
GLOBAL_UNIT_ASSIGNED_CONTEXT((#2968,#2969,#2970)) REPRESENTATION_CONTEXT
('Context #1','3D Context with UNIT and UNCERTAINTY') );
#2968 = ( LENGTH_UNIT() NAMED_UNIT(*) SI_UNIT(.MILLI.,.METRE.) );
#2969 = ( NAMED_UNIT(*) PLANE_ANGLE_UNIT() SI_UNIT($,.RADIAN.) );
#2970 = ( NAMED_UNIT(*) SI_UNIT($,.STERADIAN.) SOLID_ANGLE_UNIT() );
#2971 = UNCERTAINTY_MEASURE_WITH_UNIT(LENGTH_MEASURE(1.E-07),#2968,
  'distance_accuracy_value','confusion accuracy');
#2972 = PRODUCT_RELATED_PRODUCT_CATEGORY('part',$,(#7));
ENDSEC;
END-ISO-10303-21;
