ISO-10303-21;
HEADER;
FILE_DESCRIPTION(('Open CASCADE Model'),'2;1');
FILE_NAME('Open CASCADE Shape Model','2026-09-26T18:36:14',('Author'),(
    'Open CASCADE'),'Open CASCADE STEP processor 7.8','Open CASCADE 7.8'
  ,'Unknown');
FILE_SCHEMA(('AUTOMOTIVE_DESIGN { 1 0 10303 214 1 1 1 1 }'));
ENDSEC;
DATA;
#1 = APPLICATION_PROTOCOL_DEFINITION('international standard',
  'automotive_design',2000,#2);
#2 = APPLICATION_CONTEXT(
  'core data for automotive mechanical design processes');
#3 = SHAPE_DEFINITION_REPRESENTATION(#4,#10);
#4 = PRODUCT_DEFINITION_SHAPE('','',#5);
#5 = PRODUCT_DEFINITION('design','',#6,#9);
#6 = PRODUCT_DEFINITION_FORMATION('','',#7);
#7 = PRODUCT('Open CASCADE STEP translator 7.8 1',
  'Open CASCADE STEP translator 7.8 1','',(#8));
#8 = PRODUCT_CONTEXT('',#2,'mechanical');
#9 = PRODUCT_DEFINITION_CONTEXT('part definition',#2,'design');
#10 = ADVANCED_BREP_SHAPE_REPRESENTATION('',(#11,#15),#1908);
#11 = AXIS2_PLACEMENT_3D('',#12,#13,#14);
#12 = CARTESIAN_POINT('',(0.,0.,0.));
#13 = DIRECTION('',(0.,0.,1.));
#14 = DIRECTION('',(1.,0.,-0.));
#15 = MANIFOLD_SOLID_BREP('',#16);
#16 = CLOSED_SHELL('',(#17,#238,#570,#594,#642,#648,#687,#760,#976,#983,
    #1429,#1554,#1604,#1658,#1712,#1719,#1773,#1834,#1850,#1901));
#17 = ADVANCED_FACE('',(#18),#41,.T.);
#18 = FACE_BOUND('',#19,.F.);
#19 = EDGE_LOOP('',(#20,#82,#109,#159,#185,#214));
#20 = ORIENTED_EDGE('',*,*,#21,.T.);
#21 = EDGE_CURVE('',#22,#24,#26,.T.);
#22 = VERTEX_POINT('',#23);
#23 = CARTESIAN_POINT('',(4.5,-2.17944947177,56.64589803375));
#24 = VERTEX_POINT('',#25);
#25 = CARTESIAN_POINT('',(5.,0.,56.));
#26 = SURFACE_CURVE('',#27,(#40,#61),.PCURVE_S1.);
#27 = B_SPLINE_CURVE_WITH_KNOTS('',6,(#28,#29,#30,#31,#32,#33,#34,#35,
    #36,#37,#38,#39),.UNSPECIFIED.,.F.,.F.,(7,5,7),(0.,0.468174151132,1.
    ),.UNSPECIFIED.);
#28 = CARTESIAN_POINT('',(4.4999994,-2.179450710615,56.645898838735));
#29 = CARTESIAN_POINT('',(4.563765795834,-2.047789672541,56.560347232151
    ));
#30 = CARTESIAN_POINT('',(4.62533850397,-1.90887449349,56.478902308535)
  );
#31 = CARTESIAN_POINT('',(4.684016238203,-1.762471537558,56.402222468298
    ));
#32 = CARTESIAN_POINT('',(4.739005135327,-1.608387099963,56.331086182624
    ));
#33 = CARTESIAN_POINT('',(4.789412408116,-1.446494796549,56.266405245158
    ));
#34 = CARTESIAN_POINT('',(4.885162227005,-1.083954825358,56.144298500605
    ));
#35 = CARTESIAN_POINT('',(4.929145829423,-0.880042327946,56.08872178264)
  );
#36 = CARTESIAN_POINT('',(4.963941015249,-0.667237319338,56.04507407301)
  );
#37 = CARTESIAN_POINT('',(4.987885756272,-0.447936885457,56.01514270349)
  );
#38 = CARTESIAN_POINT('',(5.,-0.224666581139,56.));
#39 = CARTESIAN_POINT('',(5.,-8.881784197001E-16,56.));
#40 = PCURVE('',#41,#46);
#41 = CYLINDRICAL_SURFACE('',#42,5.);
#42 = AXIS2_PLACEMENT_3D('',#43,#44,#45);
#43 = CARTESIAN_POINT('',(0.,0.,56.));
#44 = DIRECTION('',(-0.,-0.,-1.));
#45 = DIRECTION('',(1.,0.,0.));
#46 = DEFINITIONAL_REPRESENTATION('',(#47),#60);
#47 = B_SPLINE_CURVE_WITH_KNOTS('',6,(#48,#49,#50,#51,#52,#53,#54,#55,
    #56,#57,#58,#59),.UNSPECIFIED.,.F.,.F.,(7,5,7),(0.,0.468174151132,1.
    ),.UNSPECIFIED.);
#48 = CARTESIAN_POINT('',(-5.832158220085,-0.645898838735));
#49 = CARTESIAN_POINT('',(-5.861416232447,-0.560347232151));
#50 = CARTESIAN_POINT('',(-5.891788715301,-0.478902308535));
#51 = CARTESIAN_POINT('',(-5.923301829061,-0.402222468298));
#52 = CARTESIAN_POINT('',(-5.955983176659,-0.331086182624));
#53 = CARTESIAN_POINT('',(-5.989862594093,-0.266405245158));
#54 = CARTESIAN_POINT('',(-6.064856796144,-0.144298500605));
#55 = CARTESIAN_POINT('',(-6.106533562498,-8.872178264029E-02));
#56 = CARTESIAN_POINT('',(-6.149574666615,-4.507407300954E-02));
#57 = CARTESIAN_POINT('',(-6.19359789346,-1.514270349012E-02));
#58 = CARTESIAN_POINT('',(-6.238251990952,0.));
#59 = CARTESIAN_POINT('',(-6.28318530718,0.));
#60 = ( GEOMETRIC_REPRESENTATION_CONTEXT(2) 
PARAMETRIC_REPRESENTATION_CONTEXT() REPRESENTATION_CONTEXT('2D SPACE',''
  ) );
#61 = PCURVE('',#62,#67);
#62 = CYLINDRICAL_SURFACE('',#63,4.);
#63 = AXIS2_PLACEMENT_3D('',#64,#65,#66);
#64 = CARTESIAN_POINT('',(4.5,0.,60.));
#65 = DIRECTION('',(-1.,-0.,-0.));
#66 = DIRECTION('',(0.,1.,0.));
#67 = DEFINITIONAL_REPRESENTATION('',(#68),#81);
#68 = B_SPLINE_CURVE_WITH_KNOTS('',6,(#69,#70,#71,#72,#73,#74,#75,#76,
    #77,#78,#79,#80),.UNSPECIFIED.,.F.,.F.,(7,5,7),(7.34202088775E-07,
    0.468174151132,1.),.UNSPECIFIED.);
#69 = CARTESIAN_POINT('',(-4.136164010209,5.295796906746E-15));
#70 = CARTESIAN_POINT('',(-4.175417703091,-6.376627863254E-02));
#71 = CARTESIAN_POINT('',(-4.215632601571,-0.12533887205));
#72 = CARTESIAN_POINT('',(-4.256877305366,-0.184016496907));
#73 = CARTESIAN_POINT('',(-4.299221112817,-0.239005293426));
#74 = CARTESIAN_POINT('',(-4.342738491091,-0.289412478416));
#75 = CARTESIAN_POINT('',(-4.438376177466,-0.385162227005));
#76 = CARTESIAN_POINT('',(-4.491122553866,-0.429145829423));
#77 = CARTESIAN_POINT('',(-4.545260699706,-0.463941015249));
#78 = CARTESIAN_POINT('',(-4.60040475795,-0.487885756272));
#79 = CARTESIAN_POINT('',(-4.6562223351,-0.5));
#80 = CARTESIAN_POINT('',(-4.712388980385,-0.5));
#81 = ( GEOMETRIC_REPRESENTATION_CONTEXT(2) 
PARAMETRIC_REPRESENTATION_CONTEXT() REPRESENTATION_CONTEXT('2D SPACE',''
  ) );
#82 = ORIENTED_EDGE('',*,*,#83,.F.);
#83 = EDGE_CURVE('',#24,#24,#84,.T.);
#84 = SURFACE_CURVE('',#85,(#90,#97),.PCURVE_S1.);
#85 = CIRCLE('',#86,5.);
#86 = AXIS2_PLACEMENT_3D('',#87,#88,#89);
#87 = CARTESIAN_POINT('',(0.,0.,56.));
#88 = DIRECTION('',(0.,0.,1.));
#89 = DIRECTION('',(1.,0.,0.));
#90 = PCURVE('',#41,#91);
#91 = DEFINITIONAL_REPRESENTATION('',(#92),#96);
#92 = LINE('',#93,#94);
#93 = CARTESIAN_POINT('',(-0.,0.));
#94 = VECTOR('',#95,1.);
#95 = DIRECTION('',(-1.,0.));
#96 = ( GEOMETRIC_REPRESENTATION_CONTEXT(2) 
PARAMETRIC_REPRESENTATION_CONTEXT() REPRESENTATION_CONTEXT('2D SPACE',''
  ) );
#97 = PCURVE('',#98,#103);
#98 = PLANE('',#99);
#99 = AXIS2_PLACEMENT_3D('',#100,#101,#102);
#100 = CARTESIAN_POINT('',(-2.734880265079E-16,3.428682531579E-16,56.));
#101 = DIRECTION('',(0.,0.,1.));
#102 = DIRECTION('',(1.,0.,-0.));
#103 = DEFINITIONAL_REPRESENTATION('',(#104),#108);
#104 = CIRCLE('',#105,5.);
#105 = AXIS2_PLACEMENT_2D('',#106,#107);
#106 = CARTESIAN_POINT('',(2.734880265079E-16,-3.428682531579E-16));
#107 = DIRECTION('',(1.,0.));
#108 = ( GEOMETRIC_REPRESENTATION_CONTEXT(2) 
PARAMETRIC_REPRESENTATION_CONTEXT() REPRESENTATION_CONTEXT('2D SPACE',''
  ) );
#109 = ORIENTED_EDGE('',*,*,#110,.T.);
#110 = EDGE_CURVE('',#24,#111,#113,.T.);
#111 = VERTEX_POINT('',#112);
#112 = CARTESIAN_POINT('',(4.5,2.17944947177,56.64589803375));
#113 = SURFACE_CURVE('',#114,(#127,#143),.PCURVE_S1.);
#114 = B_SPLINE_CURVE_WITH_KNOTS('',6,(#115,#116,#117,#118,#119,#120,
    #121,#122,#123,#124,#125,#126),.UNSPECIFIED.,.F.,.F.,(7,5,7),(0.,
    0.534526395235,1.),.UNSPECIFIED.);
#115 = CARTESIAN_POINT('',(5.,-3.673940397442E-16,56.));
#116 = CARTESIAN_POINT('',(5.,0.225842985463,56.));
#117 = CARTESIAN_POINT('',(4.98775854448,0.45022095234,56.015301707866)
  );
#118 = CARTESIAN_POINT('',(4.963574908783,0.6705483793,56.045531730129)
  );
#119 = CARTESIAN_POINT('',(4.928448638452,0.884289616361,56.089596500472
    ));
#120 = CARTESIAN_POINT('',(4.884064795322,1.089040546925,56.145685123967
    ));
#121 = CARTESIAN_POINT('',(4.787967783901,1.451127749951,56.268259127441
    ));
#122 = CARTESIAN_POINT('',(4.73774433929,1.611916550782,56.332717341415)
  );
#123 = CARTESIAN_POINT('',(4.68300755939,1.764986522918,56.403540708547)
  );
#124 = CARTESIAN_POINT('',(4.624633569863,1.910464285897,56.479834822014
    ));
#125 = CARTESIAN_POINT('',(4.563401425384,2.04854200284,56.56083608646)
  );
#126 = CARTESIAN_POINT('',(4.4999994,2.179450710615,56.645898838735));
#127 = PCURVE('',#41,#128);
#128 = DEFINITIONAL_REPRESENTATION('',(#129),#142);
#129 = B_SPLINE_CURVE_WITH_KNOTS('',6,(#130,#131,#132,#133,#134,#135,
    #136,#137,#138,#139,#140,#141),.UNSPECIFIED.,.F.,.F.,(7,5,7),(0.,
    0.534526395235,1.),.UNSPECIFIED.);
#130 = CARTESIAN_POINT('',(0.,0.));
#131 = CARTESIAN_POINT('',(-4.516859709264E-02,0.));
#132 = CARTESIAN_POINT('',(-9.004422937263E-02,-1.530170786638E-02));
#133 = CARTESIAN_POINT('',(-0.13427542772,-4.553173012903E-02));
#134 = CARTESIAN_POINT('',(-0.177510907383,-8.959650047218E-02));
#135 = CARTESIAN_POINT('',(-0.219367952616,-0.145685123967));
#136 = CARTESIAN_POINT('',(-0.294292388737,-0.268259127441));
#137 = CARTESIAN_POINT('',(-0.327950815684,-0.332717341415));
#138 = CARTESIAN_POINT('',(-0.360424880051,-0.403540708547));
#139 = CARTESIAN_POINT('',(-0.391744208355,-0.479834822014));
#140 = CARTESIAN_POINT('',(-0.421936259266,-0.56083608646));
#141 = CARTESIAN_POINT('',(-0.451027087095,-0.645898838735));
#142 = ( GEOMETRIC_REPRESENTATION_CONTEXT(2) 
PARAMETRIC_REPRESENTATION_CONTEXT() REPRESENTATION_CONTEXT('2D SPACE',''
  ) );
#143 = PCURVE('',#62,#144);
#144 = DEFINITIONAL_REPRESENTATION('',(#145),#158);
#145 = B_SPLINE_CURVE_WITH_KNOTS('',6,(#146,#147,#148,#149,#150,#151,
    #152,#153,#154,#155,#156,#157),.UNSPECIFIED.,.F.,.F.,(7,5,7),(0.,
    0.534526395235,0.999999265838),.UNSPECIFIED.);
#146 = CARTESIAN_POINT('',(-4.712388980385,-0.5));
#147 = CARTESIAN_POINT('',(-4.76884972675,-0.5));
#148 = CARTESIAN_POINT('',(-4.824944219352,-0.48775854448));
#149 = CARTESIAN_POINT('',(-4.880350064005,-0.463574908783));
#150 = CARTESIAN_POINT('',(-4.934736175043,-0.428448638452));
#151 = CARTESIAN_POINT('',(-4.987717295442,-0.384064795322));
#152 = CARTESIAN_POINT('',(-5.083285109832,-0.287967854451));
#153 = CARTESIAN_POINT('',(-5.126526966389,-0.237744497719));
#154 = CARTESIAN_POINT('',(-5.168609301199,-0.183007818389));
#155 = CARTESIAN_POINT('',(-5.209605649356,-0.124633938142));
#156 = CARTESIAN_POINT('',(-5.24958455934,-6.340190827173E-02));
#157 = CARTESIAN_POINT('',(-5.28861395056,-1.381599318089E-15));
#158 = ( GEOMETRIC_REPRESENTATION_CONTEXT(2) 
PARAMETRIC_REPRESENTATION_CONTEXT() REPRESENTATION_CONTEXT('2D SPACE',''
  ) );
#159 = ORIENTED_EDGE('',*,*,#160,.F.);
#160 = EDGE_CURVE('',#161,#111,#163,.T.);
#161 = VERTEX_POINT('',#162);
#162 = CARTESIAN_POINT('',(4.5,2.17944947177,58.));
#163 = SURFACE_CURVE('',#164,(#168,#174),.PCURVE_S1.);
#164 = LINE('',#165,#166);
#165 = CARTESIAN_POINT('',(4.5,2.17944947177,56.));
#166 = VECTOR('',#167,1.);
#167 = DIRECTION('',(-0.,-0.,-1.));
#168 = PCURVE('',#41,#169);
#169 = DEFINITIONAL_REPRESENTATION('',(#170),#173);
#170 = B_SPLINE_CURVE_WITH_KNOTS('',1,(#171,#172),.UNSPECIFIED.,.F.,.F.,
  (2,2),(-2.0000006,5.999999999062E-07),.PIECEWISE_BEZIER_KNOTS.);
#171 = CARTESIAN_POINT('',(-0.451026811796,-2.0000006));
#172 = CARTESIAN_POINT('',(-0.451026811796,5.999999999062E-07));
#173 = ( GEOMETRIC_REPRESENTATION_CONTEXT(2) 
PARAMETRIC_REPRESENTATION_CONTEXT() REPRESENTATION_CONTEXT('2D SPACE',''
  ) );
#174 = PCURVE('',#175,#180);
#175 = PLANE('',#176);
#176 = AXIS2_PLACEMENT_3D('',#177,#178,#179);
#177 = CARTESIAN_POINT('',(4.5,-8.546500828371E-17,60.));
#178 = DIRECTION('',(1.,0.,0.));
#179 = DIRECTION('',(-0.,0.,1.));
#180 = DEFINITIONAL_REPRESENTATION('',(#181),#184);
#181 = B_SPLINE_CURVE_WITH_KNOTS('',1,(#182,#183),.UNSPECIFIED.,.F.,.F.,
  (2,2),(-2.0000006,5.999999999062E-07),.PIECEWISE_BEZIER_KNOTS.);
#182 = CARTESIAN_POINT('',(-1.9999994,-2.17944947177));
#183 = CARTESIAN_POINT('',(-4.0000006,-2.17944947177));
#184 = ( GEOMETRIC_REPRESENTATION_CONTEXT(2) 
PARAMETRIC_REPRESENTATION_CONTEXT() REPRESENTATION_CONTEXT('2D SPACE',''
  ) );
#185 = ORIENTED_EDGE('',*,*,#186,.T.);
#186 = EDGE_CURVE('',#161,#187,#189,.T.);
#187 = VERTEX_POINT('',#188);
#188 = CARTESIAN_POINT('',(4.5,-2.17944947177,58.));
#189 = SURFACE_CURVE('',#190,(#195,#202),.PCURVE_S1.);
#190 = CIRCLE('',#191,5.);
#191 = AXIS2_PLACEMENT_3D('',#192,#193,#194);
#192 = CARTESIAN_POINT('',(0.,0.,58.));
#193 = DIRECTION('',(0.,0.,1.));
#194 = DIRECTION('',(1.,0.,0.));
#195 = PCURVE('',#41,#196);
#196 = DEFINITIONAL_REPRESENTATION('',(#197),#201);
#197 = LINE('',#198,#199);
#198 = CARTESIAN_POINT('',(-0.,-2.));
#199 = VECTOR('',#200,1.);
#200 = DIRECTION('',(-1.,0.));
#201 = ( GEOMETRIC_REPRESENTATION_CONTEXT(2) 
PARAMETRIC_REPRESENTATION_CONTEXT() REPRESENTATION_CONTEXT('2D SPACE',''
  ) );
#202 = PCURVE('',#203,#208);
#203 = PLANE('',#204);
#204 = AXIS2_PLACEMENT_3D('',#205,#206,#207);
#205 = CARTESIAN_POINT('',(-7.458764359306E-16,-4.490371596874E-16,58.)
  );
#206 = DIRECTION('',(0.,0.,1.));
#207 = DIRECTION('',(1.,0.,-0.));
#208 = DEFINITIONAL_REPRESENTATION('',(#209),#213);
#209 = CIRCLE('',#210,5.);
#210 = AXIS2_PLACEMENT_2D('',#211,#212);
#211 = CARTESIAN_POINT('',(7.458764359306E-16,4.490371596874E-16));
#212 = DIRECTION('',(1.,0.));
#213 = ( GEOMETRIC_REPRESENTATION_CONTEXT(2) 
PARAMETRIC_REPRESENTATION_CONTEXT() REPRESENTATION_CONTEXT('2D SPACE',''
  ) );
#214 = ORIENTED_EDGE('',*,*,#215,.T.);
#215 = EDGE_CURVE('',#187,#22,#216,.T.);
#216 = SURFACE_CURVE('',#217,(#221,#227),.PCURVE_S1.);
#217 = LINE('',#218,#219);
#218 = CARTESIAN_POINT('',(4.5,-2.17944947177,56.));
#219 = VECTOR('',#220,1.);
#220 = DIRECTION('',(-0.,-0.,-1.));
#221 = PCURVE('',#41,#222);
#222 = DEFINITIONAL_REPRESENTATION('',(#223),#226);
#223 = B_SPLINE_CURVE_WITH_KNOTS('',1,(#224,#225),.UNSPECIFIED.,.F.,.F.,
  (2,2),(-2.0000006,5.999999999062E-07),.PIECEWISE_BEZIER_KNOTS.);
#224 = CARTESIAN_POINT('',(-5.832158495383,-2.0000006));
#225 = CARTESIAN_POINT('',(-5.832158495383,5.999999999062E-07));
#226 = ( GEOMETRIC_REPRESENTATION_CONTEXT(2) 
PARAMETRIC_REPRESENTATION_CONTEXT() REPRESENTATION_CONTEXT('2D SPACE',''
  ) );
#227 = PCURVE('',#228,#233);
#228 = PLANE('',#229);
#229 = AXIS2_PLACEMENT_3D('',#230,#231,#232);
#230 = CARTESIAN_POINT('',(4.5,-8.546500828371E-17,60.));
#231 = DIRECTION('',(1.,0.,0.));
#232 = DIRECTION('',(-0.,0.,1.));
#233 = DEFINITIONAL_REPRESENTATION('',(#234),#237);
#234 = B_SPLINE_CURVE_WITH_KNOTS('',1,(#235,#236),.UNSPECIFIED.,.F.,.F.,
  (2,2),(-2.0000006,5.999999999062E-07),.PIECEWISE_BEZIER_KNOTS.);
#235 = CARTESIAN_POINT('',(-1.9999994,2.17944947177));
#236 = CARTESIAN_POINT('',(-4.0000006,2.17944947177));
#237 = ( GEOMETRIC_REPRESENTATION_CONTEXT(2) 
PARAMETRIC_REPRESENTATION_CONTEXT() REPRESENTATION_CONTEXT('2D SPACE',''
  ) );
#238 = ADVANCED_FACE('',(#239),#62,.T.);
#239 = FACE_BOUND('',#240,.F.);
#240 = EDGE_LOOP('',(#241,#276,#302,#383,#404,#425,#426,#427,#450,#471,
    #551));
#241 = ORIENTED_EDGE('',*,*,#242,.F.);
#242 = EDGE_CURVE('',#243,#245,#247,.T.);
#243 = VERTEX_POINT('',#244);
#244 = CARTESIAN_POINT('',(11.,3.464101615138,62.));
#245 = VERTEX_POINT('',#246);
#246 = CARTESIAN_POINT('',(11.,-3.464101615138,62.));
#247 = SURFACE_CURVE('',#248,(#253,#260),.PCURVE_S1.);
#248 = CIRCLE('',#249,4.);
#249 = AXIS2_PLACEMENT_3D('',#250,#251,#252);
#250 = CARTESIAN_POINT('',(11.,0.,60.));
#251 = DIRECTION('',(-1.,0.,0.));
#252 = DIRECTION('',(0.,0.866025403784,0.5));
#253 = PCURVE('',#62,#254);
#254 = DEFINITIONAL_REPRESENTATION('',(#255),#259);
#255 = LINE('',#256,#257);
#256 = CARTESIAN_POINT('',(-6.806784082778,-6.5));
#257 = VECTOR('',#258,1.);
#258 = DIRECTION('',(1.,-0.));
#259 = ( GEOMETRIC_REPRESENTATION_CONTEXT(2) 
PARAMETRIC_REPRESENTATION_CONTEXT() REPRESENTATION_CONTEXT('2D SPACE',''
  ) );
#260 = PCURVE('',#261,#266);
#261 = PLANE('',#262);
#262 = AXIS2_PLACEMENT_3D('',#263,#264,#265);
#263 = CARTESIAN_POINT('',(11.,-8.546500828371E-17,60.));
#264 = DIRECTION('',(1.,0.,0.));
#265 = DIRECTION('',(-0.,0.,1.));
#266 = DEFINITIONAL_REPRESENTATION('',(#267),#275);
#267 = ( BOUNDED_CURVE() B_SPLINE_CURVE(2,(#268,#269,#270,#271,#272,#273
,#274),.UNSPECIFIED.,.T.,.F.) B_SPLINE_CURVE_WITH_KNOTS((1,2,2,2,2,1),(
    -2.094395102393,0.,2.094395102393,4.188790204786,6.28318530718,
8.377580409573),.UNSPECIFIED.) CURVE() GEOMETRIC_REPRESENTATION_ITEM() 
RATIONAL_B_SPLINE_CURVE((1.,0.5,1.,0.5,1.,0.5,1.)) REPRESENTATION_ITEM(
  '') );
#268 = CARTESIAN_POINT('',(2.,-3.464101615138));
#269 = CARTESIAN_POINT('',(-4.,-6.928203230276));
#270 = CARTESIAN_POINT('',(-4.,-9.18929381021E-15));
#271 = CARTESIAN_POINT('',(-4.,6.928203230275));
#272 = CARTESIAN_POINT('',(2.,3.464101615138));
#273 = CARTESIAN_POINT('',(8.,2.256308469407E-14));
#274 = CARTESIAN_POINT('',(2.,-3.464101615138));
#275 = ( GEOMETRIC_REPRESENTATION_CONTEXT(2) 
PARAMETRIC_REPRESENTATION_CONTEXT() REPRESENTATION_CONTEXT('2D SPACE',''
  ) );
#276 = ORIENTED_EDGE('',*,*,#277,.T.);
#277 = EDGE_CURVE('',#243,#278,#280,.T.);
#278 = VERTEX_POINT('',#279);
#279 = CARTESIAN_POINT('',(10.440306508911,3.464101615138,62.));
#280 = SURFACE_CURVE('',#281,(#285,#291),.PCURVE_S1.);
#281 = LINE('',#282,#283);
#282 = CARTESIAN_POINT('',(4.5,3.464101615138,62.));
#283 = VECTOR('',#284,1.);
#284 = DIRECTION('',(-1.,-0.,-0.));
#285 = PCURVE('',#62,#286);
#286 = DEFINITIONAL_REPRESENTATION('',(#287),#290);
#287 = B_SPLINE_CURVE_WITH_KNOTS('',1,(#288,#289),.UNSPECIFIED.,.F.,.F.,
  (2,2),(-6.5,-5.940306508911),.PIECEWISE_BEZIER_KNOTS.);
#288 = CARTESIAN_POINT('',(-6.806784082778,-6.5));
#289 = CARTESIAN_POINT('',(-6.806784082778,-5.940306508911));
#290 = ( GEOMETRIC_REPRESENTATION_CONTEXT(2) 
PARAMETRIC_REPRESENTATION_CONTEXT() REPRESENTATION_CONTEXT('2D SPACE',''
  ) );
#291 = PCURVE('',#292,#297);
#292 = PLANE('',#293);
#293 = AXIS2_PLACEMENT_3D('',#294,#295,#296);
#294 = CARTESIAN_POINT('',(-6.077511700175E-16,4.807142605466E-16,62.));
#295 = DIRECTION('',(0.,0.,1.));
#296 = DIRECTION('',(1.,0.,-0.));
#297 = DEFINITIONAL_REPRESENTATION('',(#298),#301);
#298 = B_SPLINE_CURVE_WITH_KNOTS('',1,(#299,#300),.UNSPECIFIED.,.F.,.F.,
  (2,2),(-6.5000006,5.999999999062E-07),.PIECEWISE_BEZIER_KNOTS.);
#299 = CARTESIAN_POINT('',(11.0000006,3.464101615138));
#300 = CARTESIAN_POINT('',(4.4999994,3.464101615138));
#301 = ( GEOMETRIC_REPRESENTATION_CONTEXT(2) 
PARAMETRIC_REPRESENTATION_CONTEXT() REPRESENTATION_CONTEXT('2D SPACE',''
  ) );
#302 = ORIENTED_EDGE('',*,*,#303,.F.);
#303 = EDGE_CURVE('',#304,#278,#306,.T.);
#304 = VERTEX_POINT('',#305);
#305 = CARTESIAN_POINT('',(10.440306508911,3.464101615138,58.));
#306 = SURFACE_CURVE('',#307,(#320,#349),.PCURVE_S1.);
#307 = B_SPLINE_CURVE_WITH_KNOTS('',6,(#308,#309,#310,#311,#312,#313,
    #314,#315,#316,#317,#318,#319),.UNSPECIFIED.,.F.,.F.,(7,5,7),(
    3.201391436367E-07,1.,1.99996211916),.UNSPECIFIED.);
#308 = CARTESIAN_POINT('',(10.440306508911,3.464101615138,58.));
#309 = CARTESIAN_POINT('',(10.380468402092,3.64444510546,58.31236408805)
  );
#310 = CARTESIAN_POINT('',(10.328908651633,3.787331976774,
    58.637907169782));
#311 = CARTESIAN_POINT('',(10.288412832264,3.893784665253,
    58.972473605147));
#312 = CARTESIAN_POINT('',(10.260788759427,3.964550741838,
    59.312839273843));
#313 = CARTESIAN_POINT('',(10.24695076596,4.,59.656252143968));
#314 = CARTESIAN_POINT('',(10.24695076596,4.,60.343734944617));
#315 = CARTESIAN_POINT('',(10.260787698985,3.964553479601,
    60.687149762891));
#316 = CARTESIAN_POINT('',(10.288411995177,3.893786737915,
    61.027527884091));
#317 = CARTESIAN_POINT('',(10.328910274038,3.787328393118,
    61.362107391124));
#318 = CARTESIAN_POINT('',(10.380471572199,3.644435551211,
    61.687652460395));
#319 = CARTESIAN_POINT('',(10.440306508911,3.464101615138,62.));
#320 = PCURVE('',#62,#321);
#321 = DEFINITIONAL_REPRESENTATION('',(#322),#348);
#322 = B_SPLINE_CURVE_WITH_KNOTS('',3,(#323,#324,#325,#326,#327,#328,
    #329,#330,#331,#332,#333,#334,#335,#336,#337,#338,#339,#340,#341,
    #342,#343,#344,#345,#346,#347),.UNSPECIFIED.,.F.,.F.,(4,1,1,1,1,1,1,
    1,1,1,1,1,1,1,1,1,1,1,1,1,1,1,4),(3.201391436367E-07,
    9.090767464009E-02,0.181815029141,0.272722383642,0.363629738143,
    0.454537092644,0.545444447145,0.636351801646,0.727259156147,
    0.818166510648,0.909073865149,0.99998121965,1.090888574151,
    1.181795928652,1.272703283152,1.363610637653,1.454517992154,
    1.545425346655,1.636332701156,1.727240055657,1.818147410158,
    1.909054764659,1.99996211916),.QUASI_UNIFORM_KNOTS.);
#323 = CARTESIAN_POINT('',(-5.759586531581,-5.940306508911));
#324 = CARTESIAN_POINT('',(-5.77598092944,-5.929425090303));
#325 = CARTESIAN_POINT('',(-5.808619203548,-5.908353868803));
#326 = CARTESIAN_POINT('',(-5.857171194979,-5.879035110537));
#327 = CARTESIAN_POINT('',(-5.905364555235,-5.852226833951));
#328 = CARTESIAN_POINT('',(-5.953243820741,-5.828119313746));
#329 = CARTESIAN_POINT('',(-6.000852514424,-5.80688217657));
#330 = CARTESIAN_POINT('',(-6.04823318842,-5.788661711146));
#331 = CARTESIAN_POINT('',(-6.095427796289,-5.773581949107));
#332 = CARTESIAN_POINT('',(-6.142477681634,-5.761744708085));
#333 = CARTESIAN_POINT('',(-6.189424572402,-5.753229885324));
#334 = CARTESIAN_POINT('',(-6.23630780114,-5.748095657201));
#335 = CARTESIAN_POINT('',(-6.283175545869,-5.746378674823));
#336 = CARTESIAN_POINT('',(-6.330043757099,-5.748094239703));
#337 = CARTESIAN_POINT('',(-6.376928232826,-5.753227250018));
#338 = CARTESIAN_POINT('',(-6.423877025105,-5.761741206406));
#339 = CARTESIAN_POINT('',(-6.470929308407,-5.77357802754));
#340 = CARTESIAN_POINT('',(-6.51812663707,-5.78865784874));
#341 = CARTESIAN_POINT('',(-6.565510161956,-5.806878819048));
#342 = CARTESIAN_POINT('',(-6.613121626153,-5.828116806639));
#343 = CARTESIAN_POINT('',(-6.66100335332,-5.852225357654));
#344 = CARTESIAN_POINT('',(-6.709198618102,-5.879034618225));
#345 = CARTESIAN_POINT('',(-6.757751690383,-5.908354035545));
#346 = CARTESIAN_POINT('',(-6.790389935391,-5.929425255033));
#347 = CARTESIAN_POINT('',(-6.806784082778,-5.940306508911));
#348 = ( GEOMETRIC_REPRESENTATION_CONTEXT(2) 
PARAMETRIC_REPRESENTATION_CONTEXT() REPRESENTATION_CONTEXT('2D SPACE',''
  ) );
#349 = PCURVE('',#350,#355);
#350 = CYLINDRICAL_SURFACE('',#351,11.);
#351 = AXIS2_PLACEMENT_3D('',#352,#353,#354);
#352 = CARTESIAN_POINT('',(0.,0.,58.));
#353 = DIRECTION('',(-0.,-0.,-1.));
#354 = DIRECTION('',(1.,0.,0.));
#355 = DEFINITIONAL_REPRESENTATION('',(#356),#382);
#356 = B_SPLINE_CURVE_WITH_KNOTS('',3,(#357,#358,#359,#360,#361,#362,
    #363,#364,#365,#366,#367,#368,#369,#370,#371,#372,#373,#374,#375,
    #376,#377,#378,#379,#380,#381),.UNSPECIFIED.,.F.,.F.,(4,1,1,1,1,1,1,
    1,1,1,1,1,1,1,1,1,1,1,1,1,1,1,4),(3.201391436367E-07,
    9.090767464009E-02,0.181815029141,0.272722383642,0.363629738143,
    0.454537092644,0.545444447145,0.636351801646,0.727259156147,
    0.818166510648,0.909073865149,0.99998121965,1.090888574151,
    1.181795928652,1.272703283152,1.363610637653,1.454517992154,
    1.545425346655,1.636332701156,1.727240055657,1.818147410158,
    1.909054764659,1.99996211916),.QUASI_UNIFORM_KNOTS.);
#357 = CARTESIAN_POINT('',(-0.320370603158,-7.105427357601E-15));
#358 = CARTESIAN_POINT('',(-0.323511205663,-5.679410792187E-02));
#359 = CARTESIAN_POINT('',(-0.329505831032,-0.171464930186));
#360 = CARTESIAN_POINT('',(-0.337639135496,-0.346378023698));
#361 = CARTESIAN_POINT('',(-0.344915018265,-0.523849468089));
#362 = CARTESIAN_POINT('',(-0.351334318258,-0.70355717945));
#363 = CARTESIAN_POINT('',(-0.356897670037,-0.885193838689));
#364 = CARTESIAN_POINT('',(-0.361605486127,-1.068467401156));
#365 = CARTESIAN_POINT('',(-0.365457976842,-1.253098627907));
#366 = CARTESIAN_POINT('',(-0.368455147833,-1.438818426472));
#367 = CARTESIAN_POINT('',(-0.370596791551,-1.625368998207));
#368 = CARTESIAN_POINT('',(-0.371882468219,-1.812490016007));
#369 = CARTESIAN_POINT('',(-0.372311478182,-1.999960940226));
#370 = CARTESIAN_POINT('',(-0.371882822705,-2.18743381764));
#371 = CARTESIAN_POINT('',(-0.370597452777,-2.374560061952));
#372 = CARTESIAN_POINT('',(-0.368456031288,-2.561118568152));
#373 = CARTESIAN_POINT('',(-0.365458974132,-2.746848292899));
#374 = CARTESIAN_POINT('',(-0.361606478767,-2.931490652375));
#375 = CARTESIAN_POINT('',(-0.356898544431,-3.114775702576));
#376 = CARTESIAN_POINT('',(-0.35133498189,-3.296423311918));
#377 = CARTESIAN_POINT('',(-0.344915416899,-3.476140521648));
#378 = CARTESIAN_POINT('',(-0.337639272379,-3.653619102241));
#379 = CARTESIAN_POINT('',(-0.329505784569,-3.828536077564));
#380 = CARTESIAN_POINT('',(-0.323511159113,-3.943206773516));
#381 = CARTESIAN_POINT('',(-0.320370603158,-4.));
#382 = ( GEOMETRIC_REPRESENTATION_CONTEXT(2) 
PARAMETRIC_REPRESENTATION_CONTEXT() REPRESENTATION_CONTEXT('2D SPACE',''
  ) );
#383 = ORIENTED_EDGE('',*,*,#384,.T.);
#384 = EDGE_CURVE('',#304,#385,#387,.T.);
#385 = VERTEX_POINT('',#386);
#386 = CARTESIAN_POINT('',(4.5,3.464101615138,58.));
#387 = SURFACE_CURVE('',#388,(#392,#398),.PCURVE_S1.);
#388 = LINE('',#389,#390);
#389 = CARTESIAN_POINT('',(4.5,3.464101615138,58.));
#390 = VECTOR('',#391,1.);
#391 = DIRECTION('',(-1.,-0.,-0.));
#392 = PCURVE('',#62,#393);
#393 = DEFINITIONAL_REPRESENTATION('',(#394),#397);
#394 = B_SPLINE_CURVE_WITH_KNOTS('',1,(#395,#396),.UNSPECIFIED.,.F.,.F.,
  (2,2),(-5.940306508911,-0.),.PIECEWISE_BEZIER_KNOTS.);
#395 = CARTESIAN_POINT('',(-5.759586531581,-5.940306508911));
#396 = CARTESIAN_POINT('',(-5.759586531581,0.));
#397 = ( GEOMETRIC_REPRESENTATION_CONTEXT(2) 
PARAMETRIC_REPRESENTATION_CONTEXT() REPRESENTATION_CONTEXT('2D SPACE',''
  ) );
#398 = PCURVE('',#203,#399);
#399 = DEFINITIONAL_REPRESENTATION('',(#400),#403);
#400 = B_SPLINE_CURVE_WITH_KNOTS('',1,(#401,#402),.UNSPECIFIED.,.F.,.F.,
  (2,2),(-6.5000006,5.999999999062E-07),.PIECEWISE_BEZIER_KNOTS.);
#401 = CARTESIAN_POINT('',(11.0000006,3.464101615138));
#402 = CARTESIAN_POINT('',(4.4999994,3.464101615138));
#403 = ( GEOMETRIC_REPRESENTATION_CONTEXT(2) 
PARAMETRIC_REPRESENTATION_CONTEXT() REPRESENTATION_CONTEXT('2D SPACE',''
  ) );
#404 = ORIENTED_EDGE('',*,*,#405,.F.);
#405 = EDGE_CURVE('',#111,#385,#406,.T.);
#406 = SURFACE_CURVE('',#407,(#412,#418),.PCURVE_S1.);
#407 = CIRCLE('',#408,4.);
#408 = AXIS2_PLACEMENT_3D('',#409,#410,#411);
#409 = CARTESIAN_POINT('',(4.5,0.,60.));
#410 = DIRECTION('',(1.,0.,0.));
#411 = DIRECTION('',(0.,1.,0.));
#412 = PCURVE('',#62,#413);
#413 = DEFINITIONAL_REPRESENTATION('',(#414),#417);
#414 = B_SPLINE_CURVE_WITH_KNOTS('',1,(#415,#416),.UNSPECIFIED.,.F.,.F.,
  (2,2),(5.28861395056,5.759586531581),.PIECEWISE_BEZIER_KNOTS.);
#415 = CARTESIAN_POINT('',(-5.28861395056,0.));
#416 = CARTESIAN_POINT('',(-5.759586531581,0.));
#417 = ( GEOMETRIC_REPRESENTATION_CONTEXT(2) 
PARAMETRIC_REPRESENTATION_CONTEXT() REPRESENTATION_CONTEXT('2D SPACE',''
  ) );
#418 = PCURVE('',#175,#419);
#419 = DEFINITIONAL_REPRESENTATION('',(#420),#424);
#420 = CIRCLE('',#421,4.);
#421 = AXIS2_PLACEMENT_2D('',#422,#423);
#422 = CARTESIAN_POINT('',(-7.105427357601E-15,-8.546500828371E-17));
#423 = DIRECTION('',(0.,-1.));
#424 = ( GEOMETRIC_REPRESENTATION_CONTEXT(2) 
PARAMETRIC_REPRESENTATION_CONTEXT() REPRESENTATION_CONTEXT('2D SPACE',''
  ) );
#425 = ORIENTED_EDGE('',*,*,#110,.F.);
#426 = ORIENTED_EDGE('',*,*,#21,.F.);
#427 = ORIENTED_EDGE('',*,*,#428,.F.);
#428 = EDGE_CURVE('',#429,#22,#431,.T.);
#429 = VERTEX_POINT('',#430);
#430 = CARTESIAN_POINT('',(4.5,-3.464101615138,58.));
#431 = SURFACE_CURVE('',#432,(#437,#443),.PCURVE_S1.);
#432 = CIRCLE('',#433,4.);
#433 = AXIS2_PLACEMENT_3D('',#434,#435,#436);
#434 = CARTESIAN_POINT('',(4.5,0.,60.));
#435 = DIRECTION('',(1.,0.,0.));
#436 = DIRECTION('',(0.,1.,0.));
#437 = PCURVE('',#62,#438);
#438 = DEFINITIONAL_REPRESENTATION('',(#439),#442);
#439 = B_SPLINE_CURVE_WITH_KNOTS('',1,(#440,#441),.UNSPECIFIED.,.F.,.F.,
  (2,2),(3.665191429188,4.136164010209),.PIECEWISE_BEZIER_KNOTS.);
#440 = CARTESIAN_POINT('',(-3.665191429188,0.));
#441 = CARTESIAN_POINT('',(-4.136164010209,0.));
#442 = ( GEOMETRIC_REPRESENTATION_CONTEXT(2) 
PARAMETRIC_REPRESENTATION_CONTEXT() REPRESENTATION_CONTEXT('2D SPACE',''
  ) );
#443 = PCURVE('',#228,#444);
#444 = DEFINITIONAL_REPRESENTATION('',(#445),#449);
#445 = CIRCLE('',#446,4.);
#446 = AXIS2_PLACEMENT_2D('',#447,#448);
#447 = CARTESIAN_POINT('',(-7.105427357601E-15,-8.546500828371E-17));
#448 = DIRECTION('',(0.,-1.));
#449 = ( GEOMETRIC_REPRESENTATION_CONTEXT(2) 
PARAMETRIC_REPRESENTATION_CONTEXT() REPRESENTATION_CONTEXT('2D SPACE',''
  ) );
#450 = ORIENTED_EDGE('',*,*,#451,.F.);
#451 = EDGE_CURVE('',#452,#429,#454,.T.);
#452 = VERTEX_POINT('',#453);
#453 = CARTESIAN_POINT('',(10.440306508911,-3.464101615138,58.));
#454 = SURFACE_CURVE('',#455,(#459,#465),.PCURVE_S1.);
#455 = LINE('',#456,#457);
#456 = CARTESIAN_POINT('',(4.5,-3.464101615138,58.));
#457 = VECTOR('',#458,1.);
#458 = DIRECTION('',(-1.,-0.,-0.));
#459 = PCURVE('',#62,#460);
#460 = DEFINITIONAL_REPRESENTATION('',(#461),#464);
#461 = B_SPLINE_CURVE_WITH_KNOTS('',1,(#462,#463),.UNSPECIFIED.,.F.,.F.,
  (2,2),(-5.940306508911,0.),.PIECEWISE_BEZIER_KNOTS.);
#462 = CARTESIAN_POINT('',(-3.665191429188,-5.940306508911));
#463 = CARTESIAN_POINT('',(-3.665191429188,0.));
#464 = ( GEOMETRIC_REPRESENTATION_CONTEXT(2) 
PARAMETRIC_REPRESENTATION_CONTEXT() REPRESENTATION_CONTEXT('2D SPACE',''
  ) );
#465 = PCURVE('',#203,#466);
#466 = DEFINITIONAL_REPRESENTATION('',(#467),#470);
#467 = B_SPLINE_CURVE_WITH_KNOTS('',1,(#468,#469),.UNSPECIFIED.,.F.,.F.,
  (2,2),(-6.5000006,5.999999999062E-07),.PIECEWISE_BEZIER_KNOTS.);
#468 = CARTESIAN_POINT('',(11.0000006,-3.464101615138));
#469 = CARTESIAN_POINT('',(4.4999994,-3.464101615138));
#470 = ( GEOMETRIC_REPRESENTATION_CONTEXT(2) 
PARAMETRIC_REPRESENTATION_CONTEXT() REPRESENTATION_CONTEXT('2D SPACE',''
  ) );
#471 = ORIENTED_EDGE('',*,*,#472,.F.);
#472 = EDGE_CURVE('',#473,#452,#475,.T.);
#473 = VERTEX_POINT('',#474);
#474 = CARTESIAN_POINT('',(10.440306508911,-3.464101615138,62.));
#475 = SURFACE_CURVE('',#476,(#499,#525),.PCURVE_S1.);
#476 = B_SPLINE_CURVE_WITH_KNOTS('',5,(#477,#478,#479,#480,#481,#482,
    #483,#484,#485,#486,#487,#488,#489,#490,#491,#492,#493,#494,#495,
    #496,#497,#498),.UNSPECIFIED.,.F.,.F.,(6,4,4,4,4,6),(0.,
    0.10163945755,0.500033244783,0.816504026899,0.900319904236,1.),
  .UNSPECIFIED.);
#477 = CARTESIAN_POINT('',(10.44030662385,-3.464101268728,62.0000006));
#478 = CARTESIAN_POINT('',(10.425706584656,-3.508103702282,
    61.923786179912));
#479 = CARTESIAN_POINT('',(10.411623954194,-3.54977121681,
    61.846775573185));
#480 = CARTESIAN_POINT('',(10.398103585575,-3.589127560201,
    61.769032190796));
#481 = CARTESIAN_POINT('',(10.385185923316,-3.626192838397,
    61.690615891047));
#482 = CARTESIAN_POINT('',(10.324777610005,-3.797351712391,
    61.301799538334));
#483 = CARTESIAN_POINT('',(10.28643274644,-3.898856610313,
    60.982356090439));
#484 = CARTESIAN_POINT('',(10.260120880281,-3.966261879452,60.6569794896
    ));
#485 = CARTESIAN_POINT('',(10.24695076596,-4.,60.32857536605));
#486 = CARTESIAN_POINT('',(10.24695076596,-4.,59.738990650933));
#487 = CARTESIAN_POINT('',(10.255261253953,-3.978710625355,
    59.478033239628));
#488 = CARTESIAN_POINT('',(10.27187572,-3.93614908509,59.218602829129));
#489 = CARTESIAN_POINT('',(10.296344160408,-3.872160686921,
    58.962192459568));
#490 = CARTESIAN_POINT('',(10.336085164938,-3.76376511724,
    58.643891832715));
#491 = CARTESIAN_POINT('',(10.344894713378,-3.73954370222,
    58.577571897827));
#492 = CARTESIAN_POINT('',(10.354176114146,-3.713791338456,
    58.511610867617));
#493 = CARTESIAN_POINT('',(10.363911025725,-3.686500148858,
    58.446039627867));
#494 = CARTESIAN_POINT('',(10.3861717475,-3.623362941793,58.303409118931
    ));
#495 = CARTESIAN_POINT('',(10.39887703167,-3.586875404577,
    58.226524739704));
#496 = CARTESIAN_POINT('',(10.412160791761,-3.54818253301,
    58.150290058814));
#497 = CARTESIAN_POINT('',(10.425984771097,-3.507265288066,
    58.074761644649));
#498 = CARTESIAN_POINT('',(10.44030662385,-3.464101268728,57.9999994));
#499 = PCURVE('',#62,#500);
#500 = DEFINITIONAL_REPRESENTATION('',(#501),#524);
#501 = B_SPLINE_CURVE_WITH_KNOTS('',5,(#502,#503,#504,#505,#506,#507,
    #508,#509,#510,#511,#512,#513,#514,#515,#516,#517,#518,#519,#520,
    #521,#522,#523),.UNSPECIFIED.,.F.,.F.,(6,4,4,4,4,6),(
    1.60031848219E-07,0.10163945755,0.500033244783,0.816504026899,
    0.900319904236,0.999999840005),.UNSPECIFIED.);
#502 = CARTESIAN_POINT('',(-2.617993877991,-5.940306508911));
#503 = CARTESIAN_POINT('',(-2.639995052775,-5.925706495963));
#504 = CARTESIAN_POINT('',(-2.66187676996,-5.911623890331));
#505 = CARTESIAN_POINT('',(-2.683650344752,-5.898103544897));
#506 = CARTESIAN_POINT('',(-2.705326247594,-5.885185903983));
#507 = CARTESIAN_POINT('',(-2.811531650224,-5.824777610005));
#508 = CARTESIAN_POINT('',(-2.894848271785,-5.78643274644));
#509 = CARTESIAN_POINT('',(-2.977348029217,-5.760120880281));
#510 = CARTESIAN_POINT('',(-3.059448812077,-5.74695076596));
#511 = CARTESIAN_POINT('',(-3.206844990856,-5.74695076596));
#512 = CARTESIAN_POINT('',(-3.272084304283,-5.755261253953));
#513 = CARTESIAN_POINT('',(-3.337520874317,-5.77187572));
#514 = CARTESIAN_POINT('',(-3.40335834872,-5.796344160408));
#515 = CARTESIAN_POINT('',(-3.487421155813,-5.836085164938));
#516 = CARTESIAN_POINT('',(-3.505068066946,-5.844894713378));
#517 = CARTESIAN_POINT('',(-3.522764759694,-5.854176114146));
#518 = CARTESIAN_POINT('',(-3.540516317526,-5.863911025725));
#519 = CARTESIAN_POINT('',(-3.579511290413,-5.88617172809));
#520 = CARTESIAN_POINT('',(-3.60077967635,-5.898876990884));
#521 = CARTESIAN_POINT('',(-3.622142434555,-5.912160727796));
#522 = CARTESIAN_POINT('',(-3.643609461372,-5.925984682343));
#523 = CARTESIAN_POINT('',(-3.665191429188,-5.940306508911));
#524 = ( GEOMETRIC_REPRESENTATION_CONTEXT(2) 
PARAMETRIC_REPRESENTATION_CONTEXT() REPRESENTATION_CONTEXT('2D SPACE',''
  ) );
#525 = PCURVE('',#350,#526);
#526 = DEFINITIONAL_REPRESENTATION('',(#527),#550);
#527 = B_SPLINE_CURVE_WITH_KNOTS('',5,(#528,#529,#530,#531,#532,#533,
    #534,#535,#536,#537,#538,#539,#540,#541,#542,#543,#544,#545,#546,
    #547,#548,#549),.UNSPECIFIED.,.F.,.F.,(6,4,4,4,4,6),(0.,
    0.10163945755,0.500033244783,0.816504026899,0.900319904236,1.),
  .UNSPECIFIED.);
#528 = CARTESIAN_POINT('',(-5.962814737202,-4.0000006));
#529 = CARTESIAN_POINT('',(-5.958600068501,-3.923786179912));
#530 = CARTESIAN_POINT('',(-5.954601675415,-3.846775573185));
#531 = CARTESIAN_POINT('',(-5.950818646277,-3.769032190796));
#532 = CARTESIAN_POINT('',(-5.94725032976,-3.690615891047));
#533 = CARTESIAN_POINT('',(-5.930749760157,-3.301799538334));
#534 = CARTESIAN_POINT('',(-5.920887814542,-2.982356090439));
#535 = CARTESIAN_POINT('',(-5.914309136464,-2.6569794896));
#536 = CARTESIAN_POINT('',(-5.911016773219,-2.32857536605));
#537 = CARTESIAN_POINT('',(-5.911016773219,-1.738990650933));
#538 = CARTESIAN_POINT('',(-5.913094368839,-1.478033239628));
#539 = CARTESIAN_POINT('',(-5.91724810241,-1.218602829129));
#540 = CARTESIAN_POINT('',(-5.923475457381,-0.962192459568));
#541 = CARTESIAN_POINT('',(-5.933971008176,-0.643891832715));
#542 = CARTESIAN_POINT('',(-5.936314067293,-0.577571897827));
#543 = CARTESIAN_POINT('',(-5.938802584014,-0.511610867617));
#544 = CARTESIAN_POINT('',(-5.941436700099,-0.446039627867));
#545 = CARTESIAN_POINT('',(-5.947522754236,-0.303409118931));
#546 = CARTESIAN_POINT('',(-5.951035121685,-0.226524739704));
#547 = CARTESIAN_POINT('',(-5.954754121959,-0.150290058814));
#548 = CARTESIAN_POINT('',(-5.958680374018,-7.476164464893E-02));
#549 = CARTESIAN_POINT('',(-5.962814737202,5.999999999062E-07));
#550 = ( GEOMETRIC_REPRESENTATION_CONTEXT(2) 
PARAMETRIC_REPRESENTATION_CONTEXT() REPRESENTATION_CONTEXT('2D SPACE',''
  ) );
#551 = ORIENTED_EDGE('',*,*,#552,.F.);
#552 = EDGE_CURVE('',#245,#473,#553,.T.);
#553 = SURFACE_CURVE('',#554,(#558,#564),.PCURVE_S1.);
#554 = LINE('',#555,#556);
#555 = CARTESIAN_POINT('',(4.5,-3.464101615138,62.));
#556 = VECTOR('',#557,1.);
#557 = DIRECTION('',(-1.,-0.,-0.));
#558 = PCURVE('',#62,#559);
#559 = DEFINITIONAL_REPRESENTATION('',(#560),#563);
#560 = B_SPLINE_CURVE_WITH_KNOTS('',1,(#561,#562),.UNSPECIFIED.,.F.,.F.,
  (2,2),(-6.5,-5.940306508911),.PIECEWISE_BEZIER_KNOTS.);
#561 = CARTESIAN_POINT('',(-2.617993877991,-6.5));
#562 = CARTESIAN_POINT('',(-2.617993877991,-5.940306508911));
#563 = ( GEOMETRIC_REPRESENTATION_CONTEXT(2) 
PARAMETRIC_REPRESENTATION_CONTEXT() REPRESENTATION_CONTEXT('2D SPACE',''
  ) );
#564 = PCURVE('',#292,#565);
#565 = DEFINITIONAL_REPRESENTATION('',(#566),#569);
#566 = B_SPLINE_CURVE_WITH_KNOTS('',1,(#567,#568),.UNSPECIFIED.,.F.,.F.,
  (2,2),(-6.5000006,5.999999999062E-07),.PIECEWISE_BEZIER_KNOTS.);
#567 = CARTESIAN_POINT('',(11.0000006,-3.464101615138));
#568 = CARTESIAN_POINT('',(4.4999994,-3.464101615138));
#569 = ( GEOMETRIC_REPRESENTATION_CONTEXT(2) 
PARAMETRIC_REPRESENTATION_CONTEXT() REPRESENTATION_CONTEXT('2D SPACE',''
  ) );
#570 = ADVANCED_FACE('',(#571),#228,.F.);
#571 = FACE_BOUND('',#572,.F.);
#572 = EDGE_LOOP('',(#573,#592,#593));
#573 = ORIENTED_EDGE('',*,*,#574,.F.);
#574 = EDGE_CURVE('',#429,#187,#575,.T.);
#575 = SURFACE_CURVE('',#576,(#580,#586),.PCURVE_S1.);
#576 = LINE('',#577,#578);
#577 = CARTESIAN_POINT('',(4.5,-2.672510839855E-16,58.));
#578 = VECTOR('',#579,1.);
#579 = DIRECTION('',(0.,1.,0.));
#580 = PCURVE('',#228,#581);
#581 = DEFINITIONAL_REPRESENTATION('',(#582),#585);
#582 = B_SPLINE_CURVE_WITH_KNOTS('',1,(#583,#584),.UNSPECIFIED.,.F.,.F.,
  (2,2),(-4.,4.),.PIECEWISE_BEZIER_KNOTS.);
#583 = CARTESIAN_POINT('',(-2.,4.));
#584 = CARTESIAN_POINT('',(-2.,-4.));
#585 = ( GEOMETRIC_REPRESENTATION_CONTEXT(2) 
PARAMETRIC_REPRESENTATION_CONTEXT() REPRESENTATION_CONTEXT('2D SPACE',''
  ) );
#586 = PCURVE('',#203,#587);
#587 = DEFINITIONAL_REPRESENTATION('',(#588),#591);
#588 = B_SPLINE_CURVE_WITH_KNOTS('',1,(#589,#590),.UNSPECIFIED.,.F.,.F.,
  (2,2),(-4.,4.),.PIECEWISE_BEZIER_KNOTS.);
#589 = CARTESIAN_POINT('',(4.5,-4.));
#590 = CARTESIAN_POINT('',(4.5,4.));
#591 = ( GEOMETRIC_REPRESENTATION_CONTEXT(2) 
PARAMETRIC_REPRESENTATION_CONTEXT() REPRESENTATION_CONTEXT('2D SPACE',''
  ) );
#592 = ORIENTED_EDGE('',*,*,#428,.T.);
#593 = ORIENTED_EDGE('',*,*,#215,.F.);
#594 = ADVANCED_FACE('',(#595),#203,.F.);
#595 = FACE_BOUND('',#596,.F.);
#596 = EDGE_LOOP('',(#597,#598,#620,#621,#622,#623));
#597 = ORIENTED_EDGE('',*,*,#384,.F.);
#598 = ORIENTED_EDGE('',*,*,#599,.T.);
#599 = EDGE_CURVE('',#304,#452,#600,.T.);
#600 = SURFACE_CURVE('',#601,(#606,#613),.PCURVE_S1.);
#601 = CIRCLE('',#602,11.);
#602 = AXIS2_PLACEMENT_3D('',#603,#604,#605);
#603 = CARTESIAN_POINT('',(0.,0.,58.));
#604 = DIRECTION('',(0.,0.,1.));
#605 = DIRECTION('',(1.,0.,0.));
#606 = PCURVE('',#203,#607);
#607 = DEFINITIONAL_REPRESENTATION('',(#608),#612);
#608 = CIRCLE('',#609,11.);
#609 = AXIS2_PLACEMENT_2D('',#610,#611);
#610 = CARTESIAN_POINT('',(7.458764359306E-16,4.490371596874E-16));
#611 = DIRECTION('',(1.,0.));
#612 = ( GEOMETRIC_REPRESENTATION_CONTEXT(2) 
PARAMETRIC_REPRESENTATION_CONTEXT() REPRESENTATION_CONTEXT('2D SPACE',''
  ) );
#613 = PCURVE('',#350,#614);
#614 = DEFINITIONAL_REPRESENTATION('',(#615),#619);
#615 = LINE('',#616,#617);
#616 = CARTESIAN_POINT('',(-0.,0.));
#617 = VECTOR('',#618,1.);
#618 = DIRECTION('',(-1.,0.));
#619 = ( GEOMETRIC_REPRESENTATION_CONTEXT(2) 
PARAMETRIC_REPRESENTATION_CONTEXT() REPRESENTATION_CONTEXT('2D SPACE',''
  ) );
#620 = ORIENTED_EDGE('',*,*,#451,.T.);
#621 = ORIENTED_EDGE('',*,*,#574,.T.);
#622 = ORIENTED_EDGE('',*,*,#186,.F.);
#623 = ORIENTED_EDGE('',*,*,#624,.T.);
#624 = EDGE_CURVE('',#161,#385,#625,.T.);
#625 = SURFACE_CURVE('',#626,(#630,#636),.PCURVE_S1.);
#626 = LINE('',#627,#628);
#627 = CARTESIAN_POINT('',(4.5,-2.672510839855E-16,58.));
#628 = VECTOR('',#629,1.);
#629 = DIRECTION('',(0.,1.,0.));
#630 = PCURVE('',#203,#631);
#631 = DEFINITIONAL_REPRESENTATION('',(#632),#635);
#632 = B_SPLINE_CURVE_WITH_KNOTS('',1,(#633,#634),.UNSPECIFIED.,.F.,.F.,
  (2,2),(-4.,4.),.PIECEWISE_BEZIER_KNOTS.);
#633 = CARTESIAN_POINT('',(4.5,-4.));
#634 = CARTESIAN_POINT('',(4.5,4.));
#635 = ( GEOMETRIC_REPRESENTATION_CONTEXT(2) 
PARAMETRIC_REPRESENTATION_CONTEXT() REPRESENTATION_CONTEXT('2D SPACE',''
  ) );
#636 = PCURVE('',#175,#637);
#637 = DEFINITIONAL_REPRESENTATION('',(#638),#641);
#638 = B_SPLINE_CURVE_WITH_KNOTS('',1,(#639,#640),.UNSPECIFIED.,.F.,.F.,
  (2,2),(-4.,4.),.PIECEWISE_BEZIER_KNOTS.);
#639 = CARTESIAN_POINT('',(-2.,4.));
#640 = CARTESIAN_POINT('',(-2.,-4.));
#641 = ( GEOMETRIC_REPRESENTATION_CONTEXT(2) 
PARAMETRIC_REPRESENTATION_CONTEXT() REPRESENTATION_CONTEXT('2D SPACE',''
  ) );
#642 = ADVANCED_FACE('',(#643),#175,.F.);
#643 = FACE_BOUND('',#644,.F.);
#644 = EDGE_LOOP('',(#645,#646,#647));
#645 = ORIENTED_EDGE('',*,*,#405,.T.);
#646 = ORIENTED_EDGE('',*,*,#624,.F.);
#647 = ORIENTED_EDGE('',*,*,#160,.T.);
#648 = ADVANCED_FACE('',(#649,#652),#98,.F.);
#649 = FACE_BOUND('',#650,.F.);
#650 = EDGE_LOOP('',(#651));
#651 = ORIENTED_EDGE('',*,*,#83,.T.);
#652 = FACE_BOUND('',#653,.F.);
#653 = EDGE_LOOP('',(#654));
#654 = ORIENTED_EDGE('',*,*,#655,.T.);
#655 = EDGE_CURVE('',#656,#656,#658,.T.);
#656 = VERTEX_POINT('',#657);
#657 = CARTESIAN_POINT('',(2.55,0.,56.));
#658 = SURFACE_CURVE('',#659,(#664,#675),.PCURVE_S1.);
#659 = CIRCLE('',#660,2.55);
#660 = AXIS2_PLACEMENT_3D('',#661,#662,#663);
#661 = CARTESIAN_POINT('',(0.,0.,56.));
#662 = DIRECTION('',(0.,0.,-1.));
#663 = DIRECTION('',(1.,0.,0.));
#664 = PCURVE('',#98,#665);
#665 = DEFINITIONAL_REPRESENTATION('',(#666),#674);
#666 = ( BOUNDED_CURVE() B_SPLINE_CURVE(2,(#667,#668,#669,#670,#671,#672
,#673),.UNSPECIFIED.,.T.,.F.) B_SPLINE_CURVE_WITH_KNOTS((1,2,2,2,2,1),(
    -2.094395102393,0.,2.094395102393,4.188790204786,6.28318530718,
8.377580409573),.UNSPECIFIED.) CURVE() GEOMETRIC_REPRESENTATION_ITEM() 
RATIONAL_B_SPLINE_CURVE((1.,0.5,1.,0.5,1.,0.5,1.)) REPRESENTATION_ITEM(
  '') );
#667 = CARTESIAN_POINT('',(2.55,-3.428682531579E-16));
#668 = CARTESIAN_POINT('',(2.55,-4.416729559301));
#669 = CARTESIAN_POINT('',(-1.275,-2.20836477965));
#670 = CARTESIAN_POINT('',(-5.1,-9.67438120723E-16));
#671 = CARTESIAN_POINT('',(-1.275,2.20836477965));
#672 = CARTESIAN_POINT('',(2.55,4.416729559301));
#673 = CARTESIAN_POINT('',(2.55,-3.428682531579E-16));
#674 = ( GEOMETRIC_REPRESENTATION_CONTEXT(2) 
PARAMETRIC_REPRESENTATION_CONTEXT() REPRESENTATION_CONTEXT('2D SPACE',''
  ) );
#675 = PCURVE('',#676,#681);
#676 = CYLINDRICAL_SURFACE('',#677,2.55);
#677 = AXIS2_PLACEMENT_3D('',#678,#679,#680);
#678 = CARTESIAN_POINT('',(0.,0.,55.));
#679 = DIRECTION('',(-0.,-0.,-1.));
#680 = DIRECTION('',(1.,0.,0.));
#681 = DEFINITIONAL_REPRESENTATION('',(#682),#686);
#682 = LINE('',#683,#684);
#683 = CARTESIAN_POINT('',(-6.28318530718,-1.));
#684 = VECTOR('',#685,1.);
#685 = DIRECTION('',(1.,-0.));
#686 = ( GEOMETRIC_REPRESENTATION_CONTEXT(2) 
PARAMETRIC_REPRESENTATION_CONTEXT() REPRESENTATION_CONTEXT('2D SPACE',''
  ) );
#687 = ADVANCED_FACE('',(#688),#261,.T.);
#688 = FACE_BOUND('',#689,.T.);
#689 = EDGE_LOOP('',(#690,#711,#712,#733));
#690 = ORIENTED_EDGE('',*,*,#691,.F.);
#691 = EDGE_CURVE('',#245,#692,#694,.T.);
#692 = VERTEX_POINT('',#693);
#693 = CARTESIAN_POINT('',(11.,-1.13578166916,62.));
#694 = SURFACE_CURVE('',#695,(#699,#705),.PCURVE_S1.);
#695 = LINE('',#696,#697);
#696 = CARTESIAN_POINT('',(11.,1.976246261315E-16,62.));
#697 = VECTOR('',#698,1.);
#698 = DIRECTION('',(0.,1.,0.));
#699 = PCURVE('',#261,#700);
#700 = DEFINITIONAL_REPRESENTATION('',(#701),#704);
#701 = B_SPLINE_CURVE_WITH_KNOTS('',1,(#702,#703),.UNSPECIFIED.,.F.,.F.,
  (2,2),(-4.,4.),.PIECEWISE_BEZIER_KNOTS.);
#702 = CARTESIAN_POINT('',(2.,4.));
#703 = CARTESIAN_POINT('',(2.,-4.));
#704 = ( GEOMETRIC_REPRESENTATION_CONTEXT(2) 
PARAMETRIC_REPRESENTATION_CONTEXT() REPRESENTATION_CONTEXT('2D SPACE',''
  ) );
#705 = PCURVE('',#292,#706);
#706 = DEFINITIONAL_REPRESENTATION('',(#707),#710);
#707 = B_SPLINE_CURVE_WITH_KNOTS('',1,(#708,#709),.UNSPECIFIED.,.F.,.F.,
  (2,2),(-4.,4.),.PIECEWISE_BEZIER_KNOTS.);
#708 = CARTESIAN_POINT('',(11.,-4.));
#709 = CARTESIAN_POINT('',(11.,4.));
#710 = ( GEOMETRIC_REPRESENTATION_CONTEXT(2) 
PARAMETRIC_REPRESENTATION_CONTEXT() REPRESENTATION_CONTEXT('2D SPACE',''
  ) );
#711 = ORIENTED_EDGE('',*,*,#242,.F.);
#712 = ORIENTED_EDGE('',*,*,#713,.F.);
#713 = EDGE_CURVE('',#714,#243,#716,.T.);
#714 = VERTEX_POINT('',#715);
#715 = CARTESIAN_POINT('',(11.,1.13578166916,62.));
#716 = SURFACE_CURVE('',#717,(#721,#727),.PCURVE_S1.);
#717 = LINE('',#718,#719);
#718 = CARTESIAN_POINT('',(11.,1.976246261315E-16,62.));
#719 = VECTOR('',#720,1.);
#720 = DIRECTION('',(0.,1.,0.));
#721 = PCURVE('',#261,#722);
#722 = DEFINITIONAL_REPRESENTATION('',(#723),#726);
#723 = B_SPLINE_CURVE_WITH_KNOTS('',1,(#724,#725),.UNSPECIFIED.,.F.,.F.,
  (2,2),(-4.,4.),.PIECEWISE_BEZIER_KNOTS.);
#724 = CARTESIAN_POINT('',(2.,4.));
#725 = CARTESIAN_POINT('',(2.,-4.));
#726 = ( GEOMETRIC_REPRESENTATION_CONTEXT(2) 
PARAMETRIC_REPRESENTATION_CONTEXT() REPRESENTATION_CONTEXT('2D SPACE',''
  ) );
#727 = PCURVE('',#292,#728);
#728 = DEFINITIONAL_REPRESENTATION('',(#729),#732);
#729 = B_SPLINE_CURVE_WITH_KNOTS('',1,(#730,#731),.UNSPECIFIED.,.F.,.F.,
  (2,2),(-4.,4.),.PIECEWISE_BEZIER_KNOTS.);
#730 = CARTESIAN_POINT('',(11.,-4.));
#731 = CARTESIAN_POINT('',(11.,4.));
#732 = ( GEOMETRIC_REPRESENTATION_CONTEXT(2) 
PARAMETRIC_REPRESENTATION_CONTEXT() REPRESENTATION_CONTEXT('2D SPACE',''
  ) );
#733 = ORIENTED_EDGE('',*,*,#734,.F.);
#734 = EDGE_CURVE('',#692,#714,#735,.T.);
#735 = SURFACE_CURVE('',#736,(#741,#748),.PCURVE_S1.);
#736 = CIRCLE('',#737,2.3);
#737 = AXIS2_PLACEMENT_3D('',#738,#739,#740);
#738 = CARTESIAN_POINT('',(11.,0.,60.));
#739 = DIRECTION('',(1.,0.,0.));
#740 = DIRECTION('',(-0.,0.,1.));
#741 = PCURVE('',#261,#742);
#742 = DEFINITIONAL_REPRESENTATION('',(#743),#747);
#743 = CIRCLE('',#744,2.3);
#744 = AXIS2_PLACEMENT_2D('',#745,#746);
#745 = CARTESIAN_POINT('',(-7.105427357601E-15,-8.546500828371E-17));
#746 = DIRECTION('',(1.,0.));
#747 = ( GEOMETRIC_REPRESENTATION_CONTEXT(2) 
PARAMETRIC_REPRESENTATION_CONTEXT() REPRESENTATION_CONTEXT('2D SPACE',''
  ) );
#748 = PCURVE('',#749,#754);
#749 = CONICAL_SURFACE('',#750,2.,0.785398163397);
#750 = AXIS2_PLACEMENT_3D('',#751,#752,#753);
#751 = CARTESIAN_POINT('',(10.7,0.,60.));
#752 = DIRECTION('',(1.,0.,0.));
#753 = DIRECTION('',(-0.,0.,1.));
#754 = DEFINITIONAL_REPRESENTATION('',(#755),#759);
#755 = LINE('',#756,#757);
#756 = CARTESIAN_POINT('',(0.,0.3));
#757 = VECTOR('',#758,1.);
#758 = DIRECTION('',(1.,0.));
#759 = ( GEOMETRIC_REPRESENTATION_CONTEXT(2) 
PARAMETRIC_REPRESENTATION_CONTEXT() REPRESENTATION_CONTEXT('2D SPACE',''
  ) );
#760 = ADVANCED_FACE('',(#761,#792,#827,#862,#941),#292,.F.);
#761 = FACE_BOUND('',#762,.F.);
#762 = EDGE_LOOP('',(#763));
#763 = ORIENTED_EDGE('',*,*,#764,.T.);
#764 = EDGE_CURVE('',#765,#765,#767,.T.);
#765 = VERTEX_POINT('',#766);
#766 = CARTESIAN_POINT('',(18.,0.,62.));
#767 = SURFACE_CURVE('',#768,(#773,#780),.PCURVE_S1.);
#768 = CIRCLE('',#769,18.);
#769 = AXIS2_PLACEMENT_3D('',#770,#771,#772);
#770 = CARTESIAN_POINT('',(0.,0.,62.));
#771 = DIRECTION('',(0.,0.,1.));
#772 = DIRECTION('',(1.,0.,0.));
#773 = PCURVE('',#292,#774);
#774 = DEFINITIONAL_REPRESENTATION('',(#775),#779);
#775 = CIRCLE('',#776,18.);
#776 = AXIS2_PLACEMENT_2D('',#777,#778);
#777 = CARTESIAN_POINT('',(6.077511700175E-16,-4.807142605466E-16));
#778 = DIRECTION('',(1.,0.));
#779 = ( GEOMETRIC_REPRESENTATION_CONTEXT(2) 
PARAMETRIC_REPRESENTATION_CONTEXT() REPRESENTATION_CONTEXT('2D SPACE',''
  ) );
#780 = PCURVE('',#781,#786);
#781 = CYLINDRICAL_SURFACE('',#782,18.);
#782 = AXIS2_PLACEMENT_3D('',#783,#784,#785);
#783 = CARTESIAN_POINT('',(0.,0.,62.));
#784 = DIRECTION('',(-0.,-0.,-1.));
#785 = DIRECTION('',(1.,0.,0.));
#786 = DEFINITIONAL_REPRESENTATION('',(#787),#791);
#787 = LINE('',#788,#789);
#788 = CARTESIAN_POINT('',(-0.,0.));
#789 = VECTOR('',#790,1.);
#790 = DIRECTION('',(-1.,0.));
#791 = ( GEOMETRIC_REPRESENTATION_CONTEXT(2) 
PARAMETRIC_REPRESENTATION_CONTEXT() REPRESENTATION_CONTEXT('2D SPACE',''
  ) );
#792 = FACE_BOUND('',#793,.F.);
#793 = EDGE_LOOP('',(#794));
#794 = ORIENTED_EDGE('',*,*,#795,.T.);
#795 = EDGE_CURVE('',#796,#796,#798,.T.);
#796 = VERTEX_POINT('',#797);
#797 = CARTESIAN_POINT('',(-10.30736835487,-7.25,62.));
#798 = SURFACE_CURVE('',#799,(#804,#815),.PCURVE_S1.);
#799 = CIRCLE('',#800,2.25);
#800 = AXIS2_PLACEMENT_3D('',#801,#802,#803);
#801 = CARTESIAN_POINT('',(-12.55736835487,-7.25,62.));
#802 = DIRECTION('',(0.,0.,-1.));
#803 = DIRECTION('',(1.,0.,0.));
#804 = PCURVE('',#292,#805);
#805 = DEFINITIONAL_REPRESENTATION('',(#806),#814);
#806 = ( BOUNDED_CURVE() B_SPLINE_CURVE(2,(#807,#808,#809,#810,#811,#812
,#813),.UNSPECIFIED.,.T.,.F.) B_SPLINE_CURVE_WITH_KNOTS((1,2,2,2,2,1),(
    -2.094395102393,0.,2.094395102393,4.188790204786,6.28318530718,
8.377580409573),.UNSPECIFIED.) CURVE() GEOMETRIC_REPRESENTATION_ITEM() 
RATIONAL_B_SPLINE_CURVE((1.,0.5,1.,0.5,1.,0.5,1.)) REPRESENTATION_ITEM(
  '') );
#807 = CARTESIAN_POINT('',(-10.30736835487,-7.25));
#808 = CARTESIAN_POINT('',(-10.30736835487,-11.14711431703));
#809 = CARTESIAN_POINT('',(-13.68236835487,-9.198557158515));
#810 = CARTESIAN_POINT('',(-17.05736835487,-7.25));
#811 = CARTESIAN_POINT('',(-13.68236835487,-5.301442841485));
#812 = CARTESIAN_POINT('',(-10.30736835487,-3.35288568297));
#813 = CARTESIAN_POINT('',(-10.30736835487,-7.25));
#814 = ( GEOMETRIC_REPRESENTATION_CONTEXT(2) 
PARAMETRIC_REPRESENTATION_CONTEXT() REPRESENTATION_CONTEXT('2D SPACE',''
  ) );
#815 = PCURVE('',#816,#821);
#816 = CYLINDRICAL_SURFACE('',#817,2.25);
#817 = AXIS2_PLACEMENT_3D('',#818,#819,#820);
#818 = CARTESIAN_POINT('',(-12.55736835487,-7.25,61.));
#819 = DIRECTION('',(-0.,-0.,-1.));
#820 = DIRECTION('',(1.,0.,0.));
#821 = DEFINITIONAL_REPRESENTATION('',(#822),#826);
#822 = LINE('',#823,#824);
#823 = CARTESIAN_POINT('',(-6.28318530718,-1.));
#824 = VECTOR('',#825,1.);
#825 = DIRECTION('',(1.,-0.));
#826 = ( GEOMETRIC_REPRESENTATION_CONTEXT(2) 
PARAMETRIC_REPRESENTATION_CONTEXT() REPRESENTATION_CONTEXT('2D SPACE',''
  ) );
#827 = FACE_BOUND('',#828,.F.);
#828 = EDGE_LOOP('',(#829));
#829 = ORIENTED_EDGE('',*,*,#830,.T.);
#830 = EDGE_CURVE('',#831,#831,#833,.T.);
#831 = VERTEX_POINT('',#832);
#832 = CARTESIAN_POINT('',(14.807368354874,-7.25,62.));
#833 = SURFACE_CURVE('',#834,(#839,#850),.PCURVE_S1.);
#834 = CIRCLE('',#835,2.25);
#835 = AXIS2_PLACEMENT_3D('',#836,#837,#838);
#836 = CARTESIAN_POINT('',(12.557368354874,-7.25,62.));
#837 = DIRECTION('',(0.,0.,-1.));
#838 = DIRECTION('',(1.,0.,0.));
#839 = PCURVE('',#292,#840);
#840 = DEFINITIONAL_REPRESENTATION('',(#841),#849);
#841 = ( BOUNDED_CURVE() B_SPLINE_CURVE(2,(#842,#843,#844,#845,#846,#847
,#848),.UNSPECIFIED.,.T.,.F.) B_SPLINE_CURVE_WITH_KNOTS((1,2,2,2,2,1),(
    -2.094395102393,0.,2.094395102393,4.188790204786,6.28318530718,
8.377580409573),.UNSPECIFIED.) CURVE() GEOMETRIC_REPRESENTATION_ITEM() 
RATIONAL_B_SPLINE_CURVE((1.,0.5,1.,0.5,1.,0.5,1.)) REPRESENTATION_ITEM(
  '') );
#842 = CARTESIAN_POINT('',(14.807368354874,-7.25));
#843 = CARTESIAN_POINT('',(14.807368354874,-11.14711431703));
#844 = CARTESIAN_POINT('',(11.432368354874,-9.198557158515));
#845 = CARTESIAN_POINT('',(8.057368354874,-7.25));
#846 = CARTESIAN_POINT('',(11.432368354874,-5.301442841485));
#847 = CARTESIAN_POINT('',(14.807368354874,-3.35288568297));
#848 = CARTESIAN_POINT('',(14.807368354874,-7.25));
#849 = ( GEOMETRIC_REPRESENTATION_CONTEXT(2) 
PARAMETRIC_REPRESENTATION_CONTEXT() REPRESENTATION_CONTEXT('2D SPACE',''
  ) );
#850 = PCURVE('',#851,#856);
#851 = CYLINDRICAL_SURFACE('',#852,2.25);
#852 = AXIS2_PLACEMENT_3D('',#853,#854,#855);
#853 = CARTESIAN_POINT('',(12.557368354874,-7.25,61.));
#854 = DIRECTION('',(-0.,-0.,-1.));
#855 = DIRECTION('',(1.,0.,0.));
#856 = DEFINITIONAL_REPRESENTATION('',(#857),#861);
#857 = LINE('',#858,#859);
#858 = CARTESIAN_POINT('',(-6.28318530718,-1.));
#859 = VECTOR('',#860,1.);
#860 = DIRECTION('',(1.,-0.));
#861 = ( GEOMETRIC_REPRESENTATION_CONTEXT(2) 
PARAMETRIC_REPRESENTATION_CONTEXT() REPRESENTATION_CONTEXT('2D SPACE',''
  ) );
#862 = FACE_BOUND('',#863,.F.);
#863 = EDGE_LOOP('',(#864,#891,#911,#912,#913,#939,#940));
#864 = ORIENTED_EDGE('',*,*,#865,.F.);
#865 = EDGE_CURVE('',#866,#714,#868,.T.);
#866 = VERTEX_POINT('',#867);
#867 = CARTESIAN_POINT('',(11.,0.,62.));
#868 = SURFACE_CURVE('',#869,(#873,#879),.PCURVE_S1.);
#869 = LINE('',#870,#871);
#870 = CARTESIAN_POINT('',(11.,1.976246261315E-16,62.));
#871 = VECTOR('',#872,1.);
#872 = DIRECTION('',(0.,1.,0.));
#873 = PCURVE('',#292,#874);
#874 = DEFINITIONAL_REPRESENTATION('',(#875),#878);
#875 = B_SPLINE_CURVE_WITH_KNOTS('',1,(#876,#877),.UNSPECIFIED.,.F.,.F.,
  (2,2),(-4.,4.),.PIECEWISE_BEZIER_KNOTS.);
#876 = CARTESIAN_POINT('',(11.,-4.));
#877 = CARTESIAN_POINT('',(11.,4.));
#878 = ( GEOMETRIC_REPRESENTATION_CONTEXT(2) 
PARAMETRIC_REPRESENTATION_CONTEXT() REPRESENTATION_CONTEXT('2D SPACE',''
  ) );
#879 = PCURVE('',#880,#885);
#880 = PLANE('',#881);
#881 = AXIS2_PLACEMENT_3D('',#882,#883,#884);
#882 = CARTESIAN_POINT('',(11.,0.,60.));
#883 = DIRECTION('',(1.,0.,0.));
#884 = DIRECTION('',(-0.,0.,1.));
#885 = DEFINITIONAL_REPRESENTATION('',(#886),#890);
#886 = LINE('',#887,#888);
#887 = CARTESIAN_POINT('',(2.,-1.976246261315E-16));
#888 = VECTOR('',#889,1.);
#889 = DIRECTION('',(0.,-1.));
#890 = ( GEOMETRIC_REPRESENTATION_CONTEXT(2) 
PARAMETRIC_REPRESENTATION_CONTEXT() REPRESENTATION_CONTEXT('2D SPACE',''
  ) );
#891 = ORIENTED_EDGE('',*,*,#892,.F.);
#892 = EDGE_CURVE('',#692,#866,#893,.T.);
#893 = SURFACE_CURVE('',#894,(#898,#904),.PCURVE_S1.);
#894 = LINE('',#895,#896);
#895 = CARTESIAN_POINT('',(11.,1.976246261315E-16,62.));
#896 = VECTOR('',#897,1.);
#897 = DIRECTION('',(0.,1.,0.));
#898 = PCURVE('',#292,#899);
#899 = DEFINITIONAL_REPRESENTATION('',(#900),#903);
#900 = B_SPLINE_CURVE_WITH_KNOTS('',1,(#901,#902),.UNSPECIFIED.,.F.,.F.,
  (2,2),(-4.,4.),.PIECEWISE_BEZIER_KNOTS.);
#901 = CARTESIAN_POINT('',(11.,-4.));
#902 = CARTESIAN_POINT('',(11.,4.));
#903 = ( GEOMETRIC_REPRESENTATION_CONTEXT(2) 
PARAMETRIC_REPRESENTATION_CONTEXT() REPRESENTATION_CONTEXT('2D SPACE',''
  ) );
#904 = PCURVE('',#880,#905);
#905 = DEFINITIONAL_REPRESENTATION('',(#906),#910);
#906 = LINE('',#907,#908);
#907 = CARTESIAN_POINT('',(2.,-1.976246261315E-16));
#908 = VECTOR('',#909,1.);
#909 = DIRECTION('',(0.,-1.));
#910 = ( GEOMETRIC_REPRESENTATION_CONTEXT(2) 
PARAMETRIC_REPRESENTATION_CONTEXT() REPRESENTATION_CONTEXT('2D SPACE',''
  ) );
#911 = ORIENTED_EDGE('',*,*,#691,.F.);
#912 = ORIENTED_EDGE('',*,*,#552,.T.);
#913 = ORIENTED_EDGE('',*,*,#914,.T.);
#914 = EDGE_CURVE('',#473,#278,#915,.T.);
#915 = SURFACE_CURVE('',#916,(#921,#932),.PCURVE_S1.);
#916 = CIRCLE('',#917,11.);
#917 = AXIS2_PLACEMENT_3D('',#918,#919,#920);
#918 = CARTESIAN_POINT('',(0.,0.,62.));
#919 = DIRECTION('',(0.,0.,-1.));
#920 = DIRECTION('',(1.,0.,0.));
#921 = PCURVE('',#292,#922);
#922 = DEFINITIONAL_REPRESENTATION('',(#923),#931);
#923 = ( BOUNDED_CURVE() B_SPLINE_CURVE(2,(#924,#925,#926,#927,#928,#929
,#930),.UNSPECIFIED.,.T.,.F.) B_SPLINE_CURVE_WITH_KNOTS((1,2,2,2,2,1),(
    -2.094395102393,0.,2.094395102393,4.188790204786,6.28318530718,
8.377580409573),.UNSPECIFIED.) CURVE() GEOMETRIC_REPRESENTATION_ITEM() 
RATIONAL_B_SPLINE_CURVE((1.,0.5,1.,0.5,1.,0.5,1.)) REPRESENTATION_ITEM(
  '') );
#924 = CARTESIAN_POINT('',(11.,-4.807142605466E-16));
#925 = CARTESIAN_POINT('',(11.,-19.05255888325));
#926 = CARTESIAN_POINT('',(-5.5,-9.526279441629));
#927 = CARTESIAN_POINT('',(-22.,-3.174937218671E-15));
#928 = CARTESIAN_POINT('',(-5.5,9.526279441629));
#929 = CARTESIAN_POINT('',(11.,19.052558883258));
#930 = CARTESIAN_POINT('',(11.,-4.807142605466E-16));
#931 = ( GEOMETRIC_REPRESENTATION_CONTEXT(2) 
PARAMETRIC_REPRESENTATION_CONTEXT() REPRESENTATION_CONTEXT('2D SPACE',''
  ) );
#932 = PCURVE('',#350,#933);
#933 = DEFINITIONAL_REPRESENTATION('',(#934),#938);
#934 = LINE('',#935,#936);
#935 = CARTESIAN_POINT('',(-6.28318530718,-4.));
#936 = VECTOR('',#937,1.);
#937 = DIRECTION('',(1.,-0.));
#938 = ( GEOMETRIC_REPRESENTATION_CONTEXT(2) 
PARAMETRIC_REPRESENTATION_CONTEXT() REPRESENTATION_CONTEXT('2D SPACE',''
  ) );
#939 = ORIENTED_EDGE('',*,*,#277,.F.);
#940 = ORIENTED_EDGE('',*,*,#713,.F.);
#941 = FACE_BOUND('',#942,.F.);
#942 = EDGE_LOOP('',(#943));
#943 = ORIENTED_EDGE('',*,*,#944,.T.);
#944 = EDGE_CURVE('',#945,#945,#947,.T.);
#945 = VERTEX_POINT('',#946);
#946 = CARTESIAN_POINT('',(2.25,14.5,62.));
#947 = SURFACE_CURVE('',#948,(#953,#964),.PCURVE_S1.);
#948 = CIRCLE('',#949,2.25);
#949 = AXIS2_PLACEMENT_3D('',#950,#951,#952);
#950 = CARTESIAN_POINT('',(8.878689293818E-16,14.5,62.));
#951 = DIRECTION('',(0.,0.,-1.));
#952 = DIRECTION('',(1.,0.,0.));
#953 = PCURVE('',#292,#954);
#954 = DEFINITIONAL_REPRESENTATION('',(#955),#963);
#955 = ( BOUNDED_CURVE() B_SPLINE_CURVE(2,(#956,#957,#958,#959,#960,#961
,#962),.UNSPECIFIED.,.T.,.F.) B_SPLINE_CURVE_WITH_KNOTS((1,2,2,2,2,1),(
    -2.094395102393,0.,2.094395102393,4.188790204786,6.28318530718,
8.377580409573),.UNSPECIFIED.) CURVE() GEOMETRIC_REPRESENTATION_ITEM() 
RATIONAL_B_SPLINE_CURVE((1.,0.5,1.,0.5,1.,0.5,1.)) REPRESENTATION_ITEM(
  '') );
#956 = CARTESIAN_POINT('',(2.25,14.5));
#957 = CARTESIAN_POINT('',(2.25,10.60288568297));
#958 = CARTESIAN_POINT('',(-1.125,12.551442841485));
#959 = CARTESIAN_POINT('',(-4.5,14.5));
#960 = CARTESIAN_POINT('',(-1.125,16.448557158515));
#961 = CARTESIAN_POINT('',(2.25,18.39711431703));
#962 = CARTESIAN_POINT('',(2.25,14.5));
#963 = ( GEOMETRIC_REPRESENTATION_CONTEXT(2) 
PARAMETRIC_REPRESENTATION_CONTEXT() REPRESENTATION_CONTEXT('2D SPACE',''
  ) );
#964 = PCURVE('',#965,#970);
#965 = CYLINDRICAL_SURFACE('',#966,2.25);
#966 = AXIS2_PLACEMENT_3D('',#967,#968,#969);
#967 = CARTESIAN_POINT('',(8.878689293818E-16,14.5,61.));
#968 = DIRECTION('',(-0.,-0.,-1.));
#969 = DIRECTION('',(1.,0.,0.));
#970 = DEFINITIONAL_REPRESENTATION('',(#971),#975);
#971 = LINE('',#972,#973);
#972 = CARTESIAN_POINT('',(-6.28318530718,-1.));
#973 = VECTOR('',#974,1.);
#974 = DIRECTION('',(1.,-0.));
#975 = ( GEOMETRIC_REPRESENTATION_CONTEXT(2) 
PARAMETRIC_REPRESENTATION_CONTEXT() REPRESENTATION_CONTEXT('2D SPACE',''
  ) );
#976 = ADVANCED_FACE('',(#977),#350,.T.);
#977 = FACE_BOUND('',#978,.F.);
#978 = EDGE_LOOP('',(#979,#980,#981,#982));
#979 = ORIENTED_EDGE('',*,*,#599,.F.);
#980 = ORIENTED_EDGE('',*,*,#303,.T.);
#981 = ORIENTED_EDGE('',*,*,#914,.F.);
#982 = ORIENTED_EDGE('',*,*,#472,.T.);
#983 = ADVANCED_FACE('',(#984),#676,.F.);
#984 = FACE_BOUND('',#985,.T.);
#985 = EDGE_LOOP('',(#986,#1009,#1010,#1011,#1111,#1206,#1229,#1260,
    #1261));
#986 = ORIENTED_EDGE('',*,*,#987,.F.);
#987 = EDGE_CURVE('',#656,#988,#990,.T.);
#988 = VERTEX_POINT('',#989);
#989 = CARTESIAN_POINT('',(2.55,0.,58.4));
#990 = SEAM_CURVE('',#991,(#995,#1002),.PCURVE_S1.);
#991 = LINE('',#992,#993);
#992 = CARTESIAN_POINT('',(2.55,0.,56.));
#993 = VECTOR('',#994,1.);
#994 = DIRECTION('',(0.,0.,1.));
#995 = PCURVE('',#676,#996);
#996 = DEFINITIONAL_REPRESENTATION('',(#997),#1001);
#997 = LINE('',#998,#999);
#998 = CARTESIAN_POINT('',(-6.28318530718,-1.));
#999 = VECTOR('',#1000,1.);
#1000 = DIRECTION('',(-0.,-1.));
#1001 = ( GEOMETRIC_REPRESENTATION_CONTEXT(2) 
PARAMETRIC_REPRESENTATION_CONTEXT() REPRESENTATION_CONTEXT('2D SPACE',''
  ) );
#1002 = PCURVE('',#676,#1003);
#1003 = DEFINITIONAL_REPRESENTATION('',(#1004),#1008);
#1004 = LINE('',#1005,#1006);
#1005 = CARTESIAN_POINT('',(-0.,-1.));
#1006 = VECTOR('',#1007,1.);
#1007 = DIRECTION('',(-0.,-1.));
#1008 = ( GEOMETRIC_REPRESENTATION_CONTEXT(2) 
PARAMETRIC_REPRESENTATION_CONTEXT() REPRESENTATION_CONTEXT('2D SPACE',''
  ) );
#1009 = ORIENTED_EDGE('',*,*,#655,.T.);
#1010 = ORIENTED_EDGE('',*,*,#987,.T.);
#1011 = ORIENTED_EDGE('',*,*,#1012,.T.);
#1012 = EDGE_CURVE('',#988,#1013,#1015,.T.);
#1013 = VERTEX_POINT('',#1014);
#1014 = CARTESIAN_POINT('',(1.985572965166,1.6,60.));
#1015 = SURFACE_CURVE('',#1016,(#1044,#1075),.PCURVE_S1.);
#1016 = B_SPLINE_CURVE_WITH_KNOTS('',6,(#1017,#1018,#1019,#1020,#1021,
    #1022,#1023,#1024,#1025,#1026,#1027,#1028,#1029,#1030,#1031,#1032,
    #1033,#1034,#1035,#1036,#1037,#1038,#1039,#1040,#1041,#1042,#1043),
  .UNSPECIFIED.,.F.,.F.,(7,5,5,5,5,7),(0.,0.242345761337,0.344774432559,
    0.583215268045,0.79845799966,1.),.UNSPECIFIED.);
#1017 = CARTESIAN_POINT('',(2.55,-1.469576158977E-16,58.4));
#1018 = CARTESIAN_POINT('',(2.55,0.11870166703,58.4));
#1019 = CARTESIAN_POINT('',(2.543369158395,0.236591932816,
    58.410567573942));
#1020 = CARTESIAN_POINT('',(2.530278817123,0.351980828591,
    58.431431779486));
#1021 = CARTESIAN_POINT('',(2.511392676485,0.463223833043,
    58.461845448178));
#1022 = CARTESIAN_POINT('',(2.48785064113,0.568813797697,58.500588187305
    ));
#1023 = CARTESIAN_POINT('',(2.449783408191,0.709174170395,
    58.565016647209));
#1024 = CARTESIAN_POINT('',(2.437866436123,0.749757646933,
    58.585382630866));
#1025 = CARTESIAN_POINT('',(2.425419015424,0.789208994142,
    58.606894878455));
#1026 = CARTESIAN_POINT('',(2.41251701874,0.827515618907,58.629478187164
    ));
#1027 = CARTESIAN_POINT('',(2.399235021867,0.864668426317,
    58.653060888143));
#1028 = CARTESIAN_POINT('',(2.354013507368,0.984449832125,
    58.734640203715));
#1029 = CARTESIAN_POINT('',(2.320713301961,1.061967010589,
    58.796760188405));
#1030 = CARTESIAN_POINT('',(2.286594828751,1.133328505118,
    58.863206945439));
#1031 = CARTESIAN_POINT('',(2.25241788401,1.198679648473,58.933447112062
    ));
#1032 = CARTESIAN_POINT('',(2.218891511306,1.258146785911,
    59.007103181869));
#1033 = CARTESIAN_POINT('',(2.157664389399,1.360210616226,
    59.153253483832));
#1034 = CARTESIAN_POINT('',(2.12968745627,1.403931151102,59.225228253733
    ));
#1035 = CARTESIAN_POINT('',(2.103341170257,1.442902159314,
    59.299551304593));
#1036 = CARTESIAN_POINT('',(2.079176072716,1.477079256433,
    59.375981014498));
#1037 = CARTESIAN_POINT('',(2.057714511084,1.506399222483,
    59.454318427663));
#1038 = CARTESIAN_POINT('',(2.022311820744,1.553566282223,
    59.609391286255));
#1039 = CARTESIAN_POINT('',(2.007970774178,1.572035333243,
    59.685946315538));
#1040 = CARTESIAN_POINT('',(1.996868770152,1.585982131366,
    59.763645548841));
#1041 = CARTESIAN_POINT('',(1.989343801928,1.595320445587,
    59.842114165883));
#1042 = CARTESIAN_POINT('',(1.985572965166,1.6,59.921009839426));
#1043 = CARTESIAN_POINT('',(1.985572965166,1.6,60.));
#1044 = PCURVE('',#676,#1045);
#1045 = DEFINITIONAL_REPRESENTATION('',(#1046),#1074);
#1046 = B_SPLINE_CURVE_WITH_KNOTS('',6,(#1047,#1048,#1049,#1050,#1051,
    #1052,#1053,#1054,#1055,#1056,#1057,#1058,#1059,#1060,#1061,#1062,
    #1063,#1064,#1065,#1066,#1067,#1068,#1069,#1070,#1071,#1072,#1073),
  .UNSPECIFIED.,.F.,.F.,(7,5,5,5,5,7),(0.,0.242345761337,0.344774432559,
    0.583215268045,0.79845799966,1.),.UNSPECIFIED.);
#1047 = CARTESIAN_POINT('',(0.,-3.4));
#1048 = CARTESIAN_POINT('',(-4.65496733452E-02,-3.4));
#1049 = CARTESIAN_POINT('',(-9.278124290902E-02,-3.410567573942));
#1050 = CARTESIAN_POINT('',(-0.138212933045,-3.431431779486));
#1051 = CARTESIAN_POINT('',(-0.182370937833,-3.461845448178));
#1052 = CARTESIAN_POINT('',(-0.224751681788,-3.500588187305));
#1053 = CARTESIAN_POINT('',(-0.281783409668,-3.565016647209));
#1054 = CARTESIAN_POINT('',(-0.298366904894,-3.585382630866));
#1055 = CARTESIAN_POINT('',(-0.314585051769,-3.606894878455));
#1056 = CARTESIAN_POINT('',(-0.330432249049,-3.629478187164));
#1057 = CARTESIAN_POINT('',(-0.345902642158,-3.653060888143));
#1058 = CARTESIAN_POINT('',(-0.396111847781,-3.734640203715));
#1059 = CARTESIAN_POINT('',(-0.429163994294,-3.796760188405));
#1060 = CARTESIAN_POINT('',(-0.460148583694,-3.863206945439));
#1061 = CARTESIAN_POINT('',(-0.489046944398,-3.933447112062));
#1062 = CARTESIAN_POINT('',(-0.515808403762,-4.007103181869));
#1063 = CARTESIAN_POINT('',(-0.562482955601,-4.153253483832));
#1064 = CARTESIAN_POINT('',(-0.582829550174,-4.225228253733));
#1065 = CARTESIAN_POINT('',(-0.601269706572,-4.299551304593));
#1066 = CARTESIAN_POINT('',(-0.617680655782,-4.375981014498));
#1067 = CARTESIAN_POINT('',(-0.631928822227,-4.454318427663));
#1068 = CARTESIAN_POINT('',(-0.655056377547,-4.609391286255));
#1069 = CARTESIAN_POINT('',(-0.66422499728,-4.685946315538));
#1070 = CARTESIAN_POINT('',(-0.671215355684,-4.763645548841));
#1071 = CARTESIAN_POINT('',(-0.675918496846,-4.842114165883));
#1072 = CARTESIAN_POINT('',(-0.678275262214,-4.921009839426));
#1073 = CARTESIAN_POINT('',(-0.678275262214,-5.));
#1074 = ( GEOMETRIC_REPRESENTATION_CONTEXT(2) 
PARAMETRIC_REPRESENTATION_CONTEXT() REPRESENTATION_CONTEXT('2D SPACE',''
  ) );
#1075 = PCURVE('',#1076,#1081);
#1076 = CYLINDRICAL_SURFACE('',#1077,1.6);
#1077 = AXIS2_PLACEMENT_3D('',#1078,#1079,#1080);
#1078 = CARTESIAN_POINT('',(1.8,0.,60.));
#1079 = DIRECTION('',(-1.,-0.,-0.));
#1080 = DIRECTION('',(0.,1.,0.));
#1081 = DEFINITIONAL_REPRESENTATION('',(#1082),#1110);
#1082 = B_SPLINE_CURVE_WITH_KNOTS('',6,(#1083,#1084,#1085,#1086,#1087,
    #1088,#1089,#1090,#1091,#1092,#1093,#1094,#1095,#1096,#1097,#1098,
    #1099,#1100,#1101,#1102,#1103,#1104,#1105,#1106,#1107,#1108,#1109),
  .UNSPECIFIED.,.F.,.F.,(7,5,5,5,5,7),(0.,0.242345761337,0.344774432559,
    0.583215268045,0.79845799966,1.),.UNSPECIFIED.);
#1083 = CARTESIAN_POINT('',(-4.712388980385,-0.75));
#1084 = CARTESIAN_POINT('',(-4.786577522279,-0.75));
#1085 = CARTESIAN_POINT('',(-4.860258840275,-0.743369158395));
#1086 = CARTESIAN_POINT('',(-4.93311236616,-0.730278817123));
#1087 = CARTESIAN_POINT('',(-5.004792661316,-0.711392676485));
#1088 = CARTESIAN_POINT('',(-5.074871010748,-0.68785064113));
#1089 = CARTESIAN_POINT('',(-5.171396713019,-0.649783408191));
#1090 = CARTESIAN_POINT('',(-5.199759019953,-0.637866436123));
#1091 = CARTESIAN_POINT('',(-5.227819326199,-0.625419015424));
#1092 = CARTESIAN_POINT('',(-5.255588937458,-0.61251701874));
#1093 = CARTESIAN_POINT('',(-5.283078054039,-0.599235021867));
#1094 = CARTESIAN_POINT('',(-5.373655131683,-0.554013507368));
#1095 = CARTESIAN_POINT('',(-5.435553809692,-0.520713301961));
#1096 = CARTESIAN_POINT('',(-5.496251362169,-0.486594828751));
#1097 = CARTESIAN_POINT('',(-5.555991246439,-0.45241788401));
#1098 = CARTESIAN_POINT('',(-5.615013705869,-0.418891511306));
#1099 = CARTESIAN_POINT('',(-5.7264267469,-0.357664389399));
#1100 = CARTESIAN_POINT('',(-5.778952917252,-0.32968745627));
#1101 = CARTESIAN_POINT('',(-5.831249148241,-0.303341170257));
#1102 = CARTESIAN_POINT('',(-5.883423717741,-0.279176072716));
#1103 = CARTESIAN_POINT('',(-5.935598421985,-0.257714511084));
#1104 = CARTESIAN_POINT('',(-6.036903042661,-0.222311820744));
#1105 = CARTESIAN_POINT('',(-6.08603830231,-0.207970774178));
#1106 = CARTESIAN_POINT('',(-6.135247056406,-0.196868770152));
#1107 = CARTESIAN_POINT('',(-6.184506695567,-0.189343801928));
#1108 = CARTESIAN_POINT('',(-6.233816456821,-0.185572965166));
#1109 = CARTESIAN_POINT('',(-6.28318530718,-0.185572965166));
#1110 = ( GEOMETRIC_REPRESENTATION_CONTEXT(2) 
PARAMETRIC_REPRESENTATION_CONTEXT() REPRESENTATION_CONTEXT('2D SPACE',''
  ) );
#1111 = ORIENTED_EDGE('',*,*,#1112,.T.);
#1112 = EDGE_CURVE('',#1013,#1113,#1115,.T.);
#1113 = VERTEX_POINT('',#1114);
#1114 = CARTESIAN_POINT('',(2.55,0.,61.6));
#1115 = SURFACE_CURVE('',#1116,(#1144,#1175),.PCURVE_S1.);
#1116 = B_SPLINE_CURVE_WITH_KNOTS('',6,(#1117,#1118,#1119,#1120,#1121,
    #1122,#1123,#1124,#1125,#1126,#1127,#1128,#1129,#1130,#1131,#1132,
    #1133,#1134,#1135,#1136,#1137,#1138,#1139,#1140,#1141,#1142,#1143),
  .UNSPECIFIED.,.F.,.F.,(7,5,5,5,5,7),(0.,0.204254974627,0.415895994147,
    0.658573705355,0.757531194189,1.),.UNSPECIFIED.);
#1117 = CARTESIAN_POINT('',(1.985572965166,1.6,60.));
#1118 = CARTESIAN_POINT('',(1.985572965166,1.6,60.080054662727));
#1119 = CARTESIAN_POINT('',(1.989446118794,1.595193471037,
    60.160008804277));
#1120 = CARTESIAN_POINT('',(1.997174420241,1.585602828548,
    60.239518487401));
#1121 = CARTESIAN_POINT('',(2.008571337715,1.571280724621,
    60.318229286029));
#1122 = CARTESIAN_POINT('',(2.023281350005,1.552317098337,
    60.395752217196));
#1123 = CARTESIAN_POINT('',(2.058995240449,1.504645275994,
    60.550286519106));
#1124 = CARTESIAN_POINT('',(2.080218590408,1.475595107927,
    60.627225303398));
#1125 = CARTESIAN_POINT('',(2.104037836197,1.441851759984,
    60.702311237179));
#1126 = CARTESIAN_POINT('',(2.129956124637,1.403475030206,
    60.775355455778));
#1127 = CARTESIAN_POINT('',(2.15745071987,1.36050677056,60.84612917414)
  );
#1128 = CARTESIAN_POINT('',(2.218715775528,1.258506951388,
    60.992597504229));
#1129 = CARTESIAN_POINT('',(2.252847671114,1.197988884768,
    61.067570194899));
#1130 = CARTESIAN_POINT('',(2.287651800988,1.131376048711,
    61.139005382702));
#1131 = CARTESIAN_POINT('',(2.322380625113,1.05853450421,61.206504169155
    ));
#1132 = CARTESIAN_POINT('',(2.356231657626,0.979310890715,61.2694999354)
  );
#1133 = CARTESIAN_POINT('',(2.401384472359,0.85863007726,61.350751729677
    ));
#1134 = CARTESIAN_POINT('',(2.414168456275,0.822591651198,
    61.373409992043));
#1135 = CARTESIAN_POINT('',(2.426591149286,0.785476638064,61.39512918777
    ));
#1136 = CARTESIAN_POINT('',(2.438585085203,0.747293745618,
    61.415844245895));
#1137 = CARTESIAN_POINT('',(2.450081716595,0.708054755865,
    61.435487092724));
#1138 = CARTESIAN_POINT('',(2.487791711034,0.569078614544,
    61.499314863528));
#1139 = CARTESIAN_POINT('',(2.51135470291,0.463447089945,61.538093380677
    ));
#1140 = CARTESIAN_POINT('',(2.530258674892,0.352156287685,
    61.568536086848));
#1141 = CARTESIAN_POINT('',(2.543362085255,0.236713906511,
    61.589421165211));
#1142 = CARTESIAN_POINT('',(2.55,0.118764879076,61.6));
#1143 = CARTESIAN_POINT('',(2.55,2.449293598295E-16,61.6));
#1144 = PCURVE('',#676,#1145);
#1145 = DEFINITIONAL_REPRESENTATION('',(#1146),#1174);
#1146 = B_SPLINE_CURVE_WITH_KNOTS('',6,(#1147,#1148,#1149,#1150,#1151,
    #1152,#1153,#1154,#1155,#1156,#1157,#1158,#1159,#1160,#1161,#1162,
    #1163,#1164,#1165,#1166,#1167,#1168,#1169,#1170,#1171,#1172,#1173),
  .UNSPECIFIED.,.F.,.F.,(7,5,5,5,5,7),(0.,0.204254974627,0.415895994147,
    0.658573705355,0.757531194189,1.),.UNSPECIFIED.);
#1147 = CARTESIAN_POINT('',(-0.678275262214,-5.));
#1148 = CARTESIAN_POINT('',(-0.678275262214,-5.080054662727));
#1149 = CARTESIAN_POINT('',(-0.675854549587,-5.160008804277));
#1150 = CARTESIAN_POINT('',(-0.671024321463,-5.239518487401));
#1151 = CARTESIAN_POINT('',(-0.663846807953,-5.318229286029));
#1152 = CARTESIAN_POINT('',(-0.654436353035,-5.395752217196));
#1153 = CARTESIAN_POINT('',(-0.631077215496,-5.550286519106));
#1154 = CARTESIAN_POINT('',(-0.616969588586,-5.627225303398));
#1155 = CARTESIAN_POINT('',(-0.600775710114,-5.702311237179));
#1156 = CARTESIAN_POINT('',(-0.582622285338,-5.775355455778));
#1157 = CARTESIAN_POINT('',(-0.562625656889,-5.84612917414));
#1158 = CARTESIAN_POINT('',(-0.515964971565,-5.992597504229));
#1159 = CARTESIAN_POINT('',(-0.488728358116,-6.067570194899));
#1160 = CARTESIAN_POINT('',(-0.459278810228,-6.139005382702));
#1161 = CARTESIAN_POINT('',(-0.427669462597,-6.206504169155));
#1162 = CARTESIAN_POINT('',(-0.393919382934,-6.2694999354));
#1163 = CARTESIAN_POINT('',(-0.343389494992,-6.350751729677));
#1164 = CARTESIAN_POINT('',(-0.328396104577,-6.373409992043));
#1165 = CARTESIAN_POINT('',(-0.313051347636,-6.39512918777));
#1166 = CARTESIAN_POINT('',(-0.297360622936,-6.415844245895));
#1167 = CARTESIAN_POINT('',(-0.281329108168,-6.435487092724));
#1168 = CARTESIAN_POINT('',(-0.224857959564,-6.499314863528));
#1169 = CARTESIAN_POINT('',(-0.182459572129,-6.538093380677));
#1170 = CARTESIAN_POINT('',(-0.138282023442,-6.568536086848));
#1171 = CARTESIAN_POINT('',(-9.282907865005E-02,-6.589421165211));
#1172 = CARTESIAN_POINT('',(-4.657446238287E-02,-6.6));
#1173 = CARTESIAN_POINT('',(0.,-6.6));
#1174 = ( GEOMETRIC_REPRESENTATION_CONTEXT(2) 
PARAMETRIC_REPRESENTATION_CONTEXT() REPRESENTATION_CONTEXT('2D SPACE',''
  ) );
#1175 = PCURVE('',#1076,#1176);
#1176 = DEFINITIONAL_REPRESENTATION('',(#1177),#1205);
#1177 = B_SPLINE_CURVE_WITH_KNOTS('',6,(#1178,#1179,#1180,#1181,#1182,
    #1183,#1184,#1185,#1186,#1187,#1188,#1189,#1190,#1191,#1192,#1193,
    #1194,#1195,#1196,#1197,#1198,#1199,#1200,#1201,#1202,#1203,#1204),
  .UNSPECIFIED.,.F.,.F.,(7,5,5,5,5,7),(0.,0.204254974627,0.415895994147,
    0.658573705355,0.757531194189,1.),.UNSPECIFIED.);
#1178 = CARTESIAN_POINT('',(0.,-0.185572965166));
#1179 = CARTESIAN_POINT('',(-5.003416420418E-02,-0.185572965166));
#1180 = CARTESIAN_POINT('',(-0.100005464923,-0.189446118794));
#1181 = CARTESIAN_POINT('',(-0.149924659822,-0.197174420241));
#1182 = CARTESIAN_POINT('',(-0.199791989717,-0.208571337715));
#1183 = CARTESIAN_POINT('',(-0.249584650027,-0.223281350005));
#1184 = CARTESIAN_POINT('',(-0.350659833044,-0.258995240449));
#1185 = CARTESIAN_POINT('',(-0.40196209694,-0.280218590408));
#1186 = CARTESIAN_POINT('',(-0.453266882195,-0.304037836197));
#1187 = CARTESIAN_POINT('',(-0.504690349008,-0.329956124637));
#1188 = CARTESIAN_POINT('',(-0.556336200761,-0.35745071987));
#1189 = CARTESIAN_POINT('',(-0.667889395104,-0.418715775528));
#1190 = CARTESIAN_POINT('',(-0.727957009745,-0.452847671114));
#1191 = CARTESIAN_POINT('',(-0.788768929687,-0.487651800988));
#1192 = CARTESIAN_POINT('',(-0.850578008607,-0.522380625113));
#1193 = CARTESIAN_POINT('',(-0.91364050262,-0.556231657626));
#1194 = CARTESIAN_POINT('',(-1.004568257273,-0.601384472359));
#1195 = CARTESIAN_POINT('',(-1.031161284216,-0.614168456275));
#1196 = CARTESIAN_POINT('',(-1.0580173757,-0.626591149286));
#1197 = CARTESIAN_POINT('',(-1.085145541824,-0.638585085203));
#1198 = CARTESIAN_POINT('',(-1.112555781674,-0.650081716595));
#1199 = CARTESIAN_POINT('',(-1.20813859954,-0.687791711034));
#1200 = CARTESIAN_POINT('',(-1.278248748306,-0.71135470291));
#1201 = CARTESIAN_POINT('',(-1.349962096089,-0.730258674892));
#1202 = CARTESIAN_POINT('',(-1.422850236409,-0.743362085255));
#1203 = CARTESIAN_POINT('',(-1.496568277372,-0.75));
#1204 = CARTESIAN_POINT('',(-1.570796326795,-0.75));
#1205 = ( GEOMETRIC_REPRESENTATION_CONTEXT(2) 
PARAMETRIC_REPRESENTATION_CONTEXT() REPRESENTATION_CONTEXT('2D SPACE',''
  ) );
#1206 = ORIENTED_EDGE('',*,*,#1207,.T.);
#1207 = EDGE_CURVE('',#1113,#1208,#1210,.T.);
#1208 = VERTEX_POINT('',#1209);
#1209 = CARTESIAN_POINT('',(2.55,0.,66.));
#1210 = SEAM_CURVE('',#1211,(#1215,#1222),.PCURVE_S1.);
#1211 = LINE('',#1212,#1213);
#1212 = CARTESIAN_POINT('',(2.55,0.,56.));
#1213 = VECTOR('',#1214,1.);
#1214 = DIRECTION('',(0.,0.,1.));
#1215 = PCURVE('',#676,#1216);
#1216 = DEFINITIONAL_REPRESENTATION('',(#1217),#1221);
#1217 = LINE('',#1218,#1219);
#1218 = CARTESIAN_POINT('',(-6.28318530718,-1.));
#1219 = VECTOR('',#1220,1.);
#1220 = DIRECTION('',(-0.,-1.));
#1221 = ( GEOMETRIC_REPRESENTATION_CONTEXT(2) 
PARAMETRIC_REPRESENTATION_CONTEXT() REPRESENTATION_CONTEXT('2D SPACE',''
  ) );
#1222 = PCURVE('',#676,#1223);
#1223 = DEFINITIONAL_REPRESENTATION('',(#1224),#1228);
#1224 = LINE('',#1225,#1226);
#1225 = CARTESIAN_POINT('',(-0.,-1.));
#1226 = VECTOR('',#1227,1.);
#1227 = DIRECTION('',(-0.,-1.));
#1228 = ( GEOMETRIC_REPRESENTATION_CONTEXT(2) 
PARAMETRIC_REPRESENTATION_CONTEXT() REPRESENTATION_CONTEXT('2D SPACE',''
  ) );
#1229 = ORIENTED_EDGE('',*,*,#1230,.F.);
#1230 = EDGE_CURVE('',#1208,#1208,#1231,.T.);
#1231 = SURFACE_CURVE('',#1232,(#1237,#1244),.PCURVE_S1.);
#1232 = CIRCLE('',#1233,2.55);
#1233 = AXIS2_PLACEMENT_3D('',#1234,#1235,#1236);
#1234 = CARTESIAN_POINT('',(0.,0.,66.));
#1235 = DIRECTION('',(0.,0.,-1.));
#1236 = DIRECTION('',(1.,0.,0.));
#1237 = PCURVE('',#676,#1238);
#1238 = DEFINITIONAL_REPRESENTATION('',(#1239),#1243);
#1239 = LINE('',#1240,#1241);
#1240 = CARTESIAN_POINT('',(-6.28318530718,-11.));
#1241 = VECTOR('',#1242,1.);
#1242 = DIRECTION('',(1.,-0.));
#1243 = ( GEOMETRIC_REPRESENTATION_CONTEXT(2) 
PARAMETRIC_REPRESENTATION_CONTEXT() REPRESENTATION_CONTEXT('2D SPACE',''
  ) );
#1244 = PCURVE('',#1245,#1250);
#1245 = PLANE('',#1246);
#1246 = AXIS2_PLACEMENT_3D('',#1247,#1248,#1249);
#1247 = CARTESIAN_POINT('',(-7.458764359306E-16,-4.490371596874E-16,66.)
  );
#1248 = DIRECTION('',(0.,0.,1.));
#1249 = DIRECTION('',(1.,0.,-0.));
#1250 = DEFINITIONAL_REPRESENTATION('',(#1251),#1259);
#1251 = ( BOUNDED_CURVE() B_SPLINE_CURVE(2,(#1252,#1253,#1254,#1255,
#1256,#1257,#1258),.UNSPECIFIED.,.T.,.F.) B_SPLINE_CURVE_WITH_KNOTS((1,2
    ,2,2,2,1),(-2.094395102393,0.,2.094395102393,4.188790204786,
6.28318530718,8.377580409573),.UNSPECIFIED.) CURVE() 
GEOMETRIC_REPRESENTATION_ITEM() RATIONAL_B_SPLINE_CURVE((1.,0.5,1.,0.5,
1.,0.5,1.)) REPRESENTATION_ITEM('') );
#1252 = CARTESIAN_POINT('',(2.55,4.490371596874E-16));
#1253 = CARTESIAN_POINT('',(2.55,-4.416729559301));
#1254 = CARTESIAN_POINT('',(-1.275,-2.20836477965));
#1255 = CARTESIAN_POINT('',(-5.1,-1.755327078778E-16));
#1256 = CARTESIAN_POINT('',(-1.275,2.20836477965));
#1257 = CARTESIAN_POINT('',(2.55,4.416729559301));
#1258 = CARTESIAN_POINT('',(2.55,4.490371596874E-16));
#1259 = ( GEOMETRIC_REPRESENTATION_CONTEXT(2) 
PARAMETRIC_REPRESENTATION_CONTEXT() REPRESENTATION_CONTEXT('2D SPACE',''
  ) );
#1260 = ORIENTED_EDGE('',*,*,#1207,.F.);
#1261 = ORIENTED_EDGE('',*,*,#1262,.T.);
#1262 = EDGE_CURVE('',#1113,#988,#1263,.T.);
#1263 = SURFACE_CURVE('',#1264,(#1317,#1373),.PCURVE_S1.);
#1264 = B_SPLINE_CURVE_WITH_KNOTS('',6,(#1265,#1266,#1267,#1268,#1269,
    #1270,#1271,#1272,#1273,#1274,#1275,#1276,#1277,#1278,#1279,#1280,
    #1281,#1282,#1283,#1284,#1285,#1286,#1287,#1288,#1289,#1290,#1291,
    #1292,#1293,#1294,#1295,#1296,#1297,#1298,#1299,#1300,#1301,#1302,
    #1303,#1304,#1305,#1306,#1307,#1308,#1309,#1310,#1311,#1312,#1313,
    #1314,#1315,#1316),.UNSPECIFIED.,.F.,.F.,(7,5,5,5,5,5,5,5,5,5,7),(0.
    ,0.12117196059,0.172385907431,0.291605430183,0.399225979394,
    0.499996214946,0.602124469419,0.707945774081,0.829285530707,
    0.878764653938,1.),.UNSPECIFIED.);
#1265 = CARTESIAN_POINT('',(2.55,0.,61.6));
#1266 = CARTESIAN_POINT('',(2.55,-0.118701667338,61.6));
#1267 = CARTESIAN_POINT('',(2.543369158361,-0.236591932796,
    61.589432426004));
#1268 = CARTESIAN_POINT('',(2.530278817155,-0.351980828343,
    61.56856822056));
#1269 = CARTESIAN_POINT('',(2.511392676533,-0.463223832948,
    61.538154551905));
#1270 = CARTESIAN_POINT('',(2.487850641075,-0.568813797899,
    61.499411812602));
#1271 = CARTESIAN_POINT('',(2.449783408191,-0.709174170395,
    61.434983352791));
#1272 = CARTESIAN_POINT('',(2.437866436123,-0.749757646933,
    61.414617369134));
#1273 = CARTESIAN_POINT('',(2.425419015424,-0.789208994142,
    61.393105121545));
#1274 = CARTESIAN_POINT('',(2.41251701874,-0.827515618907,
    61.370521812836));
#1275 = CARTESIAN_POINT('',(2.399235021867,-0.864668426317,
    61.346939111857));
#1276 = CARTESIAN_POINT('',(2.354013504709,-0.984449839166,
    61.26535979149));
#1277 = CARTESIAN_POINT('',(2.320713306209,-1.061967001229,
    61.20323982027));
#1278 = CARTESIAN_POINT('',(2.286594828784,-1.133328503855,
    61.136793053922));
#1279 = CARTESIAN_POINT('',(2.252417879781,-1.198679657237,
    61.066552878972));
#1280 = CARTESIAN_POINT('',(2.218891513902,-1.258146781585,
    60.992896824327));
#1281 = CARTESIAN_POINT('',(2.157664389399,-1.360210616226,
    60.846746516168));
#1282 = CARTESIAN_POINT('',(2.12968745627,-1.403931151102,
    60.774771746267));
#1283 = CARTESIAN_POINT('',(2.103341170257,-1.442902159314,
    60.700448695407));
#1284 = CARTESIAN_POINT('',(2.079176072716,-1.477079256433,
    60.624018985502));
#1285 = CARTESIAN_POINT('',(2.057714511084,-1.506399222483,
    60.545681572337));
#1286 = CARTESIAN_POINT('',(2.022311820744,-1.553566282223,
    60.390608713745));
#1287 = CARTESIAN_POINT('',(2.007970774178,-1.572035333243,
    60.314053684462));
#1288 = CARTESIAN_POINT('',(1.996868770152,-1.585982131366,
    60.236354451159));
#1289 = CARTESIAN_POINT('',(1.989343801928,-1.595320445587,
    60.157885834117));
#1290 = CARTESIAN_POINT('',(1.985572965166,-1.6,60.078990160574));
#1291 = CARTESIAN_POINT('',(1.985572965166,-1.6,59.919945337273));
#1292 = CARTESIAN_POINT('',(1.989446118794,-1.595193471037,
    59.839991195723));
#1293 = CARTESIAN_POINT('',(1.997174420241,-1.585602828548,
    59.760481512599));
#1294 = CARTESIAN_POINT('',(2.008571337715,-1.571280724622,
    59.681770713971));
#1295 = CARTESIAN_POINT('',(2.023281350005,-1.552317098337,
    59.604247782804));
#1296 = CARTESIAN_POINT('',(2.058995240449,-1.504645275994,
    59.449713480894));
#1297 = CARTESIAN_POINT('',(2.080218590408,-1.475595107927,
    59.372774696602));
#1298 = CARTESIAN_POINT('',(2.104037836197,-1.441851759984,
    59.297688762821));
#1299 = CARTESIAN_POINT('',(2.129956124637,-1.403475030206,
    59.224644544222));
#1300 = CARTESIAN_POINT('',(2.15745071987,-1.36050677056,59.15387082586)
  );
#1301 = CARTESIAN_POINT('',(2.21871577271,-1.25850695608,59.007402502509
    ));
#1302 = CARTESIAN_POINT('',(2.252847675699,-1.197988875231,
    58.932429795379));
#1303 = CARTESIAN_POINT('',(2.287651800958,-1.1313760501,58.860994616583
    ));
#1304 = CARTESIAN_POINT('',(2.32238062051,-1.058534514404,
    58.793495840239));
#1305 = CARTESIAN_POINT('',(2.356231660499,-0.979310883034,
    58.730500059429));
#1306 = CARTESIAN_POINT('',(2.401384474201,-0.858630072337,
    58.649248267009));
#1307 = CARTESIAN_POINT('',(2.414168456104,-0.822591652373,
    58.626590008186));
#1308 = CARTESIAN_POINT('',(2.426591147777,-0.785476642766,
    58.604870814872));
#1309 = CARTESIAN_POINT('',(2.438585084638,-0.747293746755,
    58.584155755159));
#1310 = CARTESIAN_POINT('',(2.450081717944,-0.708054750895,
    58.564512904993));
#1311 = CARTESIAN_POINT('',(2.487791711037,-0.56907861453,
    58.500685136466));
#1312 = CARTESIAN_POINT('',(2.511354702907,-0.463447089951,
    58.461906619328));
#1313 = CARTESIAN_POINT('',(2.53025867489,-0.352156287702,
    58.431463913155));
#1314 = CARTESIAN_POINT('',(2.543362085258,-0.236713906513,
    58.410578834786));
#1315 = CARTESIAN_POINT('',(2.55,-0.118764879056,58.4));
#1316 = CARTESIAN_POINT('',(2.55,-4.440892098501E-16,58.4));
#1317 = PCURVE('',#676,#1318);
#1318 = DEFINITIONAL_REPRESENTATION('',(#1319),#1372);
#1319 = B_SPLINE_CURVE_WITH_KNOTS('',6,(#1320,#1321,#1322,#1323,#1324,
    #1325,#1326,#1327,#1328,#1329,#1330,#1331,#1332,#1333,#1334,#1335,
    #1336,#1337,#1338,#1339,#1340,#1341,#1342,#1343,#1344,#1345,#1346,
    #1347,#1348,#1349,#1350,#1351,#1352,#1353,#1354,#1355,#1356,#1357,
    #1358,#1359,#1360,#1361,#1362,#1363,#1364,#1365,#1366,#1367,#1368,
    #1369,#1370,#1371),.UNSPECIFIED.,.F.,.F.,(7,5,5,5,5,5,5,5,5,5,7),(0.
    ,0.12117196059,0.172385907431,0.291605430183,0.399225979394,
    0.499996214946,0.602124469419,0.707945774081,0.829285530707,
    0.878764653938,1.),.UNSPECIFIED.);
#1320 = CARTESIAN_POINT('',(-6.28318530718,-6.6));
#1321 = CARTESIAN_POINT('',(-6.236635633714,-6.6));
#1322 = CARTESIAN_POINT('',(-6.190404064278,-6.589432426004));
#1323 = CARTESIAN_POINT('',(-6.144972374231,-6.56856822056));
#1324 = CARTESIAN_POINT('',(-6.100814369387,-6.538154551905));
#1325 = CARTESIAN_POINT('',(-6.058433625309,-6.499411812602));
#1326 = CARTESIAN_POINT('',(-6.001401897511,-6.434983352791));
#1327 = CARTESIAN_POINT('',(-5.984818402285,-6.414617369134));
#1328 = CARTESIAN_POINT('',(-5.96860025541,-6.393105121545));
#1329 = CARTESIAN_POINT('',(-5.95275305813,-6.370521812836));
#1330 = CARTESIAN_POINT('',(-5.937282665021,-6.346939111857));
#1331 = CARTESIAN_POINT('',(-5.887073456447,-6.26535979149));
#1332 = CARTESIAN_POINT('',(-5.854021316929,-6.20323982027));
#1333 = CARTESIAN_POINT('',(-5.823036723939,-6.136793053922));
#1334 = CARTESIAN_POINT('',(-5.794138358953,-6.066552878972));
#1335 = CARTESIAN_POINT('',(-5.767376905396,-5.992896824327));
#1336 = CARTESIAN_POINT('',(-5.720702351579,-5.846746516168));
#1337 = CARTESIAN_POINT('',(-5.700355757005,-5.774771746267));
#1338 = CARTESIAN_POINT('',(-5.681915600608,-5.700448695406));
#1339 = CARTESIAN_POINT('',(-5.665504651397,-5.624018985502));
#1340 = CARTESIAN_POINT('',(-5.651256484953,-5.545681572337));
#1341 = CARTESIAN_POINT('',(-5.628128929632,-5.390608713745));
#1342 = CARTESIAN_POINT('',(-5.6189603099,-5.314053684462));
#1343 = CARTESIAN_POINT('',(-5.611969951496,-5.236354451159));
#1344 = CARTESIAN_POINT('',(-5.607266810333,-5.157885834117));
#1345 = CARTESIAN_POINT('',(-5.604910044966,-5.078990160574));
#1346 = CARTESIAN_POINT('',(-5.604910044966,-4.919945337273));
#1347 = CARTESIAN_POINT('',(-5.607330757593,-4.839991195723));
#1348 = CARTESIAN_POINT('',(-5.612160985717,-4.760481512599));
#1349 = CARTESIAN_POINT('',(-5.619338499227,-4.681770713971));
#1350 = CARTESIAN_POINT('',(-5.628748954144,-4.604247782804));
#1351 = CARTESIAN_POINT('',(-5.652108091684,-4.449713480894));
#1352 = CARTESIAN_POINT('',(-5.666215718593,-4.372774696602));
#1353 = CARTESIAN_POINT('',(-5.682409597066,-4.297688762821));
#1354 = CARTESIAN_POINT('',(-5.700563021842,-4.224644544222));
#1355 = CARTESIAN_POINT('',(-5.72055965029,-4.15387082586));
#1356 = CARTESIAN_POINT('',(-5.767220333468,-4.007402502509));
#1357 = CARTESIAN_POINT('',(-5.794456953229,-3.932429795379));
#1358 = CARTESIAN_POINT('',(-5.823906496454,-3.860994616583));
#1359 = CARTESIAN_POINT('',(-5.855515840183,-3.793495840239));
#1360 = CARTESIAN_POINT('',(-5.889265927462,-3.730500059429));
#1361 = CARTESIAN_POINT('',(-5.939795814249,-3.649248267009));
#1362 = CARTESIAN_POINT('',(-5.954789202143,-3.626590008186));
#1363 = CARTESIAN_POINT('',(-5.970133957605,-3.604870814872));
#1364 = CARTESIAN_POINT('',(-5.98582468375,-3.584155755159));
#1365 = CARTESIAN_POINT('',(-6.001856201031,-3.564512904993));
#1366 = CARTESIAN_POINT('',(-6.058327347621,-3.500685136466));
#1367 = CARTESIAN_POINT('',(-6.100725735048,-3.461906619328));
#1368 = CARTESIAN_POINT('',(-6.144903283731,-3.431463913155));
#1369 = CARTESIAN_POINT('',(-6.190356228529,-3.410578834786));
#1370 = CARTESIAN_POINT('',(-6.236610844805,-3.4));
#1371 = CARTESIAN_POINT('',(-6.28318530718,-3.4));
#1372 = ( GEOMETRIC_REPRESENTATION_CONTEXT(2) 
PARAMETRIC_REPRESENTATION_CONTEXT() REPRESENTATION_CONTEXT('2D SPACE',''
  ) );
#1373 = PCURVE('',#1076,#1374);
#1374 = DEFINITIONAL_REPRESENTATION('',(#1375),#1428);
#1375 = B_SPLINE_CURVE_WITH_KNOTS('',6,(#1376,#1377,#1378,#1379,#1380,
    #1381,#1382,#1383,#1384,#1385,#1386,#1387,#1388,#1389,#1390,#1391,
    #1392,#1393,#1394,#1395,#1396,#1397,#1398,#1399,#1400,#1401,#1402,
    #1403,#1404,#1405,#1406,#1407,#1408,#1409,#1410,#1411,#1412,#1413,
    #1414,#1415,#1416,#1417,#1418,#1419,#1420,#1421,#1422,#1423,#1424,
    #1425,#1426,#1427),.UNSPECIFIED.,.F.,.F.,(7,5,5,5,5,5,5,5,5,5,7),(0.
    ,0.12117196059,0.172385907431,0.291605430183,0.399225979394,
    0.499996214946,0.602124469419,0.707945774081,0.829285530707,
    0.878764653938,1.),.UNSPECIFIED.);
#1376 = CARTESIAN_POINT('',(-1.570796326795,-0.75));
#1377 = CARTESIAN_POINT('',(-1.644984868881,-0.75));
#1378 = CARTESIAN_POINT('',(-1.718666186673,-0.743369158361));
#1379 = CARTESIAN_POINT('',(-1.791519712421,-0.730278817155));
#1380 = CARTESIAN_POINT('',(-1.86320000765,-0.711392676533));
#1381 = CARTESIAN_POINT('',(-1.933278357297,-0.687850641075));
#1382 = CARTESIAN_POINT('',(-2.02980405943,-0.649783408191));
#1383 = CARTESIAN_POINT('',(-2.058166366364,-0.637866436123));
#1384 = CARTESIAN_POINT('',(-2.086226672609,-0.625419015424));
#1385 = CARTESIAN_POINT('',(-2.113996283868,-0.61251701874));
#1386 = CARTESIAN_POINT('',(-2.141485400449,-0.599235021867));
#1387 = CARTESIAN_POINT('',(-2.232062483418,-0.554013504709));
#1388 = CARTESIAN_POINT('',(-2.293961148017,-0.520713306209));
#1389 = CARTESIAN_POINT('',(-2.354658708294,-0.486594828784));
#1390 = CARTESIAN_POINT('',(-2.414398600795,-0.452417879781));
#1391 = CARTESIAN_POINT('',(-2.473421047556,-0.418891513902));
#1392 = CARTESIAN_POINT('',(-2.584834093311,-0.357664389399));
#1393 = CARTESIAN_POINT('',(-2.637360263662,-0.32968745627));
#1394 = CARTESIAN_POINT('',(-2.689656494652,-0.303341170257));
#1395 = CARTESIAN_POINT('',(-2.741831064151,-0.279176072716));
#1396 = CARTESIAN_POINT('',(-2.794005768396,-0.257714511084));
#1397 = CARTESIAN_POINT('',(-2.895310389072,-0.222311820744));
#1398 = CARTESIAN_POINT('',(-2.94444564872,-0.207970774178));
#1399 = CARTESIAN_POINT('',(-2.993654402817,-0.196868770152));
#1400 = CARTESIAN_POINT('',(-3.042914041977,-0.189343801928));
#1401 = CARTESIAN_POINT('',(-3.092223803231,-0.185572965166));
#1402 = CARTESIAN_POINT('',(-3.191626817794,-0.185572965166));
#1403 = CARTESIAN_POINT('',(-3.241598118512,-0.189446118794));
#1404 = CARTESIAN_POINT('',(-3.291517313412,-0.197174420241));
#1405 = CARTESIAN_POINT('',(-3.341384643306,-0.208571337715));
#1406 = CARTESIAN_POINT('',(-3.391177303616,-0.223281350005));
#1407 = CARTESIAN_POINT('',(-3.492252486634,-0.258995240449));
#1408 = CARTESIAN_POINT('',(-3.54355475053,-0.280218590408));
#1409 = CARTESIAN_POINT('',(-3.594859535785,-0.304037836197));
#1410 = CARTESIAN_POINT('',(-3.646283002598,-0.329956124637));
#1411 = CARTESIAN_POINT('',(-3.697928854351,-0.35745071987));
#1412 = CARTESIAN_POINT('',(-3.809482043562,-0.41871577271));
#1413 = CARTESIAN_POINT('',(-3.869549671969,-0.452847675699));
#1414 = CARTESIAN_POINT('',(-3.930361582966,-0.487651800958));
#1415 = CARTESIAN_POINT('',(-3.992170653411,-0.52238062051));
#1416 = CARTESIAN_POINT('',(-4.055233161997,-0.556231660499));
#1417 = CARTESIAN_POINT('',(-4.146160914572,-0.601384474201));
#1418 = CARTESIAN_POINT('',(-4.172753937094,-0.614168456104));
#1419 = CARTESIAN_POINT('',(-4.199610025909,-0.626591147777));
#1420 = CARTESIAN_POINT('',(-4.226738194469,-0.638585084638));
#1421 = CARTESIAN_POINT('',(-4.254148438682,-0.650081717944));
#1422 = CARTESIAN_POINT('',(-4.349731253139,-0.687791711037));
#1423 = CARTESIAN_POINT('',(-4.419841401891,-0.711354702907));
#1424 = CARTESIAN_POINT('',(-4.491554749669,-0.73025867489));
#1425 = CARTESIAN_POINT('',(-4.564442889998,-0.743362085258));
#1426 = CARTESIAN_POINT('',(-4.638160930975,-0.75));
#1427 = CARTESIAN_POINT('',(-4.712388980385,-0.75));
#1428 = ( GEOMETRIC_REPRESENTATION_CONTEXT(2) 
PARAMETRIC_REPRESENTATION_CONTEXT() REPRESENTATION_CONTEXT('2D SPACE',''
  ) );
#1429 = ADVANCED_FACE('',(#1430),#749,.F.);
#1430 = FACE_BOUND('',#1431,.F.);
#1431 = EDGE_LOOP('',(#1432,#1457,#1479,#1480,#1502,#1503,#1532));
#1432 = ORIENTED_EDGE('',*,*,#1433,.T.);
#1433 = EDGE_CURVE('',#1434,#1436,#1438,.T.);
#1434 = VERTEX_POINT('',#1435);
#1435 = CARTESIAN_POINT('',(10.7,4.898587196589E-16,62.));
#1436 = VERTEX_POINT('',#1437);
#1437 = CARTESIAN_POINT('',(11.,5.633375276078E-16,62.3));
#1438 = SEAM_CURVE('',#1439,(#1443,#1450),.PCURVE_S1.);
#1439 = LINE('',#1440,#1441);
#1440 = CARTESIAN_POINT('',(10.7,4.898587196589E-16,62.));
#1441 = VECTOR('',#1442,1.);
#1442 = DIRECTION('',(0.707106781187,1.731912112471E-16,0.707106781187)
  );
#1443 = PCURVE('',#749,#1444);
#1444 = DEFINITIONAL_REPRESENTATION('',(#1445),#1449);
#1445 = LINE('',#1446,#1447);
#1446 = CARTESIAN_POINT('',(6.28318530718,-0.));
#1447 = VECTOR('',#1448,1.);
#1448 = DIRECTION('',(0.,1.));
#1449 = ( GEOMETRIC_REPRESENTATION_CONTEXT(2) 
PARAMETRIC_REPRESENTATION_CONTEXT() REPRESENTATION_CONTEXT('2D SPACE',''
  ) );
#1450 = PCURVE('',#749,#1451);
#1451 = DEFINITIONAL_REPRESENTATION('',(#1452),#1456);
#1452 = LINE('',#1453,#1454);
#1453 = CARTESIAN_POINT('',(0.,-0.));
#1454 = VECTOR('',#1455,1.);
#1455 = DIRECTION('',(0.,1.));
#1456 = ( GEOMETRIC_REPRESENTATION_CONTEXT(2) 
PARAMETRIC_REPRESENTATION_CONTEXT() REPRESENTATION_CONTEXT('2D SPACE',''
  ) );
#1457 = ORIENTED_EDGE('',*,*,#1458,.F.);
#1458 = EDGE_CURVE('',#714,#1436,#1459,.T.);
#1459 = SURFACE_CURVE('',#1460,(#1465,#1472),.PCURVE_S1.);
#1460 = CIRCLE('',#1461,2.3);
#1461 = AXIS2_PLACEMENT_3D('',#1462,#1463,#1464);
#1462 = CARTESIAN_POINT('',(11.,0.,60.));
#1463 = DIRECTION('',(1.,0.,0.));
#1464 = DIRECTION('',(-0.,0.,1.));
#1465 = PCURVE('',#749,#1466);
#1466 = DEFINITIONAL_REPRESENTATION('',(#1467),#1471);
#1467 = LINE('',#1468,#1469);
#1468 = CARTESIAN_POINT('',(0.,0.3));
#1469 = VECTOR('',#1470,1.);
#1470 = DIRECTION('',(1.,0.));
#1471 = ( GEOMETRIC_REPRESENTATION_CONTEXT(2) 
PARAMETRIC_REPRESENTATION_CONTEXT() REPRESENTATION_CONTEXT('2D SPACE',''
  ) );
#1472 = PCURVE('',#880,#1473);
#1473 = DEFINITIONAL_REPRESENTATION('',(#1474),#1478);
#1474 = CIRCLE('',#1475,2.3);
#1475 = AXIS2_PLACEMENT_2D('',#1476,#1477);
#1476 = CARTESIAN_POINT('',(0.,0.));
#1477 = DIRECTION('',(1.,0.));
#1478 = ( GEOMETRIC_REPRESENTATION_CONTEXT(2) 
PARAMETRIC_REPRESENTATION_CONTEXT() REPRESENTATION_CONTEXT('2D SPACE',''
  ) );
#1479 = ORIENTED_EDGE('',*,*,#734,.F.);
#1480 = ORIENTED_EDGE('',*,*,#1481,.F.);
#1481 = EDGE_CURVE('',#1436,#692,#1482,.T.);
#1482 = SURFACE_CURVE('',#1483,(#1488,#1495),.PCURVE_S1.);
#1483 = CIRCLE('',#1484,2.3);
#1484 = AXIS2_PLACEMENT_3D('',#1485,#1486,#1487);
#1485 = CARTESIAN_POINT('',(11.,0.,60.));
#1486 = DIRECTION('',(1.,0.,0.));
#1487 = DIRECTION('',(-0.,0.,1.));
#1488 = PCURVE('',#749,#1489);
#1489 = DEFINITIONAL_REPRESENTATION('',(#1490),#1494);
#1490 = LINE('',#1491,#1492);
#1491 = CARTESIAN_POINT('',(0.,0.3));
#1492 = VECTOR('',#1493,1.);
#1493 = DIRECTION('',(1.,0.));
#1494 = ( GEOMETRIC_REPRESENTATION_CONTEXT(2) 
PARAMETRIC_REPRESENTATION_CONTEXT() REPRESENTATION_CONTEXT('2D SPACE',''
  ) );
#1495 = PCURVE('',#880,#1496);
#1496 = DEFINITIONAL_REPRESENTATION('',(#1497),#1501);
#1497 = CIRCLE('',#1498,2.3);
#1498 = AXIS2_PLACEMENT_2D('',#1499,#1500);
#1499 = CARTESIAN_POINT('',(0.,0.));
#1500 = DIRECTION('',(1.,0.));
#1501 = ( GEOMETRIC_REPRESENTATION_CONTEXT(2) 
PARAMETRIC_REPRESENTATION_CONTEXT() REPRESENTATION_CONTEXT('2D SPACE',''
  ) );
#1502 = ORIENTED_EDGE('',*,*,#1433,.F.);
#1503 = ORIENTED_EDGE('',*,*,#1504,.T.);
#1504 = EDGE_CURVE('',#1434,#1505,#1507,.T.);
#1505 = VERTEX_POINT('',#1506);
#1506 = CARTESIAN_POINT('',(10.7,2.,60.));
#1507 = SURFACE_CURVE('',#1508,(#1513,#1520),.PCURVE_S1.);
#1508 = CIRCLE('',#1509,2.);
#1509 = AXIS2_PLACEMENT_3D('',#1510,#1511,#1512);
#1510 = CARTESIAN_POINT('',(10.7,0.,60.));
#1511 = DIRECTION('',(1.,0.,0.));
#1512 = DIRECTION('',(-0.,0.,1.));
#1513 = PCURVE('',#749,#1514);
#1514 = DEFINITIONAL_REPRESENTATION('',(#1515),#1519);
#1515 = LINE('',#1516,#1517);
#1516 = CARTESIAN_POINT('',(0.,0.));
#1517 = VECTOR('',#1518,1.);
#1518 = DIRECTION('',(1.,0.));
#1519 = ( GEOMETRIC_REPRESENTATION_CONTEXT(2) 
PARAMETRIC_REPRESENTATION_CONTEXT() REPRESENTATION_CONTEXT('2D SPACE',''
  ) );
#1520 = PCURVE('',#1521,#1526);
#1521 = CYLINDRICAL_SURFACE('',#1522,2.);
#1522 = AXIS2_PLACEMENT_3D('',#1523,#1524,#1525);
#1523 = CARTESIAN_POINT('',(6.5,0.,60.));
#1524 = DIRECTION('',(-1.,-0.,-0.));
#1525 = DIRECTION('',(0.,1.,0.));
#1526 = DEFINITIONAL_REPRESENTATION('',(#1527),#1531);
#1527 = LINE('',#1528,#1529);
#1528 = CARTESIAN_POINT('',(-1.570796326795,-4.2));
#1529 = VECTOR('',#1530,1.);
#1530 = DIRECTION('',(-1.,0.));
#1531 = ( GEOMETRIC_REPRESENTATION_CONTEXT(2) 
PARAMETRIC_REPRESENTATION_CONTEXT() REPRESENTATION_CONTEXT('2D SPACE',''
  ) );
#1532 = ORIENTED_EDGE('',*,*,#1533,.T.);
#1533 = EDGE_CURVE('',#1505,#1434,#1534,.T.);
#1534 = SURFACE_CURVE('',#1535,(#1540,#1547),.PCURVE_S1.);
#1535 = CIRCLE('',#1536,2.);
#1536 = AXIS2_PLACEMENT_3D('',#1537,#1538,#1539);
#1537 = CARTESIAN_POINT('',(10.7,0.,60.));
#1538 = DIRECTION('',(1.,0.,0.));
#1539 = DIRECTION('',(-0.,0.,1.));
#1540 = PCURVE('',#749,#1541);
#1541 = DEFINITIONAL_REPRESENTATION('',(#1542),#1546);
#1542 = LINE('',#1543,#1544);
#1543 = CARTESIAN_POINT('',(0.,0.));
#1544 = VECTOR('',#1545,1.);
#1545 = DIRECTION('',(1.,0.));
#1546 = ( GEOMETRIC_REPRESENTATION_CONTEXT(2) 
PARAMETRIC_REPRESENTATION_CONTEXT() REPRESENTATION_CONTEXT('2D SPACE',''
  ) );
#1547 = PCURVE('',#1521,#1548);
#1548 = DEFINITIONAL_REPRESENTATION('',(#1549),#1553);
#1549 = LINE('',#1550,#1551);
#1550 = CARTESIAN_POINT('',(4.712388980385,-4.2));
#1551 = VECTOR('',#1552,1.);
#1552 = DIRECTION('',(-1.,0.));
#1553 = ( GEOMETRIC_REPRESENTATION_CONTEXT(2) 
PARAMETRIC_REPRESENTATION_CONTEXT() REPRESENTATION_CONTEXT('2D SPACE',''
  ) );
#1554 = ADVANCED_FACE('',(#1555),#781,.T.);
#1555 = FACE_BOUND('',#1556,.F.);
#1556 = EDGE_LOOP('',(#1557,#1580,#1602,#1603));
#1557 = ORIENTED_EDGE('',*,*,#1558,.T.);
#1558 = EDGE_CURVE('',#765,#1559,#1561,.T.);
#1559 = VERTEX_POINT('',#1560);
#1560 = CARTESIAN_POINT('',(18.,0.,66.));
#1561 = SEAM_CURVE('',#1562,(#1566,#1573),.PCURVE_S1.);
#1562 = LINE('',#1563,#1564);
#1563 = CARTESIAN_POINT('',(18.,0.,62.));
#1564 = VECTOR('',#1565,1.);
#1565 = DIRECTION('',(0.,0.,1.));
#1566 = PCURVE('',#781,#1567);
#1567 = DEFINITIONAL_REPRESENTATION('',(#1568),#1572);
#1568 = LINE('',#1569,#1570);
#1569 = CARTESIAN_POINT('',(-0.,0.));
#1570 = VECTOR('',#1571,1.);
#1571 = DIRECTION('',(-0.,-1.));
#1572 = ( GEOMETRIC_REPRESENTATION_CONTEXT(2) 
PARAMETRIC_REPRESENTATION_CONTEXT() REPRESENTATION_CONTEXT('2D SPACE',''
  ) );
#1573 = PCURVE('',#781,#1574);
#1574 = DEFINITIONAL_REPRESENTATION('',(#1575),#1579);
#1575 = LINE('',#1576,#1577);
#1576 = CARTESIAN_POINT('',(-6.28318530718,0.));
#1577 = VECTOR('',#1578,1.);
#1578 = DIRECTION('',(-0.,-1.));
#1579 = ( GEOMETRIC_REPRESENTATION_CONTEXT(2) 
PARAMETRIC_REPRESENTATION_CONTEXT() REPRESENTATION_CONTEXT('2D SPACE',''
  ) );
#1580 = ORIENTED_EDGE('',*,*,#1581,.T.);
#1581 = EDGE_CURVE('',#1559,#1559,#1582,.T.);
#1582 = SURFACE_CURVE('',#1583,(#1588,#1595),.PCURVE_S1.);
#1583 = CIRCLE('',#1584,18.);
#1584 = AXIS2_PLACEMENT_3D('',#1585,#1586,#1587);
#1585 = CARTESIAN_POINT('',(0.,0.,66.));
#1586 = DIRECTION('',(0.,0.,1.));
#1587 = DIRECTION('',(1.,0.,0.));
#1588 = PCURVE('',#781,#1589);
#1589 = DEFINITIONAL_REPRESENTATION('',(#1590),#1594);
#1590 = LINE('',#1591,#1592);
#1591 = CARTESIAN_POINT('',(-0.,-4.));
#1592 = VECTOR('',#1593,1.);
#1593 = DIRECTION('',(-1.,0.));
#1594 = ( GEOMETRIC_REPRESENTATION_CONTEXT(2) 
PARAMETRIC_REPRESENTATION_CONTEXT() REPRESENTATION_CONTEXT('2D SPACE',''
  ) );
#1595 = PCURVE('',#1245,#1596);
#1596 = DEFINITIONAL_REPRESENTATION('',(#1597),#1601);
#1597 = CIRCLE('',#1598,18.);
#1598 = AXIS2_PLACEMENT_2D('',#1599,#1600);
#1599 = CARTESIAN_POINT('',(7.458764359306E-16,4.490371596874E-16));
#1600 = DIRECTION('',(1.,0.));
#1601 = ( GEOMETRIC_REPRESENTATION_CONTEXT(2) 
PARAMETRIC_REPRESENTATION_CONTEXT() REPRESENTATION_CONTEXT('2D SPACE',''
  ) );
#1602 = ORIENTED_EDGE('',*,*,#1558,.F.);
#1603 = ORIENTED_EDGE('',*,*,#764,.F.);
#1604 = ADVANCED_FACE('',(#1605),#816,.F.);
#1605 = FACE_BOUND('',#1606,.T.);
#1606 = EDGE_LOOP('',(#1607,#1608,#1631,#1657));
#1607 = ORIENTED_EDGE('',*,*,#795,.T.);
#1608 = ORIENTED_EDGE('',*,*,#1609,.T.);
#1609 = EDGE_CURVE('',#796,#1610,#1612,.T.);
#1610 = VERTEX_POINT('',#1611);
#1611 = CARTESIAN_POINT('',(-10.30736835487,-7.25,66.));
#1612 = SEAM_CURVE('',#1613,(#1617,#1624),.PCURVE_S1.);
#1613 = LINE('',#1614,#1615);
#1614 = CARTESIAN_POINT('',(-10.30736835487,-7.25,61.));
#1615 = VECTOR('',#1616,1.);
#1616 = DIRECTION('',(0.,0.,1.));
#1617 = PCURVE('',#816,#1618);
#1618 = DEFINITIONAL_REPRESENTATION('',(#1619),#1623);
#1619 = LINE('',#1620,#1621);
#1620 = CARTESIAN_POINT('',(-6.28318530718,0.));
#1621 = VECTOR('',#1622,1.);
#1622 = DIRECTION('',(-0.,-1.));
#1623 = ( GEOMETRIC_REPRESENTATION_CONTEXT(2) 
PARAMETRIC_REPRESENTATION_CONTEXT() REPRESENTATION_CONTEXT('2D SPACE',''
  ) );
#1624 = PCURVE('',#816,#1625);
#1625 = DEFINITIONAL_REPRESENTATION('',(#1626),#1630);
#1626 = LINE('',#1627,#1628);
#1627 = CARTESIAN_POINT('',(-0.,0.));
#1628 = VECTOR('',#1629,1.);
#1629 = DIRECTION('',(-0.,-1.));
#1630 = ( GEOMETRIC_REPRESENTATION_CONTEXT(2) 
PARAMETRIC_REPRESENTATION_CONTEXT() REPRESENTATION_CONTEXT('2D SPACE',''
  ) );
#1631 = ORIENTED_EDGE('',*,*,#1632,.F.);
#1632 = EDGE_CURVE('',#1610,#1610,#1633,.T.);
#1633 = SURFACE_CURVE('',#1634,(#1639,#1646),.PCURVE_S1.);
#1634 = CIRCLE('',#1635,2.25);
#1635 = AXIS2_PLACEMENT_3D('',#1636,#1637,#1638);
#1636 = CARTESIAN_POINT('',(-12.55736835487,-7.25,66.));
#1637 = DIRECTION('',(0.,0.,-1.));
#1638 = DIRECTION('',(1.,0.,0.));
#1639 = PCURVE('',#816,#1640);
#1640 = DEFINITIONAL_REPRESENTATION('',(#1641),#1645);
#1641 = LINE('',#1642,#1643);
#1642 = CARTESIAN_POINT('',(-6.28318530718,-5.));
#1643 = VECTOR('',#1644,1.);
#1644 = DIRECTION('',(1.,-0.));
#1645 = ( GEOMETRIC_REPRESENTATION_CONTEXT(2) 
PARAMETRIC_REPRESENTATION_CONTEXT() REPRESENTATION_CONTEXT('2D SPACE',''
  ) );
#1646 = PCURVE('',#1245,#1647);
#1647 = DEFINITIONAL_REPRESENTATION('',(#1648),#1656);
#1648 = ( BOUNDED_CURVE() B_SPLINE_CURVE(2,(#1649,#1650,#1651,#1652,
#1653,#1654,#1655),.UNSPECIFIED.,.T.,.F.) B_SPLINE_CURVE_WITH_KNOTS((1,2
    ,2,2,2,1),(-2.094395102393,0.,2.094395102393,4.188790204786,
6.28318530718,8.377580409573),.UNSPECIFIED.) CURVE() 
GEOMETRIC_REPRESENTATION_ITEM() RATIONAL_B_SPLINE_CURVE((1.,0.5,1.,0.5,
1.,0.5,1.)) REPRESENTATION_ITEM('') );
#1649 = CARTESIAN_POINT('',(-10.30736835487,-7.25));
#1650 = CARTESIAN_POINT('',(-10.30736835487,-11.14711431703));
#1651 = CARTESIAN_POINT('',(-13.68236835487,-9.198557158515));
#1652 = CARTESIAN_POINT('',(-17.05736835487,-7.25));
#1653 = CARTESIAN_POINT('',(-13.68236835487,-5.301442841485));
#1654 = CARTESIAN_POINT('',(-10.30736835487,-3.35288568297));
#1655 = CARTESIAN_POINT('',(-10.30736835487,-7.25));
#1656 = ( GEOMETRIC_REPRESENTATION_CONTEXT(2) 
PARAMETRIC_REPRESENTATION_CONTEXT() REPRESENTATION_CONTEXT('2D SPACE',''
  ) );
#1657 = ORIENTED_EDGE('',*,*,#1609,.F.);
#1658 = ADVANCED_FACE('',(#1659),#851,.F.);
#1659 = FACE_BOUND('',#1660,.T.);
#1660 = EDGE_LOOP('',(#1661,#1662,#1685,#1711));
#1661 = ORIENTED_EDGE('',*,*,#830,.T.);
#1662 = ORIENTED_EDGE('',*,*,#1663,.T.);
#1663 = EDGE_CURVE('',#831,#1664,#1666,.T.);
#1664 = VERTEX_POINT('',#1665);
#1665 = CARTESIAN_POINT('',(14.807368354874,-7.25,66.));
#1666 = SEAM_CURVE('',#1667,(#1671,#1678),.PCURVE_S1.);
#1667 = LINE('',#1668,#1669);
#1668 = CARTESIAN_POINT('',(14.807368354874,-7.25,61.));
#1669 = VECTOR('',#1670,1.);
#1670 = DIRECTION('',(0.,0.,1.));
#1671 = PCURVE('',#851,#1672);
#1672 = DEFINITIONAL_REPRESENTATION('',(#1673),#1677);
#1673 = LINE('',#1674,#1675);
#1674 = CARTESIAN_POINT('',(-6.28318530718,0.));
#1675 = VECTOR('',#1676,1.);
#1676 = DIRECTION('',(-0.,-1.));
#1677 = ( GEOMETRIC_REPRESENTATION_CONTEXT(2) 
PARAMETRIC_REPRESENTATION_CONTEXT() REPRESENTATION_CONTEXT('2D SPACE',''
  ) );
#1678 = PCURVE('',#851,#1679);
#1679 = DEFINITIONAL_REPRESENTATION('',(#1680),#1684);
#1680 = LINE('',#1681,#1682);
#1681 = CARTESIAN_POINT('',(-0.,0.));
#1682 = VECTOR('',#1683,1.);
#1683 = DIRECTION('',(-0.,-1.));
#1684 = ( GEOMETRIC_REPRESENTATION_CONTEXT(2) 
PARAMETRIC_REPRESENTATION_CONTEXT() REPRESENTATION_CONTEXT('2D SPACE',''
  ) );
#1685 = ORIENTED_EDGE('',*,*,#1686,.F.);
#1686 = EDGE_CURVE('',#1664,#1664,#1687,.T.);
#1687 = SURFACE_CURVE('',#1688,(#1693,#1700),.PCURVE_S1.);
#1688 = CIRCLE('',#1689,2.25);
#1689 = AXIS2_PLACEMENT_3D('',#1690,#1691,#1692);
#1690 = CARTESIAN_POINT('',(12.557368354874,-7.25,66.));
#1691 = DIRECTION('',(0.,0.,-1.));
#1692 = DIRECTION('',(1.,0.,0.));
#1693 = PCURVE('',#851,#1694);
#1694 = DEFINITIONAL_REPRESENTATION('',(#1695),#1699);
#1695 = LINE('',#1696,#1697);
#1696 = CARTESIAN_POINT('',(-6.28318530718,-5.));
#1697 = VECTOR('',#1698,1.);
#1698 = DIRECTION('',(1.,-0.));
#1699 = ( GEOMETRIC_REPRESENTATION_CONTEXT(2) 
PARAMETRIC_REPRESENTATION_CONTEXT() REPRESENTATION_CONTEXT('2D SPACE',''
  ) );
#1700 = PCURVE('',#1245,#1701);
#1701 = DEFINITIONAL_REPRESENTATION('',(#1702),#1710);
#1702 = ( BOUNDED_CURVE() B_SPLINE_CURVE(2,(#1703,#1704,#1705,#1706,
#1707,#1708,#1709),.UNSPECIFIED.,.T.,.F.) B_SPLINE_CURVE_WITH_KNOTS((1,2
    ,2,2,2,1),(-2.094395102393,0.,2.094395102393,4.188790204786,
6.28318530718,8.377580409573),.UNSPECIFIED.) CURVE() 
GEOMETRIC_REPRESENTATION_ITEM() RATIONAL_B_SPLINE_CURVE((1.,0.5,1.,0.5,
1.,0.5,1.)) REPRESENTATION_ITEM('') );
#1703 = CARTESIAN_POINT('',(14.807368354874,-7.25));
#1704 = CARTESIAN_POINT('',(14.807368354874,-11.14711431703));
#1705 = CARTESIAN_POINT('',(11.432368354874,-9.198557158515));
#1706 = CARTESIAN_POINT('',(8.057368354874,-7.25));
#1707 = CARTESIAN_POINT('',(11.432368354874,-5.301442841485));
#1708 = CARTESIAN_POINT('',(14.807368354874,-3.35288568297));
#1709 = CARTESIAN_POINT('',(14.807368354874,-7.25));
#1710 = ( GEOMETRIC_REPRESENTATION_CONTEXT(2) 
PARAMETRIC_REPRESENTATION_CONTEXT() REPRESENTATION_CONTEXT('2D SPACE',''
  ) );
#1711 = ORIENTED_EDGE('',*,*,#1663,.F.);
#1712 = ADVANCED_FACE('',(#1713),#880,.F.);
#1713 = FACE_BOUND('',#1714,.F.);
#1714 = EDGE_LOOP('',(#1715,#1716,#1717,#1718));
#1715 = ORIENTED_EDGE('',*,*,#1458,.T.);
#1716 = ORIENTED_EDGE('',*,*,#1481,.T.);
#1717 = ORIENTED_EDGE('',*,*,#892,.T.);
#1718 = ORIENTED_EDGE('',*,*,#865,.T.);
#1719 = ADVANCED_FACE('',(#1720),#965,.F.);
#1720 = FACE_BOUND('',#1721,.T.);
#1721 = EDGE_LOOP('',(#1722,#1723,#1746,#1772));
#1722 = ORIENTED_EDGE('',*,*,#944,.T.);
#1723 = ORIENTED_EDGE('',*,*,#1724,.T.);
#1724 = EDGE_CURVE('',#945,#1725,#1727,.T.);
#1725 = VERTEX_POINT('',#1726);
#1726 = CARTESIAN_POINT('',(2.25,14.5,66.));
#1727 = SEAM_CURVE('',#1728,(#1732,#1739),.PCURVE_S1.);
#1728 = LINE('',#1729,#1730);
#1729 = CARTESIAN_POINT('',(2.25,14.5,61.));
#1730 = VECTOR('',#1731,1.);
#1731 = DIRECTION('',(0.,0.,1.));
#1732 = PCURVE('',#965,#1733);
#1733 = DEFINITIONAL_REPRESENTATION('',(#1734),#1738);
#1734 = LINE('',#1735,#1736);
#1735 = CARTESIAN_POINT('',(-6.28318530718,0.));
#1736 = VECTOR('',#1737,1.);
#1737 = DIRECTION('',(-0.,-1.));
#1738 = ( GEOMETRIC_REPRESENTATION_CONTEXT(2) 
PARAMETRIC_REPRESENTATION_CONTEXT() REPRESENTATION_CONTEXT('2D SPACE',''
  ) );
#1739 = PCURVE('',#965,#1740);
#1740 = DEFINITIONAL_REPRESENTATION('',(#1741),#1745);
#1741 = LINE('',#1742,#1743);
#1742 = CARTESIAN_POINT('',(-0.,0.));
#1743 = VECTOR('',#1744,1.);
#1744 = DIRECTION('',(-0.,-1.));
#1745 = ( GEOMETRIC_REPRESENTATION_CONTEXT(2) 
PARAMETRIC_REPRESENTATION_CONTEXT() REPRESENTATION_CONTEXT('2D SPACE',''
  ) );
#1746 = ORIENTED_EDGE('',*,*,#1747,.F.);
#1747 = EDGE_CURVE('',#1725,#1725,#1748,.T.);
#1748 = SURFACE_CURVE('',#1749,(#1754,#1761),.PCURVE_S1.);
#1749 = CIRCLE('',#1750,2.25);
#1750 = AXIS2_PLACEMENT_3D('',#1751,#1752,#1753);
#1751 = CARTESIAN_POINT('',(8.878689293818E-16,14.5,66.));
#1752 = DIRECTION('',(0.,0.,-1.));
#1753 = DIRECTION('',(1.,0.,0.));
#1754 = PCURVE('',#965,#1755);
#1755 = DEFINITIONAL_REPRESENTATION('',(#1756),#1760);
#1756 = LINE('',#1757,#1758);
#1757 = CARTESIAN_POINT('',(-6.28318530718,-5.));
#1758 = VECTOR('',#1759,1.);
#1759 = DIRECTION('',(1.,-0.));
#1760 = ( GEOMETRIC_REPRESENTATION_CONTEXT(2) 
PARAMETRIC_REPRESENTATION_CONTEXT() REPRESENTATION_CONTEXT('2D SPACE',''
  ) );
#1761 = PCURVE('',#1245,#1762);
#1762 = DEFINITIONAL_REPRESENTATION('',(#1763),#1771);
#1763 = ( BOUNDED_CURVE() B_SPLINE_CURVE(2,(#1764,#1765,#1766,#1767,
#1768,#1769,#1770),.UNSPECIFIED.,.T.,.F.) B_SPLINE_CURVE_WITH_KNOTS((1,2
    ,2,2,2,1),(-2.094395102393,0.,2.094395102393,4.188790204786,
6.28318530718,8.377580409573),.UNSPECIFIED.) CURVE() 
GEOMETRIC_REPRESENTATION_ITEM() RATIONAL_B_SPLINE_CURVE((1.,0.5,1.,0.5,
1.,0.5,1.)) REPRESENTATION_ITEM('') );
#1764 = CARTESIAN_POINT('',(2.25,14.5));
#1765 = CARTESIAN_POINT('',(2.25,10.60288568297));
#1766 = CARTESIAN_POINT('',(-1.125,12.551442841485));
#1767 = CARTESIAN_POINT('',(-4.5,14.5));
#1768 = CARTESIAN_POINT('',(-1.125,16.448557158515));
#1769 = CARTESIAN_POINT('',(2.25,18.39711431703));
#1770 = CARTESIAN_POINT('',(2.25,14.5));
#1771 = ( GEOMETRIC_REPRESENTATION_CONTEXT(2) 
PARAMETRIC_REPRESENTATION_CONTEXT() REPRESENTATION_CONTEXT('2D SPACE',''
  ) );
#1772 = ORIENTED_EDGE('',*,*,#1724,.F.);
#1773 = ADVANCED_FACE('',(#1774),#1076,.F.);
#1774 = FACE_BOUND('',#1775,.T.);
#1775 = EDGE_LOOP('',(#1776,#1799,#1800,#1801,#1802,#1803));
#1776 = ORIENTED_EDGE('',*,*,#1777,.F.);
#1777 = EDGE_CURVE('',#1013,#1778,#1780,.T.);
#1778 = VERTEX_POINT('',#1779);
#1779 = CARTESIAN_POINT('',(6.5,1.6,60.));
#1780 = SEAM_CURVE('',#1781,(#1785,#1792),.PCURVE_S1.);
#1781 = LINE('',#1782,#1783);
#1782 = CARTESIAN_POINT('',(1.8,1.6,60.));
#1783 = VECTOR('',#1784,1.);
#1784 = DIRECTION('',(1.,0.,0.));
#1785 = PCURVE('',#1076,#1786);
#1786 = DEFINITIONAL_REPRESENTATION('',(#1787),#1791);
#1787 = LINE('',#1788,#1789);
#1788 = CARTESIAN_POINT('',(-6.28318530718,0.));
#1789 = VECTOR('',#1790,1.);
#1790 = DIRECTION('',(-0.,-1.));
#1791 = ( GEOMETRIC_REPRESENTATION_CONTEXT(2) 
PARAMETRIC_REPRESENTATION_CONTEXT() REPRESENTATION_CONTEXT('2D SPACE',''
  ) );
#1792 = PCURVE('',#1076,#1793);
#1793 = DEFINITIONAL_REPRESENTATION('',(#1794),#1798);
#1794 = LINE('',#1795,#1796);
#1795 = CARTESIAN_POINT('',(-0.,0.));
#1796 = VECTOR('',#1797,1.);
#1797 = DIRECTION('',(-0.,-1.));
#1798 = ( GEOMETRIC_REPRESENTATION_CONTEXT(2) 
PARAMETRIC_REPRESENTATION_CONTEXT() REPRESENTATION_CONTEXT('2D SPACE',''
  ) );
#1799 = ORIENTED_EDGE('',*,*,#1012,.F.);
#1800 = ORIENTED_EDGE('',*,*,#1262,.F.);
#1801 = ORIENTED_EDGE('',*,*,#1112,.F.);
#1802 = ORIENTED_EDGE('',*,*,#1777,.T.);
#1803 = ORIENTED_EDGE('',*,*,#1804,.F.);
#1804 = EDGE_CURVE('',#1778,#1778,#1805,.T.);
#1805 = SURFACE_CURVE('',#1806,(#1811,#1818),.PCURVE_S1.);
#1806 = CIRCLE('',#1807,1.6);
#1807 = AXIS2_PLACEMENT_3D('',#1808,#1809,#1810);
#1808 = CARTESIAN_POINT('',(6.5,0.,60.));
#1809 = DIRECTION('',(-1.,0.,0.));
#1810 = DIRECTION('',(0.,1.,0.));
#1811 = PCURVE('',#1076,#1812);
#1812 = DEFINITIONAL_REPRESENTATION('',(#1813),#1817);
#1813 = LINE('',#1814,#1815);
#1814 = CARTESIAN_POINT('',(-6.28318530718,-4.7));
#1815 = VECTOR('',#1816,1.);
#1816 = DIRECTION('',(1.,-0.));
#1817 = ( GEOMETRIC_REPRESENTATION_CONTEXT(2) 
PARAMETRIC_REPRESENTATION_CONTEXT() REPRESENTATION_CONTEXT('2D SPACE',''
  ) );
#1818 = PCURVE('',#1819,#1824);
#1819 = PLANE('',#1820);
#1820 = AXIS2_PLACEMENT_3D('',#1821,#1822,#1823);
#1821 = CARTESIAN_POINT('',(6.5,1.709300165674E-16,60.));
#1822 = DIRECTION('',(1.,0.,0.));
#1823 = DIRECTION('',(-0.,0.,1.));
#1824 = DEFINITIONAL_REPRESENTATION('',(#1825),#1833);
#1825 = ( BOUNDED_CURVE() B_SPLINE_CURVE(2,(#1826,#1827,#1828,#1829,
#1830,#1831,#1832),.UNSPECIFIED.,.T.,.F.) B_SPLINE_CURVE_WITH_KNOTS((1,2
    ,2,2,2,1),(-2.094395102393,0.,2.094395102393,4.188790204786,
6.28318530718,8.377580409573),.UNSPECIFIED.) CURVE() 
GEOMETRIC_REPRESENTATION_ITEM() RATIONAL_B_SPLINE_CURVE((1.,0.5,1.,0.5,
1.,0.5,1.)) REPRESENTATION_ITEM('') );
#1826 = CARTESIAN_POINT('',(0.,-1.6));
#1827 = CARTESIAN_POINT('',(-2.77128129211,-1.6));
#1828 = CARTESIAN_POINT('',(-1.385640646055,0.8));
#1829 = CARTESIAN_POINT('',(-3.918869757272E-16,3.2));
#1830 = CARTESIAN_POINT('',(1.385640646055,0.8));
#1831 = CARTESIAN_POINT('',(2.77128129211,-1.6));
#1832 = CARTESIAN_POINT('',(0.,-1.6));
#1833 = ( GEOMETRIC_REPRESENTATION_CONTEXT(2) 
PARAMETRIC_REPRESENTATION_CONTEXT() REPRESENTATION_CONTEXT('2D SPACE',''
  ) );
#1834 = ADVANCED_FACE('',(#1835,#1838,#1841,#1844,#1847),#1245,.T.);
#1835 = FACE_BOUND('',#1836,.T.);
#1836 = EDGE_LOOP('',(#1837));
#1837 = ORIENTED_EDGE('',*,*,#1581,.T.);
#1838 = FACE_BOUND('',#1839,.T.);
#1839 = EDGE_LOOP('',(#1840));
#1840 = ORIENTED_EDGE('',*,*,#1632,.T.);
#1841 = FACE_BOUND('',#1842,.T.);
#1842 = EDGE_LOOP('',(#1843));
#1843 = ORIENTED_EDGE('',*,*,#1686,.T.);
#1844 = FACE_BOUND('',#1845,.T.);
#1845 = EDGE_LOOP('',(#1846));
#1846 = ORIENTED_EDGE('',*,*,#1230,.T.);
#1847 = FACE_BOUND('',#1848,.T.);
#1848 = EDGE_LOOP('',(#1849));
#1849 = ORIENTED_EDGE('',*,*,#1747,.T.);
#1850 = ADVANCED_FACE('',(#1851),#1521,.F.);
#1851 = FACE_BOUND('',#1852,.T.);
#1852 = EDGE_LOOP('',(#1853,#1876,#1898,#1899,#1900));
#1853 = ORIENTED_EDGE('',*,*,#1854,.F.);
#1854 = EDGE_CURVE('',#1855,#1505,#1857,.T.);
#1855 = VERTEX_POINT('',#1856);
#1856 = CARTESIAN_POINT('',(6.5,2.,60.));
#1857 = SEAM_CURVE('',#1858,(#1862,#1869),.PCURVE_S1.);
#1858 = LINE('',#1859,#1860);
#1859 = CARTESIAN_POINT('',(6.5,2.,60.));
#1860 = VECTOR('',#1861,1.);
#1861 = DIRECTION('',(1.,0.,0.));
#1862 = PCURVE('',#1521,#1863);
#1863 = DEFINITIONAL_REPRESENTATION('',(#1864),#1868);
#1864 = LINE('',#1865,#1866);
#1865 = CARTESIAN_POINT('',(-6.28318530718,0.));
#1866 = VECTOR('',#1867,1.);
#1867 = DIRECTION('',(-0.,-1.));
#1868 = ( GEOMETRIC_REPRESENTATION_CONTEXT(2) 
PARAMETRIC_REPRESENTATION_CONTEXT() REPRESENTATION_CONTEXT('2D SPACE',''
  ) );
#1869 = PCURVE('',#1521,#1870);
#1870 = DEFINITIONAL_REPRESENTATION('',(#1871),#1875);
#1871 = LINE('',#1872,#1873);
#1872 = CARTESIAN_POINT('',(-0.,0.));
#1873 = VECTOR('',#1874,1.);
#1874 = DIRECTION('',(-0.,-1.));
#1875 = ( GEOMETRIC_REPRESENTATION_CONTEXT(2) 
PARAMETRIC_REPRESENTATION_CONTEXT() REPRESENTATION_CONTEXT('2D SPACE',''
  ) );
#1876 = ORIENTED_EDGE('',*,*,#1877,.F.);
#1877 = EDGE_CURVE('',#1855,#1855,#1878,.T.);
#1878 = SURFACE_CURVE('',#1879,(#1884,#1891),.PCURVE_S1.);
#1879 = CIRCLE('',#1880,2.);
#1880 = AXIS2_PLACEMENT_3D('',#1881,#1882,#1883);
#1881 = CARTESIAN_POINT('',(6.5,0.,60.));
#1882 = DIRECTION('',(1.,0.,0.));
#1883 = DIRECTION('',(0.,1.,0.));
#1884 = PCURVE('',#1521,#1885);
#1885 = DEFINITIONAL_REPRESENTATION('',(#1886),#1890);
#1886 = LINE('',#1887,#1888);
#1887 = CARTESIAN_POINT('',(-0.,0.));
#1888 = VECTOR('',#1889,1.);
#1889 = DIRECTION('',(-1.,0.));
#1890 = ( GEOMETRIC_REPRESENTATION_CONTEXT(2) 
PARAMETRIC_REPRESENTATION_CONTEXT() REPRESENTATION_CONTEXT('2D SPACE',''
  ) );
#1891 = PCURVE('',#1819,#1892);
#1892 = DEFINITIONAL_REPRESENTATION('',(#1893),#1897);
#1893 = CIRCLE('',#1894,2.);
#1894 = AXIS2_PLACEMENT_2D('',#1895,#1896);
#1895 = CARTESIAN_POINT('',(0.,1.709300165674E-16));
#1896 = DIRECTION('',(0.,-1.));
#1897 = ( GEOMETRIC_REPRESENTATION_CONTEXT(2) 
PARAMETRIC_REPRESENTATION_CONTEXT() REPRESENTATION_CONTEXT('2D SPACE',''
  ) );
#1898 = ORIENTED_EDGE('',*,*,#1854,.T.);
#1899 = ORIENTED_EDGE('',*,*,#1533,.T.);
#1900 = ORIENTED_EDGE('',*,*,#1504,.T.);
#1901 = ADVANCED_FACE('',(#1902,#1905),#1819,.T.);
#1902 = FACE_BOUND('',#1903,.T.);
#1903 = EDGE_LOOP('',(#1904));
#1904 = ORIENTED_EDGE('',*,*,#1877,.T.);
#1905 = FACE_BOUND('',#1906,.T.);
#1906 = EDGE_LOOP('',(#1907));
#1907 = ORIENTED_EDGE('',*,*,#1804,.T.);
#1908 = ( GEOMETRIC_REPRESENTATION_CONTEXT(3) 
GLOBAL_UNCERTAINTY_ASSIGNED_CONTEXT((#1912)) 
GLOBAL_UNIT_ASSIGNED_CONTEXT((#1909,#1910,#1911)) REPRESENTATION_CONTEXT
('Context #1','3D Context with UNIT and UNCERTAINTY') );
#1909 = ( LENGTH_UNIT() NAMED_UNIT(*) SI_UNIT(.MILLI.,.METRE.) );
#1910 = ( NAMED_UNIT(*) PLANE_ANGLE_UNIT() SI_UNIT($,.RADIAN.) );
#1911 = ( NAMED_UNIT(*) SI_UNIT($,.STERADIAN.) SOLID_ANGLE_UNIT() );
#1912 = UNCERTAINTY_MEASURE_WITH_UNIT(LENGTH_MEASURE(1.E-07),#1909,
  'distance_accuracy_value','confusion accuracy');
#1913 = PRODUCT_RELATED_PRODUCT_CATEGORY('part',$,(#7));
ENDSEC;
END-ISO-10303-21;
