ISO-10303-21;
HEADER;
FILE_DESCRIPTION(('Open CASCADE Model'),'2;1');
FILE_NAME('Open CASCADE Shape Model','2026-09-25T17:39:29',('Author'),(
    'Open CASCADE'),'Open CASCADE STEP processor 7.8','Open CASCADE 7.8'
  ,'Unknown');
FILE_SCHEMA(('AUTOMOTIVE_DESIGN { 1 0 10303 214 1 1 1 1 }'));
ENDSEC;
DATA;
#1 = APPLICATION_PROTOCOL_DEFINITION('international standard',
  'automotive_design',2000,#2);
#2 = APPLICATION_CONTEXT(
  'core data for automotive mechanical design processes');
#3 = SHAPE_DEFINITION_REPRESENTATION(#4,#10);
#4 = PRODUCT_DEFINITION_SHAPE('','',#5);
#5 = PRODUCT_DEFINITION('design','',#6,#9);
#6 = PRODUCT_DEFINITION_FORMATION('','',#7);
#7 = PRODUCT('Open CASCADE STEP translator 7.8 4',
  'Open CASCADE STEP translator 7.8 4','',(#8));
#8 = PRODUCT_CONTEXT('',#2,'mechanical');
#9 = PRODUCT_DEFINITION_CONTEXT('part definition',#2,'design');
#10 = ADVANCED_BREP_SHAPE_REPRESENTATION('',(#11,#15),#3863);
#11 = AXIS2_PLACEMENT_3D('',#12,#13,#14);
#12 = CARTESIAN_POINT('',(0.,0.,0.));
#13 = DIRECTION('',(0.,0.,1.));
#14 = DIRECTION('',(1.,0.,-0.));
#15 = MANIFOLD_SOLID_BREP('',#16);
#16 = CLOSED_SHELL('',(#17,#1276,#1645,#1677,#1712,#1744,#1779,#1811,
    #1846,#1926,#1958,#1993,#2264,#2292,#2297,#2325,#2330,#2358,#2363,
    #2391,#2396,#2401,#2428,#2455,#2482,#2541,#2568,#2685,#2740,#2795,
    #2850,#3246,#3301,#3336,#3412,#3508,#3562,#3631,#3635,#3639,#3643,
    #3788,#3816,#3820,#3847,#3854));
#17 = ADVANCED_FACE('',(#18),#33,.T.);
#18 = FACE_BOUND('',#19,.F.);
#19 = EDGE_LOOP('',(#20,#56,#79,#108,#134,#167,#188,#212,#238,#271,#292,
    #316,#342,#375,#396,#420,#446,#479,#500,#522,#523,#547,#573,#606,
    #627,#651,#748,#966,#990,#1016,#1049,#1070,#1094,#1120,#1153,#1174,
    #1198,#1224,#1257));
#20 = ORIENTED_EDGE('',*,*,#21,.F.);
#21 = EDGE_CURVE('',#22,#24,#26,.T.);
#22 = VERTEX_POINT('',#23);
#23 = CARTESIAN_POINT('',(42.,0.,62.));
#24 = VERTEX_POINT('',#25);
#25 = CARTESIAN_POINT('',(32.787627369924,26.248266446587,62.));
#26 = SURFACE_CURVE('',#27,(#32,#44),.PCURVE_S1.);
#27 = CIRCLE('',#28,42.);
#28 = AXIS2_PLACEMENT_3D('',#29,#30,#31);
#29 = CARTESIAN_POINT('',(0.,0.,62.));
#30 = DIRECTION('',(0.,0.,1.));
#31 = DIRECTION('',(1.,0.,0.));
#32 = PCURVE('',#33,#38);
#33 = CYLINDRICAL_SURFACE('',#34,42.);
#34 = AXIS2_PLACEMENT_3D('',#35,#36,#37);
#35 = CARTESIAN_POINT('',(0.,0.,62.));
#36 = DIRECTION('',(-0.,-0.,-1.));
#37 = DIRECTION('',(1.,0.,0.));
#38 = DEFINITIONAL_REPRESENTATION('',(#39),#43);
#39 = LINE('',#40,#41);
#40 = CARTESIAN_POINT('',(-0.,0.));
#41 = VECTOR('',#42,1.);
#42 = DIRECTION('',(-1.,0.));
#43 = ( GEOMETRIC_REPRESENTATION_CONTEXT(2) 
PARAMETRIC_REPRESENTATION_CONTEXT() REPRESENTATION_CONTEXT('2D SPACE',''
  ) );
#44 = PCURVE('',#45,#50);
#45 = PLANE('',#46);
#46 = AXIS2_PLACEMENT_3D('',#47,#48,#49);
#47 = CARTESIAN_POINT('',(-2.083718297203E-15,3.692127783966E-16,62.));
#48 = DIRECTION('',(0.,0.,1.));
#49 = DIRECTION('',(1.,0.,-0.));
#50 = DEFINITIONAL_REPRESENTATION('',(#51),#55);
#51 = CIRCLE('',#52,42.);
#52 = AXIS2_PLACEMENT_2D('',#53,#54);
#53 = CARTESIAN_POINT('',(2.083718297203E-15,-3.692127783966E-16));
#54 = DIRECTION('',(1.,0.));
#55 = ( GEOMETRIC_REPRESENTATION_CONTEXT(2) 
PARAMETRIC_REPRESENTATION_CONTEXT() REPRESENTATION_CONTEXT('2D SPACE',''
  ) );
#56 = ORIENTED_EDGE('',*,*,#57,.T.);
#57 = EDGE_CURVE('',#22,#58,#60,.T.);
#58 = VERTEX_POINT('',#59);
#59 = CARTESIAN_POINT('',(42.,0.,101.));
#60 = SEAM_CURVE('',#61,(#65,#72),.PCURVE_S1.);
#61 = LINE('',#62,#63);
#62 = CARTESIAN_POINT('',(42.,0.,62.));
#63 = VECTOR('',#64,1.);
#64 = DIRECTION('',(0.,0.,1.));
#65 = PCURVE('',#33,#66);
#66 = DEFINITIONAL_REPRESENTATION('',(#67),#71);
#67 = LINE('',#68,#69);
#68 = CARTESIAN_POINT('',(-6.28318530718,0.));
#69 = VECTOR('',#70,1.);
#70 = DIRECTION('',(-0.,-1.));
#71 = ( GEOMETRIC_REPRESENTATION_CONTEXT(2) 
PARAMETRIC_REPRESENTATION_CONTEXT() REPRESENTATION_CONTEXT('2D SPACE',''
  ) );
#72 = PCURVE('',#33,#73);
#73 = DEFINITIONAL_REPRESENTATION('',(#74),#78);
#74 = LINE('',#75,#76);
#75 = CARTESIAN_POINT('',(-0.,0.));
#76 = VECTOR('',#77,1.);
#77 = DIRECTION('',(-0.,-1.));
#78 = ( GEOMETRIC_REPRESENTATION_CONTEXT(2) 
PARAMETRIC_REPRESENTATION_CONTEXT() REPRESENTATION_CONTEXT('2D SPACE',''
  ) );
#79 = ORIENTED_EDGE('',*,*,#80,.T.);
#80 = EDGE_CURVE('',#58,#81,#83,.T.);
#81 = VERTEX_POINT('',#82);
#82 = CARTESIAN_POINT('',(32.787627369923,26.248266446588,101.));
#83 = SURFACE_CURVE('',#84,(#89,#96),.PCURVE_S1.);
#84 = CIRCLE('',#85,42.);
#85 = AXIS2_PLACEMENT_3D('',#86,#87,#88);
#86 = CARTESIAN_POINT('',(0.,0.,101.));
#87 = DIRECTION('',(0.,0.,1.));
#88 = DIRECTION('',(1.,0.,0.));
#89 = PCURVE('',#33,#90);
#90 = DEFINITIONAL_REPRESENTATION('',(#91),#95);
#91 = LINE('',#92,#93);
#92 = CARTESIAN_POINT('',(-0.,-39.));
#93 = VECTOR('',#94,1.);
#94 = DIRECTION('',(-1.,0.));
#95 = ( GEOMETRIC_REPRESENTATION_CONTEXT(2) 
PARAMETRIC_REPRESENTATION_CONTEXT() REPRESENTATION_CONTEXT('2D SPACE',''
  ) );
#96 = PCURVE('',#97,#102);
#97 = PLANE('',#98);
#98 = AXIS2_PLACEMENT_3D('',#99,#100,#101);
#99 = CARTESIAN_POINT('',(-2.083718297203E-15,3.692127783966E-16,101.));
#100 = DIRECTION('',(0.,0.,1.));
#101 = DIRECTION('',(1.,0.,-0.));
#102 = DEFINITIONAL_REPRESENTATION('',(#103),#107);
#103 = CIRCLE('',#104,42.);
#104 = AXIS2_PLACEMENT_2D('',#105,#106);
#105 = CARTESIAN_POINT('',(2.083718297203E-15,-3.692127783966E-16));
#106 = DIRECTION('',(1.,0.));
#107 = ( GEOMETRIC_REPRESENTATION_CONTEXT(2) 
PARAMETRIC_REPRESENTATION_CONTEXT() REPRESENTATION_CONTEXT('2D SPACE',''
  ) );
#108 = ORIENTED_EDGE('',*,*,#109,.T.);
#109 = EDGE_CURVE('',#81,#110,#112,.T.);
#110 = VERTEX_POINT('',#111);
#111 = CARTESIAN_POINT('',(32.787627369923,26.248266446588,93.));
#112 = SURFACE_CURVE('',#113,(#117,#123),.PCURVE_S1.);
#113 = LINE('',#114,#115);
#114 = CARTESIAN_POINT('',(32.787627369923,26.248266446588,62.));
#115 = VECTOR('',#116,1.);
#116 = DIRECTION('',(-0.,-0.,-1.));
#117 = PCURVE('',#33,#118);
#118 = DEFINITIONAL_REPRESENTATION('',(#119),#122);
#119 = B_SPLINE_CURVE_WITH_KNOTS('',1,(#120,#121),.UNSPECIFIED.,.F.,.F.,
  (2,2),(-39.0000006,-30.9999994),.PIECEWISE_BEZIER_KNOTS.);
#120 = CARTESIAN_POINT('',(-0.675078659636,-39.0000006));
#121 = CARTESIAN_POINT('',(-0.675078659636,-30.9999994));
#122 = ( GEOMETRIC_REPRESENTATION_CONTEXT(2) 
PARAMETRIC_REPRESENTATION_CONTEXT() REPRESENTATION_CONTEXT('2D SPACE',''
  ) );
#123 = PCURVE('',#124,#129);
#124 = CYLINDRICAL_SURFACE('',#125,7.);
#125 = AXIS2_PLACEMENT_3D('',#126,#127,#128);
#126 = CARTESIAN_POINT('',(33.234018715768,33.234018715768,93.));
#127 = DIRECTION('',(-0.,-0.,-1.));
#128 = DIRECTION('',(1.,0.,0.));
#129 = DEFINITIONAL_REPRESENTATION('',(#130),#133);
#130 = B_SPLINE_CURVE_WITH_KNOTS('',1,(#131,#132),.UNSPECIFIED.,.F.,.F.,
  (2,2),(-39.,-31.),.PIECEWISE_BEZIER_KNOTS.);
#131 = CARTESIAN_POINT('',(-4.648575487126,-8.));
#132 = CARTESIAN_POINT('',(-4.648575487126,0.));
#133 = ( GEOMETRIC_REPRESENTATION_CONTEXT(2) 
PARAMETRIC_REPRESENTATION_CONTEXT() REPRESENTATION_CONTEXT('2D SPACE',''
  ) );
#134 = ORIENTED_EDGE('',*,*,#135,.F.);
#135 = EDGE_CURVE('',#136,#110,#138,.T.);
#136 = VERTEX_POINT('',#137);
#137 = CARTESIAN_POINT('',(26.248266446588,32.787627369923,93.));
#138 = SURFACE_CURVE('',#139,(#144,#151),.PCURVE_S1.);
#139 = CIRCLE('',#140,42.);
#140 = AXIS2_PLACEMENT_3D('',#141,#142,#143);
#141 = CARTESIAN_POINT('',(0.,0.,93.));
#142 = DIRECTION('',(0.,0.,-1.));
#143 = DIRECTION('',(1.,0.,0.));
#144 = PCURVE('',#33,#145);
#145 = DEFINITIONAL_REPRESENTATION('',(#146),#150);
#146 = LINE('',#147,#148);
#147 = CARTESIAN_POINT('',(-6.28318530718,-31.));
#148 = VECTOR('',#149,1.);
#149 = DIRECTION('',(1.,-0.));
#150 = ( GEOMETRIC_REPRESENTATION_CONTEXT(2) 
PARAMETRIC_REPRESENTATION_CONTEXT() REPRESENTATION_CONTEXT('2D SPACE',''
  ) );
#151 = PCURVE('',#152,#157);
#152 = PLANE('',#153);
#153 = AXIS2_PLACEMENT_3D('',#154,#155,#156);
#154 = CARTESIAN_POINT('',(33.234018715768,33.234018715768,93.));
#155 = DIRECTION('',(0.,0.,1.));
#156 = DIRECTION('',(1.,0.,-0.));
#157 = DEFINITIONAL_REPRESENTATION('',(#158),#166);
#158 = ( BOUNDED_CURVE() B_SPLINE_CURVE(2,(#159,#160,#161,#162,#163,#164
,#165),.UNSPECIFIED.,.T.,.F.) B_SPLINE_CURVE_WITH_KNOTS((1,2,2,2,2,1),(
    -2.094395102393,0.,2.094395102393,4.188790204786,6.28318530718,
8.377580409573),.UNSPECIFIED.) CURVE() GEOMETRIC_REPRESENTATION_ITEM() 
RATIONAL_B_SPLINE_CURVE((1.,0.5,1.,0.5,1.,0.5,1.)) REPRESENTATION_ITEM(
  '') );
#159 = CARTESIAN_POINT('',(8.765981284232,-33.23401871576));
#160 = CARTESIAN_POINT('',(8.765981284232,-105.9801526336));
#161 = CARTESIAN_POINT('',(-54.23401871576,-69.60708567471));
#162 = CARTESIAN_POINT('',(-117.2340187157,-33.23401871576));
#163 = CARTESIAN_POINT('',(-54.23401871576,3.139048243179));
#164 = CARTESIAN_POINT('',(8.765981284232,39.512115202125));
#165 = CARTESIAN_POINT('',(8.765981284232,-33.23401871576));
#166 = ( GEOMETRIC_REPRESENTATION_CONTEXT(2) 
PARAMETRIC_REPRESENTATION_CONTEXT() REPRESENTATION_CONTEXT('2D SPACE',''
  ) );
#167 = ORIENTED_EDGE('',*,*,#168,.F.);
#168 = EDGE_CURVE('',#169,#136,#171,.T.);
#169 = VERTEX_POINT('',#170);
#170 = CARTESIAN_POINT('',(26.248266446588,32.787627369923,101.));
#171 = SURFACE_CURVE('',#172,(#176,#182),.PCURVE_S1.);
#172 = LINE('',#173,#174);
#173 = CARTESIAN_POINT('',(26.248266446588,32.787627369923,62.));
#174 = VECTOR('',#175,1.);
#175 = DIRECTION('',(-0.,-0.,-1.));
#176 = PCURVE('',#33,#177);
#177 = DEFINITIONAL_REPRESENTATION('',(#178),#181);
#178 = B_SPLINE_CURVE_WITH_KNOTS('',1,(#179,#180),.UNSPECIFIED.,.F.,.F.,
  (2,2),(-39.0000006,-30.9999994),.PIECEWISE_BEZIER_KNOTS.);
#179 = CARTESIAN_POINT('',(-0.895717667159,-39.0000006));
#180 = CARTESIAN_POINT('',(-0.895717667159,-30.9999994));
#181 = ( GEOMETRIC_REPRESENTATION_CONTEXT(2) 
PARAMETRIC_REPRESENTATION_CONTEXT() REPRESENTATION_CONTEXT('2D SPACE',''
  ) );
#182 = PCURVE('',#124,#183);
#183 = DEFINITIONAL_REPRESENTATION('',(#184),#187);
#184 = B_SPLINE_CURVE_WITH_KNOTS('',1,(#185,#186),.UNSPECIFIED.,.F.,.F.,
  (2,2),(-39.,-31.),.PIECEWISE_BEZIER_KNOTS.);
#185 = CARTESIAN_POINT('',(-9.488591454028,-8.));
#186 = CARTESIAN_POINT('',(-9.488591454028,0.));
#187 = ( GEOMETRIC_REPRESENTATION_CONTEXT(2) 
PARAMETRIC_REPRESENTATION_CONTEXT() REPRESENTATION_CONTEXT('2D SPACE',''
  ) );
#188 = ORIENTED_EDGE('',*,*,#189,.T.);
#189 = EDGE_CURVE('',#169,#190,#192,.T.);
#190 = VERTEX_POINT('',#191);
#191 = CARTESIAN_POINT('',(-26.24826644658,32.787627369924,101.));
#192 = SURFACE_CURVE('',#193,(#198,#205),.PCURVE_S1.);
#193 = CIRCLE('',#194,42.);
#194 = AXIS2_PLACEMENT_3D('',#195,#196,#197);
#195 = CARTESIAN_POINT('',(0.,0.,101.));
#196 = DIRECTION('',(0.,0.,1.));
#197 = DIRECTION('',(1.,0.,0.));
#198 = PCURVE('',#33,#199);
#199 = DEFINITIONAL_REPRESENTATION('',(#200),#204);
#200 = LINE('',#201,#202);
#201 = CARTESIAN_POINT('',(-0.,-39.));
#202 = VECTOR('',#203,1.);
#203 = DIRECTION('',(-1.,0.));
#204 = ( GEOMETRIC_REPRESENTATION_CONTEXT(2) 
PARAMETRIC_REPRESENTATION_CONTEXT() REPRESENTATION_CONTEXT('2D SPACE',''
  ) );
#205 = PCURVE('',#97,#206);
#206 = DEFINITIONAL_REPRESENTATION('',(#207),#211);
#207 = CIRCLE('',#208,42.);
#208 = AXIS2_PLACEMENT_2D('',#209,#210);
#209 = CARTESIAN_POINT('',(2.083718297203E-15,-3.692127783966E-16));
#210 = DIRECTION('',(1.,0.));
#211 = ( GEOMETRIC_REPRESENTATION_CONTEXT(2) 
PARAMETRIC_REPRESENTATION_CONTEXT() REPRESENTATION_CONTEXT('2D SPACE',''
  ) );
#212 = ORIENTED_EDGE('',*,*,#213,.T.);
#213 = EDGE_CURVE('',#190,#214,#216,.T.);
#214 = VERTEX_POINT('',#215);
#215 = CARTESIAN_POINT('',(-26.24826644658,32.787627369923,93.));
#216 = SURFACE_CURVE('',#217,(#221,#227),.PCURVE_S1.);
#217 = LINE('',#218,#219);
#218 = CARTESIAN_POINT('',(-26.24826644658,32.787627369923,62.));
#219 = VECTOR('',#220,1.);
#220 = DIRECTION('',(-0.,-0.,-1.));
#221 = PCURVE('',#33,#222);
#222 = DEFINITIONAL_REPRESENTATION('',(#223),#226);
#223 = B_SPLINE_CURVE_WITH_KNOTS('',1,(#224,#225),.UNSPECIFIED.,.F.,.F.,
  (2,2),(-39.0000006,-30.9999994),.PIECEWISE_BEZIER_KNOTS.);
#224 = CARTESIAN_POINT('',(-2.245874986431,-39.0000006));
#225 = CARTESIAN_POINT('',(-2.245874986431,-30.9999994));
#226 = ( GEOMETRIC_REPRESENTATION_CONTEXT(2) 
PARAMETRIC_REPRESENTATION_CONTEXT() REPRESENTATION_CONTEXT('2D SPACE',''
  ) );
#227 = PCURVE('',#228,#233);
#228 = CYLINDRICAL_SURFACE('',#229,7.);
#229 = AXIS2_PLACEMENT_3D('',#230,#231,#232);
#230 = CARTESIAN_POINT('',(-33.23401871576,33.234018715768,93.));
#231 = DIRECTION('',(-0.,-0.,-1.));
#232 = DIRECTION('',(1.,0.,0.));
#233 = DEFINITIONAL_REPRESENTATION('',(#234),#237);
#234 = B_SPLINE_CURVE_WITH_KNOTS('',1,(#235,#236),.UNSPECIFIED.,.F.,.F.,
  (2,2),(-39.,-31.),.PIECEWISE_BEZIER_KNOTS.);
#235 = CARTESIAN_POINT('',(-6.219371813921,-8.));
#236 = CARTESIAN_POINT('',(-6.219371813921,0.));
#237 = ( GEOMETRIC_REPRESENTATION_CONTEXT(2) 
PARAMETRIC_REPRESENTATION_CONTEXT() REPRESENTATION_CONTEXT('2D SPACE',''
  ) );
#238 = ORIENTED_EDGE('',*,*,#239,.F.);
#239 = EDGE_CURVE('',#240,#214,#242,.T.);
#240 = VERTEX_POINT('',#241);
#241 = CARTESIAN_POINT('',(-32.78762736992,26.248266446588,93.));
#242 = SURFACE_CURVE('',#243,(#248,#255),.PCURVE_S1.);
#243 = CIRCLE('',#244,42.);
#244 = AXIS2_PLACEMENT_3D('',#245,#246,#247);
#245 = CARTESIAN_POINT('',(0.,0.,93.));
#246 = DIRECTION('',(0.,0.,-1.));
#247 = DIRECTION('',(1.,0.,0.));
#248 = PCURVE('',#33,#249);
#249 = DEFINITIONAL_REPRESENTATION('',(#250),#254);
#250 = LINE('',#251,#252);
#251 = CARTESIAN_POINT('',(-6.28318530718,-31.));
#252 = VECTOR('',#253,1.);
#253 = DIRECTION('',(1.,-0.));
#254 = ( GEOMETRIC_REPRESENTATION_CONTEXT(2) 
PARAMETRIC_REPRESENTATION_CONTEXT() REPRESENTATION_CONTEXT('2D SPACE',''
  ) );
#255 = PCURVE('',#256,#261);
#256 = PLANE('',#257);
#257 = AXIS2_PLACEMENT_3D('',#258,#259,#260);
#258 = CARTESIAN_POINT('',(-33.23401871576,33.234018715768,93.));
#259 = DIRECTION('',(0.,0.,1.));
#260 = DIRECTION('',(1.,0.,-0.));
#261 = DEFINITIONAL_REPRESENTATION('',(#262),#270);
#262 = ( BOUNDED_CURVE() B_SPLINE_CURVE(2,(#263,#264,#265,#266,#267,#268
,#269),.UNSPECIFIED.,.T.,.F.) B_SPLINE_CURVE_WITH_KNOTS((1,2,2,2,2,1),(
    -2.094395102393,0.,2.094395102393,4.188790204786,6.28318530718,
8.377580409573),.UNSPECIFIED.) CURVE() GEOMETRIC_REPRESENTATION_ITEM() 
RATIONAL_B_SPLINE_CURVE((1.,0.5,1.,0.5,1.,0.5,1.)) REPRESENTATION_ITEM(
  '') );
#263 = CARTESIAN_POINT('',(75.234018715768,-33.23401871576));
#264 = CARTESIAN_POINT('',(75.234018715768,-105.9801526336));
#265 = CARTESIAN_POINT('',(12.234018715768,-69.60708567471));
#266 = CARTESIAN_POINT('',(-50.76598128423,-33.23401871576));
#267 = CARTESIAN_POINT('',(12.234018715768,3.139048243179));
#268 = CARTESIAN_POINT('',(75.234018715768,39.512115202125));
#269 = CARTESIAN_POINT('',(75.234018715768,-33.23401871576));
#270 = ( GEOMETRIC_REPRESENTATION_CONTEXT(2) 
PARAMETRIC_REPRESENTATION_CONTEXT() REPRESENTATION_CONTEXT('2D SPACE',''
  ) );
#271 = ORIENTED_EDGE('',*,*,#272,.F.);
#272 = EDGE_CURVE('',#273,#240,#275,.T.);
#273 = VERTEX_POINT('',#274);
#274 = CARTESIAN_POINT('',(-32.78762736992,26.248266446587,101.));
#275 = SURFACE_CURVE('',#276,(#280,#286),.PCURVE_S1.);
#276 = LINE('',#277,#278);
#277 = CARTESIAN_POINT('',(-32.78762736992,26.248266446588,62.));
#278 = VECTOR('',#279,1.);
#279 = DIRECTION('',(-0.,-0.,-1.));
#280 = PCURVE('',#33,#281);
#281 = DEFINITIONAL_REPRESENTATION('',(#282),#285);
#282 = B_SPLINE_CURVE_WITH_KNOTS('',1,(#283,#284),.UNSPECIFIED.,.F.,.F.,
  (2,2),(-39.0000006,-30.9999994),.PIECEWISE_BEZIER_KNOTS.);
#283 = CARTESIAN_POINT('',(-2.466513993954,-39.0000006));
#284 = CARTESIAN_POINT('',(-2.466513993954,-30.9999994));
#285 = ( GEOMETRIC_REPRESENTATION_CONTEXT(2) 
PARAMETRIC_REPRESENTATION_CONTEXT() REPRESENTATION_CONTEXT('2D SPACE',''
  ) );
#286 = PCURVE('',#228,#287);
#287 = DEFINITIONAL_REPRESENTATION('',(#288),#291);
#288 = B_SPLINE_CURVE_WITH_KNOTS('',1,(#289,#290),.UNSPECIFIED.,.F.,.F.,
  (2,2),(-39.,-31.),.PIECEWISE_BEZIER_KNOTS.);
#289 = CARTESIAN_POINT('',(-11.05938778082,-8.));
#290 = CARTESIAN_POINT('',(-11.05938778082,0.));
#291 = ( GEOMETRIC_REPRESENTATION_CONTEXT(2) 
PARAMETRIC_REPRESENTATION_CONTEXT() REPRESENTATION_CONTEXT('2D SPACE',''
  ) );
#292 = ORIENTED_EDGE('',*,*,#293,.T.);
#293 = EDGE_CURVE('',#273,#294,#296,.T.);
#294 = VERTEX_POINT('',#295);
#295 = CARTESIAN_POINT('',(-32.78762736992,-26.24826644658,101.));
#296 = SURFACE_CURVE('',#297,(#302,#309),.PCURVE_S1.);
#297 = CIRCLE('',#298,42.);
#298 = AXIS2_PLACEMENT_3D('',#299,#300,#301);
#299 = CARTESIAN_POINT('',(0.,0.,101.));
#300 = DIRECTION('',(0.,0.,1.));
#301 = DIRECTION('',(1.,0.,0.));
#302 = PCURVE('',#33,#303);
#303 = DEFINITIONAL_REPRESENTATION('',(#304),#308);
#304 = LINE('',#305,#306);
#305 = CARTESIAN_POINT('',(-0.,-39.));
#306 = VECTOR('',#307,1.);
#307 = DIRECTION('',(-1.,0.));
#308 = ( GEOMETRIC_REPRESENTATION_CONTEXT(2) 
PARAMETRIC_REPRESENTATION_CONTEXT() REPRESENTATION_CONTEXT('2D SPACE',''
  ) );
#309 = PCURVE('',#97,#310);
#310 = DEFINITIONAL_REPRESENTATION('',(#311),#315);
#311 = CIRCLE('',#312,42.);
#312 = AXIS2_PLACEMENT_2D('',#313,#314);
#313 = CARTESIAN_POINT('',(2.083718297203E-15,-3.692127783966E-16));
#314 = DIRECTION('',(1.,0.));
#315 = ( GEOMETRIC_REPRESENTATION_CONTEXT(2) 
PARAMETRIC_REPRESENTATION_CONTEXT() REPRESENTATION_CONTEXT('2D SPACE',''
  ) );
#316 = ORIENTED_EDGE('',*,*,#317,.T.);
#317 = EDGE_CURVE('',#294,#318,#320,.T.);
#318 = VERTEX_POINT('',#319);
#319 = CARTESIAN_POINT('',(-32.78762736992,-26.24826644658,93.));
#320 = SURFACE_CURVE('',#321,(#325,#331),.PCURVE_S1.);
#321 = LINE('',#322,#323);
#322 = CARTESIAN_POINT('',(-32.78762736992,-26.24826644658,62.));
#323 = VECTOR('',#324,1.);
#324 = DIRECTION('',(-0.,-0.,-1.));
#325 = PCURVE('',#33,#326);
#326 = DEFINITIONAL_REPRESENTATION('',(#327),#330);
#327 = B_SPLINE_CURVE_WITH_KNOTS('',1,(#328,#329),.UNSPECIFIED.,.F.,.F.,
  (2,2),(-39.0000006,-30.9999994),.PIECEWISE_BEZIER_KNOTS.);
#328 = CARTESIAN_POINT('',(-3.816671313225,-39.0000006));
#329 = CARTESIAN_POINT('',(-3.816671313225,-30.9999994));
#330 = ( GEOMETRIC_REPRESENTATION_CONTEXT(2) 
PARAMETRIC_REPRESENTATION_CONTEXT() REPRESENTATION_CONTEXT('2D SPACE',''
  ) );
#331 = PCURVE('',#332,#337);
#332 = CYLINDRICAL_SURFACE('',#333,7.);
#333 = AXIS2_PLACEMENT_3D('',#334,#335,#336);
#334 = CARTESIAN_POINT('',(-33.23401871576,-33.23401871576,93.));
#335 = DIRECTION('',(-0.,-0.,-1.));
#336 = DIRECTION('',(1.,0.,0.));
#337 = DEFINITIONAL_REPRESENTATION('',(#338),#341);
#338 = B_SPLINE_CURVE_WITH_KNOTS('',1,(#339,#340),.UNSPECIFIED.,.F.,.F.,
  (2,2),(-39.,-31.),.PIECEWISE_BEZIER_KNOTS.);
#339 = CARTESIAN_POINT('',(-1.506982833536,-8.));
#340 = CARTESIAN_POINT('',(-1.506982833536,0.));
#341 = ( GEOMETRIC_REPRESENTATION_CONTEXT(2) 
PARAMETRIC_REPRESENTATION_CONTEXT() REPRESENTATION_CONTEXT('2D SPACE',''
  ) );
#342 = ORIENTED_EDGE('',*,*,#343,.F.);
#343 = EDGE_CURVE('',#344,#318,#346,.T.);
#344 = VERTEX_POINT('',#345);
#345 = CARTESIAN_POINT('',(-26.24826644658,-32.78762736992,93.));
#346 = SURFACE_CURVE('',#347,(#352,#359),.PCURVE_S1.);
#347 = CIRCLE('',#348,42.);
#348 = AXIS2_PLACEMENT_3D('',#349,#350,#351);
#349 = CARTESIAN_POINT('',(0.,0.,93.));
#350 = DIRECTION('',(0.,0.,-1.));
#351 = DIRECTION('',(1.,0.,0.));
#352 = PCURVE('',#33,#353);
#353 = DEFINITIONAL_REPRESENTATION('',(#354),#358);
#354 = LINE('',#355,#356);
#355 = CARTESIAN_POINT('',(-6.28318530718,-31.));
#356 = VECTOR('',#357,1.);
#357 = DIRECTION('',(1.,-0.));
#358 = ( GEOMETRIC_REPRESENTATION_CONTEXT(2) 
PARAMETRIC_REPRESENTATION_CONTEXT() REPRESENTATION_CONTEXT('2D SPACE',''
  ) );
#359 = PCURVE('',#360,#365);
#360 = PLANE('',#361);
#361 = AXIS2_PLACEMENT_3D('',#362,#363,#364);
#362 = CARTESIAN_POINT('',(-33.23401871576,-33.23401871576,93.));
#363 = DIRECTION('',(0.,0.,1.));
#364 = DIRECTION('',(1.,0.,-0.));
#365 = DEFINITIONAL_REPRESENTATION('',(#366),#374);
#366 = ( BOUNDED_CURVE() B_SPLINE_CURVE(2,(#367,#368,#369,#370,#371,#372
,#373),.UNSPECIFIED.,.T.,.F.) B_SPLINE_CURVE_WITH_KNOTS((1,2,2,2,2,1),(
    -2.094395102393,0.,2.094395102393,4.188790204786,6.28318530718,
8.377580409573),.UNSPECIFIED.) CURVE() GEOMETRIC_REPRESENTATION_ITEM() 
RATIONAL_B_SPLINE_CURVE((1.,0.5,1.,0.5,1.,0.5,1.)) REPRESENTATION_ITEM(
  '') );
#367 = CARTESIAN_POINT('',(75.234018715768,33.234018715768));
#368 = CARTESIAN_POINT('',(75.234018715768,-39.51211520212));
#369 = CARTESIAN_POINT('',(12.234018715768,-3.139048243179));
#370 = CARTESIAN_POINT('',(-50.76598128423,33.234018715768));
#371 = CARTESIAN_POINT('',(12.234018715768,69.607085674714));
#372 = CARTESIAN_POINT('',(75.234018715768,105.98015263366));
#373 = CARTESIAN_POINT('',(75.234018715768,33.234018715768));
#374 = ( GEOMETRIC_REPRESENTATION_CONTEXT(2) 
PARAMETRIC_REPRESENTATION_CONTEXT() REPRESENTATION_CONTEXT('2D SPACE',''
  ) );
#375 = ORIENTED_EDGE('',*,*,#376,.F.);
#376 = EDGE_CURVE('',#377,#344,#379,.T.);
#377 = VERTEX_POINT('',#378);
#378 = CARTESIAN_POINT('',(-26.24826644658,-32.78762736992,101.));
#379 = SURFACE_CURVE('',#380,(#384,#390),.PCURVE_S1.);
#380 = LINE('',#381,#382);
#381 = CARTESIAN_POINT('',(-26.24826644658,-32.78762736992,62.));
#382 = VECTOR('',#383,1.);
#383 = DIRECTION('',(-0.,-0.,-1.));
#384 = PCURVE('',#33,#385);
#385 = DEFINITIONAL_REPRESENTATION('',(#386),#389);
#386 = B_SPLINE_CURVE_WITH_KNOTS('',1,(#387,#388),.UNSPECIFIED.,.F.,.F.,
  (2,2),(-39.0000006,-30.9999994),.PIECEWISE_BEZIER_KNOTS.);
#387 = CARTESIAN_POINT('',(-4.037310320749,-39.0000006));
#388 = CARTESIAN_POINT('',(-4.037310320749,-30.9999994));
#389 = ( GEOMETRIC_REPRESENTATION_CONTEXT(2) 
PARAMETRIC_REPRESENTATION_CONTEXT() REPRESENTATION_CONTEXT('2D SPACE',''
  ) );
#390 = PCURVE('',#332,#391);
#391 = DEFINITIONAL_REPRESENTATION('',(#392),#395);
#392 = B_SPLINE_CURVE_WITH_KNOTS('',1,(#393,#394),.UNSPECIFIED.,.F.,.F.,
  (2,2),(-39.,-31.),.PIECEWISE_BEZIER_KNOTS.);
#393 = CARTESIAN_POINT('',(-6.346998800439,-8.));
#394 = CARTESIAN_POINT('',(-6.346998800439,0.));
#395 = ( GEOMETRIC_REPRESENTATION_CONTEXT(2) 
PARAMETRIC_REPRESENTATION_CONTEXT() REPRESENTATION_CONTEXT('2D SPACE',''
  ) );
#396 = ORIENTED_EDGE('',*,*,#397,.T.);
#397 = EDGE_CURVE('',#377,#398,#400,.T.);
#398 = VERTEX_POINT('',#399);
#399 = CARTESIAN_POINT('',(26.248266446587,-32.78762736992,101.));
#400 = SURFACE_CURVE('',#401,(#406,#413),.PCURVE_S1.);
#401 = CIRCLE('',#402,42.);
#402 = AXIS2_PLACEMENT_3D('',#403,#404,#405);
#403 = CARTESIAN_POINT('',(0.,0.,101.));
#404 = DIRECTION('',(0.,0.,1.));
#405 = DIRECTION('',(1.,0.,0.));
#406 = PCURVE('',#33,#407);
#407 = DEFINITIONAL_REPRESENTATION('',(#408),#412);
#408 = LINE('',#409,#410);
#409 = CARTESIAN_POINT('',(-0.,-39.));
#410 = VECTOR('',#411,1.);
#411 = DIRECTION('',(-1.,0.));
#412 = ( GEOMETRIC_REPRESENTATION_CONTEXT(2) 
PARAMETRIC_REPRESENTATION_CONTEXT() REPRESENTATION_CONTEXT('2D SPACE',''
  ) );
#413 = PCURVE('',#97,#414);
#414 = DEFINITIONAL_REPRESENTATION('',(#415),#419);
#415 = CIRCLE('',#416,42.);
#416 = AXIS2_PLACEMENT_2D('',#417,#418);
#417 = CARTESIAN_POINT('',(2.083718297203E-15,-3.692127783966E-16));
#418 = DIRECTION('',(1.,0.));
#419 = ( GEOMETRIC_REPRESENTATION_CONTEXT(2) 
PARAMETRIC_REPRESENTATION_CONTEXT() REPRESENTATION_CONTEXT('2D SPACE',''
  ) );
#420 = ORIENTED_EDGE('',*,*,#421,.T.);
#421 = EDGE_CURVE('',#398,#422,#424,.T.);
#422 = VERTEX_POINT('',#423);
#423 = CARTESIAN_POINT('',(26.248266446588,-32.78762736992,93.));
#424 = SURFACE_CURVE('',#425,(#429,#435),.PCURVE_S1.);
#425 = LINE('',#426,#427);
#426 = CARTESIAN_POINT('',(26.248266446588,-32.78762736992,62.));
#427 = VECTOR('',#428,1.);
#428 = DIRECTION('',(-0.,-0.,-1.));
#429 = PCURVE('',#33,#430);
#430 = DEFINITIONAL_REPRESENTATION('',(#431),#434);
#431 = B_SPLINE_CURVE_WITH_KNOTS('',1,(#432,#433),.UNSPECIFIED.,.F.,.F.,
  (2,2),(-39.0000006,-30.9999994),.PIECEWISE_BEZIER_KNOTS.);
#432 = CARTESIAN_POINT('',(-5.38746764002,-39.0000006));
#433 = CARTESIAN_POINT('',(-5.38746764002,-30.9999994));
#434 = ( GEOMETRIC_REPRESENTATION_CONTEXT(2) 
PARAMETRIC_REPRESENTATION_CONTEXT() REPRESENTATION_CONTEXT('2D SPACE',''
  ) );
#435 = PCURVE('',#436,#441);
#436 = CYLINDRICAL_SURFACE('',#437,7.);
#437 = AXIS2_PLACEMENT_3D('',#438,#439,#440);
#438 = CARTESIAN_POINT('',(33.234018715768,-33.23401871576,93.));
#439 = DIRECTION('',(-0.,-0.,-1.));
#440 = DIRECTION('',(1.,0.,0.));
#441 = DEFINITIONAL_REPRESENTATION('',(#442),#445);
#442 = B_SPLINE_CURVE_WITH_KNOTS('',1,(#443,#444),.UNSPECIFIED.,.F.,.F.,
  (2,2),(-39.,-31.),.PIECEWISE_BEZIER_KNOTS.);
#443 = CARTESIAN_POINT('',(-3.077779160331,-8.));
#444 = CARTESIAN_POINT('',(-3.077779160331,0.));
#445 = ( GEOMETRIC_REPRESENTATION_CONTEXT(2) 
PARAMETRIC_REPRESENTATION_CONTEXT() REPRESENTATION_CONTEXT('2D SPACE',''
  ) );
#446 = ORIENTED_EDGE('',*,*,#447,.F.);
#447 = EDGE_CURVE('',#448,#422,#450,.T.);
#448 = VERTEX_POINT('',#449);
#449 = CARTESIAN_POINT('',(32.787627369923,-26.24826644658,93.));
#450 = SURFACE_CURVE('',#451,(#456,#463),.PCURVE_S1.);
#451 = CIRCLE('',#452,42.);
#452 = AXIS2_PLACEMENT_3D('',#453,#454,#455);
#453 = CARTESIAN_POINT('',(0.,0.,93.));
#454 = DIRECTION('',(0.,0.,-1.));
#455 = DIRECTION('',(1.,0.,0.));
#456 = PCURVE('',#33,#457);
#457 = DEFINITIONAL_REPRESENTATION('',(#458),#462);
#458 = LINE('',#459,#460);
#459 = CARTESIAN_POINT('',(-6.28318530718,-31.));
#460 = VECTOR('',#461,1.);
#461 = DIRECTION('',(1.,-0.));
#462 = ( GEOMETRIC_REPRESENTATION_CONTEXT(2) 
PARAMETRIC_REPRESENTATION_CONTEXT() REPRESENTATION_CONTEXT('2D SPACE',''
  ) );
#463 = PCURVE('',#464,#469);
#464 = PLANE('',#465);
#465 = AXIS2_PLACEMENT_3D('',#466,#467,#468);
#466 = CARTESIAN_POINT('',(33.234018715768,-33.23401871576,93.));
#467 = DIRECTION('',(0.,0.,1.));
#468 = DIRECTION('',(1.,0.,-0.));
#469 = DEFINITIONAL_REPRESENTATION('',(#470),#478);
#470 = ( BOUNDED_CURVE() B_SPLINE_CURVE(2,(#471,#472,#473,#474,#475,#476
,#477),.UNSPECIFIED.,.T.,.F.) B_SPLINE_CURVE_WITH_KNOTS((1,2,2,2,2,1),(
    -2.094395102393,0.,2.094395102393,4.188790204786,6.28318530718,
8.377580409573),.UNSPECIFIED.) CURVE() GEOMETRIC_REPRESENTATION_ITEM() 
RATIONAL_B_SPLINE_CURVE((1.,0.5,1.,0.5,1.,0.5,1.)) REPRESENTATION_ITEM(
  '') );
#471 = CARTESIAN_POINT('',(8.765981284232,33.234018715768));
#472 = CARTESIAN_POINT('',(8.765981284232,-39.51211520212));
#473 = CARTESIAN_POINT('',(-54.23401871576,-3.139048243179));
#474 = CARTESIAN_POINT('',(-117.2340187157,33.234018715768));
#475 = CARTESIAN_POINT('',(-54.23401871576,69.607085674714));
#476 = CARTESIAN_POINT('',(8.765981284232,105.98015263366));
#477 = CARTESIAN_POINT('',(8.765981284232,33.234018715768));
#478 = ( GEOMETRIC_REPRESENTATION_CONTEXT(2) 
PARAMETRIC_REPRESENTATION_CONTEXT() REPRESENTATION_CONTEXT('2D SPACE',''
  ) );
#479 = ORIENTED_EDGE('',*,*,#480,.F.);
#480 = EDGE_CURVE('',#481,#448,#483,.T.);
#481 = VERTEX_POINT('',#482);
#482 = CARTESIAN_POINT('',(32.787627369924,-26.24826644658,101.));
#483 = SURFACE_CURVE('',#484,(#488,#494),.PCURVE_S1.);
#484 = LINE('',#485,#486);
#485 = CARTESIAN_POINT('',(32.787627369923,-26.24826644658,62.));
#486 = VECTOR('',#487,1.);
#487 = DIRECTION('',(-0.,-0.,-1.));
#488 = PCURVE('',#33,#489);
#489 = DEFINITIONAL_REPRESENTATION('',(#490),#493);
#490 = B_SPLINE_CURVE_WITH_KNOTS('',1,(#491,#492),.UNSPECIFIED.,.F.,.F.,
  (2,2),(-39.0000006,-30.9999994),.PIECEWISE_BEZIER_KNOTS.);
#491 = CARTESIAN_POINT('',(-5.608106647544,-39.0000006));
#492 = CARTESIAN_POINT('',(-5.608106647544,-30.9999994));
#493 = ( GEOMETRIC_REPRESENTATION_CONTEXT(2) 
PARAMETRIC_REPRESENTATION_CONTEXT() REPRESENTATION_CONTEXT('2D SPACE',''
  ) );
#494 = PCURVE('',#436,#495);
#495 = DEFINITIONAL_REPRESENTATION('',(#496),#499);
#496 = B_SPLINE_CURVE_WITH_KNOTS('',1,(#497,#498),.UNSPECIFIED.,.F.,.F.,
  (2,2),(-39.,-31.),.PIECEWISE_BEZIER_KNOTS.);
#497 = CARTESIAN_POINT('',(-7.917795127233,-8.));
#498 = CARTESIAN_POINT('',(-7.917795127233,0.));
#499 = ( GEOMETRIC_REPRESENTATION_CONTEXT(2) 
PARAMETRIC_REPRESENTATION_CONTEXT() REPRESENTATION_CONTEXT('2D SPACE',''
  ) );
#500 = ORIENTED_EDGE('',*,*,#501,.T.);
#501 = EDGE_CURVE('',#481,#58,#502,.T.);
#502 = SURFACE_CURVE('',#503,(#508,#515),.PCURVE_S1.);
#503 = CIRCLE('',#504,42.);
#504 = AXIS2_PLACEMENT_3D('',#505,#506,#507);
#505 = CARTESIAN_POINT('',(0.,0.,101.));
#506 = DIRECTION('',(0.,0.,1.));
#507 = DIRECTION('',(1.,0.,0.));
#508 = PCURVE('',#33,#509);
#509 = DEFINITIONAL_REPRESENTATION('',(#510),#514);
#510 = LINE('',#511,#512);
#511 = CARTESIAN_POINT('',(-0.,-39.));
#512 = VECTOR('',#513,1.);
#513 = DIRECTION('',(-1.,0.));
#514 = ( GEOMETRIC_REPRESENTATION_CONTEXT(2) 
PARAMETRIC_REPRESENTATION_CONTEXT() REPRESENTATION_CONTEXT('2D SPACE',''
  ) );
#515 = PCURVE('',#97,#516);
#516 = DEFINITIONAL_REPRESENTATION('',(#517),#521);
#517 = CIRCLE('',#518,42.);
#518 = AXIS2_PLACEMENT_2D('',#519,#520);
#519 = CARTESIAN_POINT('',(2.083718297203E-15,-3.692127783966E-16));
#520 = DIRECTION('',(1.,0.));
#521 = ( GEOMETRIC_REPRESENTATION_CONTEXT(2) 
PARAMETRIC_REPRESENTATION_CONTEXT() REPRESENTATION_CONTEXT('2D SPACE',''
  ) );
#522 = ORIENTED_EDGE('',*,*,#57,.F.);
#523 = ORIENTED_EDGE('',*,*,#524,.F.);
#524 = EDGE_CURVE('',#525,#22,#527,.T.);
#525 = VERTEX_POINT('',#526);
#526 = CARTESIAN_POINT('',(32.787627369924,-26.24826644658,62.));
#527 = SURFACE_CURVE('',#528,(#533,#540),.PCURVE_S1.);
#528 = CIRCLE('',#529,42.);
#529 = AXIS2_PLACEMENT_3D('',#530,#531,#532);
#530 = CARTESIAN_POINT('',(0.,0.,62.));
#531 = DIRECTION('',(0.,0.,1.));
#532 = DIRECTION('',(1.,0.,0.));
#533 = PCURVE('',#33,#534);
#534 = DEFINITIONAL_REPRESENTATION('',(#535),#539);
#535 = LINE('',#536,#537);
#536 = CARTESIAN_POINT('',(-0.,0.));
#537 = VECTOR('',#538,1.);
#538 = DIRECTION('',(-1.,0.));
#539 = ( GEOMETRIC_REPRESENTATION_CONTEXT(2) 
PARAMETRIC_REPRESENTATION_CONTEXT() REPRESENTATION_CONTEXT('2D SPACE',''
  ) );
#540 = PCURVE('',#45,#541);
#541 = DEFINITIONAL_REPRESENTATION('',(#542),#546);
#542 = CIRCLE('',#543,42.);
#543 = AXIS2_PLACEMENT_2D('',#544,#545);
#544 = CARTESIAN_POINT('',(2.083718297203E-15,-3.692127783966E-16));
#545 = DIRECTION('',(1.,0.));
#546 = ( GEOMETRIC_REPRESENTATION_CONTEXT(2) 
PARAMETRIC_REPRESENTATION_CONTEXT() REPRESENTATION_CONTEXT('2D SPACE',''
  ) );
#547 = ORIENTED_EDGE('',*,*,#548,.F.);
#548 = EDGE_CURVE('',#549,#525,#551,.T.);
#549 = VERTEX_POINT('',#550);
#550 = CARTESIAN_POINT('',(32.787627369923,-26.24826644658,67.));
#551 = SURFACE_CURVE('',#552,(#556,#562),.PCURVE_S1.);
#552 = LINE('',#553,#554);
#553 = CARTESIAN_POINT('',(32.787627369923,-26.24826644658,62.));
#554 = VECTOR('',#555,1.);
#555 = DIRECTION('',(-0.,-0.,-1.));
#556 = PCURVE('',#33,#557);
#557 = DEFINITIONAL_REPRESENTATION('',(#558),#561);
#558 = B_SPLINE_CURVE_WITH_KNOTS('',1,(#559,#560),.UNSPECIFIED.,.F.,.F.,
  (2,2),(-5.0000006,6.000000212225E-07),.PIECEWISE_BEZIER_KNOTS.);
#559 = CARTESIAN_POINT('',(-5.608106647544,-5.0000006));
#560 = CARTESIAN_POINT('',(-5.608106647544,6.000000212225E-07));
#561 = ( GEOMETRIC_REPRESENTATION_CONTEXT(2) 
PARAMETRIC_REPRESENTATION_CONTEXT() REPRESENTATION_CONTEXT('2D SPACE',''
  ) );
#562 = PCURVE('',#563,#568);
#563 = CYLINDRICAL_SURFACE('',#564,7.);
#564 = AXIS2_PLACEMENT_3D('',#565,#566,#567);
#565 = CARTESIAN_POINT('',(33.234018715768,-33.23401871576,62.));
#566 = DIRECTION('',(-0.,-0.,-1.));
#567 = DIRECTION('',(1.,0.,0.));
#568 = DEFINITIONAL_REPRESENTATION('',(#569),#572);
#569 = B_SPLINE_CURVE_WITH_KNOTS('',1,(#570,#571),.UNSPECIFIED.,.F.,.F.,
  (2,2),(-5.,-0.),.PIECEWISE_BEZIER_KNOTS.);
#570 = CARTESIAN_POINT('',(-7.917795127233,-5.));
#571 = CARTESIAN_POINT('',(-7.917795127233,0.));
#572 = ( GEOMETRIC_REPRESENTATION_CONTEXT(2) 
PARAMETRIC_REPRESENTATION_CONTEXT() REPRESENTATION_CONTEXT('2D SPACE',''
  ) );
#573 = ORIENTED_EDGE('',*,*,#574,.T.);
#574 = EDGE_CURVE('',#549,#575,#577,.T.);
#575 = VERTEX_POINT('',#576);
#576 = CARTESIAN_POINT('',(26.248266446588,-32.78762736992,67.));
#577 = SURFACE_CURVE('',#578,(#583,#590),.PCURVE_S1.);
#578 = CIRCLE('',#579,42.);
#579 = AXIS2_PLACEMENT_3D('',#580,#581,#582);
#580 = CARTESIAN_POINT('',(0.,0.,67.));
#581 = DIRECTION('',(0.,0.,-1.));
#582 = DIRECTION('',(1.,0.,0.));
#583 = PCURVE('',#33,#584);
#584 = DEFINITIONAL_REPRESENTATION('',(#585),#589);
#585 = LINE('',#586,#587);
#586 = CARTESIAN_POINT('',(-6.28318530718,-5.));
#587 = VECTOR('',#588,1.);
#588 = DIRECTION('',(1.,-0.));
#589 = ( GEOMETRIC_REPRESENTATION_CONTEXT(2) 
PARAMETRIC_REPRESENTATION_CONTEXT() REPRESENTATION_CONTEXT('2D SPACE',''
  ) );
#590 = PCURVE('',#591,#596);
#591 = PLANE('',#592);
#592 = AXIS2_PLACEMENT_3D('',#593,#594,#595);
#593 = CARTESIAN_POINT('',(33.234018715768,-33.23401871576,67.));
#594 = DIRECTION('',(0.,0.,1.));
#595 = DIRECTION('',(1.,0.,-0.));
#596 = DEFINITIONAL_REPRESENTATION('',(#597),#605);
#597 = ( BOUNDED_CURVE() B_SPLINE_CURVE(2,(#598,#599,#600,#601,#602,#603
,#604),.UNSPECIFIED.,.T.,.F.) B_SPLINE_CURVE_WITH_KNOTS((1,2,2,2,2,1),(
    -2.094395102393,0.,2.094395102393,4.188790204786,6.28318530718,
8.377580409573),.UNSPECIFIED.) CURVE() GEOMETRIC_REPRESENTATION_ITEM() 
RATIONAL_B_SPLINE_CURVE((1.,0.5,1.,0.5,1.,0.5,1.)) REPRESENTATION_ITEM(
  '') );
#598 = CARTESIAN_POINT('',(8.765981284232,33.234018715768));
#599 = CARTESIAN_POINT('',(8.765981284232,-39.51211520212));
#600 = CARTESIAN_POINT('',(-54.23401871576,-3.139048243179));
#601 = CARTESIAN_POINT('',(-117.2340187157,33.234018715768));
#602 = CARTESIAN_POINT('',(-54.23401871576,69.607085674714));
#603 = CARTESIAN_POINT('',(8.765981284232,105.98015263366));
#604 = CARTESIAN_POINT('',(8.765981284232,33.234018715768));
#605 = ( GEOMETRIC_REPRESENTATION_CONTEXT(2) 
PARAMETRIC_REPRESENTATION_CONTEXT() REPRESENTATION_CONTEXT('2D SPACE',''
  ) );
#606 = ORIENTED_EDGE('',*,*,#607,.T.);
#607 = EDGE_CURVE('',#575,#608,#610,.T.);
#608 = VERTEX_POINT('',#609);
#609 = CARTESIAN_POINT('',(26.248266446587,-32.78762736992,62.));
#610 = SURFACE_CURVE('',#611,(#615,#621),.PCURVE_S1.);
#611 = LINE('',#612,#613);
#612 = CARTESIAN_POINT('',(26.248266446588,-32.78762736992,62.));
#613 = VECTOR('',#614,1.);
#614 = DIRECTION('',(-0.,-0.,-1.));
#615 = PCURVE('',#33,#616);
#616 = DEFINITIONAL_REPRESENTATION('',(#617),#620);
#617 = B_SPLINE_CURVE_WITH_KNOTS('',1,(#618,#619),.UNSPECIFIED.,.F.,.F.,
  (2,2),(-5.0000006,6.000000212225E-07),.PIECEWISE_BEZIER_KNOTS.);
#618 = CARTESIAN_POINT('',(-5.38746764002,-5.0000006));
#619 = CARTESIAN_POINT('',(-5.38746764002,6.000000212225E-07));
#620 = ( GEOMETRIC_REPRESENTATION_CONTEXT(2) 
PARAMETRIC_REPRESENTATION_CONTEXT() REPRESENTATION_CONTEXT('2D SPACE',''
  ) );
#621 = PCURVE('',#563,#622);
#622 = DEFINITIONAL_REPRESENTATION('',(#623),#626);
#623 = B_SPLINE_CURVE_WITH_KNOTS('',1,(#624,#625),.UNSPECIFIED.,.F.,.F.,
  (2,2),(-5.,0.),.PIECEWISE_BEZIER_KNOTS.);
#624 = CARTESIAN_POINT('',(-3.077779160331,-5.));
#625 = CARTESIAN_POINT('',(-3.077779160331,0.));
#626 = ( GEOMETRIC_REPRESENTATION_CONTEXT(2) 
PARAMETRIC_REPRESENTATION_CONTEXT() REPRESENTATION_CONTEXT('2D SPACE',''
  ) );
#627 = ORIENTED_EDGE('',*,*,#628,.F.);
#628 = EDGE_CURVE('',#629,#608,#631,.T.);
#629 = VERTEX_POINT('',#630);
#630 = CARTESIAN_POINT('',(2.156860946067,-41.94458190111,62.));
#631 = SURFACE_CURVE('',#632,(#637,#644),.PCURVE_S1.);
#632 = CIRCLE('',#633,42.);
#633 = AXIS2_PLACEMENT_3D('',#634,#635,#636);
#634 = CARTESIAN_POINT('',(0.,0.,62.));
#635 = DIRECTION('',(0.,0.,1.));
#636 = DIRECTION('',(1.,0.,0.));
#637 = PCURVE('',#33,#638);
#638 = DEFINITIONAL_REPRESENTATION('',(#639),#643);
#639 = LINE('',#640,#641);
#640 = CARTESIAN_POINT('',(-0.,0.));
#641 = VECTOR('',#642,1.);
#642 = DIRECTION('',(-1.,0.));
#643 = ( GEOMETRIC_REPRESENTATION_CONTEXT(2) 
PARAMETRIC_REPRESENTATION_CONTEXT() REPRESENTATION_CONTEXT('2D SPACE',''
  ) );
#644 = PCURVE('',#45,#645);
#645 = DEFINITIONAL_REPRESENTATION('',(#646),#650);
#646 = CIRCLE('',#647,42.);
#647 = AXIS2_PLACEMENT_2D('',#648,#649);
#648 = CARTESIAN_POINT('',(2.083718297203E-15,-3.692127783966E-16));
#649 = DIRECTION('',(1.,0.));
#650 = ( GEOMETRIC_REPRESENTATION_CONTEXT(2) 
PARAMETRIC_REPRESENTATION_CONTEXT() REPRESENTATION_CONTEXT('2D SPACE',''
  ) );
#651 = ORIENTED_EDGE('',*,*,#652,.T.);
#652 = EDGE_CURVE('',#629,#653,#655,.T.);
#653 = VERTEX_POINT('',#654);
#654 = CARTESIAN_POINT('',(9.,-41.02438299353,70.769268510194));
#655 = SURFACE_CURVE('',#656,(#683,#713),.PCURVE_S1.);
#656 = B_SPLINE_CURVE_WITH_KNOTS('',7,(#657,#658,#659,#660,#661,#662,
    #663,#664,#665,#666,#667,#668,#669,#670,#671,#672,#673,#674,#675,
    #676,#677,#678,#679,#680,#681,#682),.UNSPECIFIED.,.F.,.F.,(8,6,6,6,8
    ),(0.,0.230122955449,0.398867268603,0.859495994039,1.),
  .UNSPECIFIED.);
#657 = CARTESIAN_POINT('',(2.156858531561,-41.94458202527,61.9999994));
#658 = CARTESIAN_POINT('',(2.624488167905,-41.92053574987,62.11620438727
    ));
#659 = CARTESIAN_POINT('',(3.076432886271,-41.89119756873,
    62.259685532309));
#660 = CARTESIAN_POINT('',(3.511046283835,-41.85737365843,
    62.427989977025));
#661 = CARTESIAN_POINT('',(3.926932923689,-41.8199484807,62.618588418615
    ));
#662 = CARTESIAN_POINT('',(4.322951368156,-41.77983287264,
    62.828867911582));
#663 = CARTESIAN_POINT('',(4.698218382169,-41.73791831338,
    63.056126145328));
#664 = CARTESIAN_POINT('',(5.311618729472,-41.6635936727,63.47461083211)
  );
#665 = CARTESIAN_POINT('',(5.560079016431,-41.6315761151,63.659585475817
    ));
#666 = CARTESIAN_POINT('',(5.79759846074,-41.59925940392,63.851721755334
    ));
#667 = CARTESIAN_POINT('',(6.024307633881,-41.56689262236,
    64.050324636439));
#668 = CARTESIAN_POINT('',(6.240357219646,-41.53470027327,64.25476732538
    ));
#669 = CARTESIAN_POINT('',(6.445910848115,-41.5028833255,64.464485170466
    ));
#670 = CARTESIAN_POINT('',(7.17405782511,-41.38628010439,65.26445698436)
  );
#671 = CARTESIAN_POINT('',(7.630531322284,-41.30498740714,
    65.886012554526));
#672 = CARTESIAN_POINT('',(8.01407105287,-41.23134090868,66.533776274669
    ));
#673 = CARTESIAN_POINT('',(8.328017721705,-41.16781071577,
    67.200727122384));
#674 = CARTESIAN_POINT('',(8.575087248029,-41.11603083078,
    67.881722218306));
#675 = CARTESIAN_POINT('',(8.757077124306,-41.07709903694,
    68.572819455206));
#676 = CARTESIAN_POINT('',(8.91048973512,-41.04393400402,69.483717959934
    ));
#677 = CARTESIAN_POINT('',(8.940340507614,-41.03744259433,
    69.697196220678));
#678 = CARTESIAN_POINT('',(8.964205884679,-41.03222984603,
    69.911134093646));
#679 = CARTESIAN_POINT('',(8.98210031719,-41.02830983365,70.125420154822
    ));
#680 = CARTESIAN_POINT('',(8.994031425612,-41.02569236748,
    70.339943999042));
#681 = CARTESIAN_POINT('',(9.,-41.02438299353,70.554596239988));
#682 = CARTESIAN_POINT('',(9.,-41.02438299353,70.769268510194));
#683 = PCURVE('',#33,#684);
#684 = DEFINITIONAL_REPRESENTATION('',(#685),#712);
#685 = B_SPLINE_CURVE_WITH_KNOTS('',7,(#686,#687,#688,#689,#690,#691,
    #692,#693,#694,#695,#696,#697,#698,#699,#700,#701,#702,#703,#704,
    #705,#706,#707,#708,#709,#710,#711),.UNSPECIFIED.,.F.,.F.,(8,6,6,6,8
    ),(0.,0.230122955449,0.398867268603,0.859495994039,1.),
  .UNSPECIFIED.);
#686 = CARTESIAN_POINT('',(-4.763765353557,5.999999999062E-07));
#687 = CARTESIAN_POINT('',(-4.774914103021,-0.11620438727));
#688 = CARTESIAN_POINT('',(-4.785696364707,-0.259685532309));
#689 = CARTESIAN_POINT('',(-4.796074271021,-0.427989977025));
#690 = CARTESIAN_POINT('',(-4.806015146217,-0.618588418615));
#691 = CARTESIAN_POINT('',(-4.815491584849,-0.828867911582));
#692 = CARTESIAN_POINT('',(-4.824481680273,-1.056126145328));
#693 = CARTESIAN_POINT('',(-4.839193271533,-1.47461083211));
#694 = CARTESIAN_POINT('',(-4.845157737542,-1.659585475817));
#695 = CARTESIAN_POINT('',(-4.850864848174,-1.851721755334));
#696 = CARTESIAN_POINT('',(-4.856317224197,-2.050324636439));
#697 = CARTESIAN_POINT('',(-4.861517916948,-2.25476732538));
#698 = CARTESIAN_POINT('',(-4.866470265081,-2.464485170466));
#699 = CARTESIAN_POINT('',(-4.8840279822,-3.26445698436));
#700 = CARTESIAN_POINT('',(-4.895065721393,-3.886012554526));
#701 = CARTESIAN_POINT('',(-4.904363466564,-4.533776274669));
#702 = CARTESIAN_POINT('',(-4.911989528927,-5.200727122384));
#703 = CARTESIAN_POINT('',(-4.917999856907,-5.881722218306));
#704 = CARTESIAN_POINT('',(-4.922430977123,-6.572819455206));
#705 = CARTESIAN_POINT('',(-4.926168037077,-7.483717959934));
#706 = CARTESIAN_POINT('',(-4.926895380669,-7.697196220678));
#707 = CARTESIAN_POINT('',(-4.92747700011,-7.911134093646));
#708 = CARTESIAN_POINT('',(-4.927913160792,-8.125420154822));
#709 = CARTESIAN_POINT('',(-4.928203990432,-8.339943999042));
#710 = CARTESIAN_POINT('',(-4.92834947907,-8.554596239988));
#711 = CARTESIAN_POINT('',(-4.92834947907,-8.769268510194));
#712 = ( GEOMETRIC_REPRESENTATION_CONTEXT(2) 
PARAMETRIC_REPRESENTATION_CONTEXT() REPRESENTATION_CONTEXT('2D SPACE',''
  ) );
#713 = PCURVE('',#714,#719);
#714 = CYLINDRICAL_SURFACE('',#715,9.);
#715 = AXIS2_PLACEMENT_3D('',#716,#717,#718);
#716 = CARTESIAN_POINT('',(0.,-35.,70.95));
#717 = DIRECTION('',(0.,0.999550303522,2.998650910567E-02));
#718 = DIRECTION('',(1.,0.,0.));
#719 = DEFINITIONAL_REPRESENTATION('',(#720),#747);
#720 = B_SPLINE_CURVE_WITH_KNOTS('',7,(#721,#722,#723,#724,#725,#726,
    #727,#728,#729,#730,#731,#732,#733,#734,#735,#736,#737,#738,#739,
    #740,#741,#742,#743,#744,#745,#746),.UNSPECIFIED.,.F.,.F.,(8,6,6,6,8
    ),(0.,0.230122955449,0.398867268603,0.859495994039,1.),
  .UNSPECIFIED.);
#721 = CARTESIAN_POINT('',(-4.954395286418,-7.209838345685));
#722 = CARTESIAN_POINT('',(-5.007913709046,-7.182318301905));
#723 = CARTESIAN_POINT('',(-5.060461911382,-7.148690815376));
#724 = CARTESIAN_POINT('',(-5.112047972892,-7.10983525281));
#725 = CARTESIAN_POINT('',(-5.162664394991,-7.066711523146));
#726 = CARTESIAN_POINT('',(-5.212289414436,-7.020308407005));
#727 = CARTESIAN_POINT('',(-5.260886260027,-6.971598015471));
#728 = CARTESIAN_POINT('',(-5.34324143529,-6.884757903451));
#729 = CARTESIAN_POINT('',(-5.377560373588,-6.847208000196));
#730 = CARTESIAN_POINT('',(-5.411388187881,-6.809144325437));
#731 = CARTESIAN_POINT('',(-5.444753920569,-6.770836691995));
#732 = CARTESIAN_POINT('',(-5.477685081714,-6.732528297144));
#733 = CARTESIAN_POINT('',(-5.510208094667,-6.694436951273));
#734 = CARTESIAN_POINT('',(-5.630084470414,-6.553897804133));
#735 = CARTESIAN_POINT('',(-5.715053382683,-6.454003382165));
#736 = CARTESIAN_POINT('',(-5.797822465558,-6.360965829577));
#737 = CARTESIAN_POINT('',(-5.878864230688,-6.277464678309));
#738 = CARTESIAN_POINT('',(-5.958629981513,-6.205287412902));
#739 = CARTESIAN_POINT('',(-6.037550274465,-6.145649532964));
#740 = CARTESIAN_POINT('',(-6.140032759825,-6.085184747933));
#741 = CARTESIAN_POINT('',(-6.16394207559,-6.072294789602));
#742 = CARTESIAN_POINT('',(-6.187817628321,-6.060669135478));
#743 = CARTESIAN_POINT('',(-6.211669663424,-6.050325194994));
#744 = CARTESIAN_POINT('',(-6.235508305647,-6.041276084682));
#745 = CARTESIAN_POINT('',(-6.259343559086,-6.03353062817));
#746 = CARTESIAN_POINT('',(-6.28318530718,-6.027093356185));
#747 = ( GEOMETRIC_REPRESENTATION_CONTEXT(2) 
PARAMETRIC_REPRESENTATION_CONTEXT() REPRESENTATION_CONTEXT('2D SPACE',''
  ) );
#748 = ORIENTED_EDGE('',*,*,#749,.T.);
#749 = EDGE_CURVE('',#653,#750,#752,.T.);
#750 = VERTEX_POINT('',#751);
#751 = CARTESIAN_POINT('',(-2.156860946067,-41.94458190111,62.));
#752 = SURFACE_CURVE('',#753,(#822,#894),.PCURVE_S1.);
#753 = B_SPLINE_CURVE_WITH_KNOTS('',7,(#754,#755,#756,#757,#758,#759,
    #760,#761,#762,#763,#764,#765,#766,#767,#768,#769,#770,#771,#772,
    #773,#774,#775,#776,#777,#778,#779,#780,#781,#782,#783,#784,#785,
    #786,#787,#788,#789,#790,#791,#792,#793,#794,#795,#796,#797,#798,
    #799,#800,#801,#802,#803,#804,#805,#806,#807,#808,#809,#810,#811,
    #812,#813,#814,#815,#816,#817,#818,#819,#820,#821),.UNSPECIFIED.,.F.
  ,.F.,(8,6,6,6,6,6,6,6,6,6,6,8),(0.,0.185482276371,0.282592758557,
    0.348244274525,0.449839070077,0.592313005635,0.701371450946,
    0.800620298102,0.836102602495,0.878056736421,0.929645377311,1.),
  .UNSPECIFIED.);
#754 = CARTESIAN_POINT('',(9.,-41.02438299353,70.769268510194));
#755 = CARTESIAN_POINT('',(9.,-41.02438299353,71.701713869348));
#756 = CARTESIAN_POINT('',(8.887393787515,-41.04908637025,
    72.633058037708));
#757 = CARTESIAN_POINT('',(8.662342233979,-41.09846037036,
    73.555780137164));
#758 = CARTESIAN_POINT('',(8.321557182998,-41.17117733376,74.46172058699
    ));
#759 = CARTESIAN_POINT('',(7.859280061529,-41.26444944348,
    75.339831407855));
#760 = CARTESIAN_POINT('',(7.267678205742,-41.37300380164,
    76.174773987403));
#761 = CARTESIAN_POINT('',(6.157058034021,-41.54804345348,77.34432429473
    ));
#762 = CARTESIAN_POINT('',(5.73654499319,-41.6101210787,77.729052014843)
  );
#763 = CARTESIAN_POINT('',(5.276551328334,-41.67270867039,
    78.091916914018));
#764 = CARTESIAN_POINT('',(4.77690251894,-41.73406930063,78.427827611653
    ));
#765 = CARTESIAN_POINT('',(4.237930294925,-41.79215689036,
    78.731251807818));
#766 = CARTESIAN_POINT('',(3.660606804747,-41.84469818145,
    78.996129736509));
#767 = CARTESIAN_POINT('',(2.631759785143,-41.91952972191,
    79.364200111869));
#768 = CARTESIAN_POINT('',(2.200059727864,-41.94610671921,
    79.491977037728));
#769 = CARTESIAN_POINT('',(1.754505373875,-41.96818574649,
    79.596166061727));
#770 = CARTESIAN_POINT('',(1.298258502597,-41.98500956239,79.67456475944
    ));
#771 = CARTESIAN_POINT('',(0.83470166226,-41.99603848535,79.725667598896
    ));
#772 = CARTESIAN_POINT('',(0.367346229551,-42.00099659534,
    79.748672353998));
#773 = CARTESIAN_POINT('',(-0.823877924741,-41.99815292186,
    79.735480431498));
#774 = CARTESIAN_POINT('',(-1.539504298413,-41.98189935717,
    79.660071975289));
#775 = CARTESIAN_POINT('',(-2.237035630784,-41.95172007818,
    79.51980643613));
#776 = CARTESIAN_POINT('',(-2.906879933688,-41.90938883598,
    79.319627165663));
#777 = CARTESIAN_POINT('',(-3.540477346614,-41.85770104418,
    79.066772080513));
#778 = CARTESIAN_POINT('',(-4.130762747089,-41.79992810398,
    78.770746435008));
#779 = CARTESIAN_POINT('',(-5.432291323481,-41.65422765524,
    77.98414798142));
#780 = CARTESIAN_POINT('',(-6.106243316746,-41.56244469596,
    77.457416203561));
#781 = CARTESIAN_POINT('',(-6.696095131659,-41.47024395013,
    76.880423447022));
#782 = CARTESIAN_POINT('',(-7.20530745872,-41.38248723755,
    76.265878456055));
#783 = CARTESIAN_POINT('',(-7.637767187432,-41.30252240544,
    75.623236290449));
#784 = CARTESIAN_POINT('',(-7.997031077774,-41.23268470227,
    74.959525545062));
#785 = CARTESIAN_POINT('',(-8.506928234205,-41.13007448761,
    73.759579106213));
#786 = CARTESIAN_POINT('',(-8.686750233733,-41.09244665235,
    73.229908846087));
#787 = CARTESIAN_POINT('',(-8.826416421223,-41.06242027361,
    72.693386993831));
#788 = CARTESIAN_POINT('',(-8.926778083255,-41.04048202527,
    72.152163464814));
#789 = CARTESIAN_POINT('',(-8.988425417908,-41.02691453878,
    71.608118281946));
#790 = CARTESIAN_POINT('',(-9.011668432847,-41.02182434868,
    71.062990618857));
#791 = CARTESIAN_POINT('',(-8.982714416544,-41.02817374892,
    70.022997115732));
#792 = CARTESIAN_POINT('',(-8.937119170116,-41.03816678846,
    69.528168358272));
#793 = CARTESIAN_POINT('',(-8.859760543282,-41.0550724933,
    69.035284552142));
#794 = CARTESIAN_POINT('',(-8.750451789321,-41.07872232449,
    68.545639395956));
#795 = CARTESIAN_POINT('',(-8.608802261594,-41.10882980911,
    68.060640378657));
#796 = CARTESIAN_POINT('',(-8.434232093595,-41.14497328961,
    67.581894106946));
#797 = CARTESIAN_POINT('',(-8.151530966574,-41.20143573933,
    66.943048090898));
#798 = CARTESIAN_POINT('',(-8.07277157657,-41.21700257088,
    66.775836906011));
#799 = CARTESIAN_POINT('',(-7.989665111331,-41.23324072006,
    66.609737885661));
#800 = CARTESIAN_POINT('',(-7.902169765694,-41.25012137982,
    66.444837477097));
#801 = CARTESIAN_POINT('',(-7.810240751701,-41.26761270529,
    66.281229380815));
#802 = CARTESIAN_POINT('',(-7.713830298604,-41.28567981379,
    66.119014550559));
#803 = CARTESIAN_POINT('',(-7.493533474747,-41.32628322767,
    65.768274366464));
#804 = CARTESIAN_POINT('',(-7.367844786083,-41.34903316378,
    65.580349438014));
#805 = CARTESIAN_POINT('',(-7.235731793863,-41.37247256391,
    65.394696518107));
#806 = CARTESIAN_POINT('',(-7.097101799888,-41.39653218525,
    65.211507493165));
#807 = CARTESIAN_POINT('',(-6.951859138009,-41.42113502454,
    65.030996038612));
#808 = CARTESIAN_POINT('',(-6.799905111366,-41.44619577113,
    64.853397631587));
#809 = CARTESIAN_POINT('',(-6.445910848115,-41.5028833255,
    64.464485170466));
#810 = CARTESIAN_POINT('',(-6.240357219646,-41.53470027327,
    64.25476732538));
#811 = CARTESIAN_POINT('',(-6.024307633882,-41.56689262236,
    64.05032463644));
#812 = CARTESIAN_POINT('',(-5.797598460741,-41.59925940392,
    63.851721755334));
#813 = CARTESIAN_POINT('',(-5.560079016431,-41.6315761151,
    63.659585475817));
#814 = CARTESIAN_POINT('',(-5.311618729472,-41.6635936727,63.47461083211
    ));
#815 = CARTESIAN_POINT('',(-4.698212063248,-41.73791907903,
    63.056121834324));
#816 = CARTESIAN_POINT('',(-4.322945866933,-41.77983341285,
    62.828865185424));
#817 = CARTESIAN_POINT('',(-3.926932868834,-41.81994835032,
    62.618589277863));
#818 = CARTESIAN_POINT('',(-3.51105318704,-41.85737293519,
    62.427993694534));
#819 = CARTESIAN_POINT('',(-3.076444682519,-41.8911966808,62.25968990012
    ));
#820 = CARTESIAN_POINT('',(-2.624498951097,-41.92053519538,
    62.11620706687));
#821 = CARTESIAN_POINT('',(-2.156858531561,-41.94458202527,61.9999994));
#822 = PCURVE('',#33,#823);
#823 = DEFINITIONAL_REPRESENTATION('',(#824),#893);
#824 = B_SPLINE_CURVE_WITH_KNOTS('',7,(#825,#826,#827,#828,#829,#830,
    #831,#832,#833,#834,#835,#836,#837,#838,#839,#840,#841,#842,#843,
    #844,#845,#846,#847,#848,#849,#850,#851,#852,#853,#854,#855,#856,
    #857,#858,#859,#860,#861,#862,#863,#864,#865,#866,#867,#868,#869,
    #870,#871,#872,#873,#874,#875,#876,#877,#878,#879,#880,#881,#882,
    #883,#884,#885,#886,#887,#888,#889,#890,#891,#892),.UNSPECIFIED.,.F.
  ,.F.,(8,6,6,6,6,6,6,6,6,6,6,8),(0.,0.185482276371,0.282592758557,
    0.348244274525,0.449839070077,0.592313005635,0.701371450946,
    0.800620298102,0.836102602495,0.878056736421,0.929645377311,1.),
  .UNSPECIFIED.);
#825 = CARTESIAN_POINT('',(-4.92834947907,-8.769268510194));
#826 = CARTESIAN_POINT('',(-4.92834947907,-9.701713869348));
#827 = CARTESIAN_POINT('',(-4.925604624061,-10.6330580377));
#828 = CARTESIAN_POINT('',(-4.920118793987,-11.55578013716));
#829 = CARTESIAN_POINT('',(-4.911822402568,-12.46172058699));
#830 = CARTESIAN_POINT('',(-4.900595428035,-13.33983140785));
#831 = CARTESIAN_POINT('',(-4.886279030215,-14.1747739874));
#832 = CARTESIAN_POINT('',(-4.859509288463,-15.34432429473));
#833 = CARTESIAN_POINT('',(-4.849389050611,-15.72905201484));
#834 = CARTESIAN_POINT('',(-4.838337077754,-16.09191691401));
#835 = CARTESIAN_POINT('',(-4.826353340961,-16.42782761165));
#836 = CARTESIAN_POINT('',(-4.813448993885,-16.73125180781));
#837 = CARTESIAN_POINT('',(-4.799648667428,-16.9961297365));
#838 = CARTESIAN_POINT('',(-4.775087600616,-17.36420011186));
#839 = CARTESIAN_POINT('',(-4.764790203137,-17.49197703772));
#840 = CARTESIAN_POINT('',(-4.754169997672,-17.59616606172));
#841 = CARTESIAN_POINT('',(-4.74330120494,-17.67456475944));
#842 = CARTESIAN_POINT('',(-4.732262546916,-17.72566759889));
#843 = CARTESIAN_POINT('',(-4.721135348639,-17.74867235399));
#844 = CARTESIAN_POINT('',(-4.692772787961,-17.73548043149));
#845 = CARTESIAN_POINT('',(-4.675733187185,-17.66007197528));
#846 = CARTESIAN_POINT('',(-4.659115289663,-17.51980643613));
#847 = CARTESIAN_POINT('',(-4.643139986461,-17.31962716566));
#848 = CARTESIAN_POINT('',(-4.628007483974,-17.06677208051));
#849 = CARTESIAN_POINT('',(-4.613887286008,-16.770746435));
#850 = CARTESIAN_POINT('',(-4.582704941958,-15.98414798142));
#851 = CARTESIAN_POINT('',(-4.566514962159,-15.45741620356));
#852 = CARTESIAN_POINT('',(-4.552303960856,-14.88042344702));
#853 = CARTESIAN_POINT('',(-4.540002970064,-14.26587845605));
#854 = CARTESIAN_POINT('',(-4.529532512363,-13.62323629044));
#855 = CARTESIAN_POINT('',(-4.520818678248,-12.95952554506));
#856 = CARTESIAN_POINT('',(-4.508434888136,-11.75957910621));
#857 = CARTESIAN_POINT('',(-4.504060810848,-11.22990884608));
#858 = CARTESIAN_POINT('',(-4.500659490365,-10.69338699383));
#859 = CARTESIAN_POINT('',(-4.498213500117,-10.15216346481));
#860 = CARTESIAN_POINT('',(-4.496710582073,-9.608118281946));
#861 = CARTESIAN_POINT('',(-4.496144061029,-9.062990618857));
#862 = CARTESIAN_POINT('',(-4.496849823648,-8.022997115732));
#863 = CARTESIAN_POINT('',(-4.497961192586,-7.528168358272));
#864 = CARTESIAN_POINT('',(-4.499846532558,-7.035284552141));
#865 = CARTESIAN_POINT('',(-4.502509332239,-6.545639395956));
#866 = CARTESIAN_POINT('',(-4.5059572297,-6.060640378657));
#867 = CARTESIAN_POINT('',(-4.510201709329,-5.581894106946));
#868 = CARTESIAN_POINT('',(-4.517065625273,-4.943048090898));
#869 = CARTESIAN_POINT('',(-4.518977123551,-4.775836906011));
#870 = CARTESIAN_POINT('',(-4.520993257948,-4.609737885661));
#871 = CARTESIAN_POINT('',(-4.523114885283,-4.444837477097));
#872 = CARTESIAN_POINT('',(-4.525342925501,-4.281229380815));
#873 = CARTESIAN_POINT('',(-4.527678361668,-4.119014550559));
#874 = CARTESIAN_POINT('',(-4.53301187186,-3.768274366464));
#875 = CARTESIAN_POINT('',(-4.536053070201,-3.580349438014));
#876 = CARTESIAN_POINT('',(-4.539247709712,-3.394696518107));
#877 = CARTESIAN_POINT('',(-4.542597719544,-3.211507493165));
#878 = CARTESIAN_POINT('',(-4.546105089497,-3.030996038612));
#879 = CARTESIAN_POINT('',(-4.549771876228,-2.853397631587));
#880 = CARTESIAN_POINT('',(-4.558307695688,-2.464485170466));
#881 = CARTESIAN_POINT('',(-4.563260043821,-2.25476732538));
#882 = CARTESIAN_POINT('',(-4.568460736572,-2.05032463644));
#883 = CARTESIAN_POINT('',(-4.573913112595,-1.851721755334));
#884 = CARTESIAN_POINT('',(-4.579620223227,-1.659585475817));
#885 = CARTESIAN_POINT('',(-4.585584689236,-1.47461083211));
#886 = CARTESIAN_POINT('',(-4.600296432047,-1.056121834324));
#887 = CARTESIAN_POINT('',(-4.6092865075,-0.828865185424));
#888 = CARTESIAN_POINT('',(-4.618762815527,-0.618589277863));
#889 = CARTESIAN_POINT('',(-4.628703524558,-0.427993694534));
#890 = CARTESIAN_POINT('',(-4.63908131449,-0.25968990012));
#891 = CARTESIAN_POINT('',(-4.649863600667,-0.11620706687));
#892 = CARTESIAN_POINT('',(-4.661012607212,5.999999999062E-07));
#893 = ( GEOMETRIC_REPRESENTATION_CONTEXT(2) 
PARAMETRIC_REPRESENTATION_CONTEXT() REPRESENTATION_CONTEXT('2D SPACE',''
  ) );
#894 = PCURVE('',#714,#895);
#895 = DEFINITIONAL_REPRESENTATION('',(#896),#965);
#896 = B_SPLINE_CURVE_WITH_KNOTS('',7,(#897,#898,#899,#900,#901,#902,
    #903,#904,#905,#906,#907,#908,#909,#910,#911,#912,#913,#914,#915,
    #916,#917,#918,#919,#920,#921,#922,#923,#924,#925,#926,#927,#928,
    #929,#930,#931,#932,#933,#934,#935,#936,#937,#938,#939,#940,#941,
    #942,#943,#944,#945,#946,#947,#948,#949,#950,#951,#952,#953,#954,
    #955,#956,#957,#958,#959,#960,#961,#962,#963,#964),.UNSPECIFIED.,.F.
  ,.F.,(8,6,6,6,6,6,6,6,6,6,6,8),(0.,0.185482276371,0.282592758557,
    0.348244274525,0.449839070077,0.592313005635,0.701371450946,
    0.800620298102,0.836102602495,0.878056736421,0.929645377311,1.),
  .UNSPECIFIED.);
#897 = CARTESIAN_POINT('',(0.,-6.027093356185));
#898 = CARTESIAN_POINT('',(-0.103558449085,-5.999132574932));
#899 = CARTESIAN_POINT('',(-0.207076670717,-5.995897082243));
#900 = CARTESIAN_POINT('',(-0.31153487971,-6.017579664409));
#901 = CARTESIAN_POINT('',(-0.417824858503,-6.063097935697));
#902 = CARTESIAN_POINT('',(-0.526871411652,-6.129996623152));
#903 = CARTESIAN_POINT('',(-0.639673095666,-6.213465151534));
#904 = CARTESIAN_POINT('',(-0.819260919264,-6.353355357716));
#905 = CARTESIAN_POINT('',(-0.882560182648,-6.403868425564));
#906 = CARTESIAN_POINT('',(-0.947494371317,-6.455546820231));
#907 = CARTESIAN_POINT('',(-1.014135653043,-6.506807067624));
#908 = CARTESIAN_POINT('',(-1.082580647921,-6.55576990315));
#909 = CARTESIAN_POINT('',(-1.152958303341,-6.600344802181));
#910 = CARTESIAN_POINT('',(-1.274447840462,-6.664105545499));
#911 = CARTESIAN_POINT('',(-1.32441642261,-6.686839007272));
#912 = CARTESIAN_POINT('',(-1.375133794192,-6.705783840569));
#913 = CARTESIAN_POINT('',(-1.426411946434,-6.720249187599));
#914 = CARTESIAN_POINT('',(-1.47808057777,-6.72974075513));
#915 = CARTESIAN_POINT('',(-1.529977085219,-6.734006803178));
#916 = CARTESIAN_POINT('',(-1.662343538401,-6.731559988188));
#917 = CARTESIAN_POINT('',(-1.741946520492,-6.717574969025));
#918 = CARTESIAN_POINT('',(-1.820469082243,-6.691615335422));
#919 = CARTESIAN_POINT('',(-1.897611371049,-6.655305806949));
#920 = CARTESIAN_POINT('',(-1.973019433293,-6.611223500282));
#921 = CARTESIAN_POINT('',(-2.046243651473,-6.562353316077));
#922 = CARTESIAN_POINT('',(-2.215448282128,-6.440305730016));
#923 = CARTESIAN_POINT('',(-2.30997910614,-6.364358892456));
#924 = CARTESIAN_POINT('',(-2.400995400256,-6.289501607524));
#925 = CARTESIAN_POINT('',(-2.489053963674,-6.220212417799));
#926 = CARTESIAN_POINT('',(-2.574674898717,-6.159554140739));
#927 = CARTESIAN_POINT('',(-2.658336019103,-6.109650211655));
#928 = CARTESIAN_POINT('',(-2.803461008973,-6.043068345254));
#929 = CARTESIAN_POINT('',(-2.865534507272,-6.021340393179));
#930 = CARTESIAN_POINT('',(-2.926950063143,-6.007415934605));
#931 = CARTESIAN_POINT('',(-2.987881612537,-6.001716956097));
#932 = CARTESIAN_POINT('',(-3.048496090562,-6.004469586688));
#933 = CARTESIAN_POINT('',(-3.108960209022,-6.01572816127));
#934 = CARTESIAN_POINT('',(-3.224486725751,-6.053260480851));
#935 = CARTESIAN_POINT('',(-3.279529491483,-6.078087213597));
#936 = CARTESIAN_POINT('',(-3.334703827318,-6.10976518074));
#937 = CARTESIAN_POINT('',(-3.390140028167,-6.148087125626));
#938 = CARTESIAN_POINT('',(-3.445968845128,-6.192724498463));
#939 = CARTESIAN_POINT('',(-3.502325779847,-6.243207654798));
#940 = CARTESIAN_POINT('',(-3.579747005598,-6.31880147543));
#941 = CARTESIAN_POINT('',(-3.600223675864,-6.339375386353));
#942 = CARTESIAN_POINT('',(-3.62079513029,-6.360586963079));
#943 = CARTESIAN_POINT('',(-3.641468977975,-6.382404819267));
#944 = CARTESIAN_POINT('',(-3.662252951736,-6.40479431462));
#945 = CARTESIAN_POINT('',(-3.683154908114,-6.42771755489));
#946 = CARTESIAN_POINT('',(-3.729046154479,-6.478820183286));
#947 = CARTESIAN_POINT('',(-3.754085308454,-6.507195101407));
#948 = CARTESIAN_POINT('',(-3.77931492725,-6.53619104389));
#949 = CARTESIAN_POINT('',(-3.804749357771,-6.56573304507));
#950 = CARTESIAN_POINT('',(-3.830403065211,-6.595737728922));
#951 = CARTESIAN_POINT('',(-3.856291042384,-6.626112762034));
#952 = CARTESIAN_POINT('',(-3.914569866102,-6.694436951273));
#953 = CARTESIAN_POINT('',(-3.947092879055,-6.732528297144));
#954 = CARTESIAN_POINT('',(-3.9800240402,-6.770836691995));
#955 = CARTESIAN_POINT('',(-4.013389772889,-6.809144325437));
#956 = CARTESIAN_POINT('',(-4.047217587181,-6.847208000196));
#957 = CARTESIAN_POINT('',(-4.081536525479,-6.884757903451));
#958 = CARTESIAN_POINT('',(-4.163892549121,-6.971598910051));
#959 = CARTESIAN_POINT('',(-4.212489221114,-7.02030902872));
#960 = CARTESIAN_POINT('',(-4.262113526865,-7.066711367053));
#961 = CARTESIAN_POINT('',(-4.312729127693,-7.10983441842));
#962 = CARTESIAN_POINT('',(-4.364314661226,-7.148689796869));
#963 = CARTESIAN_POINT('',(-4.416863017629,-7.182317667313));
#964 = CARTESIAN_POINT('',(-4.470382674351,-7.209838345685));
#965 = ( GEOMETRIC_REPRESENTATION_CONTEXT(2) 
PARAMETRIC_REPRESENTATION_CONTEXT() REPRESENTATION_CONTEXT('2D SPACE',''
  ) );
#966 = ORIENTED_EDGE('',*,*,#967,.F.);
#967 = EDGE_CURVE('',#968,#750,#970,.T.);
#968 = VERTEX_POINT('',#969);
#969 = CARTESIAN_POINT('',(-26.24826644658,-32.78762736992,62.));
#970 = SURFACE_CURVE('',#971,(#976,#983),.PCURVE_S1.);
#971 = CIRCLE('',#972,42.);
#972 = AXIS2_PLACEMENT_3D('',#973,#974,#975);
#973 = CARTESIAN_POINT('',(0.,0.,62.));
#974 = DIRECTION('',(0.,0.,1.));
#975 = DIRECTION('',(1.,0.,0.));
#976 = PCURVE('',#33,#977);
#977 = DEFINITIONAL_REPRESENTATION('',(#978),#982);
#978 = LINE('',#979,#980);
#979 = CARTESIAN_POINT('',(-0.,0.));
#980 = VECTOR('',#981,1.);
#981 = DIRECTION('',(-1.,0.));
#982 = ( GEOMETRIC_REPRESENTATION_CONTEXT(2) 
PARAMETRIC_REPRESENTATION_CONTEXT() REPRESENTATION_CONTEXT('2D SPACE',''
  ) );
#983 = PCURVE('',#45,#984);
#984 = DEFINITIONAL_REPRESENTATION('',(#985),#989);
#985 = CIRCLE('',#986,42.);
#986 = AXIS2_PLACEMENT_2D('',#987,#988);
#987 = CARTESIAN_POINT('',(2.083718297203E-15,-3.692127783966E-16));
#988 = DIRECTION('',(1.,0.));
#989 = ( GEOMETRIC_REPRESENTATION_CONTEXT(2) 
PARAMETRIC_REPRESENTATION_CONTEXT() REPRESENTATION_CONTEXT('2D SPACE',''
  ) );
#990 = ORIENTED_EDGE('',*,*,#991,.F.);
#991 = EDGE_CURVE('',#992,#968,#994,.T.);
#992 = VERTEX_POINT('',#993);
#993 = CARTESIAN_POINT('',(-26.24826644658,-32.78762736992,67.));
#994 = SURFACE_CURVE('',#995,(#999,#1005),.PCURVE_S1.);
#995 = LINE('',#996,#997);
#996 = CARTESIAN_POINT('',(-26.24826644658,-32.78762736992,62.));
#997 = VECTOR('',#998,1.);
#998 = DIRECTION('',(-0.,-0.,-1.));
#999 = PCURVE('',#33,#1000);
#1000 = DEFINITIONAL_REPRESENTATION('',(#1001),#1004);
#1001 = B_SPLINE_CURVE_WITH_KNOTS('',1,(#1002,#1003),.UNSPECIFIED.,.F.,
  .F.,(2,2),(-5.0000006,6.000000212225E-07),.PIECEWISE_BEZIER_KNOTS.);
#1002 = CARTESIAN_POINT('',(-4.037310320749,-5.0000006));
#1003 = CARTESIAN_POINT('',(-4.037310320749,6.000000212225E-07));
#1004 = ( GEOMETRIC_REPRESENTATION_CONTEXT(2) 
PARAMETRIC_REPRESENTATION_CONTEXT() REPRESENTATION_CONTEXT('2D SPACE',''
  ) );
#1005 = PCURVE('',#1006,#1011);
#1006 = CYLINDRICAL_SURFACE('',#1007,7.);
#1007 = AXIS2_PLACEMENT_3D('',#1008,#1009,#1010);
#1008 = CARTESIAN_POINT('',(-33.23401871576,-33.23401871576,62.));
#1009 = DIRECTION('',(-0.,-0.,-1.));
#1010 = DIRECTION('',(1.,0.,0.));
#1011 = DEFINITIONAL_REPRESENTATION('',(#1012),#1015);
#1012 = B_SPLINE_CURVE_WITH_KNOTS('',1,(#1013,#1014),.UNSPECIFIED.,.F.,
  .F.,(2,2),(-5.,0.),.PIECEWISE_BEZIER_KNOTS.);
#1013 = CARTESIAN_POINT('',(-6.346998800439,-5.));
#1014 = CARTESIAN_POINT('',(-6.346998800439,0.));
#1015 = ( GEOMETRIC_REPRESENTATION_CONTEXT(2) 
PARAMETRIC_REPRESENTATION_CONTEXT() REPRESENTATION_CONTEXT('2D SPACE',''
  ) );
#1016 = ORIENTED_EDGE('',*,*,#1017,.T.);
#1017 = EDGE_CURVE('',#992,#1018,#1020,.T.);
#1018 = VERTEX_POINT('',#1019);
#1019 = CARTESIAN_POINT('',(-32.78762736992,-26.24826644658,67.));
#1020 = SURFACE_CURVE('',#1021,(#1026,#1033),.PCURVE_S1.);
#1021 = CIRCLE('',#1022,42.);
#1022 = AXIS2_PLACEMENT_3D('',#1023,#1024,#1025);
#1023 = CARTESIAN_POINT('',(0.,0.,67.));
#1024 = DIRECTION('',(0.,0.,-1.));
#1025 = DIRECTION('',(1.,0.,0.));
#1026 = PCURVE('',#33,#1027);
#1027 = DEFINITIONAL_REPRESENTATION('',(#1028),#1032);
#1028 = LINE('',#1029,#1030);
#1029 = CARTESIAN_POINT('',(-6.28318530718,-5.));
#1030 = VECTOR('',#1031,1.);
#1031 = DIRECTION('',(1.,-0.));
#1032 = ( GEOMETRIC_REPRESENTATION_CONTEXT(2) 
PARAMETRIC_REPRESENTATION_CONTEXT() REPRESENTATION_CONTEXT('2D SPACE',''
  ) );
#1033 = PCURVE('',#1034,#1039);
#1034 = PLANE('',#1035);
#1035 = AXIS2_PLACEMENT_3D('',#1036,#1037,#1038);
#1036 = CARTESIAN_POINT('',(-33.23401871576,-33.23401871576,67.));
#1037 = DIRECTION('',(0.,0.,1.));
#1038 = DIRECTION('',(1.,0.,-0.));
#1039 = DEFINITIONAL_REPRESENTATION('',(#1040),#1048);
#1040 = ( BOUNDED_CURVE() B_SPLINE_CURVE(2,(#1041,#1042,#1043,#1044,
#1045,#1046,#1047),.UNSPECIFIED.,.T.,.F.) B_SPLINE_CURVE_WITH_KNOTS((1,2
    ,2,2,2,1),(-2.094395102393,0.,2.094395102393,4.188790204786,
6.28318530718,8.377580409573),.UNSPECIFIED.) CURVE() 
GEOMETRIC_REPRESENTATION_ITEM() RATIONAL_B_SPLINE_CURVE((1.,0.5,1.,0.5,
1.,0.5,1.)) REPRESENTATION_ITEM('') );
#1041 = CARTESIAN_POINT('',(75.234018715768,33.234018715768));
#1042 = CARTESIAN_POINT('',(75.234018715768,-39.51211520212));
#1043 = CARTESIAN_POINT('',(12.234018715768,-3.139048243179));
#1044 = CARTESIAN_POINT('',(-50.76598128423,33.234018715768));
#1045 = CARTESIAN_POINT('',(12.234018715768,69.607085674714));
#1046 = CARTESIAN_POINT('',(75.234018715768,105.98015263366));
#1047 = CARTESIAN_POINT('',(75.234018715768,33.234018715768));
#1048 = ( GEOMETRIC_REPRESENTATION_CONTEXT(2) 
PARAMETRIC_REPRESENTATION_CONTEXT() REPRESENTATION_CONTEXT('2D SPACE',''
  ) );
#1049 = ORIENTED_EDGE('',*,*,#1050,.T.);
#1050 = EDGE_CURVE('',#1018,#1051,#1053,.T.);
#1051 = VERTEX_POINT('',#1052);
#1052 = CARTESIAN_POINT('',(-32.78762736992,-26.24826644658,62.));
#1053 = SURFACE_CURVE('',#1054,(#1058,#1064),.PCURVE_S1.);
#1054 = LINE('',#1055,#1056);
#1055 = CARTESIAN_POINT('',(-32.78762736992,-26.24826644658,62.));
#1056 = VECTOR('',#1057,1.);
#1057 = DIRECTION('',(-0.,-0.,-1.));
#1058 = PCURVE('',#33,#1059);
#1059 = DEFINITIONAL_REPRESENTATION('',(#1060),#1063);
#1060 = B_SPLINE_CURVE_WITH_KNOTS('',1,(#1061,#1062),.UNSPECIFIED.,.F.,
  .F.,(2,2),(-5.0000006,6.000000212225E-07),.PIECEWISE_BEZIER_KNOTS.);
#1061 = CARTESIAN_POINT('',(-3.816671313225,-5.0000006));
#1062 = CARTESIAN_POINT('',(-3.816671313225,6.000000212225E-07));
#1063 = ( GEOMETRIC_REPRESENTATION_CONTEXT(2) 
PARAMETRIC_REPRESENTATION_CONTEXT() REPRESENTATION_CONTEXT('2D SPACE',''
  ) );
#1064 = PCURVE('',#1006,#1065);
#1065 = DEFINITIONAL_REPRESENTATION('',(#1066),#1069);
#1066 = B_SPLINE_CURVE_WITH_KNOTS('',1,(#1067,#1068),.UNSPECIFIED.,.F.,
  .F.,(2,2),(-5.,0.),.PIECEWISE_BEZIER_KNOTS.);
#1067 = CARTESIAN_POINT('',(-1.506982833536,-5.));
#1068 = CARTESIAN_POINT('',(-1.506982833536,0.));
#1069 = ( GEOMETRIC_REPRESENTATION_CONTEXT(2) 
PARAMETRIC_REPRESENTATION_CONTEXT() REPRESENTATION_CONTEXT('2D SPACE',''
  ) );
#1070 = ORIENTED_EDGE('',*,*,#1071,.F.);
#1071 = EDGE_CURVE('',#1072,#1051,#1074,.T.);
#1072 = VERTEX_POINT('',#1073);
#1073 = CARTESIAN_POINT('',(-32.78762736992,26.248266446587,62.));
#1074 = SURFACE_CURVE('',#1075,(#1080,#1087),.PCURVE_S1.);
#1075 = CIRCLE('',#1076,42.);
#1076 = AXIS2_PLACEMENT_3D('',#1077,#1078,#1079);
#1077 = CARTESIAN_POINT('',(0.,0.,62.));
#1078 = DIRECTION('',(0.,0.,1.));
#1079 = DIRECTION('',(1.,0.,0.));
#1080 = PCURVE('',#33,#1081);
#1081 = DEFINITIONAL_REPRESENTATION('',(#1082),#1086);
#1082 = LINE('',#1083,#1084);
#1083 = CARTESIAN_POINT('',(-0.,0.));
#1084 = VECTOR('',#1085,1.);
#1085 = DIRECTION('',(-1.,0.));
#1086 = ( GEOMETRIC_REPRESENTATION_CONTEXT(2) 
PARAMETRIC_REPRESENTATION_CONTEXT() REPRESENTATION_CONTEXT('2D SPACE',''
  ) );
#1087 = PCURVE('',#45,#1088);
#1088 = DEFINITIONAL_REPRESENTATION('',(#1089),#1093);
#1089 = CIRCLE('',#1090,42.);
#1090 = AXIS2_PLACEMENT_2D('',#1091,#1092);
#1091 = CARTESIAN_POINT('',(2.083718297203E-15,-3.692127783966E-16));
#1092 = DIRECTION('',(1.,0.));
#1093 = ( GEOMETRIC_REPRESENTATION_CONTEXT(2) 
PARAMETRIC_REPRESENTATION_CONTEXT() REPRESENTATION_CONTEXT('2D SPACE',''
  ) );
#1094 = ORIENTED_EDGE('',*,*,#1095,.F.);
#1095 = EDGE_CURVE('',#1096,#1072,#1098,.T.);
#1096 = VERTEX_POINT('',#1097);
#1097 = CARTESIAN_POINT('',(-32.78762736992,26.248266446588,67.));
#1098 = SURFACE_CURVE('',#1099,(#1103,#1109),.PCURVE_S1.);
#1099 = LINE('',#1100,#1101);
#1100 = CARTESIAN_POINT('',(-32.78762736992,26.248266446588,62.));
#1101 = VECTOR('',#1102,1.);
#1102 = DIRECTION('',(-0.,-0.,-1.));
#1103 = PCURVE('',#33,#1104);
#1104 = DEFINITIONAL_REPRESENTATION('',(#1105),#1108);
#1105 = B_SPLINE_CURVE_WITH_KNOTS('',1,(#1106,#1107),.UNSPECIFIED.,.F.,
  .F.,(2,2),(-5.0000006,6.000000212225E-07),.PIECEWISE_BEZIER_KNOTS.);
#1106 = CARTESIAN_POINT('',(-2.466513993954,-5.0000006));
#1107 = CARTESIAN_POINT('',(-2.466513993954,6.000000212225E-07));
#1108 = ( GEOMETRIC_REPRESENTATION_CONTEXT(2) 
PARAMETRIC_REPRESENTATION_CONTEXT() REPRESENTATION_CONTEXT('2D SPACE',''
  ) );
#1109 = PCURVE('',#1110,#1115);
#1110 = CYLINDRICAL_SURFACE('',#1111,7.);
#1111 = AXIS2_PLACEMENT_3D('',#1112,#1113,#1114);
#1112 = CARTESIAN_POINT('',(-33.23401871576,33.234018715768,62.));
#1113 = DIRECTION('',(-0.,-0.,-1.));
#1114 = DIRECTION('',(1.,0.,0.));
#1115 = DEFINITIONAL_REPRESENTATION('',(#1116),#1119);
#1116 = B_SPLINE_CURVE_WITH_KNOTS('',1,(#1117,#1118),.UNSPECIFIED.,.F.,
  .F.,(2,2),(-5.,0.),.PIECEWISE_BEZIER_KNOTS.);
#1117 = CARTESIAN_POINT('',(-11.05938778082,-5.));
#1118 = CARTESIAN_POINT('',(-11.05938778082,0.));
#1119 = ( GEOMETRIC_REPRESENTATION_CONTEXT(2) 
PARAMETRIC_REPRESENTATION_CONTEXT() REPRESENTATION_CONTEXT('2D SPACE',''
  ) );
#1120 = ORIENTED_EDGE('',*,*,#1121,.T.);
#1121 = EDGE_CURVE('',#1096,#1122,#1124,.T.);
#1122 = VERTEX_POINT('',#1123);
#1123 = CARTESIAN_POINT('',(-26.24826644658,32.787627369923,67.));
#1124 = SURFACE_CURVE('',#1125,(#1130,#1137),.PCURVE_S1.);
#1125 = CIRCLE('',#1126,42.);
#1126 = AXIS2_PLACEMENT_3D('',#1127,#1128,#1129);
#1127 = CARTESIAN_POINT('',(0.,0.,67.));
#1128 = DIRECTION('',(0.,0.,-1.));
#1129 = DIRECTION('',(1.,0.,0.));
#1130 = PCURVE('',#33,#1131);
#1131 = DEFINITIONAL_REPRESENTATION('',(#1132),#1136);
#1132 = LINE('',#1133,#1134);
#1133 = CARTESIAN_POINT('',(-6.28318530718,-5.));
#1134 = VECTOR('',#1135,1.);
#1135 = DIRECTION('',(1.,-0.));
#1136 = ( GEOMETRIC_REPRESENTATION_CONTEXT(2) 
PARAMETRIC_REPRESENTATION_CONTEXT() REPRESENTATION_CONTEXT('2D SPACE',''
  ) );
#1137 = PCURVE('',#1138,#1143);
#1138 = PLANE('',#1139);
#1139 = AXIS2_PLACEMENT_3D('',#1140,#1141,#1142);
#1140 = CARTESIAN_POINT('',(-33.23401871576,33.234018715768,67.));
#1141 = DIRECTION('',(0.,0.,1.));
#1142 = DIRECTION('',(1.,0.,-0.));
#1143 = DEFINITIONAL_REPRESENTATION('',(#1144),#1152);
#1144 = ( BOUNDED_CURVE() B_SPLINE_CURVE(2,(#1145,#1146,#1147,#1148,
#1149,#1150,#1151),.UNSPECIFIED.,.T.,.F.) B_SPLINE_CURVE_WITH_KNOTS((1,2
    ,2,2,2,1),(-2.094395102393,0.,2.094395102393,4.188790204786,
6.28318530718,8.377580409573),.UNSPECIFIED.) CURVE() 
GEOMETRIC_REPRESENTATION_ITEM() RATIONAL_B_SPLINE_CURVE((1.,0.5,1.,0.5,
1.,0.5,1.)) REPRESENTATION_ITEM('') );
#1145 = CARTESIAN_POINT('',(75.234018715768,-33.23401871576));
#1146 = CARTESIAN_POINT('',(75.234018715768,-105.9801526336));
#1147 = CARTESIAN_POINT('',(12.234018715768,-69.60708567471));
#1148 = CARTESIAN_POINT('',(-50.76598128423,-33.23401871576));
#1149 = CARTESIAN_POINT('',(12.234018715768,3.139048243179));
#1150 = CARTESIAN_POINT('',(75.234018715768,39.512115202125));
#1151 = CARTESIAN_POINT('',(75.234018715768,-33.23401871576));
#1152 = ( GEOMETRIC_REPRESENTATION_CONTEXT(2) 
PARAMETRIC_REPRESENTATION_CONTEXT() REPRESENTATION_CONTEXT('2D SPACE',''
  ) );
#1153 = ORIENTED_EDGE('',*,*,#1154,.T.);
#1154 = EDGE_CURVE('',#1122,#1155,#1157,.T.);
#1155 = VERTEX_POINT('',#1156);
#1156 = CARTESIAN_POINT('',(-26.24826644658,32.787627369924,62.));
#1157 = SURFACE_CURVE('',#1158,(#1162,#1168),.PCURVE_S1.);
#1158 = LINE('',#1159,#1160);
#1159 = CARTESIAN_POINT('',(-26.24826644658,32.787627369923,62.));
#1160 = VECTOR('',#1161,1.);
#1161 = DIRECTION('',(-0.,-0.,-1.));
#1162 = PCURVE('',#33,#1163);
#1163 = DEFINITIONAL_REPRESENTATION('',(#1164),#1167);
#1164 = B_SPLINE_CURVE_WITH_KNOTS('',1,(#1165,#1166),.UNSPECIFIED.,.F.,
  .F.,(2,2),(-5.0000006,6.000000212225E-07),.PIECEWISE_BEZIER_KNOTS.);
#1165 = CARTESIAN_POINT('',(-2.245874986431,-5.0000006));
#1166 = CARTESIAN_POINT('',(-2.245874986431,6.000000212225E-07));
#1167 = ( GEOMETRIC_REPRESENTATION_CONTEXT(2) 
PARAMETRIC_REPRESENTATION_CONTEXT() REPRESENTATION_CONTEXT('2D SPACE',''
  ) );
#1168 = PCURVE('',#1110,#1169);
#1169 = DEFINITIONAL_REPRESENTATION('',(#1170),#1173);
#1170 = B_SPLINE_CURVE_WITH_KNOTS('',1,(#1171,#1172),.UNSPECIFIED.,.F.,
  .F.,(2,2),(-5.,-0.),.PIECEWISE_BEZIER_KNOTS.);
#1171 = CARTESIAN_POINT('',(-6.219371813921,-5.));
#1172 = CARTESIAN_POINT('',(-6.219371813921,0.));
#1173 = ( GEOMETRIC_REPRESENTATION_CONTEXT(2) 
PARAMETRIC_REPRESENTATION_CONTEXT() REPRESENTATION_CONTEXT('2D SPACE',''
  ) );
#1174 = ORIENTED_EDGE('',*,*,#1175,.F.);
#1175 = EDGE_CURVE('',#1176,#1155,#1178,.T.);
#1176 = VERTEX_POINT('',#1177);
#1177 = CARTESIAN_POINT('',(26.248266446587,32.787627369924,62.));
#1178 = SURFACE_CURVE('',#1179,(#1184,#1191),.PCURVE_S1.);
#1179 = CIRCLE('',#1180,42.);
#1180 = AXIS2_PLACEMENT_3D('',#1181,#1182,#1183);
#1181 = CARTESIAN_POINT('',(0.,0.,62.));
#1182 = DIRECTION('',(0.,0.,1.));
#1183 = DIRECTION('',(1.,0.,0.));
#1184 = PCURVE('',#33,#1185);
#1185 = DEFINITIONAL_REPRESENTATION('',(#1186),#1190);
#1186 = LINE('',#1187,#1188);
#1187 = CARTESIAN_POINT('',(-0.,0.));
#1188 = VECTOR('',#1189,1.);
#1189 = DIRECTION('',(-1.,0.));
#1190 = ( GEOMETRIC_REPRESENTATION_CONTEXT(2) 
PARAMETRIC_REPRESENTATION_CONTEXT() REPRESENTATION_CONTEXT('2D SPACE',''
  ) );
#1191 = PCURVE('',#45,#1192);
#1192 = DEFINITIONAL_REPRESENTATION('',(#1193),#1197);
#1193 = CIRCLE('',#1194,42.);
#1194 = AXIS2_PLACEMENT_2D('',#1195,#1196);
#1195 = CARTESIAN_POINT('',(2.083718297203E-15,-3.692127783966E-16));
#1196 = DIRECTION('',(1.,0.));
#1197 = ( GEOMETRIC_REPRESENTATION_CONTEXT(2) 
PARAMETRIC_REPRESENTATION_CONTEXT() REPRESENTATION_CONTEXT('2D SPACE',''
  ) );
#1198 = ORIENTED_EDGE('',*,*,#1199,.F.);
#1199 = EDGE_CURVE('',#1200,#1176,#1202,.T.);
#1200 = VERTEX_POINT('',#1201);
#1201 = CARTESIAN_POINT('',(26.248266446588,32.787627369923,67.));
#1202 = SURFACE_CURVE('',#1203,(#1207,#1213),.PCURVE_S1.);
#1203 = LINE('',#1204,#1205);
#1204 = CARTESIAN_POINT('',(26.248266446588,32.787627369923,62.));
#1205 = VECTOR('',#1206,1.);
#1206 = DIRECTION('',(-0.,-0.,-1.));
#1207 = PCURVE('',#33,#1208);
#1208 = DEFINITIONAL_REPRESENTATION('',(#1209),#1212);
#1209 = B_SPLINE_CURVE_WITH_KNOTS('',1,(#1210,#1211),.UNSPECIFIED.,.F.,
  .F.,(2,2),(-5.0000006,6.000000212225E-07),.PIECEWISE_BEZIER_KNOTS.);
#1210 = CARTESIAN_POINT('',(-0.895717667159,-5.0000006));
#1211 = CARTESIAN_POINT('',(-0.895717667159,6.000000212225E-07));
#1212 = ( GEOMETRIC_REPRESENTATION_CONTEXT(2) 
PARAMETRIC_REPRESENTATION_CONTEXT() REPRESENTATION_CONTEXT('2D SPACE',''
  ) );
#1213 = PCURVE('',#1214,#1219);
#1214 = CYLINDRICAL_SURFACE('',#1215,7.);
#1215 = AXIS2_PLACEMENT_3D('',#1216,#1217,#1218);
#1216 = CARTESIAN_POINT('',(33.234018715768,33.234018715768,62.));
#1217 = DIRECTION('',(-0.,-0.,-1.));
#1218 = DIRECTION('',(1.,0.,0.));
#1219 = DEFINITIONAL_REPRESENTATION('',(#1220),#1223);
#1220 = B_SPLINE_CURVE_WITH_KNOTS('',1,(#1221,#1222),.UNSPECIFIED.,.F.,
  .F.,(2,2),(-5.,0.),.PIECEWISE_BEZIER_KNOTS.);
#1221 = CARTESIAN_POINT('',(-9.488591454028,-5.));
#1222 = CARTESIAN_POINT('',(-9.488591454028,0.));
#1223 = ( GEOMETRIC_REPRESENTATION_CONTEXT(2) 
PARAMETRIC_REPRESENTATION_CONTEXT() REPRESENTATION_CONTEXT('2D SPACE',''
  ) );
#1224 = ORIENTED_EDGE('',*,*,#1225,.T.);
#1225 = EDGE_CURVE('',#1200,#1226,#1228,.T.);
#1226 = VERTEX_POINT('',#1227);
#1227 = CARTESIAN_POINT('',(32.787627369923,26.248266446588,67.));
#1228 = SURFACE_CURVE('',#1229,(#1234,#1241),.PCURVE_S1.);
#1229 = CIRCLE('',#1230,42.);
#1230 = AXIS2_PLACEMENT_3D('',#1231,#1232,#1233);
#1231 = CARTESIAN_POINT('',(0.,0.,67.));
#1232 = DIRECTION('',(0.,0.,-1.));
#1233 = DIRECTION('',(1.,0.,0.));
#1234 = PCURVE('',#33,#1235);
#1235 = DEFINITIONAL_REPRESENTATION('',(#1236),#1240);
#1236 = LINE('',#1237,#1238);
#1237 = CARTESIAN_POINT('',(-6.28318530718,-5.));
#1238 = VECTOR('',#1239,1.);
#1239 = DIRECTION('',(1.,-0.));
#1240 = ( GEOMETRIC_REPRESENTATION_CONTEXT(2) 
PARAMETRIC_REPRESENTATION_CONTEXT() REPRESENTATION_CONTEXT('2D SPACE',''
  ) );
#1241 = PCURVE('',#1242,#1247);
#1242 = PLANE('',#1243);
#1243 = AXIS2_PLACEMENT_3D('',#1244,#1245,#1246);
#1244 = CARTESIAN_POINT('',(33.234018715768,33.234018715768,67.));
#1245 = DIRECTION('',(0.,0.,1.));
#1246 = DIRECTION('',(1.,0.,-0.));
#1247 = DEFINITIONAL_REPRESENTATION('',(#1248),#1256);
#1248 = ( BOUNDED_CURVE() B_SPLINE_CURVE(2,(#1249,#1250,#1251,#1252,
#1253,#1254,#1255),.UNSPECIFIED.,.T.,.F.) B_SPLINE_CURVE_WITH_KNOTS((1,2
    ,2,2,2,1),(-2.094395102393,0.,2.094395102393,4.188790204786,
6.28318530718,8.377580409573),.UNSPECIFIED.) CURVE() 
GEOMETRIC_REPRESENTATION_ITEM() RATIONAL_B_SPLINE_CURVE((1.,0.5,1.,0.5,
1.,0.5,1.)) REPRESENTATION_ITEM('') );
#1249 = CARTESIAN_POINT('',(8.765981284232,-33.23401871576));
#1250 = CARTESIAN_POINT('',(8.765981284232,-105.9801526336));
#1251 = CARTESIAN_POINT('',(-54.23401871576,-69.60708567471));
#1252 = CARTESIAN_POINT('',(-117.2340187157,-33.23401871576));
#1253 = CARTESIAN_POINT('',(-54.23401871576,3.139048243179));
#1254 = CARTESIAN_POINT('',(8.765981284232,39.512115202125));
#1255 = CARTESIAN_POINT('',(8.765981284232,-33.23401871576));
#1256 = ( GEOMETRIC_REPRESENTATION_CONTEXT(2) 
PARAMETRIC_REPRESENTATION_CONTEXT() REPRESENTATION_CONTEXT('2D SPACE',''
  ) );
#1257 = ORIENTED_EDGE('',*,*,#1258,.T.);
#1258 = EDGE_CURVE('',#1226,#24,#1259,.T.);
#1259 = SURFACE_CURVE('',#1260,(#1264,#1270),.PCURVE_S1.);
#1260 = LINE('',#1261,#1262);
#1261 = CARTESIAN_POINT('',(32.787627369923,26.248266446588,62.));
#1262 = VECTOR('',#1263,1.);
#1263 = DIRECTION('',(-0.,-0.,-1.));
#1264 = PCURVE('',#33,#1265);
#1265 = DEFINITIONAL_REPRESENTATION('',(#1266),#1269);
#1266 = B_SPLINE_CURVE_WITH_KNOTS('',1,(#1267,#1268),.UNSPECIFIED.,.F.,
  .F.,(2,2),(-5.0000006,6.000000212225E-07),.PIECEWISE_BEZIER_KNOTS.);
#1267 = CARTESIAN_POINT('',(-0.675078659636,-5.0000006));
#1268 = CARTESIAN_POINT('',(-0.675078659636,6.000000212225E-07));
#1269 = ( GEOMETRIC_REPRESENTATION_CONTEXT(2) 
PARAMETRIC_REPRESENTATION_CONTEXT() REPRESENTATION_CONTEXT('2D SPACE',''
  ) );
#1270 = PCURVE('',#1214,#1271);
#1271 = DEFINITIONAL_REPRESENTATION('',(#1272),#1275);
#1272 = B_SPLINE_CURVE_WITH_KNOTS('',1,(#1273,#1274),.UNSPECIFIED.,.F.,
  .F.,(2,2),(-5.,0.),.PIECEWISE_BEZIER_KNOTS.);
#1273 = CARTESIAN_POINT('',(-4.648575487126,-5.));
#1274 = CARTESIAN_POINT('',(-4.648575487126,0.));
#1275 = ( GEOMETRIC_REPRESENTATION_CONTEXT(2) 
PARAMETRIC_REPRESENTATION_CONTEXT() REPRESENTATION_CONTEXT('2D SPACE',''
  ) );
#1276 = ADVANCED_FACE('',(#1277,#1470,#1505,#1540,#1575,#1610),#45,.F.);
#1277 = FACE_BOUND('',#1278,.F.);
#1278 = EDGE_LOOP('',(#1279,#1307,#1308,#1334,#1335,#1336,#1362,#1363,
    #1389,#1390,#1416,#1417,#1445));
#1279 = ORIENTED_EDGE('',*,*,#1280,.F.);
#1280 = EDGE_CURVE('',#629,#1281,#1283,.T.);
#1281 = VERTEX_POINT('',#1282);
#1282 = CARTESIAN_POINT('',(0.908519537489,-34.7315,62.));
#1283 = SURFACE_CURVE('',#1284,(#1289,#1296),.PCURVE_S1.);
#1284 = ELLIPSE('',#1285,300.13496963866,9.);
#1285 = AXIS2_PLACEMENT_3D('',#1286,#1287,#1288);
#1286 = CARTESIAN_POINT('',(0.,-333.3333333333,62.));
#1287 = DIRECTION('',(0.,0.,1.));
#1288 = DIRECTION('',(0.,1.,-0.));
#1289 = PCURVE('',#45,#1290);
#1290 = DEFINITIONAL_REPRESENTATION('',(#1291),#1295);
#1291 = ELLIPSE('',#1292,300.13496963866,9.);
#1292 = AXIS2_PLACEMENT_2D('',#1293,#1294);
#1293 = CARTESIAN_POINT('',(2.083718297203E-15,-333.3333333333));
#1294 = DIRECTION('',(0.,1.));
#1295 = ( GEOMETRIC_REPRESENTATION_CONTEXT(2) 
PARAMETRIC_REPRESENTATION_CONTEXT() REPRESENTATION_CONTEXT('2D SPACE',''
  ) );
#1296 = PCURVE('',#714,#1297);
#1297 = DEFINITIONAL_REPRESENTATION('',(#1298),#1306);
#1298 = B_SPLINE_CURVE_WITH_KNOTS('',6,(#1299,#1300,#1301,#1302,#1303,
    #1304,#1305),.UNSPECIFIED.,.F.,.F.,(7,7),(5.942982454454,
    6.182066476049),.PIECEWISE_BEZIER_KNOTS.);
#1299 = CARTESIAN_POINT('',(-5.05259183311,-15.66145393074));
#1300 = CARTESIAN_POINT('',(-5.012744496178,-11.67259613019));
#1301 = CARTESIAN_POINT('',(-4.972897159246,-8.22258924449));
#1302 = CARTESIAN_POINT('',(-4.933049822313,-5.322833636121));
#1303 = CARTESIAN_POINT('',(-4.893202485381,-2.982163013342));
#1304 = CARTESIAN_POINT('',(-4.853355148448,-1.206735301702));
#1305 = CARTESIAN_POINT('',(-4.813507811516,6.000001633311E-07));
#1306 = ( GEOMETRIC_REPRESENTATION_CONTEXT(2) 
PARAMETRIC_REPRESENTATION_CONTEXT() REPRESENTATION_CONTEXT('2D SPACE',''
  ) );
#1307 = ORIENTED_EDGE('',*,*,#628,.T.);
#1308 = ORIENTED_EDGE('',*,*,#1309,.F.);
#1309 = EDGE_CURVE('',#525,#608,#1310,.T.);
#1310 = SURFACE_CURVE('',#1311,(#1316,#1327),.PCURVE_S1.);
#1311 = CIRCLE('',#1312,7.);
#1312 = AXIS2_PLACEMENT_3D('',#1313,#1314,#1315);
#1313 = CARTESIAN_POINT('',(33.234018715768,-33.23401871576,62.));
#1314 = DIRECTION('',(0.,0.,-1.));
#1315 = DIRECTION('',(-6.377019226345E-02,0.997964609883,0.));
#1316 = PCURVE('',#45,#1317);
#1317 = DEFINITIONAL_REPRESENTATION('',(#1318),#1326);
#1318 = ( BOUNDED_CURVE() B_SPLINE_CURVE(2,(#1319,#1320,#1321,#1322,
#1323,#1324,#1325),.UNSPECIFIED.,.T.,.F.) B_SPLINE_CURVE_WITH_KNOTS((1,2
    ,2,2,2,1),(-2.094395102393,0.,2.094395102393,4.188790204786,
6.28318530718,8.377580409573),.UNSPECIFIED.) CURVE() 
GEOMETRIC_REPRESENTATION_ITEM() RATIONAL_B_SPLINE_CURVE((1.,0.5,1.,0.5,
1.,0.5,1.)) REPRESENTATION_ITEM('') );
#1319 = CARTESIAN_POINT('',(32.787627369924,-26.24826644658));
#1320 = CARTESIAN_POINT('',(44.887305229233,-25.47509395552));
#1321 = CARTESIAN_POINT('',(39.507053318345,-36.34030860482));
#1322 = CARTESIAN_POINT('',(34.126801407456,-47.20552325412));
#1323 = CARTESIAN_POINT('',(27.407375459035,-37.11348109588));
#1324 = CARTESIAN_POINT('',(20.687949510614,-27.02143893764));
#1325 = CARTESIAN_POINT('',(32.787627369924,-26.24826644658));
#1326 = ( GEOMETRIC_REPRESENTATION_CONTEXT(2) 
PARAMETRIC_REPRESENTATION_CONTEXT() REPRESENTATION_CONTEXT('2D SPACE',''
  ) );
#1327 = PCURVE('',#563,#1328);
#1328 = DEFINITIONAL_REPRESENTATION('',(#1329),#1333);
#1329 = LINE('',#1330,#1331);
#1330 = CARTESIAN_POINT('',(-7.917795127233,0.));
#1331 = VECTOR('',#1332,1.);
#1332 = DIRECTION('',(1.,-0.));
#1333 = ( GEOMETRIC_REPRESENTATION_CONTEXT(2) 
PARAMETRIC_REPRESENTATION_CONTEXT() REPRESENTATION_CONTEXT('2D SPACE',''
  ) );
#1334 = ORIENTED_EDGE('',*,*,#524,.T.);
#1335 = ORIENTED_EDGE('',*,*,#21,.T.);
#1336 = ORIENTED_EDGE('',*,*,#1337,.F.);
#1337 = EDGE_CURVE('',#1176,#24,#1338,.T.);
#1338 = SURFACE_CURVE('',#1339,(#1344,#1355),.PCURVE_S1.);
#1339 = CIRCLE('',#1340,7.);
#1340 = AXIS2_PLACEMENT_3D('',#1341,#1342,#1343);
#1341 = CARTESIAN_POINT('',(33.234018715768,33.234018715768,62.));
#1342 = DIRECTION('',(-0.,0.,-1.));
#1343 = DIRECTION('',(-0.997964609883,-6.377019226344E-02,0.));
#1344 = PCURVE('',#45,#1345);
#1345 = DEFINITIONAL_REPRESENTATION('',(#1346),#1354);
#1346 = ( BOUNDED_CURVE() B_SPLINE_CURVE(2,(#1347,#1348,#1349,#1350,
#1351,#1352,#1353),.UNSPECIFIED.,.T.,.F.) B_SPLINE_CURVE_WITH_KNOTS((1,2
    ,2,2,2,1),(-2.094395102393,0.,2.094395102393,4.188790204786,
6.28318530718,8.377580409573),.UNSPECIFIED.) CURVE() 
GEOMETRIC_REPRESENTATION_ITEM() RATIONAL_B_SPLINE_CURVE((1.,0.5,1.,0.5,
1.,0.5,1.)) REPRESENTATION_ITEM('') );
#1347 = CARTESIAN_POINT('',(26.248266446588,32.787627369924));
#1348 = CARTESIAN_POINT('',(25.475093955527,44.887305229233));
#1349 = CARTESIAN_POINT('',(36.340308604827,39.507053318345));
#1350 = CARTESIAN_POINT('',(47.205523254128,34.126801407456));
#1351 = CARTESIAN_POINT('',(37.113481095888,27.407375459035));
#1352 = CARTESIAN_POINT('',(27.021438937649,20.687949510614));
#1353 = CARTESIAN_POINT('',(26.248266446588,32.787627369924));
#1354 = ( GEOMETRIC_REPRESENTATION_CONTEXT(2) 
PARAMETRIC_REPRESENTATION_CONTEXT() REPRESENTATION_CONTEXT('2D SPACE',''
  ) );
#1355 = PCURVE('',#1214,#1356);
#1356 = DEFINITIONAL_REPRESENTATION('',(#1357),#1361);
#1357 = LINE('',#1358,#1359);
#1358 = CARTESIAN_POINT('',(-9.488591454028,0.));
#1359 = VECTOR('',#1360,1.);
#1360 = DIRECTION('',(1.,-0.));
#1361 = ( GEOMETRIC_REPRESENTATION_CONTEXT(2) 
PARAMETRIC_REPRESENTATION_CONTEXT() REPRESENTATION_CONTEXT('2D SPACE',''
  ) );
#1362 = ORIENTED_EDGE('',*,*,#1175,.T.);
#1363 = ORIENTED_EDGE('',*,*,#1364,.F.);
#1364 = EDGE_CURVE('',#1072,#1155,#1365,.T.);
#1365 = SURFACE_CURVE('',#1366,(#1371,#1382),.PCURVE_S1.);
#1366 = CIRCLE('',#1367,7.);
#1367 = AXIS2_PLACEMENT_3D('',#1368,#1369,#1370);
#1368 = CARTESIAN_POINT('',(-33.23401871576,33.234018715768,62.));
#1369 = DIRECTION('',(0.,-0.,-1.));
#1370 = DIRECTION('',(6.377019226344E-02,-0.997964609883,0.));
#1371 = PCURVE('',#45,#1372);
#1372 = DEFINITIONAL_REPRESENTATION('',(#1373),#1381);
#1373 = ( BOUNDED_CURVE() B_SPLINE_CURVE(2,(#1374,#1375,#1376,#1377,
#1378,#1379,#1380),.UNSPECIFIED.,.T.,.F.) B_SPLINE_CURVE_WITH_KNOTS((1,2
    ,2,2,2,1),(-2.094395102393,0.,2.094395102393,4.188790204786,
6.28318530718,8.377580409573),.UNSPECIFIED.) CURVE() 
GEOMETRIC_REPRESENTATION_ITEM() RATIONAL_B_SPLINE_CURVE((1.,0.5,1.,0.5,
1.,0.5,1.)) REPRESENTATION_ITEM('') );
#1374 = CARTESIAN_POINT('',(-32.78762736992,26.248266446588));
#1375 = CARTESIAN_POINT('',(-44.88730522923,25.475093955527));
#1376 = CARTESIAN_POINT('',(-39.50705331834,36.340308604827));
#1377 = CARTESIAN_POINT('',(-34.12680140745,47.205523254128));
#1378 = CARTESIAN_POINT('',(-27.40737545903,37.113481095888));
#1379 = CARTESIAN_POINT('',(-20.68794951061,27.021438937649));
#1380 = CARTESIAN_POINT('',(-32.78762736992,26.248266446588));
#1381 = ( GEOMETRIC_REPRESENTATION_CONTEXT(2) 
PARAMETRIC_REPRESENTATION_CONTEXT() REPRESENTATION_CONTEXT('2D SPACE',''
  ) );
#1382 = PCURVE('',#1110,#1383);
#1383 = DEFINITIONAL_REPRESENTATION('',(#1384),#1388);
#1384 = LINE('',#1385,#1386);
#1385 = CARTESIAN_POINT('',(-11.05938778082,0.));
#1386 = VECTOR('',#1387,1.);
#1387 = DIRECTION('',(1.,-0.));
#1388 = ( GEOMETRIC_REPRESENTATION_CONTEXT(2) 
PARAMETRIC_REPRESENTATION_CONTEXT() REPRESENTATION_CONTEXT('2D SPACE',''
  ) );
#1389 = ORIENTED_EDGE('',*,*,#1071,.T.);
#1390 = ORIENTED_EDGE('',*,*,#1391,.F.);
#1391 = EDGE_CURVE('',#968,#1051,#1392,.T.);
#1392 = SURFACE_CURVE('',#1393,(#1398,#1409),.PCURVE_S1.);
#1393 = CIRCLE('',#1394,7.);
#1394 = AXIS2_PLACEMENT_3D('',#1395,#1396,#1397);
#1395 = CARTESIAN_POINT('',(-33.23401871576,-33.23401871576,62.));
#1396 = DIRECTION('',(0.,0.,-1.));
#1397 = DIRECTION('',(0.997964609883,6.377019226345E-02,0.));
#1398 = PCURVE('',#45,#1399);
#1399 = DEFINITIONAL_REPRESENTATION('',(#1400),#1408);
#1400 = ( BOUNDED_CURVE() B_SPLINE_CURVE(2,(#1401,#1402,#1403,#1404,
#1405,#1406,#1407),.UNSPECIFIED.,.T.,.F.) B_SPLINE_CURVE_WITH_KNOTS((1,2
    ,2,2,2,1),(-2.094395102393,0.,2.094395102393,4.188790204786,
6.28318530718,8.377580409573),.UNSPECIFIED.) CURVE() 
GEOMETRIC_REPRESENTATION_ITEM() RATIONAL_B_SPLINE_CURVE((1.,0.5,1.,0.5,
1.,0.5,1.)) REPRESENTATION_ITEM('') );
#1401 = CARTESIAN_POINT('',(-26.24826644658,-32.78762736992));
#1402 = CARTESIAN_POINT('',(-25.47509395552,-44.88730522923));
#1403 = CARTESIAN_POINT('',(-36.34030860482,-39.50705331834));
#1404 = CARTESIAN_POINT('',(-47.20552325412,-34.12680140745));
#1405 = CARTESIAN_POINT('',(-37.11348109588,-27.40737545903));
#1406 = CARTESIAN_POINT('',(-27.02143893764,-20.68794951061));
#1407 = CARTESIAN_POINT('',(-26.24826644658,-32.78762736992));
#1408 = ( GEOMETRIC_REPRESENTATION_CONTEXT(2) 
PARAMETRIC_REPRESENTATION_CONTEXT() REPRESENTATION_CONTEXT('2D SPACE',''
  ) );
#1409 = PCURVE('',#1006,#1410);
#1410 = DEFINITIONAL_REPRESENTATION('',(#1411),#1415);
#1411 = LINE('',#1412,#1413);
#1412 = CARTESIAN_POINT('',(-6.346998800439,0.));
#1413 = VECTOR('',#1414,1.);
#1414 = DIRECTION('',(1.,-0.));
#1415 = ( GEOMETRIC_REPRESENTATION_CONTEXT(2) 
PARAMETRIC_REPRESENTATION_CONTEXT() REPRESENTATION_CONTEXT('2D SPACE',''
  ) );
#1416 = ORIENTED_EDGE('',*,*,#967,.T.);
#1417 = ORIENTED_EDGE('',*,*,#1418,.F.);
#1418 = EDGE_CURVE('',#1419,#750,#1421,.T.);
#1419 = VERTEX_POINT('',#1420);
#1420 = CARTESIAN_POINT('',(-0.908519537489,-34.7315,62.));
#1421 = SURFACE_CURVE('',#1422,(#1427,#1434),.PCURVE_S1.);
#1422 = ELLIPSE('',#1423,300.13496963866,9.);
#1423 = AXIS2_PLACEMENT_3D('',#1424,#1425,#1426);
#1424 = CARTESIAN_POINT('',(0.,-333.3333333333,62.));
#1425 = DIRECTION('',(0.,0.,1.));
#1426 = DIRECTION('',(0.,1.,-0.));
#1427 = PCURVE('',#45,#1428);
#1428 = DEFINITIONAL_REPRESENTATION('',(#1429),#1433);
#1429 = ELLIPSE('',#1430,300.13496963866,9.);
#1430 = AXIS2_PLACEMENT_2D('',#1431,#1432);
#1431 = CARTESIAN_POINT('',(2.083718297203E-15,-333.3333333333));
#1432 = DIRECTION('',(0.,1.));
#1433 = ( GEOMETRIC_REPRESENTATION_CONTEXT(2) 
PARAMETRIC_REPRESENTATION_CONTEXT() REPRESENTATION_CONTEXT('2D SPACE',''
  ) );
#1434 = PCURVE('',#714,#1435);
#1435 = DEFINITIONAL_REPRESENTATION('',(#1436),#1444);
#1436 = B_SPLINE_CURVE_WITH_KNOTS('',6,(#1437,#1438,#1439,#1440,#1441,
    #1442,#1443),.UNSPECIFIED.,.F.,.F.,(7,7),(0.101118831131,
    0.340202852726),.PIECEWISE_BEZIER_KNOTS.);
#1437 = CARTESIAN_POINT('',(-4.611270149254,6.000001633311E-07));
#1438 = CARTESIAN_POINT('',(-4.571422812321,-1.206735301702));
#1439 = CARTESIAN_POINT('',(-4.531575475389,-2.982163013342));
#1440 = CARTESIAN_POINT('',(-4.491728138456,-5.322833636121));
#1441 = CARTESIAN_POINT('',(-4.451880801524,-8.22258924449));
#1442 = CARTESIAN_POINT('',(-4.412033464592,-11.67259613019));
#1443 = CARTESIAN_POINT('',(-4.372186127659,-15.66145393074));
#1444 = ( GEOMETRIC_REPRESENTATION_CONTEXT(2) 
PARAMETRIC_REPRESENTATION_CONTEXT() REPRESENTATION_CONTEXT('2D SPACE',''
  ) );
#1445 = ORIENTED_EDGE('',*,*,#1446,.T.);
#1446 = EDGE_CURVE('',#1419,#1281,#1447,.T.);
#1447 = SURFACE_CURVE('',#1448,(#1452,#1459),.PCURVE_S1.);
#1448 = LINE('',#1449,#1450);
#1449 = CARTESIAN_POINT('',(-1.193796941106E-15,-34.7315,62.));
#1450 = VECTOR('',#1451,1.);
#1451 = DIRECTION('',(1.,0.,0.));
#1452 = PCURVE('',#45,#1453);
#1453 = DEFINITIONAL_REPRESENTATION('',(#1454),#1458);
#1454 = LINE('',#1455,#1456);
#1455 = CARTESIAN_POINT('',(8.899213560971E-16,-34.7315));
#1456 = VECTOR('',#1457,1.);
#1457 = DIRECTION('',(1.,0.));
#1458 = ( GEOMETRIC_REPRESENTATION_CONTEXT(2) 
PARAMETRIC_REPRESENTATION_CONTEXT() REPRESENTATION_CONTEXT('2D SPACE',''
  ) );
#1459 = PCURVE('',#1460,#1465);
#1460 = PLANE('',#1461);
#1461 = AXIS2_PLACEMENT_3D('',#1462,#1463,#1464);
#1462 = CARTESIAN_POINT('',(-3.038755850088E-16,-35.,70.95));
#1463 = DIRECTION('',(-0.,-0.999550303522,-2.998650910567E-02));
#1464 = DIRECTION('',(0.,2.998650910567E-02,-0.999550303522));
#1465 = DEFINITIONAL_REPRESENTATION('',(#1466),#1469);
#1466 = B_SPLINE_CURVE_WITH_KNOTS('',1,(#1467,#1468),.UNSPECIFIED.,.F.,
  .F.,(2,2),(-9.,9.),.PIECEWISE_BEZIER_KNOTS.);
#1467 = CARTESIAN_POINT('',(8.95402659422,-9.));
#1468 = CARTESIAN_POINT('',(8.95402659422,9.));
#1469 = ( GEOMETRIC_REPRESENTATION_CONTEXT(2) 
PARAMETRIC_REPRESENTATION_CONTEXT() REPRESENTATION_CONTEXT('2D SPACE',''
  ) );
#1470 = FACE_BOUND('',#1471,.F.);
#1471 = EDGE_LOOP('',(#1472));
#1472 = ORIENTED_EDGE('',*,*,#1473,.T.);
#1473 = EDGE_CURVE('',#1474,#1474,#1476,.T.);
#1474 = VERTEX_POINT('',#1475);
#1475 = CARTESIAN_POINT('',(-30.98401871576,-33.23401871576,62.));
#1476 = SURFACE_CURVE('',#1477,(#1482,#1493),.PCURVE_S1.);
#1477 = CIRCLE('',#1478,2.25);
#1478 = AXIS2_PLACEMENT_3D('',#1479,#1480,#1481);
#1479 = CARTESIAN_POINT('',(-33.23401871576,-33.23401871576,62.));
#1480 = DIRECTION('',(0.,0.,-1.));
#1481 = DIRECTION('',(1.,0.,0.));
#1482 = PCURVE('',#45,#1483);
#1483 = DEFINITIONAL_REPRESENTATION('',(#1484),#1492);
#1484 = ( BOUNDED_CURVE() B_SPLINE_CURVE(2,(#1485,#1486,#1487,#1488,
#1489,#1490,#1491),.UNSPECIFIED.,.T.,.F.) B_SPLINE_CURVE_WITH_KNOTS((1,2
    ,2,2,2,1),(-2.094395102393,0.,2.094395102393,4.188790204786,
6.28318530718,8.377580409573),.UNSPECIFIED.) CURVE() 
GEOMETRIC_REPRESENTATION_ITEM() RATIONAL_B_SPLINE_CURVE((1.,0.5,1.,0.5,
1.,0.5,1.)) REPRESENTATION_ITEM('') );
#1485 = CARTESIAN_POINT('',(-30.98401871576,-33.23401871576));
#1486 = CARTESIAN_POINT('',(-30.98401871576,-37.13113303279));
#1487 = CARTESIAN_POINT('',(-34.35901871576,-35.18257587428));
#1488 = CARTESIAN_POINT('',(-37.73401871576,-33.23401871576));
#1489 = CARTESIAN_POINT('',(-34.35901871576,-31.28546155725));
#1490 = CARTESIAN_POINT('',(-30.98401871576,-29.33690439873));
#1491 = CARTESIAN_POINT('',(-30.98401871576,-33.23401871576));
#1492 = ( GEOMETRIC_REPRESENTATION_CONTEXT(2) 
PARAMETRIC_REPRESENTATION_CONTEXT() REPRESENTATION_CONTEXT('2D SPACE',''
  ) );
#1493 = PCURVE('',#1494,#1499);
#1494 = CYLINDRICAL_SURFACE('',#1495,2.25);
#1495 = AXIS2_PLACEMENT_3D('',#1496,#1497,#1498);
#1496 = CARTESIAN_POINT('',(-33.23401871576,-33.23401871576,61.));
#1497 = DIRECTION('',(-0.,-0.,-1.));
#1498 = DIRECTION('',(1.,0.,0.));
#1499 = DEFINITIONAL_REPRESENTATION('',(#1500),#1504);
#1500 = LINE('',#1501,#1502);
#1501 = CARTESIAN_POINT('',(-6.28318530718,-1.));
#1502 = VECTOR('',#1503,1.);
#1503 = DIRECTION('',(1.,-0.));
#1504 = ( GEOMETRIC_REPRESENTATION_CONTEXT(2) 
PARAMETRIC_REPRESENTATION_CONTEXT() REPRESENTATION_CONTEXT('2D SPACE',''
  ) );
#1505 = FACE_BOUND('',#1506,.F.);
#1506 = EDGE_LOOP('',(#1507));
#1507 = ORIENTED_EDGE('',*,*,#1508,.T.);
#1508 = EDGE_CURVE('',#1509,#1509,#1511,.T.);
#1509 = VERTEX_POINT('',#1510);
#1510 = CARTESIAN_POINT('',(35.484018715768,-33.23401871576,62.));
#1511 = SURFACE_CURVE('',#1512,(#1517,#1528),.PCURVE_S1.);
#1512 = CIRCLE('',#1513,2.25);
#1513 = AXIS2_PLACEMENT_3D('',#1514,#1515,#1516);
#1514 = CARTESIAN_POINT('',(33.234018715768,-33.23401871576,62.));
#1515 = DIRECTION('',(0.,0.,-1.));
#1516 = DIRECTION('',(1.,0.,0.));
#1517 = PCURVE('',#45,#1518);
#1518 = DEFINITIONAL_REPRESENTATION('',(#1519),#1527);
#1519 = ( BOUNDED_CURVE() B_SPLINE_CURVE(2,(#1520,#1521,#1522,#1523,
#1524,#1525,#1526),.UNSPECIFIED.,.T.,.F.) B_SPLINE_CURVE_WITH_KNOTS((1,2
    ,2,2,2,1),(-2.094395102393,0.,2.094395102393,4.188790204786,
6.28318530718,8.377580409573),.UNSPECIFIED.) CURVE() 
GEOMETRIC_REPRESENTATION_ITEM() RATIONAL_B_SPLINE_CURVE((1.,0.5,1.,0.5,
1.,0.5,1.)) REPRESENTATION_ITEM('') );
#1520 = CARTESIAN_POINT('',(35.484018715768,-33.23401871576));
#1521 = CARTESIAN_POINT('',(35.484018715768,-37.13113303279));
#1522 = CARTESIAN_POINT('',(32.109018715768,-35.18257587428));
#1523 = CARTESIAN_POINT('',(28.734018715768,-33.23401871576));
#1524 = CARTESIAN_POINT('',(32.109018715768,-31.28546155725));
#1525 = CARTESIAN_POINT('',(35.484018715768,-29.33690439873));
#1526 = CARTESIAN_POINT('',(35.484018715768,-33.23401871576));
#1527 = ( GEOMETRIC_REPRESENTATION_CONTEXT(2) 
PARAMETRIC_REPRESENTATION_CONTEXT() REPRESENTATION_CONTEXT('2D SPACE',''
  ) );
#1528 = PCURVE('',#1529,#1534);
#1529 = CYLINDRICAL_SURFACE('',#1530,2.25);
#1530 = AXIS2_PLACEMENT_3D('',#1531,#1532,#1533);
#1531 = CARTESIAN_POINT('',(33.234018715768,-33.23401871576,61.));
#1532 = DIRECTION('',(-0.,-0.,-1.));
#1533 = DIRECTION('',(1.,0.,0.));
#1534 = DEFINITIONAL_REPRESENTATION('',(#1535),#1539);
#1535 = LINE('',#1536,#1537);
#1536 = CARTESIAN_POINT('',(-6.28318530718,-1.));
#1537 = VECTOR('',#1538,1.);
#1538 = DIRECTION('',(1.,-0.));
#1539 = ( GEOMETRIC_REPRESENTATION_CONTEXT(2) 
PARAMETRIC_REPRESENTATION_CONTEXT() REPRESENTATION_CONTEXT('2D SPACE',''
  ) );
#1540 = FACE_BOUND('',#1541,.F.);
#1541 = EDGE_LOOP('',(#1542));
#1542 = ORIENTED_EDGE('',*,*,#1543,.T.);
#1543 = EDGE_CURVE('',#1544,#1544,#1546,.T.);
#1544 = VERTEX_POINT('',#1545);
#1545 = CARTESIAN_POINT('',(-30.98401871576,33.234018715768,62.));
#1546 = SURFACE_CURVE('',#1547,(#1552,#1563),.PCURVE_S1.);
#1547 = CIRCLE('',#1548,2.25);
#1548 = AXIS2_PLACEMENT_3D('',#1549,#1550,#1551);
#1549 = CARTESIAN_POINT('',(-33.23401871576,33.234018715768,62.));
#1550 = DIRECTION('',(0.,0.,-1.));
#1551 = DIRECTION('',(1.,0.,0.));
#1552 = PCURVE('',#45,#1553);
#1553 = DEFINITIONAL_REPRESENTATION('',(#1554),#1562);
#1554 = ( BOUNDED_CURVE() B_SPLINE_CURVE(2,(#1555,#1556,#1557,#1558,
#1559,#1560,#1561),.UNSPECIFIED.,.T.,.F.) B_SPLINE_CURVE_WITH_KNOTS((1,2
    ,2,2,2,1),(-2.094395102393,0.,2.094395102393,4.188790204786,
6.28318530718,8.377580409573),.UNSPECIFIED.) CURVE() 
GEOMETRIC_REPRESENTATION_ITEM() RATIONAL_B_SPLINE_CURVE((1.,0.5,1.,0.5,
1.,0.5,1.)) REPRESENTATION_ITEM('') );
#1555 = CARTESIAN_POINT('',(-30.98401871576,33.234018715768));
#1556 = CARTESIAN_POINT('',(-30.98401871576,29.336904398738));
#1557 = CARTESIAN_POINT('',(-34.35901871576,31.285461557253));
#1558 = CARTESIAN_POINT('',(-37.73401871576,33.234018715768));
#1559 = CARTESIAN_POINT('',(-34.35901871576,35.182575874283));
#1560 = CARTESIAN_POINT('',(-30.98401871576,37.131133032798));
#1561 = CARTESIAN_POINT('',(-30.98401871576,33.234018715768));
#1562 = ( GEOMETRIC_REPRESENTATION_CONTEXT(2) 
PARAMETRIC_REPRESENTATION_CONTEXT() REPRESENTATION_CONTEXT('2D SPACE',''
  ) );
#1563 = PCURVE('',#1564,#1569);
#1564 = CYLINDRICAL_SURFACE('',#1565,2.25);
#1565 = AXIS2_PLACEMENT_3D('',#1566,#1567,#1568);
#1566 = CARTESIAN_POINT('',(-33.23401871576,33.234018715768,61.));
#1567 = DIRECTION('',(-0.,-0.,-1.));
#1568 = DIRECTION('',(1.,0.,0.));
#1569 = DEFINITIONAL_REPRESENTATION('',(#1570),#1574);
#1570 = LINE('',#1571,#1572);
#1571 = CARTESIAN_POINT('',(-6.28318530718,-1.));
#1572 = VECTOR('',#1573,1.);
#1573 = DIRECTION('',(1.,-0.));
#1574 = ( GEOMETRIC_REPRESENTATION_CONTEXT(2) 
PARAMETRIC_REPRESENTATION_CONTEXT() REPRESENTATION_CONTEXT('2D SPACE',''
  ) );
#1575 = FACE_BOUND('',#1576,.F.);
#1576 = EDGE_LOOP('',(#1577));
#1577 = ORIENTED_EDGE('',*,*,#1578,.T.);
#1578 = EDGE_CURVE('',#1579,#1579,#1581,.T.);
#1579 = VERTEX_POINT('',#1580);
#1580 = CARTESIAN_POINT('',(18.7,0.,62.));
#1581 = SURFACE_CURVE('',#1582,(#1587,#1598),.PCURVE_S1.);
#1582 = CIRCLE('',#1583,18.7);
#1583 = AXIS2_PLACEMENT_3D('',#1584,#1585,#1586);
#1584 = CARTESIAN_POINT('',(0.,0.,62.));
#1585 = DIRECTION('',(0.,0.,-1.));
#1586 = DIRECTION('',(1.,0.,0.));
#1587 = PCURVE('',#45,#1588);
#1588 = DEFINITIONAL_REPRESENTATION('',(#1589),#1597);
#1589 = ( BOUNDED_CURVE() B_SPLINE_CURVE(2,(#1590,#1591,#1592,#1593,
#1594,#1595,#1596),.UNSPECIFIED.,.T.,.F.) B_SPLINE_CURVE_WITH_KNOTS((1,2
    ,2,2,2,1),(-2.094395102393,0.,2.094395102393,4.188790204786,
6.28318530718,8.377580409573),.UNSPECIFIED.) CURVE() 
GEOMETRIC_REPRESENTATION_ITEM() RATIONAL_B_SPLINE_CURVE((1.,0.5,1.,0.5,
1.,0.5,1.)) REPRESENTATION_ITEM('') );
#1590 = CARTESIAN_POINT('',(18.7,-3.692127783966E-16));
#1591 = CARTESIAN_POINT('',(18.7,-32.38935010153));
#1592 = CARTESIAN_POINT('',(-9.35,-16.19467505076));
#1593 = CARTESIAN_POINT('',(-37.4,-4.949391807208E-15));
#1594 = CARTESIAN_POINT('',(-9.35,16.194675050769));
#1595 = CARTESIAN_POINT('',(18.7,32.389350101538));
#1596 = CARTESIAN_POINT('',(18.7,-3.692127783966E-16));
#1597 = ( GEOMETRIC_REPRESENTATION_CONTEXT(2) 
PARAMETRIC_REPRESENTATION_CONTEXT() REPRESENTATION_CONTEXT('2D SPACE',''
  ) );
#1598 = PCURVE('',#1599,#1604);
#1599 = CYLINDRICAL_SURFACE('',#1600,18.7);
#1600 = AXIS2_PLACEMENT_3D('',#1601,#1602,#1603);
#1601 = CARTESIAN_POINT('',(0.,0.,30.));
#1602 = DIRECTION('',(-0.,-0.,-1.));
#1603 = DIRECTION('',(1.,0.,0.));
#1604 = DEFINITIONAL_REPRESENTATION('',(#1605),#1609);
#1605 = LINE('',#1606,#1607);
#1606 = CARTESIAN_POINT('',(-6.28318530718,-32.));
#1607 = VECTOR('',#1608,1.);
#1608 = DIRECTION('',(1.,-0.));
#1609 = ( GEOMETRIC_REPRESENTATION_CONTEXT(2) 
PARAMETRIC_REPRESENTATION_CONTEXT() REPRESENTATION_CONTEXT('2D SPACE',''
  ) );
#1610 = FACE_BOUND('',#1611,.F.);
#1611 = EDGE_LOOP('',(#1612));
#1612 = ORIENTED_EDGE('',*,*,#1613,.T.);
#1613 = EDGE_CURVE('',#1614,#1614,#1616,.T.);
#1614 = VERTEX_POINT('',#1615);
#1615 = CARTESIAN_POINT('',(35.484018715768,33.234018715768,62.));
#1616 = SURFACE_CURVE('',#1617,(#1622,#1633),.PCURVE_S1.);
#1617 = CIRCLE('',#1618,2.25);
#1618 = AXIS2_PLACEMENT_3D('',#1619,#1620,#1621);
#1619 = CARTESIAN_POINT('',(33.234018715768,33.234018715768,62.));
#1620 = DIRECTION('',(0.,0.,-1.));
#1621 = DIRECTION('',(1.,0.,0.));
#1622 = PCURVE('',#45,#1623);
#1623 = DEFINITIONAL_REPRESENTATION('',(#1624),#1632);
#1624 = ( BOUNDED_CURVE() B_SPLINE_CURVE(2,(#1625,#1626,#1627,#1628,
#1629,#1630,#1631),.UNSPECIFIED.,.T.,.F.) B_SPLINE_CURVE_WITH_KNOTS((1,2
    ,2,2,2,1),(-2.094395102393,0.,2.094395102393,4.188790204786,
6.28318530718,8.377580409573),.UNSPECIFIED.) CURVE() 
GEOMETRIC_REPRESENTATION_ITEM() RATIONAL_B_SPLINE_CURVE((1.,0.5,1.,0.5,
1.,0.5,1.)) REPRESENTATION_ITEM('') );
#1625 = CARTESIAN_POINT('',(35.484018715768,33.234018715768));
#1626 = CARTESIAN_POINT('',(35.484018715768,29.336904398738));
#1627 = CARTESIAN_POINT('',(32.109018715768,31.285461557253));
#1628 = CARTESIAN_POINT('',(28.734018715768,33.234018715768));
#1629 = CARTESIAN_POINT('',(32.109018715768,35.182575874283));
#1630 = CARTESIAN_POINT('',(35.484018715768,37.131133032798));
#1631 = CARTESIAN_POINT('',(35.484018715768,33.234018715768));
#1632 = ( GEOMETRIC_REPRESENTATION_CONTEXT(2) 
PARAMETRIC_REPRESENTATION_CONTEXT() REPRESENTATION_CONTEXT('2D SPACE',''
  ) );
#1633 = PCURVE('',#1634,#1639);
#1634 = CYLINDRICAL_SURFACE('',#1635,2.25);
#1635 = AXIS2_PLACEMENT_3D('',#1636,#1637,#1638);
#1636 = CARTESIAN_POINT('',(33.234018715768,33.234018715768,61.));
#1637 = DIRECTION('',(-0.,-0.,-1.));
#1638 = DIRECTION('',(1.,0.,0.));
#1639 = DEFINITIONAL_REPRESENTATION('',(#1640),#1644);
#1640 = LINE('',#1641,#1642);
#1641 = CARTESIAN_POINT('',(-6.28318530718,-1.));
#1642 = VECTOR('',#1643,1.);
#1643 = DIRECTION('',(1.,-0.));
#1644 = ( GEOMETRIC_REPRESENTATION_CONTEXT(2) 
PARAMETRIC_REPRESENTATION_CONTEXT() REPRESENTATION_CONTEXT('2D SPACE',''
  ) );
#1645 = ADVANCED_FACE('',(#1646),#1214,.T.);
#1646 = FACE_BOUND('',#1647,.F.);
#1647 = EDGE_LOOP('',(#1648,#1674,#1675,#1676));
#1648 = ORIENTED_EDGE('',*,*,#1649,.F.);
#1649 = EDGE_CURVE('',#1200,#1226,#1650,.T.);
#1650 = SURFACE_CURVE('',#1651,(#1656,#1663),.PCURVE_S1.);
#1651 = CIRCLE('',#1652,7.);
#1652 = AXIS2_PLACEMENT_3D('',#1653,#1654,#1655);
#1653 = CARTESIAN_POINT('',(33.234018715768,33.234018715768,67.));
#1654 = DIRECTION('',(-0.,0.,-1.));
#1655 = DIRECTION('',(-0.997964609883,-6.377019226349E-02,0.));
#1656 = PCURVE('',#1214,#1657);
#1657 = DEFINITIONAL_REPRESENTATION('',(#1658),#1662);
#1658 = LINE('',#1659,#1660);
#1659 = CARTESIAN_POINT('',(-9.488591454028,-5.));
#1660 = VECTOR('',#1661,1.);
#1661 = DIRECTION('',(1.,-0.));
#1662 = ( GEOMETRIC_REPRESENTATION_CONTEXT(2) 
PARAMETRIC_REPRESENTATION_CONTEXT() REPRESENTATION_CONTEXT('2D SPACE',''
  ) );
#1663 = PCURVE('',#1242,#1664);
#1664 = DEFINITIONAL_REPRESENTATION('',(#1665),#1673);
#1665 = ( BOUNDED_CURVE() B_SPLINE_CURVE(2,(#1666,#1667,#1668,#1669,
#1670,#1671,#1672),.UNSPECIFIED.,.T.,.F.) B_SPLINE_CURVE_WITH_KNOTS((1,2
    ,2,2,2,1),(-2.094395102393,0.,2.094395102393,4.188790204786,
6.28318530718,8.377580409573),.UNSPECIFIED.) CURVE() 
GEOMETRIC_REPRESENTATION_ITEM() RATIONAL_B_SPLINE_CURVE((1.,0.5,1.,0.5,
1.,0.5,1.)) REPRESENTATION_ITEM('') );
#1666 = CARTESIAN_POINT('',(-6.98575226918,-0.446391345844));
#1667 = CARTESIAN_POINT('',(-7.758924760242,11.653286513465));
#1668 = CARTESIAN_POINT('',(3.106289889059,6.273034602577));
#1669 = CARTESIAN_POINT('',(13.97150453836,0.892782691689));
#1670 = CARTESIAN_POINT('',(3.879462380121,-5.826643256733));
#1671 = CARTESIAN_POINT('',(-6.212579778118,-12.54606920515));
#1672 = CARTESIAN_POINT('',(-6.98575226918,-0.446391345844));
#1673 = ( GEOMETRIC_REPRESENTATION_CONTEXT(2) 
PARAMETRIC_REPRESENTATION_CONTEXT() REPRESENTATION_CONTEXT('2D SPACE',''
  ) );
#1674 = ORIENTED_EDGE('',*,*,#1199,.T.);
#1675 = ORIENTED_EDGE('',*,*,#1337,.T.);
#1676 = ORIENTED_EDGE('',*,*,#1258,.F.);
#1677 = ADVANCED_FACE('',(#1678,#1682),#1242,.T.);
#1678 = FACE_BOUND('',#1679,.T.);
#1679 = EDGE_LOOP('',(#1680,#1681));
#1680 = ORIENTED_EDGE('',*,*,#1225,.T.);
#1681 = ORIENTED_EDGE('',*,*,#1649,.F.);
#1682 = FACE_BOUND('',#1683,.T.);
#1683 = EDGE_LOOP('',(#1684));
#1684 = ORIENTED_EDGE('',*,*,#1685,.T.);
#1685 = EDGE_CURVE('',#1686,#1686,#1688,.T.);
#1686 = VERTEX_POINT('',#1687);
#1687 = CARTESIAN_POINT('',(35.484018715768,33.234018715768,67.));
#1688 = SURFACE_CURVE('',#1689,(#1694,#1705),.PCURVE_S1.);
#1689 = CIRCLE('',#1690,2.25);
#1690 = AXIS2_PLACEMENT_3D('',#1691,#1692,#1693);
#1691 = CARTESIAN_POINT('',(33.234018715768,33.234018715768,67.));
#1692 = DIRECTION('',(0.,0.,-1.));
#1693 = DIRECTION('',(1.,0.,0.));
#1694 = PCURVE('',#1242,#1695);
#1695 = DEFINITIONAL_REPRESENTATION('',(#1696),#1704);
#1696 = ( BOUNDED_CURVE() B_SPLINE_CURVE(2,(#1697,#1698,#1699,#1700,
#1701,#1702,#1703),.UNSPECIFIED.,.T.,.F.) B_SPLINE_CURVE_WITH_KNOTS((1,2
    ,2,2,2,1),(-2.094395102393,0.,2.094395102393,4.188790204786,
6.28318530718,8.377580409573),.UNSPECIFIED.) CURVE() 
GEOMETRIC_REPRESENTATION_ITEM() RATIONAL_B_SPLINE_CURVE((1.,0.5,1.,0.5,
1.,0.5,1.)) REPRESENTATION_ITEM('') );
#1697 = CARTESIAN_POINT('',(2.25,0.));
#1698 = CARTESIAN_POINT('',(2.25,-3.89711431703));
#1699 = CARTESIAN_POINT('',(-1.125,-1.948557158515));
#1700 = CARTESIAN_POINT('',(-4.5,-5.510910596163E-16));
#1701 = CARTESIAN_POINT('',(-1.125,1.948557158515));
#1702 = CARTESIAN_POINT('',(2.25,3.89711431703));
#1703 = CARTESIAN_POINT('',(2.25,0.));
#1704 = ( GEOMETRIC_REPRESENTATION_CONTEXT(2) 
PARAMETRIC_REPRESENTATION_CONTEXT() REPRESENTATION_CONTEXT('2D SPACE',''
  ) );
#1705 = PCURVE('',#1634,#1706);
#1706 = DEFINITIONAL_REPRESENTATION('',(#1707),#1711);
#1707 = LINE('',#1708,#1709);
#1708 = CARTESIAN_POINT('',(-6.28318530718,-6.));
#1709 = VECTOR('',#1710,1.);
#1710 = DIRECTION('',(1.,-0.));
#1711 = ( GEOMETRIC_REPRESENTATION_CONTEXT(2) 
PARAMETRIC_REPRESENTATION_CONTEXT() REPRESENTATION_CONTEXT('2D SPACE',''
  ) );
#1712 = ADVANCED_FACE('',(#1713),#1110,.T.);
#1713 = FACE_BOUND('',#1714,.F.);
#1714 = EDGE_LOOP('',(#1715,#1741,#1742,#1743));
#1715 = ORIENTED_EDGE('',*,*,#1716,.F.);
#1716 = EDGE_CURVE('',#1096,#1122,#1717,.T.);
#1717 = SURFACE_CURVE('',#1718,(#1723,#1730),.PCURVE_S1.);
#1718 = CIRCLE('',#1719,7.);
#1719 = AXIS2_PLACEMENT_3D('',#1720,#1721,#1722);
#1720 = CARTESIAN_POINT('',(-33.23401871576,33.234018715768,67.));
#1721 = DIRECTION('',(0.,-0.,-1.));
#1722 = DIRECTION('',(6.377019226349E-02,-0.997964609883,0.));
#1723 = PCURVE('',#1110,#1724);
#1724 = DEFINITIONAL_REPRESENTATION('',(#1725),#1729);
#1725 = LINE('',#1726,#1727);
#1726 = CARTESIAN_POINT('',(-11.05938778082,-5.));
#1727 = VECTOR('',#1728,1.);
#1728 = DIRECTION('',(1.,-0.));
#1729 = ( GEOMETRIC_REPRESENTATION_CONTEXT(2) 
PARAMETRIC_REPRESENTATION_CONTEXT() REPRESENTATION_CONTEXT('2D SPACE',''
  ) );
#1730 = PCURVE('',#1138,#1731);
#1731 = DEFINITIONAL_REPRESENTATION('',(#1732),#1740);
#1732 = ( BOUNDED_CURVE() B_SPLINE_CURVE(2,(#1733,#1734,#1735,#1736,
#1737,#1738,#1739),.UNSPECIFIED.,.T.,.F.) B_SPLINE_CURVE_WITH_KNOTS((1,2
    ,2,2,2,1),(-2.094395102393,0.,2.094395102393,4.188790204786,
6.28318530718,8.377580409573),.UNSPECIFIED.) CURVE() 
GEOMETRIC_REPRESENTATION_ITEM() RATIONAL_B_SPLINE_CURVE((1.,0.5,1.,0.5,
1.,0.5,1.)) REPRESENTATION_ITEM('') );
#1733 = CARTESIAN_POINT('',(0.446391345844,-6.98575226918));
#1734 = CARTESIAN_POINT('',(-11.65328651346,-7.758924760242));
#1735 = CARTESIAN_POINT('',(-6.273034602577,3.106289889059));
#1736 = CARTESIAN_POINT('',(-0.892782691689,13.97150453836));
#1737 = CARTESIAN_POINT('',(5.826643256733,3.879462380121));
#1738 = CARTESIAN_POINT('',(12.546069205154,-6.212579778118));
#1739 = CARTESIAN_POINT('',(0.446391345844,-6.98575226918));
#1740 = ( GEOMETRIC_REPRESENTATION_CONTEXT(2) 
PARAMETRIC_REPRESENTATION_CONTEXT() REPRESENTATION_CONTEXT('2D SPACE',''
  ) );
#1741 = ORIENTED_EDGE('',*,*,#1095,.T.);
#1742 = ORIENTED_EDGE('',*,*,#1364,.T.);
#1743 = ORIENTED_EDGE('',*,*,#1154,.F.);
#1744 = ADVANCED_FACE('',(#1745,#1749),#1138,.T.);
#1745 = FACE_BOUND('',#1746,.T.);
#1746 = EDGE_LOOP('',(#1747,#1748));
#1747 = ORIENTED_EDGE('',*,*,#1121,.T.);
#1748 = ORIENTED_EDGE('',*,*,#1716,.F.);
#1749 = FACE_BOUND('',#1750,.T.);
#1750 = EDGE_LOOP('',(#1751));
#1751 = ORIENTED_EDGE('',*,*,#1752,.T.);
#1752 = EDGE_CURVE('',#1753,#1753,#1755,.T.);
#1753 = VERTEX_POINT('',#1754);
#1754 = CARTESIAN_POINT('',(-30.98401871576,33.234018715768,67.));
#1755 = SURFACE_CURVE('',#1756,(#1761,#1772),.PCURVE_S1.);
#1756 = CIRCLE('',#1757,2.25);
#1757 = AXIS2_PLACEMENT_3D('',#1758,#1759,#1760);
#1758 = CARTESIAN_POINT('',(-33.23401871576,33.234018715768,67.));
#1759 = DIRECTION('',(0.,0.,-1.));
#1760 = DIRECTION('',(1.,0.,0.));
#1761 = PCURVE('',#1138,#1762);
#1762 = DEFINITIONAL_REPRESENTATION('',(#1763),#1771);
#1763 = ( BOUNDED_CURVE() B_SPLINE_CURVE(2,(#1764,#1765,#1766,#1767,
#1768,#1769,#1770),.UNSPECIFIED.,.T.,.F.) B_SPLINE_CURVE_WITH_KNOTS((1,2
    ,2,2,2,1),(-2.094395102393,0.,2.094395102393,4.188790204786,
6.28318530718,8.377580409573),.UNSPECIFIED.) CURVE() 
GEOMETRIC_REPRESENTATION_ITEM() RATIONAL_B_SPLINE_CURVE((1.,0.5,1.,0.5,
1.,0.5,1.)) REPRESENTATION_ITEM('') );
#1764 = CARTESIAN_POINT('',(2.25,-7.105427357601E-15));
#1765 = CARTESIAN_POINT('',(2.25,-3.89711431703));
#1766 = CARTESIAN_POINT('',(-1.125,-1.948557158515));
#1767 = CARTESIAN_POINT('',(-4.5,-7.656518417217E-15));
#1768 = CARTESIAN_POINT('',(-1.125,1.948557158515));
#1769 = CARTESIAN_POINT('',(2.25,3.89711431703));
#1770 = CARTESIAN_POINT('',(2.25,-7.105427357601E-15));
#1771 = ( GEOMETRIC_REPRESENTATION_CONTEXT(2) 
PARAMETRIC_REPRESENTATION_CONTEXT() REPRESENTATION_CONTEXT('2D SPACE',''
  ) );
#1772 = PCURVE('',#1564,#1773);
#1773 = DEFINITIONAL_REPRESENTATION('',(#1774),#1778);
#1774 = LINE('',#1775,#1776);
#1775 = CARTESIAN_POINT('',(-6.28318530718,-6.));
#1776 = VECTOR('',#1777,1.);
#1777 = DIRECTION('',(1.,-0.));
#1778 = ( GEOMETRIC_REPRESENTATION_CONTEXT(2) 
PARAMETRIC_REPRESENTATION_CONTEXT() REPRESENTATION_CONTEXT('2D SPACE',''
  ) );
#1779 = ADVANCED_FACE('',(#1780),#1006,.T.);
#1780 = FACE_BOUND('',#1781,.F.);
#1781 = EDGE_LOOP('',(#1782,#1808,#1809,#1810));
#1782 = ORIENTED_EDGE('',*,*,#1783,.F.);
#1783 = EDGE_CURVE('',#992,#1018,#1784,.T.);
#1784 = SURFACE_CURVE('',#1785,(#1790,#1797),.PCURVE_S1.);
#1785 = CIRCLE('',#1786,7.);
#1786 = AXIS2_PLACEMENT_3D('',#1787,#1788,#1789);
#1787 = CARTESIAN_POINT('',(-33.23401871576,-33.23401871576,67.));
#1788 = DIRECTION('',(0.,0.,-1.));
#1789 = DIRECTION('',(0.997964609883,6.377019226349E-02,0.));
#1790 = PCURVE('',#1006,#1791);
#1791 = DEFINITIONAL_REPRESENTATION('',(#1792),#1796);
#1792 = LINE('',#1793,#1794);
#1793 = CARTESIAN_POINT('',(-6.346998800439,-5.));
#1794 = VECTOR('',#1795,1.);
#1795 = DIRECTION('',(1.,-0.));
#1796 = ( GEOMETRIC_REPRESENTATION_CONTEXT(2) 
PARAMETRIC_REPRESENTATION_CONTEXT() REPRESENTATION_CONTEXT('2D SPACE',''
  ) );
#1797 = PCURVE('',#1034,#1798);
#1798 = DEFINITIONAL_REPRESENTATION('',(#1799),#1807);
#1799 = ( BOUNDED_CURVE() B_SPLINE_CURVE(2,(#1800,#1801,#1802,#1803,
#1804,#1805,#1806),.UNSPECIFIED.,.T.,.F.) B_SPLINE_CURVE_WITH_KNOTS((1,2
    ,2,2,2,1),(-2.094395102393,0.,2.094395102393,4.188790204786,
6.28318530718,8.377580409573),.UNSPECIFIED.) CURVE() 
GEOMETRIC_REPRESENTATION_ITEM() RATIONAL_B_SPLINE_CURVE((1.,0.5,1.,0.5,
1.,0.5,1.)) REPRESENTATION_ITEM('') );
#1800 = CARTESIAN_POINT('',(6.98575226918,0.446391345844));
#1801 = CARTESIAN_POINT('',(7.758924760242,-11.65328651346));
#1802 = CARTESIAN_POINT('',(-3.106289889059,-6.273034602577));
#1803 = CARTESIAN_POINT('',(-13.97150453836,-0.892782691689));
#1804 = CARTESIAN_POINT('',(-3.879462380121,5.826643256733));
#1805 = CARTESIAN_POINT('',(6.212579778118,12.546069205154));
#1806 = CARTESIAN_POINT('',(6.98575226918,0.446391345844));
#1807 = ( GEOMETRIC_REPRESENTATION_CONTEXT(2) 
PARAMETRIC_REPRESENTATION_CONTEXT() REPRESENTATION_CONTEXT('2D SPACE',''
  ) );
#1808 = ORIENTED_EDGE('',*,*,#991,.T.);
#1809 = ORIENTED_EDGE('',*,*,#1391,.T.);
#1810 = ORIENTED_EDGE('',*,*,#1050,.F.);
#1811 = ADVANCED_FACE('',(#1812,#1816),#1034,.T.);
#1812 = FACE_BOUND('',#1813,.T.);
#1813 = EDGE_LOOP('',(#1814,#1815));
#1814 = ORIENTED_EDGE('',*,*,#1017,.T.);
#1815 = ORIENTED_EDGE('',*,*,#1783,.F.);
#1816 = FACE_BOUND('',#1817,.T.);
#1817 = EDGE_LOOP('',(#1818));
#1818 = ORIENTED_EDGE('',*,*,#1819,.T.);
#1819 = EDGE_CURVE('',#1820,#1820,#1822,.T.);
#1820 = VERTEX_POINT('',#1821);
#1821 = CARTESIAN_POINT('',(-30.98401871576,-33.23401871576,67.));
#1822 = SURFACE_CURVE('',#1823,(#1828,#1839),.PCURVE_S1.);
#1823 = CIRCLE('',#1824,2.25);
#1824 = AXIS2_PLACEMENT_3D('',#1825,#1826,#1827);
#1825 = CARTESIAN_POINT('',(-33.23401871576,-33.23401871576,67.));
#1826 = DIRECTION('',(0.,0.,-1.));
#1827 = DIRECTION('',(1.,0.,0.));
#1828 = PCURVE('',#1034,#1829);
#1829 = DEFINITIONAL_REPRESENTATION('',(#1830),#1838);
#1830 = ( BOUNDED_CURVE() B_SPLINE_CURVE(2,(#1831,#1832,#1833,#1834,
#1835,#1836,#1837),.UNSPECIFIED.,.T.,.F.) B_SPLINE_CURVE_WITH_KNOTS((1,2
    ,2,2,2,1),(-2.094395102393,0.,2.094395102393,4.188790204786,
6.28318530718,8.377580409573),.UNSPECIFIED.) CURVE() 
GEOMETRIC_REPRESENTATION_ITEM() RATIONAL_B_SPLINE_CURVE((1.,0.5,1.,0.5,
1.,0.5,1.)) REPRESENTATION_ITEM('') );
#1831 = CARTESIAN_POINT('',(2.25,-7.105427357601E-15));
#1832 = CARTESIAN_POINT('',(2.25,-3.89711431703));
#1833 = CARTESIAN_POINT('',(-1.125,-1.948557158515));
#1834 = CARTESIAN_POINT('',(-4.5,-7.656518417217E-15));
#1835 = CARTESIAN_POINT('',(-1.125,1.948557158515));
#1836 = CARTESIAN_POINT('',(2.25,3.89711431703));
#1837 = CARTESIAN_POINT('',(2.25,-7.105427357601E-15));
#1838 = ( GEOMETRIC_REPRESENTATION_CONTEXT(2) 
PARAMETRIC_REPRESENTATION_CONTEXT() REPRESENTATION_CONTEXT('2D SPACE',''
  ) );
#1839 = PCURVE('',#1494,#1840);
#1840 = DEFINITIONAL_REPRESENTATION('',(#1841),#1845);
#1841 = LINE('',#1842,#1843);
#1842 = CARTESIAN_POINT('',(-6.28318530718,-6.));
#1843 = VECTOR('',#1844,1.);
#1844 = DIRECTION('',(1.,-0.));
#1845 = ( GEOMETRIC_REPRESENTATION_CONTEXT(2) 
PARAMETRIC_REPRESENTATION_CONTEXT() REPRESENTATION_CONTEXT('2D SPACE',''
  ) );
#1846 = ADVANCED_FACE('',(#1847),#714,.T.);
#1847 = FACE_BOUND('',#1848,.F.);
#1848 = EDGE_LOOP('',(#1849,#1850,#1873,#1900,#1901,#1902,#1903,#1925));
#1849 = ORIENTED_EDGE('',*,*,#749,.F.);
#1850 = ORIENTED_EDGE('',*,*,#1851,.T.);
#1851 = EDGE_CURVE('',#653,#1852,#1854,.T.);
#1852 = VERTEX_POINT('',#1853);
#1853 = CARTESIAN_POINT('',(9.,-60.98830789158,70.170350763253));
#1854 = SEAM_CURVE('',#1855,(#1859,#1866),.PCURVE_S1.);
#1855 = LINE('',#1856,#1857);
#1856 = CARTESIAN_POINT('',(9.,-35.,70.95));
#1857 = VECTOR('',#1858,1.);
#1858 = DIRECTION('',(0.,-0.999550303522,-2.998650910567E-02));
#1859 = PCURVE('',#714,#1860);
#1860 = DEFINITIONAL_REPRESENTATION('',(#1861),#1865);
#1861 = LINE('',#1862,#1863);
#1862 = CARTESIAN_POINT('',(-6.28318530718,0.));
#1863 = VECTOR('',#1864,1.);
#1864 = DIRECTION('',(-0.,-1.));
#1865 = ( GEOMETRIC_REPRESENTATION_CONTEXT(2) 
PARAMETRIC_REPRESENTATION_CONTEXT() REPRESENTATION_CONTEXT('2D SPACE',''
  ) );
#1866 = PCURVE('',#714,#1867);
#1867 = DEFINITIONAL_REPRESENTATION('',(#1868),#1872);
#1868 = LINE('',#1869,#1870);
#1869 = CARTESIAN_POINT('',(-0.,0.));
#1870 = VECTOR('',#1871,1.);
#1871 = DIRECTION('',(-0.,-1.));
#1872 = ( GEOMETRIC_REPRESENTATION_CONTEXT(2) 
PARAMETRIC_REPRESENTATION_CONTEXT() REPRESENTATION_CONTEXT('2D SPACE',''
  ) );
#1873 = ORIENTED_EDGE('',*,*,#1874,.T.);
#1874 = EDGE_CURVE('',#1852,#1852,#1875,.T.);
#1875 = SURFACE_CURVE('',#1876,(#1881,#1888),.PCURVE_S1.);
#1876 = CIRCLE('',#1877,9.);
#1877 = AXIS2_PLACEMENT_3D('',#1878,#1879,#1880);
#1878 = CARTESIAN_POINT('',(0.,-60.98830789158,70.170350763253));
#1879 = DIRECTION('',(0.,-0.999550303522,-2.998650910567E-02));
#1880 = DIRECTION('',(1.,0.,0.));
#1881 = PCURVE('',#714,#1882);
#1882 = DEFINITIONAL_REPRESENTATION('',(#1883),#1887);
#1883 = LINE('',#1884,#1885);
#1884 = CARTESIAN_POINT('',(-0.,-26.));
#1885 = VECTOR('',#1886,1.);
#1886 = DIRECTION('',(-1.,0.));
#1887 = ( GEOMETRIC_REPRESENTATION_CONTEXT(2) 
PARAMETRIC_REPRESENTATION_CONTEXT() REPRESENTATION_CONTEXT('2D SPACE',''
  ) );
#1888 = PCURVE('',#1889,#1894);
#1889 = PLANE('',#1890);
#1890 = AXIS2_PLACEMENT_3D('',#1891,#1892,#1893);
#1891 = CARTESIAN_POINT('',(-3.038755850088E-16,-60.98830789158,
    70.170350763253));
#1892 = DIRECTION('',(-0.,-0.999550303522,-2.998650910567E-02));
#1893 = DIRECTION('',(0.,2.998650910567E-02,-0.999550303522));
#1894 = DEFINITIONAL_REPRESENTATION('',(#1895),#1899);
#1895 = CIRCLE('',#1896,9.);
#1896 = AXIS2_PLACEMENT_2D('',#1897,#1898);
#1897 = CARTESIAN_POINT('',(0.,3.038755850088E-16));
#1898 = DIRECTION('',(0.,1.));
#1899 = ( GEOMETRIC_REPRESENTATION_CONTEXT(2) 
PARAMETRIC_REPRESENTATION_CONTEXT() REPRESENTATION_CONTEXT('2D SPACE',''
  ) );
#1900 = ORIENTED_EDGE('',*,*,#1851,.F.);
#1901 = ORIENTED_EDGE('',*,*,#652,.F.);
#1902 = ORIENTED_EDGE('',*,*,#1280,.T.);
#1903 = ORIENTED_EDGE('',*,*,#1904,.F.);
#1904 = EDGE_CURVE('',#1419,#1281,#1905,.T.);
#1905 = SURFACE_CURVE('',#1906,(#1911,#1918),.PCURVE_S1.);
#1906 = CIRCLE('',#1907,9.);
#1907 = AXIS2_PLACEMENT_3D('',#1908,#1909,#1910);
#1908 = CARTESIAN_POINT('',(0.,-35.,70.95));
#1909 = DIRECTION('',(0.,-0.999550303522,-2.998650910567E-02));
#1910 = DIRECTION('',(1.,0.,0.));
#1911 = PCURVE('',#714,#1912);
#1912 = DEFINITIONAL_REPRESENTATION('',(#1913),#1917);
#1913 = LINE('',#1914,#1915);
#1914 = CARTESIAN_POINT('',(-0.,0.));
#1915 = VECTOR('',#1916,1.);
#1916 = DIRECTION('',(-1.,0.));
#1917 = ( GEOMETRIC_REPRESENTATION_CONTEXT(2) 
PARAMETRIC_REPRESENTATION_CONTEXT() REPRESENTATION_CONTEXT('2D SPACE',''
  ) );
#1918 = PCURVE('',#1460,#1919);
#1919 = DEFINITIONAL_REPRESENTATION('',(#1920),#1924);
#1920 = CIRCLE('',#1921,9.);
#1921 = AXIS2_PLACEMENT_2D('',#1922,#1923);
#1922 = CARTESIAN_POINT('',(0.,3.038755850088E-16));
#1923 = DIRECTION('',(0.,1.));
#1924 = ( GEOMETRIC_REPRESENTATION_CONTEXT(2) 
PARAMETRIC_REPRESENTATION_CONTEXT() REPRESENTATION_CONTEXT('2D SPACE',''
  ) );
#1925 = ORIENTED_EDGE('',*,*,#1418,.T.);
#1926 = ADVANCED_FACE('',(#1927),#563,.T.);
#1927 = FACE_BOUND('',#1928,.F.);
#1928 = EDGE_LOOP('',(#1929,#1955,#1956,#1957));
#1929 = ORIENTED_EDGE('',*,*,#1930,.F.);
#1930 = EDGE_CURVE('',#549,#575,#1931,.T.);
#1931 = SURFACE_CURVE('',#1932,(#1937,#1944),.PCURVE_S1.);
#1932 = CIRCLE('',#1933,7.);
#1933 = AXIS2_PLACEMENT_3D('',#1934,#1935,#1936);
#1934 = CARTESIAN_POINT('',(33.234018715768,-33.23401871576,67.));
#1935 = DIRECTION('',(0.,0.,-1.));
#1936 = DIRECTION('',(-6.377019226349E-02,0.997964609883,0.));
#1937 = PCURVE('',#563,#1938);
#1938 = DEFINITIONAL_REPRESENTATION('',(#1939),#1943);
#1939 = LINE('',#1940,#1941);
#1940 = CARTESIAN_POINT('',(-7.917795127233,-5.));
#1941 = VECTOR('',#1942,1.);
#1942 = DIRECTION('',(1.,-0.));
#1943 = ( GEOMETRIC_REPRESENTATION_CONTEXT(2) 
PARAMETRIC_REPRESENTATION_CONTEXT() REPRESENTATION_CONTEXT('2D SPACE',''
  ) );
#1944 = PCURVE('',#591,#1945);
#1945 = DEFINITIONAL_REPRESENTATION('',(#1946),#1954);
#1946 = ( BOUNDED_CURVE() B_SPLINE_CURVE(2,(#1947,#1948,#1949,#1950,
#1951,#1952,#1953),.UNSPECIFIED.,.T.,.F.) B_SPLINE_CURVE_WITH_KNOTS((1,2
    ,2,2,2,1),(-2.094395102393,0.,2.094395102393,4.188790204786,
6.28318530718,8.377580409573),.UNSPECIFIED.) CURVE() 
GEOMETRIC_REPRESENTATION_ITEM() RATIONAL_B_SPLINE_CURVE((1.,0.5,1.,0.5,
1.,0.5,1.)) REPRESENTATION_ITEM('') );
#1947 = CARTESIAN_POINT('',(-0.446391345844,6.98575226918));
#1948 = CARTESIAN_POINT('',(11.653286513465,7.758924760242));
#1949 = CARTESIAN_POINT('',(6.273034602577,-3.106289889059));
#1950 = CARTESIAN_POINT('',(0.892782691689,-13.97150453836));
#1951 = CARTESIAN_POINT('',(-5.826643256733,-3.879462380121));
#1952 = CARTESIAN_POINT('',(-12.54606920515,6.212579778118));
#1953 = CARTESIAN_POINT('',(-0.446391345844,6.98575226918));
#1954 = ( GEOMETRIC_REPRESENTATION_CONTEXT(2) 
PARAMETRIC_REPRESENTATION_CONTEXT() REPRESENTATION_CONTEXT('2D SPACE',''
  ) );
#1955 = ORIENTED_EDGE('',*,*,#548,.T.);
#1956 = ORIENTED_EDGE('',*,*,#1309,.T.);
#1957 = ORIENTED_EDGE('',*,*,#607,.F.);
#1958 = ADVANCED_FACE('',(#1959,#1963),#591,.T.);
#1959 = FACE_BOUND('',#1960,.T.);
#1960 = EDGE_LOOP('',(#1961,#1962));
#1961 = ORIENTED_EDGE('',*,*,#574,.T.);
#1962 = ORIENTED_EDGE('',*,*,#1930,.F.);
#1963 = FACE_BOUND('',#1964,.T.);
#1964 = EDGE_LOOP('',(#1965));
#1965 = ORIENTED_EDGE('',*,*,#1966,.T.);
#1966 = EDGE_CURVE('',#1967,#1967,#1969,.T.);
#1967 = VERTEX_POINT('',#1968);
#1968 = CARTESIAN_POINT('',(35.484018715768,-33.23401871576,67.));
#1969 = SURFACE_CURVE('',#1970,(#1975,#1986),.PCURVE_S1.);
#1970 = CIRCLE('',#1971,2.25);
#1971 = AXIS2_PLACEMENT_3D('',#1972,#1973,#1974);
#1972 = CARTESIAN_POINT('',(33.234018715768,-33.23401871576,67.));
#1973 = DIRECTION('',(0.,0.,-1.));
#1974 = DIRECTION('',(1.,0.,0.));
#1975 = PCURVE('',#591,#1976);
#1976 = DEFINITIONAL_REPRESENTATION('',(#1977),#1985);
#1977 = ( BOUNDED_CURVE() B_SPLINE_CURVE(2,(#1978,#1979,#1980,#1981,
#1982,#1983,#1984),.UNSPECIFIED.,.T.,.F.) B_SPLINE_CURVE_WITH_KNOTS((1,2
    ,2,2,2,1),(-2.094395102393,0.,2.094395102393,4.188790204786,
6.28318530718,8.377580409573),.UNSPECIFIED.) CURVE() 
GEOMETRIC_REPRESENTATION_ITEM() RATIONAL_B_SPLINE_CURVE((1.,0.5,1.,0.5,
1.,0.5,1.)) REPRESENTATION_ITEM('') );
#1978 = CARTESIAN_POINT('',(2.25,-7.105427357601E-15));
#1979 = CARTESIAN_POINT('',(2.25,-3.89711431703));
#1980 = CARTESIAN_POINT('',(-1.125,-1.948557158515));
#1981 = CARTESIAN_POINT('',(-4.5,-7.656518417217E-15));
#1982 = CARTESIAN_POINT('',(-1.125,1.948557158515));
#1983 = CARTESIAN_POINT('',(2.25,3.89711431703));
#1984 = CARTESIAN_POINT('',(2.25,-7.105427357601E-15));
#1985 = ( GEOMETRIC_REPRESENTATION_CONTEXT(2) 
PARAMETRIC_REPRESENTATION_CONTEXT() REPRESENTATION_CONTEXT('2D SPACE',''
  ) );
#1986 = PCURVE('',#1529,#1987);
#1987 = DEFINITIONAL_REPRESENTATION('',(#1988),#1992);
#1988 = LINE('',#1989,#1990);
#1989 = CARTESIAN_POINT('',(-6.28318530718,-6.));
#1990 = VECTOR('',#1991,1.);
#1991 = DIRECTION('',(1.,-0.));
#1992 = ( GEOMETRIC_REPRESENTATION_CONTEXT(2) 
PARAMETRIC_REPRESENTATION_CONTEXT() REPRESENTATION_CONTEXT('2D SPACE',''
  ) );
#1993 = ADVANCED_FACE('',(#1994,#2089,#2124,#2159,#2194,#2229),#97,.T.);
#1994 = FACE_BOUND('',#1995,.T.);
#1995 = EDGE_LOOP('',(#1996,#1997,#1998,#2020,#2021,#2043,#2044,#2066,
    #2067));
#1996 = ORIENTED_EDGE('',*,*,#501,.T.);
#1997 = ORIENTED_EDGE('',*,*,#80,.T.);
#1998 = ORIENTED_EDGE('',*,*,#1999,.T.);
#1999 = EDGE_CURVE('',#81,#169,#2000,.T.);
#2000 = SURFACE_CURVE('',#2001,(#2006,#2013),.PCURVE_S1.);
#2001 = CIRCLE('',#2002,7.);
#2002 = AXIS2_PLACEMENT_3D('',#2003,#2004,#2005);
#2003 = CARTESIAN_POINT('',(33.234018715768,33.234018715768,101.));
#2004 = DIRECTION('',(0.,0.,1.));
#2005 = DIRECTION('',(-6.377019226355E-02,-0.997964609883,0.));
#2006 = PCURVE('',#97,#2007);
#2007 = DEFINITIONAL_REPRESENTATION('',(#2008),#2012);
#2008 = CIRCLE('',#2009,7.);
#2009 = AXIS2_PLACEMENT_2D('',#2010,#2011);
#2010 = CARTESIAN_POINT('',(33.234018715768,33.234018715768));
#2011 = DIRECTION('',(-6.377019226355E-02,-0.997964609883));
#2012 = ( GEOMETRIC_REPRESENTATION_CONTEXT(2) 
PARAMETRIC_REPRESENTATION_CONTEXT() REPRESENTATION_CONTEXT('2D SPACE',''
  ) );
#2013 = PCURVE('',#124,#2014);
#2014 = DEFINITIONAL_REPRESENTATION('',(#2015),#2019);
#2015 = LINE('',#2016,#2017);
#2016 = CARTESIAN_POINT('',(-4.648575487126,-8.));
#2017 = VECTOR('',#2018,1.);
#2018 = DIRECTION('',(-1.,0.));
#2019 = ( GEOMETRIC_REPRESENTATION_CONTEXT(2) 
PARAMETRIC_REPRESENTATION_CONTEXT() REPRESENTATION_CONTEXT('2D SPACE',''
  ) );
#2020 = ORIENTED_EDGE('',*,*,#189,.T.);
#2021 = ORIENTED_EDGE('',*,*,#2022,.T.);
#2022 = EDGE_CURVE('',#190,#273,#2023,.T.);
#2023 = SURFACE_CURVE('',#2024,(#2029,#2036),.PCURVE_S1.);
#2024 = CIRCLE('',#2025,7.);
#2025 = AXIS2_PLACEMENT_3D('',#2026,#2027,#2028);
#2026 = CARTESIAN_POINT('',(-33.23401871576,33.234018715768,101.));
#2027 = DIRECTION('',(-0.,0.,1.));
#2028 = DIRECTION('',(0.997964609883,-6.377019226345E-02,0.));
#2029 = PCURVE('',#97,#2030);
#2030 = DEFINITIONAL_REPRESENTATION('',(#2031),#2035);
#2031 = CIRCLE('',#2032,7.);
#2032 = AXIS2_PLACEMENT_2D('',#2033,#2034);
#2033 = CARTESIAN_POINT('',(-33.23401871576,33.234018715768));
#2034 = DIRECTION('',(0.997964609883,-6.377019226345E-02));
#2035 = ( GEOMETRIC_REPRESENTATION_CONTEXT(2) 
PARAMETRIC_REPRESENTATION_CONTEXT() REPRESENTATION_CONTEXT('2D SPACE',''
  ) );
#2036 = PCURVE('',#228,#2037);
#2037 = DEFINITIONAL_REPRESENTATION('',(#2038),#2042);
#2038 = LINE('',#2039,#2040);
#2039 = CARTESIAN_POINT('',(-6.219371813921,-8.));
#2040 = VECTOR('',#2041,1.);
#2041 = DIRECTION('',(-1.,0.));
#2042 = ( GEOMETRIC_REPRESENTATION_CONTEXT(2) 
PARAMETRIC_REPRESENTATION_CONTEXT() REPRESENTATION_CONTEXT('2D SPACE',''
  ) );
#2043 = ORIENTED_EDGE('',*,*,#293,.T.);
#2044 = ORIENTED_EDGE('',*,*,#2045,.T.);
#2045 = EDGE_CURVE('',#294,#377,#2046,.T.);
#2046 = SURFACE_CURVE('',#2047,(#2052,#2059),.PCURVE_S1.);
#2047 = CIRCLE('',#2048,7.);
#2048 = AXIS2_PLACEMENT_3D('',#2049,#2050,#2051);
#2049 = CARTESIAN_POINT('',(-33.23401871576,-33.23401871576,101.));
#2050 = DIRECTION('',(0.,-0.,1.));
#2051 = DIRECTION('',(6.377019226345E-02,0.997964609883,0.));
#2052 = PCURVE('',#97,#2053);
#2053 = DEFINITIONAL_REPRESENTATION('',(#2054),#2058);
#2054 = CIRCLE('',#2055,7.);
#2055 = AXIS2_PLACEMENT_2D('',#2056,#2057);
#2056 = CARTESIAN_POINT('',(-33.23401871576,-33.23401871576));
#2057 = DIRECTION('',(6.377019226345E-02,0.997964609883));
#2058 = ( GEOMETRIC_REPRESENTATION_CONTEXT(2) 
PARAMETRIC_REPRESENTATION_CONTEXT() REPRESENTATION_CONTEXT('2D SPACE',''
  ) );
#2059 = PCURVE('',#332,#2060);
#2060 = DEFINITIONAL_REPRESENTATION('',(#2061),#2065);
#2061 = LINE('',#2062,#2063);
#2062 = CARTESIAN_POINT('',(-1.506982833536,-8.));
#2063 = VECTOR('',#2064,1.);
#2064 = DIRECTION('',(-1.,0.));
#2065 = ( GEOMETRIC_REPRESENTATION_CONTEXT(2) 
PARAMETRIC_REPRESENTATION_CONTEXT() REPRESENTATION_CONTEXT('2D SPACE',''
  ) );
#2066 = ORIENTED_EDGE('',*,*,#397,.T.);
#2067 = ORIENTED_EDGE('',*,*,#2068,.T.);
#2068 = EDGE_CURVE('',#398,#481,#2069,.T.);
#2069 = SURFACE_CURVE('',#2070,(#2075,#2082),.PCURVE_S1.);
#2070 = CIRCLE('',#2071,7.);
#2071 = AXIS2_PLACEMENT_3D('',#2072,#2073,#2074);
#2072 = CARTESIAN_POINT('',(33.234018715768,-33.23401871576,101.));
#2073 = DIRECTION('',(0.,0.,1.));
#2074 = DIRECTION('',(-0.997964609883,6.377019226344E-02,0.));
#2075 = PCURVE('',#97,#2076);
#2076 = DEFINITIONAL_REPRESENTATION('',(#2077),#2081);
#2077 = CIRCLE('',#2078,7.);
#2078 = AXIS2_PLACEMENT_2D('',#2079,#2080);
#2079 = CARTESIAN_POINT('',(33.234018715768,-33.23401871576));
#2080 = DIRECTION('',(-0.997964609883,6.377019226344E-02));
#2081 = ( GEOMETRIC_REPRESENTATION_CONTEXT(2) 
PARAMETRIC_REPRESENTATION_CONTEXT() REPRESENTATION_CONTEXT('2D SPACE',''
  ) );
#2082 = PCURVE('',#436,#2083);
#2083 = DEFINITIONAL_REPRESENTATION('',(#2084),#2088);
#2084 = LINE('',#2085,#2086);
#2085 = CARTESIAN_POINT('',(-3.077779160331,-8.));
#2086 = VECTOR('',#2087,1.);
#2087 = DIRECTION('',(-1.,0.));
#2088 = ( GEOMETRIC_REPRESENTATION_CONTEXT(2) 
PARAMETRIC_REPRESENTATION_CONTEXT() REPRESENTATION_CONTEXT('2D SPACE',''
  ) );
#2089 = FACE_BOUND('',#2090,.T.);
#2090 = EDGE_LOOP('',(#2091));
#2091 = ORIENTED_EDGE('',*,*,#2092,.T.);
#2092 = EDGE_CURVE('',#2093,#2093,#2095,.T.);
#2093 = VERTEX_POINT('',#2094);
#2094 = CARTESIAN_POINT('',(-30.43401871576,-33.23401871576,101.));
#2095 = SURFACE_CURVE('',#2096,(#2101,#2112),.PCURVE_S1.);
#2096 = CIRCLE('',#2097,2.8);
#2097 = AXIS2_PLACEMENT_3D('',#2098,#2099,#2100);
#2098 = CARTESIAN_POINT('',(-33.23401871576,-33.23401871576,101.));
#2099 = DIRECTION('',(0.,0.,-1.));
#2100 = DIRECTION('',(1.,0.,0.));
#2101 = PCURVE('',#97,#2102);
#2102 = DEFINITIONAL_REPRESENTATION('',(#2103),#2111);
#2103 = ( BOUNDED_CURVE() B_SPLINE_CURVE(2,(#2104,#2105,#2106,#2107,
#2108,#2109,#2110),.UNSPECIFIED.,.T.,.F.) B_SPLINE_CURVE_WITH_KNOTS((1,2
    ,2,2,2,1),(-2.094395102393,0.,2.094395102393,4.188790204786,
6.28318530718,8.377580409573),.UNSPECIFIED.) CURVE() 
GEOMETRIC_REPRESENTATION_ITEM() RATIONAL_B_SPLINE_CURVE((1.,0.5,1.,0.5,
1.,0.5,1.)) REPRESENTATION_ITEM('') );
#2104 = CARTESIAN_POINT('',(-30.43401871576,-33.23401871576));
#2105 = CARTESIAN_POINT('',(-30.43401871576,-38.08376097696));
#2106 = CARTESIAN_POINT('',(-34.63401871576,-35.65888984636));
#2107 = CARTESIAN_POINT('',(-38.83401871576,-33.23401871576));
#2108 = CARTESIAN_POINT('',(-34.63401871576,-30.80914758517));
#2109 = CARTESIAN_POINT('',(-30.43401871576,-28.38427645457));
#2110 = CARTESIAN_POINT('',(-30.43401871576,-33.23401871576));
#2111 = ( GEOMETRIC_REPRESENTATION_CONTEXT(2) 
PARAMETRIC_REPRESENTATION_CONTEXT() REPRESENTATION_CONTEXT('2D SPACE',''
  ) );
#2112 = PCURVE('',#2113,#2118);
#2113 = CYLINDRICAL_SURFACE('',#2114,2.8);
#2114 = AXIS2_PLACEMENT_3D('',#2115,#2116,#2117);
#2115 = CARTESIAN_POINT('',(-33.23401871576,-33.23401871576,94.5));
#2116 = DIRECTION('',(-0.,-0.,-1.));
#2117 = DIRECTION('',(1.,0.,0.));
#2118 = DEFINITIONAL_REPRESENTATION('',(#2119),#2123);
#2119 = LINE('',#2120,#2121);
#2120 = CARTESIAN_POINT('',(-6.28318530718,-6.5));
#2121 = VECTOR('',#2122,1.);
#2122 = DIRECTION('',(1.,-0.));
#2123 = ( GEOMETRIC_REPRESENTATION_CONTEXT(2) 
PARAMETRIC_REPRESENTATION_CONTEXT() REPRESENTATION_CONTEXT('2D SPACE',''
  ) );
#2124 = FACE_BOUND('',#2125,.T.);
#2125 = EDGE_LOOP('',(#2126));
#2126 = ORIENTED_EDGE('',*,*,#2127,.T.);
#2127 = EDGE_CURVE('',#2128,#2128,#2130,.T.);
#2128 = VERTEX_POINT('',#2129);
#2129 = CARTESIAN_POINT('',(36.034018715768,-33.23401871576,101.));
#2130 = SURFACE_CURVE('',#2131,(#2136,#2147),.PCURVE_S1.);
#2131 = CIRCLE('',#2132,2.8);
#2132 = AXIS2_PLACEMENT_3D('',#2133,#2134,#2135);
#2133 = CARTESIAN_POINT('',(33.234018715768,-33.23401871576,101.));
#2134 = DIRECTION('',(0.,0.,-1.));
#2135 = DIRECTION('',(1.,0.,0.));
#2136 = PCURVE('',#97,#2137);
#2137 = DEFINITIONAL_REPRESENTATION('',(#2138),#2146);
#2138 = ( BOUNDED_CURVE() B_SPLINE_CURVE(2,(#2139,#2140,#2141,#2142,
#2143,#2144,#2145),.UNSPECIFIED.,.T.,.F.) B_SPLINE_CURVE_WITH_KNOTS((1,2
    ,2,2,2,1),(-2.094395102393,0.,2.094395102393,4.188790204786,
6.28318530718,8.377580409573),.UNSPECIFIED.) CURVE() 
GEOMETRIC_REPRESENTATION_ITEM() RATIONAL_B_SPLINE_CURVE((1.,0.5,1.,0.5,
1.,0.5,1.)) REPRESENTATION_ITEM('') );
#2139 = CARTESIAN_POINT('',(36.034018715768,-33.23401871576));
#2140 = CARTESIAN_POINT('',(36.034018715768,-38.08376097696));
#2141 = CARTESIAN_POINT('',(31.834018715768,-35.65888984636));
#2142 = CARTESIAN_POINT('',(27.634018715768,-33.23401871576));
#2143 = CARTESIAN_POINT('',(31.834018715768,-30.80914758517));
#2144 = CARTESIAN_POINT('',(36.034018715768,-28.38427645457));
#2145 = CARTESIAN_POINT('',(36.034018715768,-33.23401871576));
#2146 = ( GEOMETRIC_REPRESENTATION_CONTEXT(2) 
PARAMETRIC_REPRESENTATION_CONTEXT() REPRESENTATION_CONTEXT('2D SPACE',''
  ) );
#2147 = PCURVE('',#2148,#2153);
#2148 = CYLINDRICAL_SURFACE('',#2149,2.8);
#2149 = AXIS2_PLACEMENT_3D('',#2150,#2151,#2152);
#2150 = CARTESIAN_POINT('',(33.234018715768,-33.23401871576,94.5));
#2151 = DIRECTION('',(-0.,-0.,-1.));
#2152 = DIRECTION('',(1.,0.,0.));
#2153 = DEFINITIONAL_REPRESENTATION('',(#2154),#2158);
#2154 = LINE('',#2155,#2156);
#2155 = CARTESIAN_POINT('',(-6.28318530718,-6.5));
#2156 = VECTOR('',#2157,1.);
#2157 = DIRECTION('',(1.,-0.));
#2158 = ( GEOMETRIC_REPRESENTATION_CONTEXT(2) 
PARAMETRIC_REPRESENTATION_CONTEXT() REPRESENTATION_CONTEXT('2D SPACE',''
  ) );
#2159 = FACE_BOUND('',#2160,.T.);
#2160 = EDGE_LOOP('',(#2161));
#2161 = ORIENTED_EDGE('',*,*,#2162,.T.);
#2162 = EDGE_CURVE('',#2163,#2163,#2165,.T.);
#2163 = VERTEX_POINT('',#2164);
#2164 = CARTESIAN_POINT('',(-30.43401871576,33.234018715768,101.));
#2165 = SURFACE_CURVE('',#2166,(#2171,#2182),.PCURVE_S1.);
#2166 = CIRCLE('',#2167,2.8);
#2167 = AXIS2_PLACEMENT_3D('',#2168,#2169,#2170);
#2168 = CARTESIAN_POINT('',(-33.23401871576,33.234018715768,101.));
#2169 = DIRECTION('',(0.,0.,-1.));
#2170 = DIRECTION('',(1.,0.,0.));
#2171 = PCURVE('',#97,#2172);
#2172 = DEFINITIONAL_REPRESENTATION('',(#2173),#2181);
#2173 = ( BOUNDED_CURVE() B_SPLINE_CURVE(2,(#2174,#2175,#2176,#2177,
#2178,#2179,#2180),.UNSPECIFIED.,.T.,.F.) B_SPLINE_CURVE_WITH_KNOTS((1,2
    ,2,2,2,1),(-2.094395102393,0.,2.094395102393,4.188790204786,
6.28318530718,8.377580409573),.UNSPECIFIED.) CURVE() 
GEOMETRIC_REPRESENTATION_ITEM() RATIONAL_B_SPLINE_CURVE((1.,0.5,1.,0.5,
1.,0.5,1.)) REPRESENTATION_ITEM('') );
#2174 = CARTESIAN_POINT('',(-30.43401871576,33.234018715768));
#2175 = CARTESIAN_POINT('',(-30.43401871576,28.384276454575));
#2176 = CARTESIAN_POINT('',(-34.63401871576,30.809147585171));
#2177 = CARTESIAN_POINT('',(-38.83401871576,33.234018715768));
#2178 = CARTESIAN_POINT('',(-34.63401871576,35.658889846364));
#2179 = CARTESIAN_POINT('',(-30.43401871576,38.083760976961));
#2180 = CARTESIAN_POINT('',(-30.43401871576,33.234018715768));
#2181 = ( GEOMETRIC_REPRESENTATION_CONTEXT(2) 
PARAMETRIC_REPRESENTATION_CONTEXT() REPRESENTATION_CONTEXT('2D SPACE',''
  ) );
#2182 = PCURVE('',#2183,#2188);
#2183 = CYLINDRICAL_SURFACE('',#2184,2.8);
#2184 = AXIS2_PLACEMENT_3D('',#2185,#2186,#2187);
#2185 = CARTESIAN_POINT('',(-33.23401871576,33.234018715768,94.5));
#2186 = DIRECTION('',(-0.,-0.,-1.));
#2187 = DIRECTION('',(1.,0.,0.));
#2188 = DEFINITIONAL_REPRESENTATION('',(#2189),#2193);
#2189 = LINE('',#2190,#2191);
#2190 = CARTESIAN_POINT('',(-6.28318530718,-6.5));
#2191 = VECTOR('',#2192,1.);
#2192 = DIRECTION('',(1.,-0.));
#2193 = ( GEOMETRIC_REPRESENTATION_CONTEXT(2) 
PARAMETRIC_REPRESENTATION_CONTEXT() REPRESENTATION_CONTEXT('2D SPACE',''
  ) );
#2194 = FACE_BOUND('',#2195,.T.);
#2195 = EDGE_LOOP('',(#2196));
#2196 = ORIENTED_EDGE('',*,*,#2197,.T.);
#2197 = EDGE_CURVE('',#2198,#2198,#2200,.T.);
#2198 = VERTEX_POINT('',#2199);
#2199 = CARTESIAN_POINT('',(39.,0.,101.));
#2200 = SURFACE_CURVE('',#2201,(#2206,#2217),.PCURVE_S1.);
#2201 = CIRCLE('',#2202,39.);
#2202 = AXIS2_PLACEMENT_3D('',#2203,#2204,#2205);
#2203 = CARTESIAN_POINT('',(0.,0.,101.));
#2204 = DIRECTION('',(0.,0.,-1.));
#2205 = DIRECTION('',(1.,0.,0.));
#2206 = PCURVE('',#97,#2207);
#2207 = DEFINITIONAL_REPRESENTATION('',(#2208),#2216);
#2208 = ( BOUNDED_CURVE() B_SPLINE_CURVE(2,(#2209,#2210,#2211,#2212,
#2213,#2214,#2215),.UNSPECIFIED.,.T.,.F.) B_SPLINE_CURVE_WITH_KNOTS((1,2
    ,2,2,2,1),(-2.094395102393,0.,2.094395102393,4.188790204786,
6.28318530718,8.377580409573),.UNSPECIFIED.) CURVE() 
GEOMETRIC_REPRESENTATION_ITEM() RATIONAL_B_SPLINE_CURVE((1.,0.5,1.,0.5,
1.,0.5,1.)) REPRESENTATION_ITEM('') );
#2209 = CARTESIAN_POINT('',(39.,-3.692127783966E-16));
#2210 = CARTESIAN_POINT('',(39.,-67.54998149518));
#2211 = CARTESIAN_POINT('',(-19.5,-33.77499074759));
#2212 = CARTESIAN_POINT('',(-78.,-9.921457811746E-15));
#2213 = CARTESIAN_POINT('',(-19.5,33.774990747593));
#2214 = CARTESIAN_POINT('',(39.,67.549981495186));
#2215 = CARTESIAN_POINT('',(39.,-3.692127783966E-16));
#2216 = ( GEOMETRIC_REPRESENTATION_CONTEXT(2) 
PARAMETRIC_REPRESENTATION_CONTEXT() REPRESENTATION_CONTEXT('2D SPACE',''
  ) );
#2217 = PCURVE('',#2218,#2223);
#2218 = CYLINDRICAL_SURFACE('',#2219,39.);
#2219 = AXIS2_PLACEMENT_3D('',#2220,#2221,#2222);
#2220 = CARTESIAN_POINT('',(0.,0.,45.));
#2221 = DIRECTION('',(-0.,-0.,-1.));
#2222 = DIRECTION('',(1.,0.,0.));
#2223 = DEFINITIONAL_REPRESENTATION('',(#2224),#2228);
#2224 = LINE('',#2225,#2226);
#2225 = CARTESIAN_POINT('',(-6.28318530718,-56.));
#2226 = VECTOR('',#2227,1.);
#2227 = DIRECTION('',(1.,-0.));
#2228 = ( GEOMETRIC_REPRESENTATION_CONTEXT(2) 
PARAMETRIC_REPRESENTATION_CONTEXT() REPRESENTATION_CONTEXT('2D SPACE',''
  ) );
#2229 = FACE_BOUND('',#2230,.T.);
#2230 = EDGE_LOOP('',(#2231));
#2231 = ORIENTED_EDGE('',*,*,#2232,.T.);
#2232 = EDGE_CURVE('',#2233,#2233,#2235,.T.);
#2233 = VERTEX_POINT('',#2234);
#2234 = CARTESIAN_POINT('',(36.034018715768,33.234018715768,101.));
#2235 = SURFACE_CURVE('',#2236,(#2241,#2252),.PCURVE_S1.);
#2236 = CIRCLE('',#2237,2.8);
#2237 = AXIS2_PLACEMENT_3D('',#2238,#2239,#2240);
#2238 = CARTESIAN_POINT('',(33.234018715768,33.234018715768,101.));
#2239 = DIRECTION('',(0.,0.,-1.));
#2240 = DIRECTION('',(1.,0.,0.));
#2241 = PCURVE('',#97,#2242);
#2242 = DEFINITIONAL_REPRESENTATION('',(#2243),#2251);
#2243 = ( BOUNDED_CURVE() B_SPLINE_CURVE(2,(#2244,#2245,#2246,#2247,
#2248,#2249,#2250),.UNSPECIFIED.,.T.,.F.) B_SPLINE_CURVE_WITH_KNOTS((1,2
    ,2,2,2,1),(-2.094395102393,0.,2.094395102393,4.188790204786,
6.28318530718,8.377580409573),.UNSPECIFIED.) CURVE() 
GEOMETRIC_REPRESENTATION_ITEM() RATIONAL_B_SPLINE_CURVE((1.,0.5,1.,0.5,
1.,0.5,1.)) REPRESENTATION_ITEM('') );
#2244 = CARTESIAN_POINT('',(36.034018715768,33.234018715768));
#2245 = CARTESIAN_POINT('',(36.034018715768,28.384276454575));
#2246 = CARTESIAN_POINT('',(31.834018715768,30.809147585171));
#2247 = CARTESIAN_POINT('',(27.634018715768,33.234018715768));
#2248 = CARTESIAN_POINT('',(31.834018715768,35.658889846364));
#2249 = CARTESIAN_POINT('',(36.034018715768,38.083760976961));
#2250 = CARTESIAN_POINT('',(36.034018715768,33.234018715768));
#2251 = ( GEOMETRIC_REPRESENTATION_CONTEXT(2) 
PARAMETRIC_REPRESENTATION_CONTEXT() REPRESENTATION_CONTEXT('2D SPACE',''
  ) );
#2252 = PCURVE('',#2253,#2258);
#2253 = CYLINDRICAL_SURFACE('',#2254,2.8);
#2254 = AXIS2_PLACEMENT_3D('',#2255,#2256,#2257);
#2255 = CARTESIAN_POINT('',(33.234018715768,33.234018715768,94.5));
#2256 = DIRECTION('',(-0.,-0.,-1.));
#2257 = DIRECTION('',(1.,0.,0.));
#2258 = DEFINITIONAL_REPRESENTATION('',(#2259),#2263);
#2259 = LINE('',#2260,#2261);
#2260 = CARTESIAN_POINT('',(-6.28318530718,-6.5));
#2261 = VECTOR('',#2262,1.);
#2262 = DIRECTION('',(1.,-0.));
#2263 = ( GEOMETRIC_REPRESENTATION_CONTEXT(2) 
PARAMETRIC_REPRESENTATION_CONTEXT() REPRESENTATION_CONTEXT('2D SPACE',''
  ) );
#2264 = ADVANCED_FACE('',(#2265),#436,.T.);
#2265 = FACE_BOUND('',#2266,.F.);
#2266 = EDGE_LOOP('',(#2267,#2289,#2290,#2291));
#2267 = ORIENTED_EDGE('',*,*,#2268,.F.);
#2268 = EDGE_CURVE('',#422,#448,#2269,.T.);
#2269 = SURFACE_CURVE('',#2270,(#2275,#2282),.PCURVE_S1.);
#2270 = CIRCLE('',#2271,7.);
#2271 = AXIS2_PLACEMENT_3D('',#2272,#2273,#2274);
#2272 = CARTESIAN_POINT('',(33.234018715768,-33.23401871576,93.));
#2273 = DIRECTION('',(0.,0.,1.));
#2274 = DIRECTION('',(-0.997964609883,6.377019226349E-02,0.));
#2275 = PCURVE('',#436,#2276);
#2276 = DEFINITIONAL_REPRESENTATION('',(#2277),#2281);
#2277 = LINE('',#2278,#2279);
#2278 = CARTESIAN_POINT('',(-3.077779160331,0.));
#2279 = VECTOR('',#2280,1.);
#2280 = DIRECTION('',(-1.,0.));
#2281 = ( GEOMETRIC_REPRESENTATION_CONTEXT(2) 
PARAMETRIC_REPRESENTATION_CONTEXT() REPRESENTATION_CONTEXT('2D SPACE',''
  ) );
#2282 = PCURVE('',#464,#2283);
#2283 = DEFINITIONAL_REPRESENTATION('',(#2284),#2288);
#2284 = CIRCLE('',#2285,7.);
#2285 = AXIS2_PLACEMENT_2D('',#2286,#2287);
#2286 = CARTESIAN_POINT('',(0.,-7.105427357601E-15));
#2287 = DIRECTION('',(-0.997964609883,6.377019226349E-02));
#2288 = ( GEOMETRIC_REPRESENTATION_CONTEXT(2) 
PARAMETRIC_REPRESENTATION_CONTEXT() REPRESENTATION_CONTEXT('2D SPACE',''
  ) );
#2289 = ORIENTED_EDGE('',*,*,#421,.F.);
#2290 = ORIENTED_EDGE('',*,*,#2068,.T.);
#2291 = ORIENTED_EDGE('',*,*,#480,.T.);
#2292 = ADVANCED_FACE('',(#2293),#464,.F.);
#2293 = FACE_BOUND('',#2294,.F.);
#2294 = EDGE_LOOP('',(#2295,#2296));
#2295 = ORIENTED_EDGE('',*,*,#2268,.T.);
#2296 = ORIENTED_EDGE('',*,*,#447,.T.);
#2297 = ADVANCED_FACE('',(#2298),#332,.T.);
#2298 = FACE_BOUND('',#2299,.F.);
#2299 = EDGE_LOOP('',(#2300,#2322,#2323,#2324));
#2300 = ORIENTED_EDGE('',*,*,#2301,.F.);
#2301 = EDGE_CURVE('',#318,#344,#2302,.T.);
#2302 = SURFACE_CURVE('',#2303,(#2308,#2315),.PCURVE_S1.);
#2303 = CIRCLE('',#2304,7.);
#2304 = AXIS2_PLACEMENT_3D('',#2305,#2306,#2307);
#2305 = CARTESIAN_POINT('',(-33.23401871576,-33.23401871576,93.));
#2306 = DIRECTION('',(0.,-0.,1.));
#2307 = DIRECTION('',(6.377019226349E-02,0.997964609883,0.));
#2308 = PCURVE('',#332,#2309);
#2309 = DEFINITIONAL_REPRESENTATION('',(#2310),#2314);
#2310 = LINE('',#2311,#2312);
#2311 = CARTESIAN_POINT('',(-1.506982833536,0.));
#2312 = VECTOR('',#2313,1.);
#2313 = DIRECTION('',(-1.,0.));
#2314 = ( GEOMETRIC_REPRESENTATION_CONTEXT(2) 
PARAMETRIC_REPRESENTATION_CONTEXT() REPRESENTATION_CONTEXT('2D SPACE',''
  ) );
#2315 = PCURVE('',#360,#2316);
#2316 = DEFINITIONAL_REPRESENTATION('',(#2317),#2321);
#2317 = CIRCLE('',#2318,7.);
#2318 = AXIS2_PLACEMENT_2D('',#2319,#2320);
#2319 = CARTESIAN_POINT('',(-7.105427357601E-15,-7.105427357601E-15));
#2320 = DIRECTION('',(6.377019226349E-02,0.997964609883));
#2321 = ( GEOMETRIC_REPRESENTATION_CONTEXT(2) 
PARAMETRIC_REPRESENTATION_CONTEXT() REPRESENTATION_CONTEXT('2D SPACE',''
  ) );
#2322 = ORIENTED_EDGE('',*,*,#317,.F.);
#2323 = ORIENTED_EDGE('',*,*,#2045,.T.);
#2324 = ORIENTED_EDGE('',*,*,#376,.T.);
#2325 = ADVANCED_FACE('',(#2326),#360,.F.);
#2326 = FACE_BOUND('',#2327,.F.);
#2327 = EDGE_LOOP('',(#2328,#2329));
#2328 = ORIENTED_EDGE('',*,*,#2301,.T.);
#2329 = ORIENTED_EDGE('',*,*,#343,.T.);
#2330 = ADVANCED_FACE('',(#2331),#228,.T.);
#2331 = FACE_BOUND('',#2332,.F.);
#2332 = EDGE_LOOP('',(#2333,#2355,#2356,#2357));
#2333 = ORIENTED_EDGE('',*,*,#2334,.F.);
#2334 = EDGE_CURVE('',#214,#240,#2335,.T.);
#2335 = SURFACE_CURVE('',#2336,(#2341,#2348),.PCURVE_S1.);
#2336 = CIRCLE('',#2337,7.);
#2337 = AXIS2_PLACEMENT_3D('',#2338,#2339,#2340);
#2338 = CARTESIAN_POINT('',(-33.23401871576,33.234018715768,93.));
#2339 = DIRECTION('',(-0.,0.,1.));
#2340 = DIRECTION('',(0.997964609883,-6.377019226349E-02,0.));
#2341 = PCURVE('',#228,#2342);
#2342 = DEFINITIONAL_REPRESENTATION('',(#2343),#2347);
#2343 = LINE('',#2344,#2345);
#2344 = CARTESIAN_POINT('',(-6.219371813921,0.));
#2345 = VECTOR('',#2346,1.);
#2346 = DIRECTION('',(-1.,0.));
#2347 = ( GEOMETRIC_REPRESENTATION_CONTEXT(2) 
PARAMETRIC_REPRESENTATION_CONTEXT() REPRESENTATION_CONTEXT('2D SPACE',''
  ) );
#2348 = PCURVE('',#256,#2349);
#2349 = DEFINITIONAL_REPRESENTATION('',(#2350),#2354);
#2350 = CIRCLE('',#2351,7.);
#2351 = AXIS2_PLACEMENT_2D('',#2352,#2353);
#2352 = CARTESIAN_POINT('',(0.,-7.105427357601E-15));
#2353 = DIRECTION('',(0.997964609883,-6.377019226349E-02));
#2354 = ( GEOMETRIC_REPRESENTATION_CONTEXT(2) 
PARAMETRIC_REPRESENTATION_CONTEXT() REPRESENTATION_CONTEXT('2D SPACE',''
  ) );
#2355 = ORIENTED_EDGE('',*,*,#213,.F.);
#2356 = ORIENTED_EDGE('',*,*,#2022,.T.);
#2357 = ORIENTED_EDGE('',*,*,#272,.T.);
#2358 = ADVANCED_FACE('',(#2359),#256,.F.);
#2359 = FACE_BOUND('',#2360,.F.);
#2360 = EDGE_LOOP('',(#2361,#2362));
#2361 = ORIENTED_EDGE('',*,*,#2334,.T.);
#2362 = ORIENTED_EDGE('',*,*,#239,.T.);
#2363 = ADVANCED_FACE('',(#2364),#124,.T.);
#2364 = FACE_BOUND('',#2365,.F.);
#2365 = EDGE_LOOP('',(#2366,#2388,#2389,#2390));
#2366 = ORIENTED_EDGE('',*,*,#2367,.F.);
#2367 = EDGE_CURVE('',#110,#136,#2368,.T.);
#2368 = SURFACE_CURVE('',#2369,(#2374,#2381),.PCURVE_S1.);
#2369 = CIRCLE('',#2370,7.);
#2370 = AXIS2_PLACEMENT_3D('',#2371,#2372,#2373);
#2371 = CARTESIAN_POINT('',(33.234018715768,33.234018715768,93.));
#2372 = DIRECTION('',(0.,0.,1.));
#2373 = DIRECTION('',(-6.377019226349E-02,-0.997964609883,0.));
#2374 = PCURVE('',#124,#2375);
#2375 = DEFINITIONAL_REPRESENTATION('',(#2376),#2380);
#2376 = LINE('',#2377,#2378);
#2377 = CARTESIAN_POINT('',(-4.648575487126,0.));
#2378 = VECTOR('',#2379,1.);
#2379 = DIRECTION('',(-1.,0.));
#2380 = ( GEOMETRIC_REPRESENTATION_CONTEXT(2) 
PARAMETRIC_REPRESENTATION_CONTEXT() REPRESENTATION_CONTEXT('2D SPACE',''
  ) );
#2381 = PCURVE('',#152,#2382);
#2382 = DEFINITIONAL_REPRESENTATION('',(#2383),#2387);
#2383 = CIRCLE('',#2384,7.);
#2384 = AXIS2_PLACEMENT_2D('',#2385,#2386);
#2385 = CARTESIAN_POINT('',(0.,0.));
#2386 = DIRECTION('',(-6.377019226349E-02,-0.997964609883));
#2387 = ( GEOMETRIC_REPRESENTATION_CONTEXT(2) 
PARAMETRIC_REPRESENTATION_CONTEXT() REPRESENTATION_CONTEXT('2D SPACE',''
  ) );
#2388 = ORIENTED_EDGE('',*,*,#109,.F.);
#2389 = ORIENTED_EDGE('',*,*,#1999,.T.);
#2390 = ORIENTED_EDGE('',*,*,#168,.T.);
#2391 = ADVANCED_FACE('',(#2392),#152,.F.);
#2392 = FACE_BOUND('',#2393,.F.);
#2393 = EDGE_LOOP('',(#2394,#2395));
#2394 = ORIENTED_EDGE('',*,*,#2367,.T.);
#2395 = ORIENTED_EDGE('',*,*,#135,.T.);
#2396 = ADVANCED_FACE('',(#2397),#1460,.F.);
#2397 = FACE_BOUND('',#2398,.F.);
#2398 = EDGE_LOOP('',(#2399,#2400));
#2399 = ORIENTED_EDGE('',*,*,#1446,.F.);
#2400 = ORIENTED_EDGE('',*,*,#1904,.T.);
#2401 = ADVANCED_FACE('',(#2402),#1494,.F.);
#2402 = FACE_BOUND('',#2403,.T.);
#2403 = EDGE_LOOP('',(#2404,#2405,#2426,#2427));
#2404 = ORIENTED_EDGE('',*,*,#1473,.T.);
#2405 = ORIENTED_EDGE('',*,*,#2406,.T.);
#2406 = EDGE_CURVE('',#1474,#1820,#2407,.T.);
#2407 = SEAM_CURVE('',#2408,(#2412,#2419),.PCURVE_S1.);
#2408 = LINE('',#2409,#2410);
#2409 = CARTESIAN_POINT('',(-30.98401871576,-33.23401871576,61.));
#2410 = VECTOR('',#2411,1.);
#2411 = DIRECTION('',(0.,0.,1.));
#2412 = PCURVE('',#1494,#2413);
#2413 = DEFINITIONAL_REPRESENTATION('',(#2414),#2418);
#2414 = LINE('',#2415,#2416);
#2415 = CARTESIAN_POINT('',(-6.28318530718,0.));
#2416 = VECTOR('',#2417,1.);
#2417 = DIRECTION('',(-0.,-1.));
#2418 = ( GEOMETRIC_REPRESENTATION_CONTEXT(2) 
PARAMETRIC_REPRESENTATION_CONTEXT() REPRESENTATION_CONTEXT('2D SPACE',''
  ) );
#2419 = PCURVE('',#1494,#2420);
#2420 = DEFINITIONAL_REPRESENTATION('',(#2421),#2425);
#2421 = LINE('',#2422,#2423);
#2422 = CARTESIAN_POINT('',(-0.,0.));
#2423 = VECTOR('',#2424,1.);
#2424 = DIRECTION('',(-0.,-1.));
#2425 = ( GEOMETRIC_REPRESENTATION_CONTEXT(2) 
PARAMETRIC_REPRESENTATION_CONTEXT() REPRESENTATION_CONTEXT('2D SPACE',''
  ) );
#2426 = ORIENTED_EDGE('',*,*,#1819,.F.);
#2427 = ORIENTED_EDGE('',*,*,#2406,.F.);
#2428 = ADVANCED_FACE('',(#2429),#1529,.F.);
#2429 = FACE_BOUND('',#2430,.T.);
#2430 = EDGE_LOOP('',(#2431,#2432,#2453,#2454));
#2431 = ORIENTED_EDGE('',*,*,#1508,.T.);
#2432 = ORIENTED_EDGE('',*,*,#2433,.T.);
#2433 = EDGE_CURVE('',#1509,#1967,#2434,.T.);
#2434 = SEAM_CURVE('',#2435,(#2439,#2446),.PCURVE_S1.);
#2435 = LINE('',#2436,#2437);
#2436 = CARTESIAN_POINT('',(35.484018715768,-33.23401871576,61.));
#2437 = VECTOR('',#2438,1.);
#2438 = DIRECTION('',(0.,0.,1.));
#2439 = PCURVE('',#1529,#2440);
#2440 = DEFINITIONAL_REPRESENTATION('',(#2441),#2445);
#2441 = LINE('',#2442,#2443);
#2442 = CARTESIAN_POINT('',(-6.28318530718,0.));
#2443 = VECTOR('',#2444,1.);
#2444 = DIRECTION('',(-0.,-1.));
#2445 = ( GEOMETRIC_REPRESENTATION_CONTEXT(2) 
PARAMETRIC_REPRESENTATION_CONTEXT() REPRESENTATION_CONTEXT('2D SPACE',''
  ) );
#2446 = PCURVE('',#1529,#2447);
#2447 = DEFINITIONAL_REPRESENTATION('',(#2448),#2452);
#2448 = LINE('',#2449,#2450);
#2449 = CARTESIAN_POINT('',(-0.,0.));
#2450 = VECTOR('',#2451,1.);
#2451 = DIRECTION('',(-0.,-1.));
#2452 = ( GEOMETRIC_REPRESENTATION_CONTEXT(2) 
PARAMETRIC_REPRESENTATION_CONTEXT() REPRESENTATION_CONTEXT('2D SPACE',''
  ) );
#2453 = ORIENTED_EDGE('',*,*,#1966,.F.);
#2454 = ORIENTED_EDGE('',*,*,#2433,.F.);
#2455 = ADVANCED_FACE('',(#2456),#1564,.F.);
#2456 = FACE_BOUND('',#2457,.T.);
#2457 = EDGE_LOOP('',(#2458,#2459,#2480,#2481));
#2458 = ORIENTED_EDGE('',*,*,#1543,.T.);
#2459 = ORIENTED_EDGE('',*,*,#2460,.T.);
#2460 = EDGE_CURVE('',#1544,#1753,#2461,.T.);
#2461 = SEAM_CURVE('',#2462,(#2466,#2473),.PCURVE_S1.);
#2462 = LINE('',#2463,#2464);
#2463 = CARTESIAN_POINT('',(-30.98401871576,33.234018715768,61.));
#2464 = VECTOR('',#2465,1.);
#2465 = DIRECTION('',(0.,0.,1.));
#2466 = PCURVE('',#1564,#2467);
#2467 = DEFINITIONAL_REPRESENTATION('',(#2468),#2472);
#2468 = LINE('',#2469,#2470);
#2469 = CARTESIAN_POINT('',(-6.28318530718,0.));
#2470 = VECTOR('',#2471,1.);
#2471 = DIRECTION('',(-0.,-1.));
#2472 = ( GEOMETRIC_REPRESENTATION_CONTEXT(2) 
PARAMETRIC_REPRESENTATION_CONTEXT() REPRESENTATION_CONTEXT('2D SPACE',''
  ) );
#2473 = PCURVE('',#1564,#2474);
#2474 = DEFINITIONAL_REPRESENTATION('',(#2475),#2479);
#2475 = LINE('',#2476,#2477);
#2476 = CARTESIAN_POINT('',(-0.,0.));
#2477 = VECTOR('',#2478,1.);
#2478 = DIRECTION('',(-0.,-1.));
#2479 = ( GEOMETRIC_REPRESENTATION_CONTEXT(2) 
PARAMETRIC_REPRESENTATION_CONTEXT() REPRESENTATION_CONTEXT('2D SPACE',''
  ) );
#2480 = ORIENTED_EDGE('',*,*,#1752,.F.);
#2481 = ORIENTED_EDGE('',*,*,#2460,.F.);
#2482 = ADVANCED_FACE('',(#2483),#1599,.F.);
#2483 = FACE_BOUND('',#2484,.T.);
#2484 = EDGE_LOOP('',(#2485,#2486,#2509,#2540));
#2485 = ORIENTED_EDGE('',*,*,#1578,.T.);
#2486 = ORIENTED_EDGE('',*,*,#2487,.T.);
#2487 = EDGE_CURVE('',#1579,#2488,#2490,.T.);
#2488 = VERTEX_POINT('',#2489);
#2489 = CARTESIAN_POINT('',(18.7,0.,73.));
#2490 = SEAM_CURVE('',#2491,(#2495,#2502),.PCURVE_S1.);
#2491 = LINE('',#2492,#2493);
#2492 = CARTESIAN_POINT('',(18.7,0.,62.));
#2493 = VECTOR('',#2494,1.);
#2494 = DIRECTION('',(0.,0.,1.));
#2495 = PCURVE('',#1599,#2496);
#2496 = DEFINITIONAL_REPRESENTATION('',(#2497),#2501);
#2497 = LINE('',#2498,#2499);
#2498 = CARTESIAN_POINT('',(-0.,-32.));
#2499 = VECTOR('',#2500,1.);
#2500 = DIRECTION('',(-0.,-1.));
#2501 = ( GEOMETRIC_REPRESENTATION_CONTEXT(2) 
PARAMETRIC_REPRESENTATION_CONTEXT() REPRESENTATION_CONTEXT('2D SPACE',''
  ) );
#2502 = PCURVE('',#1599,#2503);
#2503 = DEFINITIONAL_REPRESENTATION('',(#2504),#2508);
#2504 = LINE('',#2505,#2506);
#2505 = CARTESIAN_POINT('',(-6.28318530718,-32.));
#2506 = VECTOR('',#2507,1.);
#2507 = DIRECTION('',(-0.,-1.));
#2508 = ( GEOMETRIC_REPRESENTATION_CONTEXT(2) 
PARAMETRIC_REPRESENTATION_CONTEXT() REPRESENTATION_CONTEXT('2D SPACE',''
  ) );
#2509 = ORIENTED_EDGE('',*,*,#2510,.F.);
#2510 = EDGE_CURVE('',#2488,#2488,#2511,.T.);
#2511 = SURFACE_CURVE('',#2512,(#2517,#2524),.PCURVE_S1.);
#2512 = CIRCLE('',#2513,18.7);
#2513 = AXIS2_PLACEMENT_3D('',#2514,#2515,#2516);
#2514 = CARTESIAN_POINT('',(0.,0.,73.));
#2515 = DIRECTION('',(0.,0.,-1.));
#2516 = DIRECTION('',(1.,0.,0.));
#2517 = PCURVE('',#1599,#2518);
#2518 = DEFINITIONAL_REPRESENTATION('',(#2519),#2523);
#2519 = LINE('',#2520,#2521);
#2520 = CARTESIAN_POINT('',(-6.28318530718,-43.));
#2521 = VECTOR('',#2522,1.);
#2522 = DIRECTION('',(1.,-0.));
#2523 = ( GEOMETRIC_REPRESENTATION_CONTEXT(2) 
PARAMETRIC_REPRESENTATION_CONTEXT() REPRESENTATION_CONTEXT('2D SPACE',''
  ) );
#2524 = PCURVE('',#2525,#2530);
#2525 = PLANE('',#2526);
#2526 = AXIS2_PLACEMENT_3D('',#2527,#2528,#2529);
#2527 = CARTESIAN_POINT('',(-5.041253944846E-16,1.130673726555E-15,73.)
  );
#2528 = DIRECTION('',(0.,0.,1.));
#2529 = DIRECTION('',(1.,0.,-0.));
#2530 = DEFINITIONAL_REPRESENTATION('',(#2531),#2539);
#2531 = ( BOUNDED_CURVE() B_SPLINE_CURVE(2,(#2532,#2533,#2534,#2535,
#2536,#2537,#2538),.UNSPECIFIED.,.T.,.F.) B_SPLINE_CURVE_WITH_KNOTS((1,2
    ,2,2,2,1),(-2.094395102393,0.,2.094395102393,4.188790204786,
6.28318530718,8.377580409573),.UNSPECIFIED.) CURVE() 
GEOMETRIC_REPRESENTATION_ITEM() RATIONAL_B_SPLINE_CURVE((1.,0.5,1.,0.5,
1.,0.5,1.)) REPRESENTATION_ITEM('') );
#2532 = CARTESIAN_POINT('',(18.7,-1.130673726555E-15));
#2533 = CARTESIAN_POINT('',(18.7,-32.38935010153));
#2534 = CARTESIAN_POINT('',(-9.35,-16.19467505076));
#2535 = CARTESIAN_POINT('',(-37.4,-5.710852755366E-15));
#2536 = CARTESIAN_POINT('',(-9.35,16.194675050769));
#2537 = CARTESIAN_POINT('',(18.7,32.389350101538));
#2538 = CARTESIAN_POINT('',(18.7,-1.130673726555E-15));
#2539 = ( GEOMETRIC_REPRESENTATION_CONTEXT(2) 
PARAMETRIC_REPRESENTATION_CONTEXT() REPRESENTATION_CONTEXT('2D SPACE',''
  ) );
#2540 = ORIENTED_EDGE('',*,*,#2487,.F.);
#2541 = ADVANCED_FACE('',(#2542),#1634,.F.);
#2542 = FACE_BOUND('',#2543,.T.);
#2543 = EDGE_LOOP('',(#2544,#2545,#2566,#2567));
#2544 = ORIENTED_EDGE('',*,*,#1613,.T.);
#2545 = ORIENTED_EDGE('',*,*,#2546,.T.);
#2546 = EDGE_CURVE('',#1614,#1686,#2547,.T.);
#2547 = SEAM_CURVE('',#2548,(#2552,#2559),.PCURVE_S1.);
#2548 = LINE('',#2549,#2550);
#2549 = CARTESIAN_POINT('',(35.484018715768,33.234018715768,61.));
#2550 = VECTOR('',#2551,1.);
#2551 = DIRECTION('',(0.,0.,1.));
#2552 = PCURVE('',#1634,#2553);
#2553 = DEFINITIONAL_REPRESENTATION('',(#2554),#2558);
#2554 = LINE('',#2555,#2556);
#2555 = CARTESIAN_POINT('',(-6.28318530718,0.));
#2556 = VECTOR('',#2557,1.);
#2557 = DIRECTION('',(-0.,-1.));
#2558 = ( GEOMETRIC_REPRESENTATION_CONTEXT(2) 
PARAMETRIC_REPRESENTATION_CONTEXT() REPRESENTATION_CONTEXT('2D SPACE',''
  ) );
#2559 = PCURVE('',#1634,#2560);
#2560 = DEFINITIONAL_REPRESENTATION('',(#2561),#2565);
#2561 = LINE('',#2562,#2563);
#2562 = CARTESIAN_POINT('',(-0.,0.));
#2563 = VECTOR('',#2564,1.);
#2564 = DIRECTION('',(-0.,-1.));
#2565 = ( GEOMETRIC_REPRESENTATION_CONTEXT(2) 
PARAMETRIC_REPRESENTATION_CONTEXT() REPRESENTATION_CONTEXT('2D SPACE',''
  ) );
#2566 = ORIENTED_EDGE('',*,*,#1685,.F.);
#2567 = ORIENTED_EDGE('',*,*,#2546,.F.);
#2568 = ADVANCED_FACE('',(#2569,#2572),#1889,.T.);
#2569 = FACE_BOUND('',#2570,.T.);
#2570 = EDGE_LOOP('',(#2571));
#2571 = ORIENTED_EDGE('',*,*,#1874,.T.);
#2572 = FACE_BOUND('',#2573,.T.);
#2573 = EDGE_LOOP('',(#2574,#2602,#2628,#2661));
#2574 = ORIENTED_EDGE('',*,*,#2575,.F.);
#2575 = EDGE_CURVE('',#2576,#2578,#2580,.T.);
#2576 = VERTEX_POINT('',#2577);
#2577 = CARTESIAN_POINT('',(-4.,-60.83837534605,65.172599245641));
#2578 = VERTEX_POINT('',#2579);
#2579 = CARTESIAN_POINT('',(4.,-60.83837534605,65.172599245641));
#2580 = SURFACE_CURVE('',#2581,(#2585,#2591),.PCURVE_S1.);
#2581 = LINE('',#2582,#2583);
#2582 = CARTESIAN_POINT('',(2.,-60.83837534605,65.172599245641));
#2583 = VECTOR('',#2584,1.);
#2584 = DIRECTION('',(1.,0.,-0.));
#2585 = PCURVE('',#1889,#2586);
#2586 = DEFINITIONAL_REPRESENTATION('',(#2587),#2590);
#2587 = B_SPLINE_CURVE_WITH_KNOTS('',1,(#2588,#2589),.UNSPECIFIED.,.F.,
  .F.,(2,2),(-6.,2.),.PIECEWISE_BEZIER_KNOTS.);
#2588 = CARTESIAN_POINT('',(5.,-4.));
#2589 = CARTESIAN_POINT('',(5.,4.));
#2590 = ( GEOMETRIC_REPRESENTATION_CONTEXT(2) 
PARAMETRIC_REPRESENTATION_CONTEXT() REPRESENTATION_CONTEXT('2D SPACE',''
  ) );
#2591 = PCURVE('',#2592,#2597);
#2592 = PLANE('',#2593);
#2593 = AXIS2_PLACEMENT_3D('',#2594,#2595,#2596);
#2594 = CARTESIAN_POINT('',(4.,-33.85006745447,65.982248482388));
#2595 = DIRECTION('',(-0.,2.998650910567E-02,-0.999550303522));
#2596 = DIRECTION('',(-1.,0.,0.));
#2597 = DEFINITIONAL_REPRESENTATION('',(#2598),#2601);
#2598 = B_SPLINE_CURVE_WITH_KNOTS('',1,(#2599,#2600),.UNSPECIFIED.,.F.,
  .F.,(2,2),(-6.,2.),.PIECEWISE_BEZIER_KNOTS.);
#2599 = CARTESIAN_POINT('',(8.,-27.00044989879));
#2600 = CARTESIAN_POINT('',(0.,-27.00044989879));
#2601 = ( GEOMETRIC_REPRESENTATION_CONTEXT(2) 
PARAMETRIC_REPRESENTATION_CONTEXT() REPRESENTATION_CONTEXT('2D SPACE',''
  ) );
#2602 = ORIENTED_EDGE('',*,*,#2603,.F.);
#2603 = EDGE_CURVE('',#2604,#2576,#2606,.T.);
#2604 = VERTEX_POINT('',#2605);
#2605 = CARTESIAN_POINT('',(-4.,-60.89834836426,67.171699852685));
#2606 = SURFACE_CURVE('',#2607,(#2611,#2617),.PCURVE_S1.);
#2607 = LINE('',#2608,#2609);
#2608 = CARTESIAN_POINT('',(-4.,-60.91334161881,67.671475004447));
#2609 = VECTOR('',#2610,1.);
#2610 = DIRECTION('',(0.,2.998650910567E-02,-0.999550303522));
#2611 = PCURVE('',#1889,#2612);
#2612 = DEFINITIONAL_REPRESENTATION('',(#2613),#2616);
#2613 = B_SPLINE_CURVE_WITH_KNOTS('',1,(#2614,#2615),.UNSPECIFIED.,.F.,
  .F.,(2,2),(0.5,2.5),.PIECEWISE_BEZIER_KNOTS.);
#2614 = CARTESIAN_POINT('',(3.,-4.));
#2615 = CARTESIAN_POINT('',(5.,-4.));
#2616 = ( GEOMETRIC_REPRESENTATION_CONTEXT(2) 
PARAMETRIC_REPRESENTATION_CONTEXT() REPRESENTATION_CONTEXT('2D SPACE',''
  ) );
#2617 = PCURVE('',#2618,#2623);
#2618 = PLANE('',#2619);
#2619 = AXIS2_PLACEMENT_3D('',#2620,#2621,#2622);
#2620 = CARTESIAN_POINT('',(-4.,-33.85006745447,65.982248482388));
#2621 = DIRECTION('',(-1.,0.,0.));
#2622 = DIRECTION('',(0.,-2.998650910567E-02,0.999550303522));
#2623 = DEFINITIONAL_REPRESENTATION('',(#2624),#2627);
#2624 = B_SPLINE_CURVE_WITH_KNOTS('',1,(#2625,#2626),.UNSPECIFIED.,.F.,
  .F.,(2,2),(0.5,2.5),.PIECEWISE_BEZIER_KNOTS.);
#2625 = CARTESIAN_POINT('',(2.,-27.00044989879));
#2626 = CARTESIAN_POINT('',(-4.884981308351E-15,-27.00044989879));
#2627 = ( GEOMETRIC_REPRESENTATION_CONTEXT(2) 
PARAMETRIC_REPRESENTATION_CONTEXT() REPRESENTATION_CONTEXT('2D SPACE',''
  ) );
#2628 = ORIENTED_EDGE('',*,*,#2629,.T.);
#2629 = EDGE_CURVE('',#2604,#2630,#2632,.T.);
#2630 = VERTEX_POINT('',#2631);
#2631 = CARTESIAN_POINT('',(4.,-60.89834836426,67.171699852685));
#2632 = SURFACE_CURVE('',#2633,(#2638,#2649),.PCURVE_S1.);
#2633 = CIRCLE('',#2634,5.);
#2634 = AXIS2_PLACEMENT_3D('',#2635,#2636,#2637);
#2635 = CARTESIAN_POINT('',(4.440892098501E-16,-60.98830789158,
    70.170350763253));
#2636 = DIRECTION('',(1.734723475977E-18,0.999550303522,
    2.998650910567E-02));
#2637 = DIRECTION('',(-0.8,1.79919054634E-02,-0.599730182113));
#2638 = PCURVE('',#1889,#2639);
#2639 = DEFINITIONAL_REPRESENTATION('',(#2640),#2648);
#2640 = ( BOUNDED_CURVE() B_SPLINE_CURVE(2,(#2641,#2642,#2643,#2644,
#2645,#2646,#2647),.UNSPECIFIED.,.T.,.F.) B_SPLINE_CURVE_WITH_KNOTS((1,2
    ,2,2,2,1),(-2.094395102393,0.,2.094395102393,4.188790204786,
6.28318530718,8.377580409573),.UNSPECIFIED.) CURVE() 
GEOMETRIC_REPRESENTATION_ITEM() RATIONAL_B_SPLINE_CURVE((1.,0.5,1.,0.5,
1.,0.5,1.)) REPRESENTATION_ITEM('') );
#2641 = CARTESIAN_POINT('',(3.,-4.));
#2642 = CARTESIAN_POINT('',(-3.928203230276,-9.196152422707));
#2643 = CARTESIAN_POINT('',(-4.964101615138,-0.598076211353));
#2644 = CARTESIAN_POINT('',(-6.,8.));
#2645 = CARTESIAN_POINT('',(1.964101615138,4.598076211353));
#2646 = CARTESIAN_POINT('',(9.928203230276,1.196152422707));
#2647 = CARTESIAN_POINT('',(3.,-4.));
#2648 = ( GEOMETRIC_REPRESENTATION_CONTEXT(2) 
PARAMETRIC_REPRESENTATION_CONTEXT() REPRESENTATION_CONTEXT('2D SPACE',''
  ) );
#2649 = PCURVE('',#2650,#2655);
#2650 = CYLINDRICAL_SURFACE('',#2651,5.);
#2651 = AXIS2_PLACEMENT_3D('',#2652,#2653,#2654);
#2652 = CARTESIAN_POINT('',(4.440892098501E-16,-34.,70.98));
#2653 = DIRECTION('',(0.,0.999550303522,2.998650910567E-02));
#2654 = DIRECTION('',(-0.8,1.79919054634E-02,-0.599730182113));
#2655 = DEFINITIONAL_REPRESENTATION('',(#2656),#2660);
#2656 = LINE('',#2657,#2658);
#2657 = CARTESIAN_POINT('',(0.,-27.00044989879));
#2658 = VECTOR('',#2659,1.);
#2659 = DIRECTION('',(1.,0.));
#2660 = ( GEOMETRIC_REPRESENTATION_CONTEXT(2) 
PARAMETRIC_REPRESENTATION_CONTEXT() REPRESENTATION_CONTEXT('2D SPACE',''
  ) );
#2661 = ORIENTED_EDGE('',*,*,#2662,.F.);
#2662 = EDGE_CURVE('',#2578,#2630,#2663,.T.);
#2663 = SURFACE_CURVE('',#2664,(#2668,#2674),.PCURVE_S1.);
#2664 = LINE('',#2665,#2666);
#2665 = CARTESIAN_POINT('',(4.,-60.94332812792,68.671025307969));
#2666 = VECTOR('',#2667,1.);
#2667 = DIRECTION('',(4.440892098501E-16,-2.998650910567E-02,
    0.999550303522));
#2668 = PCURVE('',#1889,#2669);
#2669 = DEFINITIONAL_REPRESENTATION('',(#2670),#2673);
#2670 = B_SPLINE_CURVE_WITH_KNOTS('',1,(#2671,#2672),.UNSPECIFIED.,.F.,
  .F.,(2,2),(-3.5,-1.5),.PIECEWISE_BEZIER_KNOTS.);
#2671 = CARTESIAN_POINT('',(5.,4.));
#2672 = CARTESIAN_POINT('',(3.,4.));
#2673 = ( GEOMETRIC_REPRESENTATION_CONTEXT(2) 
PARAMETRIC_REPRESENTATION_CONTEXT() REPRESENTATION_CONTEXT('2D SPACE',''
  ) );
#2674 = PCURVE('',#2675,#2680);
#2675 = PLANE('',#2676);
#2676 = AXIS2_PLACEMENT_3D('',#2677,#2678,#2679);
#2677 = CARTESIAN_POINT('',(4.,-33.91004047268,67.981349089433));
#2678 = DIRECTION('',(1.,1.33166851349E-17,-4.438895044966E-16));
#2679 = DIRECTION('',(-4.440892098501E-16,2.998650910567E-02,
    -0.999550303522));
#2680 = DEFINITIONAL_REPRESENTATION('',(#2681),#2684);
#2681 = B_SPLINE_CURVE_WITH_KNOTS('',1,(#2682,#2683),.UNSPECIFIED.,.F.,
  .F.,(2,2),(-3.5,-1.5),.PIECEWISE_BEZIER_KNOTS.);
#2682 = CARTESIAN_POINT('',(2.,-27.00044989879));
#2683 = CARTESIAN_POINT('',(0.,-27.00044989879));
#2684 = ( GEOMETRIC_REPRESENTATION_CONTEXT(2) 
PARAMETRIC_REPRESENTATION_CONTEXT() REPRESENTATION_CONTEXT('2D SPACE',''
  ) );
#2685 = ADVANCED_FACE('',(#2686),#2113,.F.);
#2686 = FACE_BOUND('',#2687,.T.);
#2687 = EDGE_LOOP('',(#2688,#2717,#2738,#2739));
#2688 = ORIENTED_EDGE('',*,*,#2689,.F.);
#2689 = EDGE_CURVE('',#2690,#2690,#2692,.T.);
#2690 = VERTEX_POINT('',#2691);
#2691 = CARTESIAN_POINT('',(-30.43401871576,-33.23401871576,94.5));
#2692 = SURFACE_CURVE('',#2693,(#2698,#2705),.PCURVE_S1.);
#2693 = CIRCLE('',#2694,2.8);
#2694 = AXIS2_PLACEMENT_3D('',#2695,#2696,#2697);
#2695 = CARTESIAN_POINT('',(-33.23401871576,-33.23401871576,94.5));
#2696 = DIRECTION('',(0.,0.,1.));
#2697 = DIRECTION('',(1.,0.,0.));
#2698 = PCURVE('',#2113,#2699);
#2699 = DEFINITIONAL_REPRESENTATION('',(#2700),#2704);
#2700 = LINE('',#2701,#2702);
#2701 = CARTESIAN_POINT('',(-0.,0.));
#2702 = VECTOR('',#2703,1.);
#2703 = DIRECTION('',(-1.,0.));
#2704 = ( GEOMETRIC_REPRESENTATION_CONTEXT(2) 
PARAMETRIC_REPRESENTATION_CONTEXT() REPRESENTATION_CONTEXT('2D SPACE',''
  ) );
#2705 = PCURVE('',#2706,#2711);
#2706 = PLANE('',#2707);
#2707 = AXIS2_PLACEMENT_3D('',#2708,#2709,#2710);
#2708 = CARTESIAN_POINT('',(-33.23401871576,-33.23401871576,94.5));
#2709 = DIRECTION('',(0.,0.,1.));
#2710 = DIRECTION('',(1.,0.,-0.));
#2711 = DEFINITIONAL_REPRESENTATION('',(#2712),#2716);
#2712 = CIRCLE('',#2713,2.8);
#2713 = AXIS2_PLACEMENT_2D('',#2714,#2715);
#2714 = CARTESIAN_POINT('',(0.,0.));
#2715 = DIRECTION('',(1.,0.));
#2716 = ( GEOMETRIC_REPRESENTATION_CONTEXT(2) 
PARAMETRIC_REPRESENTATION_CONTEXT() REPRESENTATION_CONTEXT('2D SPACE',''
  ) );
#2717 = ORIENTED_EDGE('',*,*,#2718,.T.);
#2718 = EDGE_CURVE('',#2690,#2093,#2719,.T.);
#2719 = SEAM_CURVE('',#2720,(#2724,#2731),.PCURVE_S1.);
#2720 = LINE('',#2721,#2722);
#2721 = CARTESIAN_POINT('',(-30.43401871576,-33.23401871576,94.5));
#2722 = VECTOR('',#2723,1.);
#2723 = DIRECTION('',(0.,0.,1.));
#2724 = PCURVE('',#2113,#2725);
#2725 = DEFINITIONAL_REPRESENTATION('',(#2726),#2730);
#2726 = LINE('',#2727,#2728);
#2727 = CARTESIAN_POINT('',(-6.28318530718,0.));
#2728 = VECTOR('',#2729,1.);
#2729 = DIRECTION('',(-0.,-1.));
#2730 = ( GEOMETRIC_REPRESENTATION_CONTEXT(2) 
PARAMETRIC_REPRESENTATION_CONTEXT() REPRESENTATION_CONTEXT('2D SPACE',''
  ) );
#2731 = PCURVE('',#2113,#2732);
#2732 = DEFINITIONAL_REPRESENTATION('',(#2733),#2737);
#2733 = LINE('',#2734,#2735);
#2734 = CARTESIAN_POINT('',(-0.,0.));
#2735 = VECTOR('',#2736,1.);
#2736 = DIRECTION('',(-0.,-1.));
#2737 = ( GEOMETRIC_REPRESENTATION_CONTEXT(2) 
PARAMETRIC_REPRESENTATION_CONTEXT() REPRESENTATION_CONTEXT('2D SPACE',''
  ) );
#2738 = ORIENTED_EDGE('',*,*,#2092,.F.);
#2739 = ORIENTED_EDGE('',*,*,#2718,.F.);
#2740 = ADVANCED_FACE('',(#2741),#2148,.F.);
#2741 = FACE_BOUND('',#2742,.T.);
#2742 = EDGE_LOOP('',(#2743,#2772,#2793,#2794));
#2743 = ORIENTED_EDGE('',*,*,#2744,.F.);
#2744 = EDGE_CURVE('',#2745,#2745,#2747,.T.);
#2745 = VERTEX_POINT('',#2746);
#2746 = CARTESIAN_POINT('',(36.034018715768,-33.23401871576,94.5));
#2747 = SURFACE_CURVE('',#2748,(#2753,#2760),.PCURVE_S1.);
#2748 = CIRCLE('',#2749,2.8);
#2749 = AXIS2_PLACEMENT_3D('',#2750,#2751,#2752);
#2750 = CARTESIAN_POINT('',(33.234018715768,-33.23401871576,94.5));
#2751 = DIRECTION('',(0.,0.,1.));
#2752 = DIRECTION('',(1.,0.,0.));
#2753 = PCURVE('',#2148,#2754);
#2754 = DEFINITIONAL_REPRESENTATION('',(#2755),#2759);
#2755 = LINE('',#2756,#2757);
#2756 = CARTESIAN_POINT('',(-0.,0.));
#2757 = VECTOR('',#2758,1.);
#2758 = DIRECTION('',(-1.,0.));
#2759 = ( GEOMETRIC_REPRESENTATION_CONTEXT(2) 
PARAMETRIC_REPRESENTATION_CONTEXT() REPRESENTATION_CONTEXT('2D SPACE',''
  ) );
#2760 = PCURVE('',#2761,#2766);
#2761 = PLANE('',#2762);
#2762 = AXIS2_PLACEMENT_3D('',#2763,#2764,#2765);
#2763 = CARTESIAN_POINT('',(33.234018715768,-33.23401871576,94.5));
#2764 = DIRECTION('',(0.,0.,1.));
#2765 = DIRECTION('',(1.,0.,-0.));
#2766 = DEFINITIONAL_REPRESENTATION('',(#2767),#2771);
#2767 = CIRCLE('',#2768,2.8);
#2768 = AXIS2_PLACEMENT_2D('',#2769,#2770);
#2769 = CARTESIAN_POINT('',(0.,0.));
#2770 = DIRECTION('',(1.,0.));
#2771 = ( GEOMETRIC_REPRESENTATION_CONTEXT(2) 
PARAMETRIC_REPRESENTATION_CONTEXT() REPRESENTATION_CONTEXT('2D SPACE',''
  ) );
#2772 = ORIENTED_EDGE('',*,*,#2773,.T.);
#2773 = EDGE_CURVE('',#2745,#2128,#2774,.T.);
#2774 = SEAM_CURVE('',#2775,(#2779,#2786),.PCURVE_S1.);
#2775 = LINE('',#2776,#2777);
#2776 = CARTESIAN_POINT('',(36.034018715768,-33.23401871576,94.5));
#2777 = VECTOR('',#2778,1.);
#2778 = DIRECTION('',(0.,0.,1.));
#2779 = PCURVE('',#2148,#2780);
#2780 = DEFINITIONAL_REPRESENTATION('',(#2781),#2785);
#2781 = LINE('',#2782,#2783);
#2782 = CARTESIAN_POINT('',(-6.28318530718,0.));
#2783 = VECTOR('',#2784,1.);
#2784 = DIRECTION('',(-0.,-1.));
#2785 = ( GEOMETRIC_REPRESENTATION_CONTEXT(2) 
PARAMETRIC_REPRESENTATION_CONTEXT() REPRESENTATION_CONTEXT('2D SPACE',''
  ) );
#2786 = PCURVE('',#2148,#2787);
#2787 = DEFINITIONAL_REPRESENTATION('',(#2788),#2792);
#2788 = LINE('',#2789,#2790);
#2789 = CARTESIAN_POINT('',(-0.,0.));
#2790 = VECTOR('',#2791,1.);
#2791 = DIRECTION('',(-0.,-1.));
#2792 = ( GEOMETRIC_REPRESENTATION_CONTEXT(2) 
PARAMETRIC_REPRESENTATION_CONTEXT() REPRESENTATION_CONTEXT('2D SPACE',''
  ) );
#2793 = ORIENTED_EDGE('',*,*,#2127,.F.);
#2794 = ORIENTED_EDGE('',*,*,#2773,.F.);
#2795 = ADVANCED_FACE('',(#2796),#2183,.F.);
#2796 = FACE_BOUND('',#2797,.T.);
#2797 = EDGE_LOOP('',(#2798,#2827,#2848,#2849));
#2798 = ORIENTED_EDGE('',*,*,#2799,.F.);
#2799 = EDGE_CURVE('',#2800,#2800,#2802,.T.);
#2800 = VERTEX_POINT('',#2801);
#2801 = CARTESIAN_POINT('',(-30.43401871576,33.234018715768,94.5));
#2802 = SURFACE_CURVE('',#2803,(#2808,#2815),.PCURVE_S1.);
#2803 = CIRCLE('',#2804,2.8);
#2804 = AXIS2_PLACEMENT_3D('',#2805,#2806,#2807);
#2805 = CARTESIAN_POINT('',(-33.23401871576,33.234018715768,94.5));
#2806 = DIRECTION('',(0.,0.,1.));
#2807 = DIRECTION('',(1.,0.,0.));
#2808 = PCURVE('',#2183,#2809);
#2809 = DEFINITIONAL_REPRESENTATION('',(#2810),#2814);
#2810 = LINE('',#2811,#2812);
#2811 = CARTESIAN_POINT('',(-0.,0.));
#2812 = VECTOR('',#2813,1.);
#2813 = DIRECTION('',(-1.,0.));
#2814 = ( GEOMETRIC_REPRESENTATION_CONTEXT(2) 
PARAMETRIC_REPRESENTATION_CONTEXT() REPRESENTATION_CONTEXT('2D SPACE',''
  ) );
#2815 = PCURVE('',#2816,#2821);
#2816 = PLANE('',#2817);
#2817 = AXIS2_PLACEMENT_3D('',#2818,#2819,#2820);
#2818 = CARTESIAN_POINT('',(-33.23401871576,33.234018715768,94.5));
#2819 = DIRECTION('',(0.,0.,1.));
#2820 = DIRECTION('',(1.,0.,-0.));
#2821 = DEFINITIONAL_REPRESENTATION('',(#2822),#2826);
#2822 = CIRCLE('',#2823,2.8);
#2823 = AXIS2_PLACEMENT_2D('',#2824,#2825);
#2824 = CARTESIAN_POINT('',(0.,0.));
#2825 = DIRECTION('',(1.,0.));
#2826 = ( GEOMETRIC_REPRESENTATION_CONTEXT(2) 
PARAMETRIC_REPRESENTATION_CONTEXT() REPRESENTATION_CONTEXT('2D SPACE',''
  ) );
#2827 = ORIENTED_EDGE('',*,*,#2828,.T.);
#2828 = EDGE_CURVE('',#2800,#2163,#2829,.T.);
#2829 = SEAM_CURVE('',#2830,(#2834,#2841),.PCURVE_S1.);
#2830 = LINE('',#2831,#2832);
#2831 = CARTESIAN_POINT('',(-30.43401871576,33.234018715768,94.5));
#2832 = VECTOR('',#2833,1.);
#2833 = DIRECTION('',(0.,0.,1.));
#2834 = PCURVE('',#2183,#2835);
#2835 = DEFINITIONAL_REPRESENTATION('',(#2836),#2840);
#2836 = LINE('',#2837,#2838);
#2837 = CARTESIAN_POINT('',(-6.28318530718,0.));
#2838 = VECTOR('',#2839,1.);
#2839 = DIRECTION('',(-0.,-1.));
#2840 = ( GEOMETRIC_REPRESENTATION_CONTEXT(2) 
PARAMETRIC_REPRESENTATION_CONTEXT() REPRESENTATION_CONTEXT('2D SPACE',''
  ) );
#2841 = PCURVE('',#2183,#2842);
#2842 = DEFINITIONAL_REPRESENTATION('',(#2843),#2847);
#2843 = LINE('',#2844,#2845);
#2844 = CARTESIAN_POINT('',(-0.,0.));
#2845 = VECTOR('',#2846,1.);
#2846 = DIRECTION('',(-0.,-1.));
#2847 = ( GEOMETRIC_REPRESENTATION_CONTEXT(2) 
PARAMETRIC_REPRESENTATION_CONTEXT() REPRESENTATION_CONTEXT('2D SPACE',''
  ) );
#2848 = ORIENTED_EDGE('',*,*,#2162,.F.);
#2849 = ORIENTED_EDGE('',*,*,#2828,.F.);
#2850 = ADVANCED_FACE('',(#2851),#2218,.F.);
#2851 = FACE_BOUND('',#2852,.T.);
#2852 = EDGE_LOOP('',(#2853,#2911,#2932,#2933,#2934,#2985));
#2853 = ORIENTED_EDGE('',*,*,#2854,.F.);
#2854 = EDGE_CURVE('',#2855,#2857,#2859,.T.);
#2855 = VERTEX_POINT('',#2856);
#2856 = CARTESIAN_POINT('',(39.,0.,67.));
#2857 = VERTEX_POINT('',#2858);
#2858 = CARTESIAN_POINT('',(-7.484816615536,-38.27502475808,
    65.851749257258));
#2859 = SURFACE_CURVE('',#2860,(#2865,#2899),.PCURVE_S1.);
#2860 = ELLIPSE('',#2861,39.017546053026,39.);
#2861 = AXIS2_PLACEMENT_3D('',#2862,#2863,#2864);
#2862 = CARTESIAN_POINT('',(0.,0.,67.));
#2863 = DIRECTION('',(0.,-2.998650910567E-02,0.999550303522));
#2864 = DIRECTION('',(0.,-0.999550303522,-2.998650910567E-02));
#2865 = PCURVE('',#2218,#2866);
#2866 = DEFINITIONAL_REPRESENTATION('',(#2867),#2898);
#2867 = B_SPLINE_CURVE_WITH_KNOTS('',8,(#2868,#2869,#2870,#2871,#2872,
    #2873,#2874,#2875,#2876,#2877,#2878,#2879,#2880,#2881,#2882,#2883,
    #2884,#2885,#2886,#2887,#2888,#2889,#2890,#2891,#2892,#2893,#2894,
    #2895,#2896,#2897),.UNSPECIFIED.,.F.,.F.,(9,7,7,7,9),(1.570796326795
    ,3.14159265359,4.319689898686,6.08683576633,7.853981633974),
  .UNSPECIFIED.);
#2868 = CARTESIAN_POINT('',(0.,-22.));
#2869 = CARTESIAN_POINT('',(-0.196349540849,-22.22972896279));
#2870 = CARTESIAN_POINT('',(-0.392699081699,-22.45945712601));
#2871 = CARTESIAN_POINT('',(-0.589048622548,-22.67569375609));
#2872 = CARTESIAN_POINT('',(-0.785398163398,-22.86492795828));
#2873 = CARTESIAN_POINT('',(-0.981747704248,-23.0153503514));
#2874 = CARTESIAN_POINT('',(-1.178097245096,-23.11844803978));
#2875 = CARTESIAN_POINT('',(-1.374446785946,-23.17));
#2876 = CARTESIAN_POINT('',(-1.718058482432,-23.17));
#2877 = CARTESIAN_POINT('',(-1.865320638068,-23.14100242528));
#2878 = CARTESIAN_POINT('',(-2.012582793708,-23.08300799018));
#2879 = CARTESIAN_POINT('',(-2.159844949344,-22.99735609359));
#2880 = CARTESIAN_POINT('',(-2.30710710498,-22.88673343347));
#2881 = CARTESIAN_POINT('',(-2.454369260618,-22.75500549631));
#2882 = CARTESIAN_POINT('',(-2.601631416254,-22.60692103093));
#2883 = CARTESIAN_POINT('',(-2.969786805347,-22.20896749327));
#2884 = CARTESIAN_POINT('',(-3.190680038805,-21.9452272632));
#2885 = CARTESIAN_POINT('',(-3.411573272203,-21.67427397472));
#2886 = CARTESIAN_POINT('',(-3.632466505766,-21.41645230732));
#2887 = CARTESIAN_POINT('',(-3.853359739126,-21.19196366335));
#2888 = CARTESIAN_POINT('',(-4.074252972631,-21.01731232845));
#2889 = CARTESIAN_POINT('',(-4.29514620608,-20.90290135642));
#2890 = CARTESIAN_POINT('',(-4.736932672991,-20.80206108743));
#2891 = CARTESIAN_POINT('',(-4.957825906434,-20.81563173466));
#2892 = CARTESIAN_POINT('',(-5.178719139939,-20.89694092868));
#2893 = CARTESIAN_POINT('',(-5.399612373255,-21.04308105849));
#2894 = CARTESIAN_POINT('',(-5.620505606862,-21.24388167595));
#2895 = CARTESIAN_POINT('',(-5.841398840254,-21.48310969064));
#2896 = CARTESIAN_POINT('',(-6.062292073724,-21.74155491685));
#2897 = CARTESIAN_POINT('',(-6.28318530718,-22.));
#2898 = ( GEOMETRIC_REPRESENTATION_CONTEXT(2) 
PARAMETRIC_REPRESENTATION_CONTEXT() REPRESENTATION_CONTEXT('2D SPACE',''
  ) );
#2899 = PCURVE('',#2900,#2905);
#2900 = PLANE('',#2901);
#2901 = AXIS2_PLACEMENT_3D('',#2902,#2903,#2904);
#2902 = CARTESIAN_POINT('',(-60.,-59.97301821134,65.20080945366));
#2903 = DIRECTION('',(0.,-2.998650910567E-02,0.999550303522));
#2904 = DIRECTION('',(1.,0.,0.));
#2905 = DEFINITIONAL_REPRESENTATION('',(#2906),#2910);
#2906 = ELLIPSE('',#2907,39.017546053026,39.);
#2907 = AXIS2_PLACEMENT_2D('',#2908,#2909);
#2908 = CARTESIAN_POINT('',(60.,60.));
#2909 = DIRECTION('',(0.,-1.));
#2910 = ( GEOMETRIC_REPRESENTATION_CONTEXT(2) 
PARAMETRIC_REPRESENTATION_CONTEXT() REPRESENTATION_CONTEXT('2D SPACE',''
  ) );
#2911 = ORIENTED_EDGE('',*,*,#2912,.T.);
#2912 = EDGE_CURVE('',#2855,#2198,#2913,.T.);
#2913 = SEAM_CURVE('',#2914,(#2918,#2925),.PCURVE_S1.);
#2914 = LINE('',#2915,#2916);
#2915 = CARTESIAN_POINT('',(39.,0.,45.));
#2916 = VECTOR('',#2917,1.);
#2917 = DIRECTION('',(0.,0.,1.));
#2918 = PCURVE('',#2218,#2919);
#2919 = DEFINITIONAL_REPRESENTATION('',(#2920),#2924);
#2920 = LINE('',#2921,#2922);
#2921 = CARTESIAN_POINT('',(-0.,0.));
#2922 = VECTOR('',#2923,1.);
#2923 = DIRECTION('',(-0.,-1.));
#2924 = ( GEOMETRIC_REPRESENTATION_CONTEXT(2) 
PARAMETRIC_REPRESENTATION_CONTEXT() REPRESENTATION_CONTEXT('2D SPACE',''
  ) );
#2925 = PCURVE('',#2218,#2926);
#2926 = DEFINITIONAL_REPRESENTATION('',(#2927),#2931);
#2927 = LINE('',#2928,#2929);
#2928 = CARTESIAN_POINT('',(-6.28318530718,0.));
#2929 = VECTOR('',#2930,1.);
#2930 = DIRECTION('',(-0.,-1.));
#2931 = ( GEOMETRIC_REPRESENTATION_CONTEXT(2) 
PARAMETRIC_REPRESENTATION_CONTEXT() REPRESENTATION_CONTEXT('2D SPACE',''
  ) );
#2932 = ORIENTED_EDGE('',*,*,#2197,.F.);
#2933 = ORIENTED_EDGE('',*,*,#2912,.F.);
#2934 = ORIENTED_EDGE('',*,*,#2935,.F.);
#2935 = EDGE_CURVE('',#2936,#2855,#2938,.T.);
#2936 = VERTEX_POINT('',#2937);
#2937 = CARTESIAN_POINT('',(7.484816615536,-38.27502475808,
    65.851749257258));
#2938 = SURFACE_CURVE('',#2939,(#2944,#2978),.PCURVE_S1.);
#2939 = ELLIPSE('',#2940,39.017546053026,39.);
#2940 = AXIS2_PLACEMENT_3D('',#2941,#2942,#2943);
#2941 = CARTESIAN_POINT('',(0.,0.,67.));
#2942 = DIRECTION('',(0.,-2.998650910567E-02,0.999550303522));
#2943 = DIRECTION('',(0.,-0.999550303522,-2.998650910567E-02));
#2944 = PCURVE('',#2218,#2945);
#2945 = DEFINITIONAL_REPRESENTATION('',(#2946),#2977);
#2946 = B_SPLINE_CURVE_WITH_KNOTS('',8,(#2947,#2948,#2949,#2950,#2951,
    #2952,#2953,#2954,#2955,#2956,#2957,#2958,#2959,#2960,#2961,#2962,
    #2963,#2964,#2965,#2966,#2967,#2968,#2969,#2970,#2971,#2972,#2973,
    #2974,#2975,#2976),.UNSPECIFIED.,.F.,.F.,(9,7,7,7,9),(1.570796326795
    ,3.14159265359,4.319689898686,6.08683576633,7.853981633974),
  .UNSPECIFIED.);
#2947 = CARTESIAN_POINT('',(0.,-22.));
#2948 = CARTESIAN_POINT('',(-0.196349540849,-22.22972896279));
#2949 = CARTESIAN_POINT('',(-0.392699081699,-22.45945712601));
#2950 = CARTESIAN_POINT('',(-0.589048622548,-22.67569375609));
#2951 = CARTESIAN_POINT('',(-0.785398163398,-22.86492795828));
#2952 = CARTESIAN_POINT('',(-0.981747704248,-23.0153503514));
#2953 = CARTESIAN_POINT('',(-1.178097245096,-23.11844803978));
#2954 = CARTESIAN_POINT('',(-1.374446785946,-23.17));
#2955 = CARTESIAN_POINT('',(-1.718058482432,-23.17));
#2956 = CARTESIAN_POINT('',(-1.865320638068,-23.14100242528));
#2957 = CARTESIAN_POINT('',(-2.012582793708,-23.08300799018));
#2958 = CARTESIAN_POINT('',(-2.159844949344,-22.99735609359));
#2959 = CARTESIAN_POINT('',(-2.30710710498,-22.88673343347));
#2960 = CARTESIAN_POINT('',(-2.454369260618,-22.75500549631));
#2961 = CARTESIAN_POINT('',(-2.601631416254,-22.60692103093));
#2962 = CARTESIAN_POINT('',(-2.969786805347,-22.20896749327));
#2963 = CARTESIAN_POINT('',(-3.190680038805,-21.9452272632));
#2964 = CARTESIAN_POINT('',(-3.411573272203,-21.67427397472));
#2965 = CARTESIAN_POINT('',(-3.632466505766,-21.41645230732));
#2966 = CARTESIAN_POINT('',(-3.853359739126,-21.19196366335));
#2967 = CARTESIAN_POINT('',(-4.074252972631,-21.01731232845));
#2968 = CARTESIAN_POINT('',(-4.29514620608,-20.90290135642));
#2969 = CARTESIAN_POINT('',(-4.736932672991,-20.80206108743));
#2970 = CARTESIAN_POINT('',(-4.957825906434,-20.81563173466));
#2971 = CARTESIAN_POINT('',(-5.178719139939,-20.89694092868));
#2972 = CARTESIAN_POINT('',(-5.399612373255,-21.04308105849));
#2973 = CARTESIAN_POINT('',(-5.620505606862,-21.24388167595));
#2974 = CARTESIAN_POINT('',(-5.841398840254,-21.48310969064));
#2975 = CARTESIAN_POINT('',(-6.062292073724,-21.74155491685));
#2976 = CARTESIAN_POINT('',(-6.28318530718,-22.));
#2977 = ( GEOMETRIC_REPRESENTATION_CONTEXT(2) 
PARAMETRIC_REPRESENTATION_CONTEXT() REPRESENTATION_CONTEXT('2D SPACE',''
  ) );
#2978 = PCURVE('',#2900,#2979);
#2979 = DEFINITIONAL_REPRESENTATION('',(#2980),#2984);
#2980 = ELLIPSE('',#2981,39.017546053026,39.);
#2981 = AXIS2_PLACEMENT_2D('',#2982,#2983);
#2982 = CARTESIAN_POINT('',(60.,60.));
#2983 = DIRECTION('',(0.,-1.));
#2984 = ( GEOMETRIC_REPRESENTATION_CONTEXT(2) 
PARAMETRIC_REPRESENTATION_CONTEXT() REPRESENTATION_CONTEXT('2D SPACE',''
  ) );
#2985 = ORIENTED_EDGE('',*,*,#2986,.T.);
#2986 = EDGE_CURVE('',#2936,#2857,#2987,.T.);
#2987 = SURFACE_CURVE('',#2988,(#3051,#3146),.PCURVE_S1.);
#2988 = B_SPLINE_CURVE_WITH_KNOTS('',7,(#2989,#2990,#2991,#2992,#2993,
    #2994,#2995,#2996,#2997,#2998,#2999,#3000,#3001,#3002,#3003,#3004,
    #3005,#3006,#3007,#3008,#3009,#3010,#3011,#3012,#3013,#3014,#3015,
    #3016,#3017,#3018,#3019,#3020,#3021,#3022,#3023,#3024,#3025,#3026,
    #3027,#3028,#3029,#3030,#3031,#3032,#3033,#3034,#3035,#3036,#3037,
    #3038,#3039,#3040,#3041,#3042,#3043,#3044,#3045,#3046,#3047,#3048,
    #3049,#3050),.UNSPECIFIED.,.F.,.F.,(8,6,6,6,6,6,6,6,6,6,8),(
    1.059381304469E-02,0.856429782496,1.,1.96912591758,2.896755866542,
    3.336318259078,4.016728748365,4.934349610234,5.706092578543,
    6.412207517518,6.645821486634),.UNSPECIFIED.);
#2989 = CARTESIAN_POINT('',(7.484816615966,-38.27502475733,
    65.851749256875));
#2990 = CARTESIAN_POINT('',(7.862122955728,-38.20124115236,
    66.41928482783));
#2991 = CARTESIAN_POINT('',(8.181428226911,-38.13429446812,
    67.007529489353));
#2992 = CARTESIAN_POINT('',(8.444892301022,-38.07622012286,
    67.61119300906));
#2993 = CARTESIAN_POINT('',(8.65431509764,-38.02843722539,
    68.226247769621));
#2994 = CARTESIAN_POINT('',(8.811020011239,-37.99191065975,
    68.849490832806));
#2995 = CARTESIAN_POINT('',(8.915753852979,-37.96725276145,
    69.47820470587));
#2996 = CARTESIAN_POINT('',(8.977573850153,-37.95264487132,
    70.217142144102));
#2997 = CARTESIAN_POINT('',(8.985048597176,-37.95087599835,
    70.324442449761));
#2998 = CARTESIAN_POINT('',(8.991028371149,-37.94945933829,
    70.431803758963));
#2999 = CARTESIAN_POINT('',(8.995513589297,-37.94839596759,
    70.539212114207));
#3000 = CARTESIAN_POINT('',(8.99850426344,-37.94768666708,
    70.646653568734));
#3001 = CARTESIAN_POINT('',(9.,-37.94733192202,70.754114186534));
#3002 = CARTESIAN_POINT('',(9.,-37.94733192202,71.586994741338));
#3003 = CARTESIAN_POINT('',(8.931847597583,-37.96349606839,
    72.312245516728));
#3004 = CARTESIAN_POINT('',(8.795428647348,-37.99584929119,
    73.033429953017));
#3005 = CARTESIAN_POINT('',(8.589601394153,-38.043853057,73.746408911682
    ));
#3006 = CARTESIAN_POINT('',(8.312321847053,-38.10634844133,
    74.446399870605));
#3007 = CARTESIAN_POINT('',(7.960789121071,-38.18137197926,
    75.127364665115));
#3008 = CARTESIAN_POINT('',(7.120808903436,-38.34669967948,
    76.407023076903));
#3009 = CARTESIAN_POINT('',(6.63720326683,-38.43653976782,
    77.010528433349));
#3010 = CARTESIAN_POINT('',(6.077626241395,-38.53262773992,
    77.582921518859));
#3011 = CARTESIAN_POINT('',(5.439432061299,-38.63103075621,
    78.113371096972));
#3012 = CARTESIAN_POINT('',(4.720932001711,-38.72647815478,
    78.588723643012));
#3013 = CARTESIAN_POINT('',(3.92222340103,-38.81220575776,
    78.992940233934));
#3014 = CARTESIAN_POINT('',(2.631908875438,-38.91331660644,
    79.454332842913));
#3015 = CARTESIAN_POINT('',(2.200290302594,-38.94194305214,
    79.582038216366));
#3016 = CARTESIAN_POINT('',(1.754762058397,-38.96572624403,
    79.686188771951));
#3017 = CARTESIAN_POINT('',(1.298496330795,-38.98384964302,
    79.764569628263));
#3018 = CARTESIAN_POINT('',(0.83488481381,-38.99573138261,79.81566658719
    ));
#3019 = CARTESIAN_POINT('',(0.367447331927,-39.00107351696,
    79.838671173224));
#3020 = CARTESIAN_POINT('',(-0.824240676929,-38.99800990548,
    79.8254806788));
#3021 = CARTESIAN_POINT('',(-1.540080158784,-38.9804897871,
    79.750039733655));
#3022 = CARTESIAN_POINT('',(-2.237693731479,-38.94796889594,
    79.609758838345));
#3023 = CARTESIAN_POINT('',(-2.907510900938,-38.90236126756,
    79.409613140437));
#3024 = CARTESIAN_POINT('',(-3.540987259429,-38.84667304023,
    79.156860681672));
#3025 = CARTESIAN_POINT('',(-4.131063335198,-38.78442692561,
    78.861028795909));
#3026 = CARTESIAN_POINT('',(-5.402768088827,-38.63096050942,
    78.092787958502));
#3027 = CARTESIAN_POINT('',(-6.053757308049,-38.53609884535,
    77.589241198755));
#3028 = CARTESIAN_POINT('',(-6.627012330673,-38.44053074503,
    77.038624278708));
#3029 = CARTESIAN_POINT('',(-7.125557588831,-38.34896527103,
    76.45234534801));
#3030 = CARTESIAN_POINT('',(-7.552815265649,-38.26473001414,
    75.838984487497));
#3031 = CARTESIAN_POINT('',(-7.911961195775,-38.19019553961,
    75.204986266182));
#3032 = CARTESIAN_POINT('',(-8.452401718479,-38.07388450555,
    74.008499863669));
#3033 = CARTESIAN_POINT('',(-8.652933240088,-38.02877552438,
    73.45057822254));
#3034 = CARTESIAN_POINT('',(-8.808430663304,-37.99271481618,
    72.884447584855));
#3035 = CARTESIAN_POINT('',(-8.919920308696,-37.96637336522,
    72.312716043124));
#3036 = CARTESIAN_POINT('',(-8.988118321349,-37.95013870683,
    71.737641372792));
#3037 = CARTESIAN_POINT('',(-9.013403245874,-37.94415488687,
    71.161298440142));
#3038 = CARTESIAN_POINT('',(-8.979649213407,-37.95215639088,
    70.059134379051));
#3039 = CARTESIAN_POINT('',(-8.927604598492,-37.96448531509,
    69.533392540095));
#3040 = CARTESIAN_POINT('',(-8.839696105214,-37.98523962086,
    69.010042473288));
#3041 = CARTESIAN_POINT('',(-8.71569347016,-38.01418058522,
    68.490645942184));
#3042 = CARTESIAN_POINT('',(-8.555111216036,-38.05090422037,
    67.976917238317));
#3043 = CARTESIAN_POINT('',(-8.357229570826,-38.09481584645,
    67.4708388283));
#3044 = CARTESIAN_POINT('',(-8.042988661394,-38.16171789433,
    66.81065933944));
#3045 = CARTESIAN_POINT('',(-7.960678806486,-38.1790464759,
    66.647627081917));
#3046 = CARTESIAN_POINT('',(-7.87413957816,-38.19704321331,
    66.485759299791));
#3047 = CARTESIAN_POINT('',(-7.78332937033,-38.21567615155,
    66.325141301744));
#3048 = CARTESIAN_POINT('',(-7.688203897475,-38.23491014502,
    66.165865740302));
#3049 = CARTESIAN_POINT('',(-7.588716194636,-38.25470685751,
    66.008032611832));
#3050 = CARTESIAN_POINT('',(-7.484816617419,-38.2750247622,
    65.851749256542));
#3051 = PCURVE('',#2218,#3052);
#3052 = DEFINITIONAL_REPRESENTATION('',(#3053),#3145);
#3053 = B_SPLINE_CURVE_WITH_KNOTS('',3,(#3054,#3055,#3056,#3057,#3058,
    #3059,#3060,#3061,#3062,#3063,#3064,#3065,#3066,#3067,#3068,#3069,
    #3070,#3071,#3072,#3073,#3074,#3075,#3076,#3077,#3078,#3079,#3080,
    #3081,#3082,#3083,#3084,#3085,#3086,#3087,#3088,#3089,#3090,#3091,
    #3092,#3093,#3094,#3095,#3096,#3097,#3098,#3099,#3100,#3101,#3102,
    #3103,#3104,#3105,#3106,#3107,#3108,#3109,#3110,#3111,#3112,#3113,
    #3114,#3115,#3116,#3117,#3118,#3119,#3120,#3121,#3122,#3123,#3124,
    #3125,#3126,#3127,#3128,#3129,#3130,#3131,#3132,#3133,#3134,#3135,
    #3136,#3137,#3138,#3139,#3140,#3141,#3142,#3143,#3144),
  .UNSPECIFIED.,.F.,.F.,(4,1,1,1,1,1,1,1,1,1,1,1,1,1,1,1,1,1,1,1,1,1,1,1
    ,1,1,1,1,1,1,1,1,1,1,1,1,1,1,1,1,1,1,1,1,1,1,1,1,1,1,1,1,1,1,1,1,1,1
    ,1,1,1,1,1,1,1,1,1,1,1,1,1,1,1,1,1,1,1,1,1,1,1,1,1,1,1,1,1,1,4),(
    1.059381304469E-02,8.59941275173E-02,0.16139444199,0.236794756463,
    0.312195070935,0.387595385408,0.46299569988,0.538396014353,
    0.613796328826,0.689196643298,0.764596957771,0.839997272243,
    0.915397586716,0.990797901189,1.066198215661,1.141598530134,
    1.216998844606,1.292399159079,1.367799473552,1.443199788024,
    1.518600102497,1.594000416969,1.669400731442,1.744801045915,
    1.820201360387,1.89560167486,1.971001989332,2.046402303805,
    2.121802618278,2.19720293275,2.272603247223,2.348003561695,
    2.423403876168,2.498804190641,2.574204505113,2.649604819586,
    2.725005134059,2.800405448531,2.875805763004,2.951206077476,
    3.026606391949,3.102006706422,3.177407020894,3.252807335367,
    3.328207649839,3.403607964312,3.479008278785,3.554408593257,
    3.62980890773,3.705209222202,3.780609536675,3.856009851148,
    3.93141016562,4.006810480093,4.082210794565,4.157611109038,
    4.233011423511,4.308411737983,4.383812052456,4.459212366928,
    4.534612681401,4.610012995874,4.685413310346,4.760813624819,
    4.836213939291,4.911614253764,4.987014568237,5.062414882709,
    5.137815197182,5.213215511655,5.288615826127,5.3640161406,
    5.439416455072,5.514816769545,5.590217084018,5.66561739849,
    5.741017712963,5.816418027435,5.891818341908,5.967218656381,
    6.042618970853,6.118019285326,6.193419599798,6.268819914271,
    6.344220228744,6.419620543216,6.495020857689,6.570421172161,
    6.645821486634),.QUASI_UNIFORM_KNOTS.);
#3054 = CARTESIAN_POINT('',(-4.905505465816,-20.85174925687));
#3055 = CARTESIAN_POINT('',(-4.907555844974,-20.96980175724));
#3056 = CARTESIAN_POINT('',(-4.911490630365,-21.20819159338));
#3057 = CARTESIAN_POINT('',(-4.916900985772,-21.57194229026));
#3058 = CARTESIAN_POINT('',(-4.921825804502,-21.94114828721));
#3059 = CARTESIAN_POINT('',(-4.926270707897,-22.31517621865));
#3060 = CARTESIAN_POINT('',(-4.930240843379,-22.69343622517));
#3061 = CARTESIAN_POINT('',(-4.933740794052,-23.07538415186));
#3062 = CARTESIAN_POINT('',(-4.936774563262,-23.46051449462));
#3063 = CARTESIAN_POINT('',(-4.939345537706,-23.848355883));
#3064 = CARTESIAN_POINT('',(-4.941456459991,-24.23846716689));
#3065 = CARTESIAN_POINT('',(-4.943109384514,-24.63043004876));
#3066 = CARTESIAN_POINT('',(-4.944305691252,-25.02385642766));
#3067 = CARTESIAN_POINT('',(-4.945045886018,-25.41834184837));
#3068 = CARTESIAN_POINT('',(-4.945329838013,-25.81335038645));
#3069 = CARTESIAN_POINT('',(-4.945157312135,-26.2084444097));
#3070 = CARTESIAN_POINT('',(-4.944527711213,-26.60313552724));
#3071 = CARTESIAN_POINT('',(-4.943439826859,-26.99705045372));
#3072 = CARTESIAN_POINT('',(-4.94189179665,-27.3897704654));
#3073 = CARTESIAN_POINT('',(-4.93988114697,-27.78086883315));
#3074 = CARTESIAN_POINT('',(-4.937404812397,-28.16989618425));
#3075 = CARTESIAN_POINT('',(-4.93445916262,-28.55637943524));
#3076 = CARTESIAN_POINT('',(-4.931040021032,-28.93981713309));
#3077 = CARTESIAN_POINT('',(-4.927142706705,-29.31967421281));
#3078 = CARTESIAN_POINT('',(-4.922761987938,-29.69538130215));
#3079 = CARTESIAN_POINT('',(-4.917892361878,-30.06631504231));
#3080 = CARTESIAN_POINT('',(-4.912527112821,-30.43184841886));
#3081 = CARTESIAN_POINT('',(-4.906661922868,-30.79113865657));
#3082 = CARTESIAN_POINT('',(-4.900281463677,-31.14389477423));
#3083 = CARTESIAN_POINT('',(-4.893371296829,-31.48949261901));
#3084 = CARTESIAN_POINT('',(-4.885926607651,-31.82671510791));
#3085 = CARTESIAN_POINT('',(-4.877940941964,-32.15440230128));
#3086 = CARTESIAN_POINT('',(-4.869409355732,-32.47127274828));
#3087 = CARTESIAN_POINT('',(-4.86032772014,-32.77596624817));
#3088 = CARTESIAN_POINT('',(-4.850693070786,-33.06702663445));
#3089 = CARTESIAN_POINT('',(-4.840503709101,-33.34289982864));
#3090 = CARTESIAN_POINT('',(-4.829759341671,-33.60192738828));
#3091 = CARTESIAN_POINT('',(-4.818461414995,-33.84233922255));
#3092 = CARTESIAN_POINT('',(-4.806612739938,-34.06225037603));
#3093 = CARTESIAN_POINT('',(-4.794219883127,-34.25963842383));
#3094 = CARTESIAN_POINT('',(-4.781285335703,-34.432390223));
#3095 = CARTESIAN_POINT('',(-4.767886726417,-34.57749638321));
#3096 = CARTESIAN_POINT('',(-4.754108154785,-34.69248824473));
#3097 = CARTESIAN_POINT('',(-4.740035151733,-34.77540878101));
#3098 = CARTESIAN_POINT('',(-4.725760884282,-34.82481229456));
#3099 = CARTESIAN_POINT('',(-4.71136377344,-34.83977297258));
#3100 = CARTESIAN_POINT('',(-4.696986432927,-34.81986430828));
#3101 = CARTESIAN_POINT('',(-4.682799309405,-34.7659307289));
#3102 = CARTESIAN_POINT('',(-4.668845088734,-34.67913290974));
#3103 = CARTESIAN_POINT('',(-4.655196779356,-34.56092203349));
#3104 = CARTESIAN_POINT('',(-4.641915959958,-34.41304435791));
#3105 = CARTESIAN_POINT('',(-4.629063254777,-34.23753389362));
#3106 = CARTESIAN_POINT('',(-4.616695604942,-34.03672557148));
#3107 = CARTESIAN_POINT('',(-4.604864051881,-33.81320188278));
#3108 = CARTESIAN_POINT('',(-4.593622598553,-33.5699882777));
#3109 = CARTESIAN_POINT('',(-4.582992175851,-33.3098227941));
#3110 = CARTESIAN_POINT('',(-4.572913524373,-33.0332291969));
#3111 = CARTESIAN_POINT('',(-4.563395421964,-32.74210038916));
#3112 = CARTESIAN_POINT('',(-4.5544281808,-32.43781318492));
#3113 = CARTESIAN_POINT('',(-4.546006149489,-32.12172409005));
#3114 = CARTESIAN_POINT('',(-4.538121900245,-31.79504722012));
#3115 = CARTESIAN_POINT('',(-4.530767989972,-31.45889704553));
#3116 = CARTESIAN_POINT('',(-4.523936680176,-31.11428630112));
#3117 = CARTESIAN_POINT('',(-4.517620191034,-30.76213512968));
#3118 = CARTESIAN_POINT('',(-4.511810806256,-30.40327695161));
#3119 = CARTESIAN_POINT('',(-4.506500989042,-30.03846313016));
#3120 = CARTESIAN_POINT('',(-4.501683552764,-29.66837277048));
#3121 = CARTESIAN_POINT('',(-4.49735155254,-29.29360033719));
#3122 = CARTESIAN_POINT('',(-4.493498885045,-28.91469480003));
#3123 = CARTESIAN_POINT('',(-4.490120784484,-28.53223558845));
#3124 = CARTESIAN_POINT('',(-4.487212773713,-28.14675367897));
#3125 = CARTESIAN_POINT('',(-4.484770916011,-27.75875451978));
#3126 = CARTESIAN_POINT('',(-4.482791758863,-27.36871670539));
#3127 = CARTESIAN_POINT('',(-4.481272363812,-26.97709700812));
#3128 = CARTESIAN_POINT('',(-4.480210314557,-26.58433416893));
#3129 = CARTESIAN_POINT('',(-4.479603739677,-26.19085123108));
#3130 = CARTESIAN_POINT('',(-4.479451311623,-25.79706488011));
#3131 = CARTESIAN_POINT('',(-4.479752338485,-25.4033681527));
#3132 = CARTESIAN_POINT('',(-4.480506434242,-25.0102753794));
#3133 = CARTESIAN_POINT('',(-4.481713743035,-24.61817198103));
#3134 = CARTESIAN_POINT('',(-4.48337508304,-24.22746593182));
#3135 = CARTESIAN_POINT('',(-4.48549187685,-23.83857587556));
#3136 = CARTESIAN_POINT('',(-4.488066144137,-23.45193949939));
#3137 = CARTESIAN_POINT('',(-4.491100485292,-23.06801611311));
#3138 = CARTESIAN_POINT('',(-4.494598051521,-22.68729219841));
#3139 = CARTESIAN_POINT('',(-4.498562591373,-22.31028092242));
#3140 = CARTESIAN_POINT('',(-4.502998219134,-21.93754287371));
#3141 = CARTESIAN_POINT('',(-4.507910250999,-21.56962667304));
#3142 = CARTESIAN_POINT('',(-4.513305147828,-21.20709451903));
#3143 = CARTESIAN_POINT('',(-4.517228218739,-20.96945141981));
#3144 = CARTESIAN_POINT('',(-4.51927249494,-20.85174925654));
#3145 = ( GEOMETRIC_REPRESENTATION_CONTEXT(2) 
PARAMETRIC_REPRESENTATION_CONTEXT() REPRESENTATION_CONTEXT('2D SPACE',''
  ) );
#3146 = PCURVE('',#3147,#3152);
#3147 = CYLINDRICAL_SURFACE('',#3148,9.);
#3148 = AXIS2_PLACEMENT_3D('',#3149,#3150,#3151);
#3149 = CARTESIAN_POINT('',(0.,-35.,70.95));
#3150 = DIRECTION('',(0.,0.999550303522,2.998650910567E-02));
#3151 = DIRECTION('',(1.,0.,0.));
#3152 = DEFINITIONAL_REPRESENTATION('',(#3153),#3245);
#3153 = B_SPLINE_CURVE_WITH_KNOTS('',3,(#3154,#3155,#3156,#3157,#3158,
    #3159,#3160,#3161,#3162,#3163,#3164,#3165,#3166,#3167,#3168,#3169,
    #3170,#3171,#3172,#3173,#3174,#3175,#3176,#3177,#3178,#3179,#3180,
    #3181,#3182,#3183,#3184,#3185,#3186,#3187,#3188,#3189,#3190,#3191,
    #3192,#3193,#3194,#3195,#3196,#3197,#3198,#3199,#3200,#3201,#3202,
    #3203,#3204,#3205,#3206,#3207,#3208,#3209,#3210,#3211,#3212,#3213,
    #3214,#3215,#3216,#3217,#3218,#3219,#3220,#3221,#3222,#3223,#3224,
    #3225,#3226,#3227,#3228,#3229,#3230,#3231,#3232,#3233,#3234,#3235,
    #3236,#3237,#3238,#3239,#3240,#3241,#3242,#3243,#3244),
  .UNSPECIFIED.,.F.,.F.,(4,1,1,1,1,1,1,1,1,1,1,1,1,1,1,1,1,1,1,1,1,1,1,1
    ,1,1,1,1,1,1,1,1,1,1,1,1,1,1,1,1,1,1,1,1,1,1,1,1,1,1,1,1,1,1,1,1,1,1
    ,1,1,1,1,1,1,1,1,1,1,1,1,1,1,1,1,1,1,1,1,1,1,1,1,1,1,1,1,1,1,4),(
    1.059381304469E-02,8.59941275173E-02,0.16139444199,0.236794756463,
    0.312195070935,0.387595385408,0.46299569988,0.538396014353,
    0.613796328826,0.689196643298,0.764596957771,0.839997272243,
    0.915397586716,0.990797901189,1.066198215661,1.141598530134,
    1.216998844606,1.292399159079,1.367799473552,1.443199788024,
    1.518600102497,1.594000416969,1.669400731442,1.744801045915,
    1.820201360387,1.89560167486,1.971001989332,2.046402303805,
    2.121802618278,2.19720293275,2.272603247223,2.348003561695,
    2.423403876168,2.498804190641,2.574204505113,2.649604819586,
    2.725005134059,2.800405448531,2.875805763004,2.951206077476,
    3.026606391949,3.102006706422,3.177407020894,3.252807335367,
    3.328207649839,3.403607964312,3.479008278785,3.554408593257,
    3.62980890773,3.705209222202,3.780609536675,3.856009851148,
    3.93141016562,4.006810480093,4.082210794565,4.157611109038,
    4.233011423511,4.308411737983,4.383812052456,4.459212366928,
    4.534612681401,4.610012995874,4.685413310346,4.760813624819,
    4.836213939291,4.911614253764,4.987014568237,5.062414882709,
    5.137815197182,5.213215511655,5.288615826127,5.3640161406,
    5.439416455072,5.514816769545,5.590217084018,5.66561739849,
    5.741017712963,5.816418027435,5.891818341908,5.967218656381,
    6.042618970853,6.118019285326,6.193419599798,6.268819914271,
    6.344220228744,6.419620543216,6.495020857689,6.570421172161,
    6.645821486634),.QUASI_UNIFORM_KNOTS.);
#3154 = CARTESIAN_POINT('',(-5.6944547729,-3.426430732568));
#3155 = CARTESIAN_POINT('',(-5.710157635967,-3.407548141875));
#3156 = CARTESIAN_POINT('',(-5.741380745532,-3.370484281397));
#3157 = CARTESIAN_POINT('',(-5.787716847615,-3.317266666771));
#3158 = CARTESIAN_POINT('',(-5.833604336726,-3.266713410862));
#3159 = CARTESIAN_POINT('',(-5.879090845679,-3.219068803881));
#3160 = CARTESIAN_POINT('',(-5.92422288899,-3.174552360853));
#3161 = CARTESIAN_POINT('',(-5.969045883233,-3.133356718224));
#3162 = CARTESIAN_POINT('',(-6.013604450596,-3.095650472924));
#3163 = CARTESIAN_POINT('',(-6.057942592973,-3.061579511058));
#3164 = CARTESIAN_POINT('',(-6.102103998343,-3.031268474508));
#3165 = CARTESIAN_POINT('',(-6.146131910845,-3.004822225092));
#3166 = CARTESIAN_POINT('',(-6.19007063578,-2.982326219461));
#3167 = CARTESIAN_POINT('',(-6.233961013719,-2.963850282325));
#3168 = CARTESIAN_POINT('',(-6.27782837928,-2.949450036475));
#3169 = CARTESIAN_POINT('',(-6.321708619764,-2.939155512049));
#3170 = CARTESIAN_POINT('',(-6.365632016301,-2.932977719867));
#3171 = CARTESIAN_POINT('',(-6.409642228862,-2.930905884042));
#3172 = CARTESIAN_POINT('',(-6.45377908844,-2.932912393103));
#3173 = CARTESIAN_POINT('',(-6.498083370633,-2.938950733479));
#3174 = CARTESIAN_POINT('',(-6.542595795573,-2.948955094808));
#3175 = CARTESIAN_POINT('',(-6.587357545483,-2.962839346709));
#3176 = CARTESIAN_POINT('',(-6.632410412603,-2.980496046316));
#3177 = CARTESIAN_POINT('',(-6.677796881765,-3.001795139746));
#3178 = CARTESIAN_POINT('',(-6.723560871783,-3.026583045495));
#3179 = CARTESIAN_POINT('',(-6.769745995467,-3.054679704633));
#3180 = CARTESIAN_POINT('',(-6.816403241521,-3.085882570307));
#3181 = CARTESIAN_POINT('',(-6.863563676943,-3.119944061653));
#3182 = CARTESIAN_POINT('',(-6.911342120973,-3.156647538843));
#3183 = CARTESIAN_POINT('',(-6.959828788427,-3.195733274167));
#3184 = CARTESIAN_POINT('',(-7.009046117301,-3.236846751082));
#3185 = CARTESIAN_POINT('',(-7.059036403079,-3.279603536738));
#3186 = CARTESIAN_POINT('',(-7.109838775988,-3.323570796526));
#3187 = CARTESIAN_POINT('',(-7.161495825406,-3.368271567164));
#3188 = CARTESIAN_POINT('',(-7.214052307706,-3.413183515105));
#3189 = CARTESIAN_POINT('',(-7.267555948494,-3.457739886536));
#3190 = CARTESIAN_POINT('',(-7.322057952578,-3.501330826995));
#3191 = CARTESIAN_POINT('',(-7.377612887761,-3.54330538211));
#3192 = CARTESIAN_POINT('',(-7.43428183467,-3.582975485347));
#3193 = CARTESIAN_POINT('',(-7.4921237785,-3.619617127571));
#3194 = CARTESIAN_POINT('',(-7.551231697935,-3.65248735324));
#3195 = CARTESIAN_POINT('',(-7.611381926894,-3.680675215524));
#3196 = CARTESIAN_POINT('',(-7.672361690322,-3.703386767676));
#3197 = CARTESIAN_POINT('',(-7.733981478948,-3.719968739137));
#3198 = CARTESIAN_POINT('',(-7.796041518416,-3.729929671698));
#3199 = CARTESIAN_POINT('',(-7.858421444963,-3.732958063353));
#3200 = CARTESIAN_POINT('',(-7.92073229693,-3.728929294612));
#3201 = CARTESIAN_POINT('',(-7.982461452293,-3.718064923274));
#3202 = CARTESIAN_POINT('',(-8.043636590963,-3.700732641981));
#3203 = CARTESIAN_POINT('',(-8.104138451456,-3.677429785253));
#3204 = CARTESIAN_POINT('',(-8.163878060809,-3.648770033344));
#3205 = CARTESIAN_POINT('',(-8.222747944624,-3.615464970634));
#3206 = CARTESIAN_POINT('',(-8.280629793533,-3.578307066265));
#3207 = CARTESIAN_POINT('',(-8.337401408497,-3.538138833111));
#3208 = CARTESIAN_POINT('',(-8.392889082905,-3.495865121843));
#3209 = CARTESIAN_POINT('',(-8.447037970646,-3.452298515958));
#3210 = CARTESIAN_POINT('',(-8.500194400438,-3.407861026858));
#3211 = CARTESIAN_POINT('',(-8.552358351196,-3.363190548342));
#3212 = CARTESIAN_POINT('',(-8.603612961401,-3.318811718463));
#3213 = CARTESIAN_POINT('',(-8.654014904586,-3.275221290585));
#3214 = CARTESIAN_POINT('',(-8.703624512426,-3.232866683638));
#3215 = CARTESIAN_POINT('',(-8.752498327564,-3.192153733185));
#3216 = CARTESIAN_POINT('',(-8.800691630261,-3.153447090989));
#3217 = CARTESIAN_POINT('',(-8.848258246715,-3.117072949257));
#3218 = CARTESIAN_POINT('',(-8.895251004785,-3.083321425798));
#3219 = CARTESIAN_POINT('',(-8.941722182442,-3.052449077531));
#3220 = CARTESIAN_POINT('',(-8.987723293937,-3.024681824957));
#3221 = CARTESIAN_POINT('',(-9.033307557971,-3.000216178286));
#3222 = CARTESIAN_POINT('',(-9.078525885536,-2.979224890061));
#3223 = CARTESIAN_POINT('',(-9.123419218246,-2.961860885575));
#3224 = CARTESIAN_POINT('',(-9.168029094014,-2.948252445252));
#3225 = CARTESIAN_POINT('',(-9.212395570325,-2.938505782692));
#3226 = CARTESIAN_POINT('',(-9.256558104622,-2.932705689396));
#3227 = CARTESIAN_POINT('',(-9.300555610842,-2.930916543926));
#3228 = CARTESIAN_POINT('',(-9.344426648222,-2.933183033012));
#3229 = CARTESIAN_POINT('',(-9.388209747831,-2.939530896762));
#3230 = CARTESIAN_POINT('',(-9.431942949508,-2.949967101907));
#3231 = CARTESIAN_POINT('',(-9.475666304475,-2.964481515122));
#3232 = CARTESIAN_POINT('',(-9.519406322025,-2.983039718732));
#3233 = CARTESIAN_POINT('',(-9.563204249918,-3.005592554712));
#3234 = CARTESIAN_POINT('',(-9.607099870809,-3.03207275991));
#3235 = CARTESIAN_POINT('',(-9.651133426028,-3.062394360664));
#3236 = CARTESIAN_POINT('',(-9.695345297503,-3.096451882032));
#3237 = CARTESIAN_POINT('',(-9.739776355103,-3.134119475634));
#3238 = CARTESIAN_POINT('',(-9.784467973711,-3.1752497311));
#3239 = CARTESIAN_POINT('',(-9.829462849939,-3.219673007045));
#3240 = CARTESIAN_POINT('',(-9.874803147177,-3.267194172959));
#3241 = CARTESIAN_POINT('',(-9.920538936729,-3.317598523202));
#3242 = CARTESIAN_POINT('',(-9.966725515504,-3.370653454979));
#3243 = CARTESIAN_POINT('',(-9.997852273967,-3.407604358165));
#3244 = CARTESIAN_POINT('',(-10.01350849497,-3.426430737443));
#3245 = ( GEOMETRIC_REPRESENTATION_CONTEXT(2) 
PARAMETRIC_REPRESENTATION_CONTEXT() REPRESENTATION_CONTEXT('2D SPACE',''
  ) );
#3246 = ADVANCED_FACE('',(#3247),#2253,.F.);
#3247 = FACE_BOUND('',#3248,.T.);
#3248 = EDGE_LOOP('',(#3249,#3278,#3299,#3300));
#3249 = ORIENTED_EDGE('',*,*,#3250,.F.);
#3250 = EDGE_CURVE('',#3251,#3251,#3253,.T.);
#3251 = VERTEX_POINT('',#3252);
#3252 = CARTESIAN_POINT('',(36.034018715768,33.234018715768,94.5));
#3253 = SURFACE_CURVE('',#3254,(#3259,#3266),.PCURVE_S1.);
#3254 = CIRCLE('',#3255,2.8);
#3255 = AXIS2_PLACEMENT_3D('',#3256,#3257,#3258);
#3256 = CARTESIAN_POINT('',(33.234018715768,33.234018715768,94.5));
#3257 = DIRECTION('',(0.,0.,1.));
#3258 = DIRECTION('',(1.,0.,0.));
#3259 = PCURVE('',#2253,#3260);
#3260 = DEFINITIONAL_REPRESENTATION('',(#3261),#3265);
#3261 = LINE('',#3262,#3263);
#3262 = CARTESIAN_POINT('',(-0.,0.));
#3263 = VECTOR('',#3264,1.);
#3264 = DIRECTION('',(-1.,0.));
#3265 = ( GEOMETRIC_REPRESENTATION_CONTEXT(2) 
PARAMETRIC_REPRESENTATION_CONTEXT() REPRESENTATION_CONTEXT('2D SPACE',''
  ) );
#3266 = PCURVE('',#3267,#3272);
#3267 = PLANE('',#3268);
#3268 = AXIS2_PLACEMENT_3D('',#3269,#3270,#3271);
#3269 = CARTESIAN_POINT('',(33.234018715768,33.234018715768,94.5));
#3270 = DIRECTION('',(0.,0.,1.));
#3271 = DIRECTION('',(1.,0.,-0.));
#3272 = DEFINITIONAL_REPRESENTATION('',(#3273),#3277);
#3273 = CIRCLE('',#3274,2.8);
#3274 = AXIS2_PLACEMENT_2D('',#3275,#3276);
#3275 = CARTESIAN_POINT('',(0.,0.));
#3276 = DIRECTION('',(1.,0.));
#3277 = ( GEOMETRIC_REPRESENTATION_CONTEXT(2) 
PARAMETRIC_REPRESENTATION_CONTEXT() REPRESENTATION_CONTEXT('2D SPACE',''
  ) );
#3278 = ORIENTED_EDGE('',*,*,#3279,.T.);
#3279 = EDGE_CURVE('',#3251,#2233,#3280,.T.);
#3280 = SEAM_CURVE('',#3281,(#3285,#3292),.PCURVE_S1.);
#3281 = LINE('',#3282,#3283);
#3282 = CARTESIAN_POINT('',(36.034018715768,33.234018715768,94.5));
#3283 = VECTOR('',#3284,1.);
#3284 = DIRECTION('',(0.,0.,1.));
#3285 = PCURVE('',#2253,#3286);
#3286 = DEFINITIONAL_REPRESENTATION('',(#3287),#3291);
#3287 = LINE('',#3288,#3289);
#3288 = CARTESIAN_POINT('',(-6.28318530718,0.));
#3289 = VECTOR('',#3290,1.);
#3290 = DIRECTION('',(-0.,-1.));
#3291 = ( GEOMETRIC_REPRESENTATION_CONTEXT(2) 
PARAMETRIC_REPRESENTATION_CONTEXT() REPRESENTATION_CONTEXT('2D SPACE',''
  ) );
#3292 = PCURVE('',#2253,#3293);
#3293 = DEFINITIONAL_REPRESENTATION('',(#3294),#3298);
#3294 = LINE('',#3295,#3296);
#3295 = CARTESIAN_POINT('',(-0.,0.));
#3296 = VECTOR('',#3297,1.);
#3297 = DIRECTION('',(-0.,-1.));
#3298 = ( GEOMETRIC_REPRESENTATION_CONTEXT(2) 
PARAMETRIC_REPRESENTATION_CONTEXT() REPRESENTATION_CONTEXT('2D SPACE',''
  ) );
#3299 = ORIENTED_EDGE('',*,*,#2232,.F.);
#3300 = ORIENTED_EDGE('',*,*,#3279,.F.);
#3301 = ADVANCED_FACE('',(#3302,#3333),#2525,.T.);
#3302 = FACE_BOUND('',#3303,.T.);
#3303 = EDGE_LOOP('',(#3304));
#3304 = ORIENTED_EDGE('',*,*,#3305,.T.);
#3305 = EDGE_CURVE('',#3306,#3306,#3308,.T.);
#3306 = VERTEX_POINT('',#3307);
#3307 = CARTESIAN_POINT('',(21.7,0.,73.));
#3308 = SURFACE_CURVE('',#3309,(#3314,#3321),.PCURVE_S1.);
#3309 = CIRCLE('',#3310,21.7);
#3310 = AXIS2_PLACEMENT_3D('',#3311,#3312,#3313);
#3311 = CARTESIAN_POINT('',(0.,0.,73.));
#3312 = DIRECTION('',(0.,0.,1.));
#3313 = DIRECTION('',(1.,0.,0.));
#3314 = PCURVE('',#2525,#3315);
#3315 = DEFINITIONAL_REPRESENTATION('',(#3316),#3320);
#3316 = CIRCLE('',#3317,21.7);
#3317 = AXIS2_PLACEMENT_2D('',#3318,#3319);
#3318 = CARTESIAN_POINT('',(5.041253944846E-16,-1.130673726555E-15));
#3319 = DIRECTION('',(1.,0.));
#3320 = ( GEOMETRIC_REPRESENTATION_CONTEXT(2) 
PARAMETRIC_REPRESENTATION_CONTEXT() REPRESENTATION_CONTEXT('2D SPACE',''
  ) );
#3321 = PCURVE('',#3322,#3327);
#3322 = CYLINDRICAL_SURFACE('',#3323,21.7);
#3323 = AXIS2_PLACEMENT_3D('',#3324,#3325,#3326);
#3324 = CARTESIAN_POINT('',(0.,0.,62.));
#3325 = DIRECTION('',(-0.,-0.,-1.));
#3326 = DIRECTION('',(1.,0.,0.));
#3327 = DEFINITIONAL_REPRESENTATION('',(#3328),#3332);
#3328 = LINE('',#3329,#3330);
#3329 = CARTESIAN_POINT('',(-0.,-11.));
#3330 = VECTOR('',#3331,1.);
#3331 = DIRECTION('',(-1.,0.));
#3332 = ( GEOMETRIC_REPRESENTATION_CONTEXT(2) 
PARAMETRIC_REPRESENTATION_CONTEXT() REPRESENTATION_CONTEXT('2D SPACE',''
  ) );
#3333 = FACE_BOUND('',#3334,.T.);
#3334 = EDGE_LOOP('',(#3335));
#3335 = ORIENTED_EDGE('',*,*,#2510,.T.);
#3336 = ADVANCED_FACE('',(#3337),#2592,.F.);
#3337 = FACE_BOUND('',#3338,.F.);
#3338 = EDGE_LOOP('',(#3339,#3369,#3390,#3391));
#3339 = ORIENTED_EDGE('',*,*,#3340,.F.);
#3340 = EDGE_CURVE('',#3341,#3343,#3345,.T.);
#3341 = VERTEX_POINT('',#3342);
#3342 = CARTESIAN_POINT('',(4.,-33.85006745447,65.982248482388));
#3343 = VERTEX_POINT('',#3344);
#3344 = CARTESIAN_POINT('',(-4.,-33.85006745447,65.982248482388));
#3345 = SURFACE_CURVE('',#3346,(#3350,#3357),.PCURVE_S1.);
#3346 = LINE('',#3347,#3348);
#3347 = CARTESIAN_POINT('',(4.,-33.85006745447,65.982248482388));
#3348 = VECTOR('',#3349,1.);
#3349 = DIRECTION('',(-1.,0.,0.));
#3350 = PCURVE('',#2592,#3351);
#3351 = DEFINITIONAL_REPRESENTATION('',(#3352),#3356);
#3352 = LINE('',#3353,#3354);
#3353 = CARTESIAN_POINT('',(0.,0.));
#3354 = VECTOR('',#3355,1.);
#3355 = DIRECTION('',(1.,0.));
#3356 = ( GEOMETRIC_REPRESENTATION_CONTEXT(2) 
PARAMETRIC_REPRESENTATION_CONTEXT() REPRESENTATION_CONTEXT('2D SPACE',''
  ) );
#3357 = PCURVE('',#3358,#3363);
#3358 = PLANE('',#3359);
#3359 = AXIS2_PLACEMENT_3D('',#3360,#3361,#3362);
#3360 = CARTESIAN_POINT('',(2.111960602118E-16,-33.98333886432,
    70.424628810919));
#3361 = DIRECTION('',(0.,0.999550303522,2.998650910567E-02));
#3362 = DIRECTION('',(0.,-2.998650910567E-02,0.999550303522));
#3363 = DEFINITIONAL_REPRESENTATION('',(#3364),#3368);
#3364 = LINE('',#3365,#3366);
#3365 = CARTESIAN_POINT('',(-4.44437895009,4.));
#3366 = VECTOR('',#3367,1.);
#3367 = DIRECTION('',(0.,-1.));
#3368 = ( GEOMETRIC_REPRESENTATION_CONTEXT(2) 
PARAMETRIC_REPRESENTATION_CONTEXT() REPRESENTATION_CONTEXT('2D SPACE',''
  ) );
#3369 = ORIENTED_EDGE('',*,*,#3370,.T.);
#3370 = EDGE_CURVE('',#3341,#2578,#3371,.T.);
#3371 = SURFACE_CURVE('',#3372,(#3376,#3383),.PCURVE_S1.);
#3372 = LINE('',#3373,#3374);
#3373 = CARTESIAN_POINT('',(4.,-33.85006745447,65.982248482388));
#3374 = VECTOR('',#3375,1.);
#3375 = DIRECTION('',(0.,-0.999550303522,-2.998650910567E-02));
#3376 = PCURVE('',#2592,#3377);
#3377 = DEFINITIONAL_REPRESENTATION('',(#3378),#3382);
#3378 = LINE('',#3379,#3380);
#3379 = CARTESIAN_POINT('',(0.,0.));
#3380 = VECTOR('',#3381,1.);
#3381 = DIRECTION('',(-0.,-1.));
#3382 = ( GEOMETRIC_REPRESENTATION_CONTEXT(2) 
PARAMETRIC_REPRESENTATION_CONTEXT() REPRESENTATION_CONTEXT('2D SPACE',''
  ) );
#3383 = PCURVE('',#2675,#3384);
#3384 = DEFINITIONAL_REPRESENTATION('',(#3385),#3389);
#3385 = LINE('',#3386,#3387);
#3386 = CARTESIAN_POINT('',(2.,2.553512956638E-15));
#3387 = VECTOR('',#3388,1.);
#3388 = DIRECTION('',(0.,-1.));
#3389 = ( GEOMETRIC_REPRESENTATION_CONTEXT(2) 
PARAMETRIC_REPRESENTATION_CONTEXT() REPRESENTATION_CONTEXT('2D SPACE',''
  ) );
#3390 = ORIENTED_EDGE('',*,*,#2575,.F.);
#3391 = ORIENTED_EDGE('',*,*,#3392,.F.);
#3392 = EDGE_CURVE('',#3343,#2576,#3393,.T.);
#3393 = SURFACE_CURVE('',#3394,(#3398,#3405),.PCURVE_S1.);
#3394 = LINE('',#3395,#3396);
#3395 = CARTESIAN_POINT('',(-4.,-33.85006745447,65.982248482388));
#3396 = VECTOR('',#3397,1.);
#3397 = DIRECTION('',(0.,-0.999550303522,-2.998650910567E-02));
#3398 = PCURVE('',#2592,#3399);
#3399 = DEFINITIONAL_REPRESENTATION('',(#3400),#3404);
#3400 = LINE('',#3401,#3402);
#3401 = CARTESIAN_POINT('',(8.,0.));
#3402 = VECTOR('',#3403,1.);
#3403 = DIRECTION('',(-0.,-1.));
#3404 = ( GEOMETRIC_REPRESENTATION_CONTEXT(2) 
PARAMETRIC_REPRESENTATION_CONTEXT() REPRESENTATION_CONTEXT('2D SPACE',''
  ) );
#3405 = PCURVE('',#2618,#3406);
#3406 = DEFINITIONAL_REPRESENTATION('',(#3407),#3411);
#3407 = LINE('',#3408,#3409);
#3408 = CARTESIAN_POINT('',(0.,0.));
#3409 = VECTOR('',#3410,1.);
#3410 = DIRECTION('',(0.,-1.));
#3411 = ( GEOMETRIC_REPRESENTATION_CONTEXT(2) 
PARAMETRIC_REPRESENTATION_CONTEXT() REPRESENTATION_CONTEXT('2D SPACE',''
  ) );
#3412 = ADVANCED_FACE('',(#3413),#2675,.F.);
#3413 = FACE_BOUND('',#3414,.F.);
#3414 = EDGE_LOOP('',(#3415,#3443,#3464,#3465,#3466,#3489));
#3415 = ORIENTED_EDGE('',*,*,#3416,.T.);
#3416 = EDGE_CURVE('',#3417,#3419,#3421,.T.);
#3417 = VERTEX_POINT('',#3418);
#3418 = CARTESIAN_POINT('',(4.,-34.8501348786,65.954495953642));
#3419 = VERTEX_POINT('',#3420);
#3420 = CARTESIAN_POINT('',(4.,-34.91004047268,67.951349089433));
#3421 = SURFACE_CURVE('',#3422,(#3426,#3432),.PCURVE_S1.);
#3422 = LINE('',#3423,#3424);
#3423 = CARTESIAN_POINT('',(4.,-34.95502023634,69.450674544716));
#3424 = VECTOR('',#3425,1.);
#3425 = DIRECTION('',(4.440892098501E-16,-2.998650910567E-02,
    0.999550303522));
#3426 = PCURVE('',#2675,#3427);
#3427 = DEFINITIONAL_REPRESENTATION('',(#3428),#3431);
#3428 = B_SPLINE_CURVE_WITH_KNOTS('',1,(#3429,#3430),.UNSPECIFIED.,.F.,
  .F.,(2,2),(-3.497751517612,-1.5),.PIECEWISE_BEZIER_KNOTS.);
#3429 = CARTESIAN_POINT('',(1.997751517612,-1.000449898796));
#3430 = CARTESIAN_POINT('',(0.,-1.000449898796));
#3431 = ( GEOMETRIC_REPRESENTATION_CONTEXT(2) 
PARAMETRIC_REPRESENTATION_CONTEXT() REPRESENTATION_CONTEXT('2D SPACE',''
  ) );
#3432 = PCURVE('',#3433,#3438);
#3433 = PLANE('',#3434);
#3434 = AXIS2_PLACEMENT_3D('',#3435,#3436,#3437);
#3435 = CARTESIAN_POINT('',(-3.038755850088E-16,-35.,70.95));
#3436 = DIRECTION('',(-0.,-0.999550303522,-2.998650910567E-02));
#3437 = DIRECTION('',(0.,2.998650910567E-02,-0.999550303522));
#3438 = DEFINITIONAL_REPRESENTATION('',(#3439),#3442);
#3439 = B_SPLINE_CURVE_WITH_KNOTS('',1,(#3440,#3441),.UNSPECIFIED.,.F.,
  .F.,(2,2),(-3.497751517612,-1.5),.PIECEWISE_BEZIER_KNOTS.);
#3440 = CARTESIAN_POINT('',(4.997751517612,4.));
#3441 = CARTESIAN_POINT('',(3.,4.));
#3442 = ( GEOMETRIC_REPRESENTATION_CONTEXT(2) 
PARAMETRIC_REPRESENTATION_CONTEXT() REPRESENTATION_CONTEXT('2D SPACE',''
  ) );
#3443 = ORIENTED_EDGE('',*,*,#3444,.T.);
#3444 = EDGE_CURVE('',#3419,#2630,#3445,.T.);
#3445 = SURFACE_CURVE('',#3446,(#3450,#3457),.PCURVE_S1.);
#3446 = LINE('',#3447,#3448);
#3447 = CARTESIAN_POINT('',(4.,-33.91004047268,67.981349089433));
#3448 = VECTOR('',#3449,1.);
#3449 = DIRECTION('',(0.,-0.999550303522,-2.998650910567E-02));
#3450 = PCURVE('',#2675,#3451);
#3451 = DEFINITIONAL_REPRESENTATION('',(#3452),#3456);
#3452 = LINE('',#3453,#3454);
#3453 = CARTESIAN_POINT('',(0.,0.));
#3454 = VECTOR('',#3455,1.);
#3455 = DIRECTION('',(0.,-1.));
#3456 = ( GEOMETRIC_REPRESENTATION_CONTEXT(2) 
PARAMETRIC_REPRESENTATION_CONTEXT() REPRESENTATION_CONTEXT('2D SPACE',''
  ) );
#3457 = PCURVE('',#2650,#3458);
#3458 = DEFINITIONAL_REPRESENTATION('',(#3459),#3463);
#3459 = LINE('',#3460,#3461);
#3460 = CARTESIAN_POINT('',(4.428594871176,0.));
#3461 = VECTOR('',#3462,1.);
#3462 = DIRECTION('',(0.,-1.));
#3463 = ( GEOMETRIC_REPRESENTATION_CONTEXT(2) 
PARAMETRIC_REPRESENTATION_CONTEXT() REPRESENTATION_CONTEXT('2D SPACE',''
  ) );
#3464 = ORIENTED_EDGE('',*,*,#2662,.F.);
#3465 = ORIENTED_EDGE('',*,*,#3370,.F.);
#3466 = ORIENTED_EDGE('',*,*,#3467,.F.);
#3467 = EDGE_CURVE('',#3468,#3341,#3470,.T.);
#3468 = VERTEX_POINT('',#3469);
#3469 = CARTESIAN_POINT('',(4.,-33.8501348786,65.984495953642));
#3470 = SURFACE_CURVE('',#3471,(#3475,#3482),.PCURVE_S1.);
#3471 = LINE('',#3472,#3473);
#3472 = CARTESIAN_POINT('',(4.,-33.91004047268,67.981349089433));
#3473 = VECTOR('',#3474,1.);
#3474 = DIRECTION('',(-4.440892098501E-16,2.998650910567E-02,
    -0.999550303522));
#3475 = PCURVE('',#2675,#3476);
#3476 = DEFINITIONAL_REPRESENTATION('',(#3477),#3481);
#3477 = LINE('',#3478,#3479);
#3478 = CARTESIAN_POINT('',(0.,0.));
#3479 = VECTOR('',#3480,1.);
#3480 = DIRECTION('',(1.,0.));
#3481 = ( GEOMETRIC_REPRESENTATION_CONTEXT(2) 
PARAMETRIC_REPRESENTATION_CONTEXT() REPRESENTATION_CONTEXT('2D SPACE',''
  ) );
#3482 = PCURVE('',#3358,#3483);
#3483 = DEFINITIONAL_REPRESENTATION('',(#3484),#3488);
#3484 = LINE('',#3485,#3486);
#3485 = CARTESIAN_POINT('',(-2.44437895009,4.));
#3486 = VECTOR('',#3487,1.);
#3487 = DIRECTION('',(-1.,-4.440892098501E-16));
#3488 = ( GEOMETRIC_REPRESENTATION_CONTEXT(2) 
PARAMETRIC_REPRESENTATION_CONTEXT() REPRESENTATION_CONTEXT('2D SPACE',''
  ) );
#3489 = ORIENTED_EDGE('',*,*,#3490,.F.);
#3490 = EDGE_CURVE('',#3417,#3468,#3491,.T.);
#3491 = SURFACE_CURVE('',#3492,(#3496,#3502),.PCURVE_S1.);
#3492 = LINE('',#3493,#3494);
#3493 = CARTESIAN_POINT('',(4.,-46.91157654497,65.592652703651));
#3494 = VECTOR('',#3495,1.);
#3495 = DIRECTION('',(0.,0.999550303522,2.998650910567E-02));
#3496 = PCURVE('',#2675,#3497);
#3497 = DEFINITIONAL_REPRESENTATION('',(#3498),#3501);
#3498 = B_SPLINE_CURVE_WITH_KNOTS('',1,(#3499,#3500),.UNSPECIFIED.,.F.,
  .F.,(2,2),(8.64043736114,13.06731799324),.PIECEWISE_BEZIER_KNOTS.);
#3499 = CARTESIAN_POINT('',(1.997751517612,-4.4268806321));
#3500 = CARTESIAN_POINT('',(1.997751517612,1.7763568394E-15));
#3501 = ( GEOMETRIC_REPRESENTATION_CONTEXT(2) 
PARAMETRIC_REPRESENTATION_CONTEXT() REPRESENTATION_CONTEXT('2D SPACE',''
  ) );
#3502 = PCURVE('',#2900,#3503);
#3503 = DEFINITIONAL_REPRESENTATION('',(#3504),#3507);
#3504 = B_SPLINE_CURVE_WITH_KNOTS('',1,(#3505,#3506),.UNSPECIFIED.,.F.,
  .F.,(2,2),(8.64043736114,13.06731799324),.PIECEWISE_BEZIER_KNOTS.);
#3505 = CARTESIAN_POINT('',(64.,21.70775535438));
#3506 = CARTESIAN_POINT('',(64.,26.13463598648));
#3507 = ( GEOMETRIC_REPRESENTATION_CONTEXT(2) 
PARAMETRIC_REPRESENTATION_CONTEXT() REPRESENTATION_CONTEXT('2D SPACE',''
  ) );
#3508 = ADVANCED_FACE('',(#3509),#2650,.F.);
#3509 = FACE_BOUND('',#3510,.F.);
#3510 = EDGE_LOOP('',(#3511,#3539,#3560,#3561));
#3511 = ORIENTED_EDGE('',*,*,#3512,.F.);
#3512 = EDGE_CURVE('',#3513,#3419,#3515,.T.);
#3513 = VERTEX_POINT('',#3514);
#3514 = CARTESIAN_POINT('',(-4.,-34.91004047268,67.951349089433));
#3515 = SURFACE_CURVE('',#3516,(#3521,#3528),.PCURVE_S1.);
#3516 = CIRCLE('',#3517,5.);
#3517 = AXIS2_PLACEMENT_3D('',#3518,#3519,#3520);
#3518 = CARTESIAN_POINT('',(4.440892098501E-16,-35.,70.95));
#3519 = DIRECTION('',(1.734723475977E-18,0.999550303522,
    2.998650910567E-02));
#3520 = DIRECTION('',(-0.8,1.79919054634E-02,-0.599730182113));
#3521 = PCURVE('',#2650,#3522);
#3522 = DEFINITIONAL_REPRESENTATION('',(#3523),#3527);
#3523 = LINE('',#3524,#3525);
#3524 = CARTESIAN_POINT('',(0.,-1.000449898796));
#3525 = VECTOR('',#3526,1.);
#3526 = DIRECTION('',(1.,0.));
#3527 = ( GEOMETRIC_REPRESENTATION_CONTEXT(2) 
PARAMETRIC_REPRESENTATION_CONTEXT() REPRESENTATION_CONTEXT('2D SPACE',''
  ) );
#3528 = PCURVE('',#3433,#3529);
#3529 = DEFINITIONAL_REPRESENTATION('',(#3530),#3538);
#3530 = ( BOUNDED_CURVE() B_SPLINE_CURVE(2,(#3531,#3532,#3533,#3534,
#3535,#3536,#3537),.UNSPECIFIED.,.T.,.F.) B_SPLINE_CURVE_WITH_KNOTS((1,2
    ,2,2,2,1),(-2.094395102393,0.,2.094395102393,4.188790204786,
6.28318530718,8.377580409573),.UNSPECIFIED.) CURVE() 
GEOMETRIC_REPRESENTATION_ITEM() RATIONAL_B_SPLINE_CURVE((1.,0.5,1.,0.5,
1.,0.5,1.)) REPRESENTATION_ITEM('') );
#3531 = CARTESIAN_POINT('',(3.,-4.));
#3532 = CARTESIAN_POINT('',(-3.928203230276,-9.196152422707));
#3533 = CARTESIAN_POINT('',(-4.964101615138,-0.598076211353));
#3534 = CARTESIAN_POINT('',(-6.,8.));
#3535 = CARTESIAN_POINT('',(1.964101615138,4.598076211353));
#3536 = CARTESIAN_POINT('',(9.928203230276,1.196152422707));
#3537 = CARTESIAN_POINT('',(3.,-4.));
#3538 = ( GEOMETRIC_REPRESENTATION_CONTEXT(2) 
PARAMETRIC_REPRESENTATION_CONTEXT() REPRESENTATION_CONTEXT('2D SPACE',''
  ) );
#3539 = ORIENTED_EDGE('',*,*,#3540,.T.);
#3540 = EDGE_CURVE('',#3513,#2604,#3541,.T.);
#3541 = SURFACE_CURVE('',#3542,(#3546,#3553),.PCURVE_S1.);
#3542 = LINE('',#3543,#3544);
#3543 = CARTESIAN_POINT('',(-4.,-33.91004047268,67.981349089433));
#3544 = VECTOR('',#3545,1.);
#3545 = DIRECTION('',(0.,-0.999550303522,-2.998650910567E-02));
#3546 = PCURVE('',#2650,#3547);
#3547 = DEFINITIONAL_REPRESENTATION('',(#3548),#3552);
#3548 = LINE('',#3549,#3550);
#3549 = CARTESIAN_POINT('',(0.,0.));
#3550 = VECTOR('',#3551,1.);
#3551 = DIRECTION('',(0.,-1.));
#3552 = ( GEOMETRIC_REPRESENTATION_CONTEXT(2) 
PARAMETRIC_REPRESENTATION_CONTEXT() REPRESENTATION_CONTEXT('2D SPACE',''
  ) );
#3553 = PCURVE('',#2618,#3554);
#3554 = DEFINITIONAL_REPRESENTATION('',(#3555),#3559);
#3555 = LINE('',#3556,#3557);
#3556 = CARTESIAN_POINT('',(2.,-2.553512956638E-15));
#3557 = VECTOR('',#3558,1.);
#3558 = DIRECTION('',(0.,-1.));
#3559 = ( GEOMETRIC_REPRESENTATION_CONTEXT(2) 
PARAMETRIC_REPRESENTATION_CONTEXT() REPRESENTATION_CONTEXT('2D SPACE',''
  ) );
#3560 = ORIENTED_EDGE('',*,*,#2629,.T.);
#3561 = ORIENTED_EDGE('',*,*,#3444,.F.);
#3562 = ADVANCED_FACE('',(#3563),#2618,.F.);
#3563 = FACE_BOUND('',#3564,.F.);
#3564 = EDGE_LOOP('',(#3565,#3588,#3589,#3590,#3591,#3612));
#3565 = ORIENTED_EDGE('',*,*,#3566,.F.);
#3566 = EDGE_CURVE('',#3343,#3567,#3569,.T.);
#3567 = VERTEX_POINT('',#3568);
#3568 = CARTESIAN_POINT('',(-4.,-33.8501348786,65.984495953642));
#3569 = SURFACE_CURVE('',#3570,(#3574,#3581),.PCURVE_S1.);
#3570 = LINE('',#3571,#3572);
#3571 = CARTESIAN_POINT('',(-4.,-33.85006745447,65.982248482388));
#3572 = VECTOR('',#3573,1.);
#3573 = DIRECTION('',(0.,-2.998650910567E-02,0.999550303522));
#3574 = PCURVE('',#2618,#3575);
#3575 = DEFINITIONAL_REPRESENTATION('',(#3576),#3580);
#3576 = LINE('',#3577,#3578);
#3577 = CARTESIAN_POINT('',(0.,0.));
#3578 = VECTOR('',#3579,1.);
#3579 = DIRECTION('',(1.,0.));
#3580 = ( GEOMETRIC_REPRESENTATION_CONTEXT(2) 
PARAMETRIC_REPRESENTATION_CONTEXT() REPRESENTATION_CONTEXT('2D SPACE',''
  ) );
#3581 = PCURVE('',#3358,#3582);
#3582 = DEFINITIONAL_REPRESENTATION('',(#3583),#3587);
#3583 = LINE('',#3584,#3585);
#3584 = CARTESIAN_POINT('',(-4.44437895009,-4.));
#3585 = VECTOR('',#3586,1.);
#3586 = DIRECTION('',(1.,0.));
#3587 = ( GEOMETRIC_REPRESENTATION_CONTEXT(2) 
PARAMETRIC_REPRESENTATION_CONTEXT() REPRESENTATION_CONTEXT('2D SPACE',''
  ) );
#3588 = ORIENTED_EDGE('',*,*,#3392,.T.);
#3589 = ORIENTED_EDGE('',*,*,#2603,.F.);
#3590 = ORIENTED_EDGE('',*,*,#3540,.F.);
#3591 = ORIENTED_EDGE('',*,*,#3592,.T.);
#3592 = EDGE_CURVE('',#3513,#3593,#3595,.T.);
#3593 = VERTEX_POINT('',#3594);
#3594 = CARTESIAN_POINT('',(-4.,-34.8501348786,65.954495953642));
#3595 = SURFACE_CURVE('',#3596,(#3600,#3606),.PCURVE_S1.);
#3596 = LINE('',#3597,#3598);
#3597 = CARTESIAN_POINT('',(-4.,-34.92503372723,68.451124241194));
#3598 = VECTOR('',#3599,1.);
#3599 = DIRECTION('',(0.,2.998650910567E-02,-0.999550303522));
#3600 = PCURVE('',#2618,#3601);
#3601 = DEFINITIONAL_REPRESENTATION('',(#3602),#3605);
#3602 = B_SPLINE_CURVE_WITH_KNOTS('',1,(#3603,#3604),.UNSPECIFIED.,.F.,
  .F.,(2,2),(0.5,2.497751517612),.PIECEWISE_BEZIER_KNOTS.);
#3603 = CARTESIAN_POINT('',(2.,-1.000449898796));
#3604 = CARTESIAN_POINT('',(2.248482388162E-03,-1.000449898796));
#3605 = ( GEOMETRIC_REPRESENTATION_CONTEXT(2) 
PARAMETRIC_REPRESENTATION_CONTEXT() REPRESENTATION_CONTEXT('2D SPACE',''
  ) );
#3606 = PCURVE('',#3433,#3607);
#3607 = DEFINITIONAL_REPRESENTATION('',(#3608),#3611);
#3608 = B_SPLINE_CURVE_WITH_KNOTS('',1,(#3609,#3610),.UNSPECIFIED.,.F.,
  .F.,(2,2),(0.5,2.497751517612),.PIECEWISE_BEZIER_KNOTS.);
#3609 = CARTESIAN_POINT('',(3.,-4.));
#3610 = CARTESIAN_POINT('',(4.997751517612,-4.));
#3611 = ( GEOMETRIC_REPRESENTATION_CONTEXT(2) 
PARAMETRIC_REPRESENTATION_CONTEXT() REPRESENTATION_CONTEXT('2D SPACE',''
  ) );
#3612 = ORIENTED_EDGE('',*,*,#3613,.F.);
#3613 = EDGE_CURVE('',#3567,#3593,#3614,.T.);
#3614 = SURFACE_CURVE('',#3615,(#3619,#3625),.PCURVE_S1.);
#3615 = LINE('',#3616,#3617);
#3616 = CARTESIAN_POINT('',(-4.,-46.91157654497,65.592652703651));
#3617 = VECTOR('',#3618,1.);
#3618 = DIRECTION('',(-0.,-0.999550303522,-2.998650910567E-02));
#3619 = PCURVE('',#2618,#3620);
#3620 = DEFINITIONAL_REPRESENTATION('',(#3621),#3624);
#3621 = B_SPLINE_CURVE_WITH_KNOTS('',1,(#3622,#3623),.UNSPECIFIED.,.F.,
  .F.,(2,2),(-13.06731799324,-8.64043736114),.PIECEWISE_BEZIER_KNOTS.);
#3622 = CARTESIAN_POINT('',(2.248482388171E-03,0.));
#3623 = CARTESIAN_POINT('',(2.248482388171E-03,-4.4268806321));
#3624 = ( GEOMETRIC_REPRESENTATION_CONTEXT(2) 
PARAMETRIC_REPRESENTATION_CONTEXT() REPRESENTATION_CONTEXT('2D SPACE',''
  ) );
#3625 = PCURVE('',#2900,#3626);
#3626 = DEFINITIONAL_REPRESENTATION('',(#3627),#3630);
#3627 = B_SPLINE_CURVE_WITH_KNOTS('',1,(#3628,#3629),.UNSPECIFIED.,.F.,
  .F.,(2,2),(-13.06731799324,-8.64043736114),.PIECEWISE_BEZIER_KNOTS.);
#3628 = CARTESIAN_POINT('',(56.,26.13463598648));
#3629 = CARTESIAN_POINT('',(56.,21.70775535438));
#3630 = ( GEOMETRIC_REPRESENTATION_CONTEXT(2) 
PARAMETRIC_REPRESENTATION_CONTEXT() REPRESENTATION_CONTEXT('2D SPACE',''
  ) );
#3631 = ADVANCED_FACE('',(#3632),#2706,.T.);
#3632 = FACE_BOUND('',#3633,.T.);
#3633 = EDGE_LOOP('',(#3634));
#3634 = ORIENTED_EDGE('',*,*,#2689,.T.);
#3635 = ADVANCED_FACE('',(#3636),#2761,.T.);
#3636 = FACE_BOUND('',#3637,.T.);
#3637 = EDGE_LOOP('',(#3638));
#3638 = ORIENTED_EDGE('',*,*,#2744,.T.);
#3639 = ADVANCED_FACE('',(#3640),#2816,.T.);
#3640 = FACE_BOUND('',#3641,.T.);
#3641 = EDGE_LOOP('',(#3642));
#3642 = ORIENTED_EDGE('',*,*,#2799,.T.);
#3643 = ADVANCED_FACE('',(#3644,#3749),#2900,.T.);
#3644 = FACE_BOUND('',#3645,.T.);
#3645 = EDGE_LOOP('',(#3646,#3667,#3668,#3669,#3690,#3709,#3710,#3729,
    #3730));
#3646 = ORIENTED_EDGE('',*,*,#3647,.F.);
#3647 = EDGE_CURVE('',#2936,#3648,#3650,.T.);
#3648 = VERTEX_POINT('',#3649);
#3649 = CARTESIAN_POINT('',(7.484816615536,-34.8501348786,
    65.954495953642));
#3650 = SURFACE_CURVE('',#3651,(#3655,#3661),.PCURVE_S1.);
#3651 = LINE('',#3652,#3653);
#3652 = CARTESIAN_POINT('',(7.484816615536,-34.8501348786,
    65.954495953642));
#3653 = VECTOR('',#3654,1.);
#3654 = DIRECTION('',(0.,0.999550303522,2.998650910567E-02));
#3655 = PCURVE('',#2900,#3656);
#3656 = DEFINITIONAL_REPRESENTATION('',(#3657),#3660);
#3657 = B_SPLINE_CURVE_WITH_KNOTS('',1,(#3658,#3659),.UNSPECIFIED.,.F.,
  .F.,(2,2),(-11.95524135131,6.000000030604E-07),
  .PIECEWISE_BEZIER_KNOTS.);
#3658 = CARTESIAN_POINT('',(67.484816615536,13.178944736369));
#3659 = CARTESIAN_POINT('',(67.484816615536,25.134186687685));
#3660 = ( GEOMETRIC_REPRESENTATION_CONTEXT(2) 
PARAMETRIC_REPRESENTATION_CONTEXT() REPRESENTATION_CONTEXT('2D SPACE',''
  ) );
#3661 = PCURVE('',#3147,#3662);
#3662 = DEFINITIONAL_REPRESENTATION('',(#3663),#3666);
#3663 = B_SPLINE_CURVE_WITH_KNOTS('',1,(#3664,#3665),.UNSPECIFIED.,.F.,
  .F.,(2,2),(-3.426430733304,-4.261339243168E-16),
  .PIECEWISE_BEZIER_KNOTS.);
#3664 = CARTESIAN_POINT('',(-5.694454772911,-3.426430733304));
#3665 = CARTESIAN_POINT('',(-5.694454772911,-1.841668280714E-15));
#3666 = ( GEOMETRIC_REPRESENTATION_CONTEXT(2) 
PARAMETRIC_REPRESENTATION_CONTEXT() REPRESENTATION_CONTEXT('2D SPACE',''
  ) );
#3667 = ORIENTED_EDGE('',*,*,#2935,.T.);
#3668 = ORIENTED_EDGE('',*,*,#2854,.T.);
#3669 = ORIENTED_EDGE('',*,*,#3670,.T.);
#3670 = EDGE_CURVE('',#2857,#3671,#3673,.T.);
#3671 = VERTEX_POINT('',#3672);
#3672 = CARTESIAN_POINT('',(-7.484816615536,-34.8501348786,
    65.954495953642));
#3673 = SURFACE_CURVE('',#3674,(#3678,#3684),.PCURVE_S1.);
#3674 = LINE('',#3675,#3676);
#3675 = CARTESIAN_POINT('',(-7.484816615536,-34.8501348786,
    65.954495953642));
#3676 = VECTOR('',#3677,1.);
#3677 = DIRECTION('',(0.,0.999550303522,2.998650910567E-02));
#3678 = PCURVE('',#2900,#3679);
#3679 = DEFINITIONAL_REPRESENTATION('',(#3680),#3683);
#3680 = B_SPLINE_CURVE_WITH_KNOTS('',1,(#3681,#3682),.UNSPECIFIED.,.F.,
  .F.,(2,2),(-11.95524135131,6.000000030604E-07),
  .PIECEWISE_BEZIER_KNOTS.);
#3681 = CARTESIAN_POINT('',(52.515183384464,13.178944736369));
#3682 = CARTESIAN_POINT('',(52.515183384464,25.134186687685));
#3683 = ( GEOMETRIC_REPRESENTATION_CONTEXT(2) 
PARAMETRIC_REPRESENTATION_CONTEXT() REPRESENTATION_CONTEXT('2D SPACE',''
  ) );
#3684 = PCURVE('',#3147,#3685);
#3685 = DEFINITIONAL_REPRESENTATION('',(#3686),#3689);
#3686 = B_SPLINE_CURVE_WITH_KNOTS('',1,(#3687,#3688),.UNSPECIFIED.,.F.,
  .F.,(2,2),(-3.426430733304,-4.261339243168E-16),
  .PIECEWISE_BEZIER_KNOTS.);
#3687 = CARTESIAN_POINT('',(-10.01350849503,-3.426430733304));
#3688 = CARTESIAN_POINT('',(-10.01350849503,-1.841668280714E-15));
#3689 = ( GEOMETRIC_REPRESENTATION_CONTEXT(2) 
PARAMETRIC_REPRESENTATION_CONTEXT() REPRESENTATION_CONTEXT('2D SPACE',''
  ) );
#3690 = ORIENTED_EDGE('',*,*,#3691,.T.);
#3691 = EDGE_CURVE('',#3671,#3593,#3692,.T.);
#3692 = SURFACE_CURVE('',#3693,(#3697,#3703),.PCURVE_S1.);
#3693 = LINE('',#3694,#3695);
#3694 = CARTESIAN_POINT('',(-30.,-34.8501348786,65.954495953642));
#3695 = VECTOR('',#3696,1.);
#3696 = DIRECTION('',(1.,0.,-0.));
#3697 = PCURVE('',#2900,#3698);
#3698 = DEFINITIONAL_REPRESENTATION('',(#3699),#3702);
#3699 = B_SPLINE_CURVE_WITH_KNOTS('',1,(#3700,#3701),.UNSPECIFIED.,.F.,
  .F.,(2,2),(21.,39.),.PIECEWISE_BEZIER_KNOTS.);
#3700 = CARTESIAN_POINT('',(51.,25.134186087685));
#3701 = CARTESIAN_POINT('',(69.,25.134186087685));
#3702 = ( GEOMETRIC_REPRESENTATION_CONTEXT(2) 
PARAMETRIC_REPRESENTATION_CONTEXT() REPRESENTATION_CONTEXT('2D SPACE',''
  ) );
#3703 = PCURVE('',#3433,#3704);
#3704 = DEFINITIONAL_REPRESENTATION('',(#3705),#3708);
#3705 = B_SPLINE_CURVE_WITH_KNOTS('',1,(#3706,#3707),.UNSPECIFIED.,.F.,
  .F.,(2,2),(21.,39.),.PIECEWISE_BEZIER_KNOTS.);
#3706 = CARTESIAN_POINT('',(4.997751517612,-9.));
#3707 = CARTESIAN_POINT('',(4.997751517612,9.));
#3708 = ( GEOMETRIC_REPRESENTATION_CONTEXT(2) 
PARAMETRIC_REPRESENTATION_CONTEXT() REPRESENTATION_CONTEXT('2D SPACE',''
  ) );
#3709 = ORIENTED_EDGE('',*,*,#3613,.F.);
#3710 = ORIENTED_EDGE('',*,*,#3711,.F.);
#3711 = EDGE_CURVE('',#3468,#3567,#3712,.T.);
#3712 = SURFACE_CURVE('',#3713,(#3717,#3723),.PCURVE_S1.);
#3713 = LINE('',#3714,#3715);
#3714 = CARTESIAN_POINT('',(-30.,-33.8501348786,65.984495953642));
#3715 = VECTOR('',#3716,1.);
#3716 = DIRECTION('',(-1.,0.,0.));
#3717 = PCURVE('',#2900,#3718);
#3718 = DEFINITIONAL_REPRESENTATION('',(#3719),#3722);
#3719 = B_SPLINE_CURVE_WITH_KNOTS('',1,(#3720,#3721),.UNSPECIFIED.,.F.,
  .F.,(2,2),(-35.,-25.),.PIECEWISE_BEZIER_KNOTS.);
#3720 = CARTESIAN_POINT('',(65.,26.13463598648));
#3721 = CARTESIAN_POINT('',(55.,26.13463598648));
#3722 = ( GEOMETRIC_REPRESENTATION_CONTEXT(2) 
PARAMETRIC_REPRESENTATION_CONTEXT() REPRESENTATION_CONTEXT('2D SPACE',''
  ) );
#3723 = PCURVE('',#3358,#3724);
#3724 = DEFINITIONAL_REPRESENTATION('',(#3725),#3728);
#3725 = B_SPLINE_CURVE_WITH_KNOTS('',1,(#3726,#3727),.UNSPECIFIED.,.F.,
  .F.,(2,2),(-35.,-25.),.PIECEWISE_BEZIER_KNOTS.);
#3726 = CARTESIAN_POINT('',(-4.442130467701,5.));
#3727 = CARTESIAN_POINT('',(-4.442130467701,-5.));
#3728 = ( GEOMETRIC_REPRESENTATION_CONTEXT(2) 
PARAMETRIC_REPRESENTATION_CONTEXT() REPRESENTATION_CONTEXT('2D SPACE',''
  ) );
#3729 = ORIENTED_EDGE('',*,*,#3490,.F.);
#3730 = ORIENTED_EDGE('',*,*,#3731,.T.);
#3731 = EDGE_CURVE('',#3417,#3648,#3732,.T.);
#3732 = SURFACE_CURVE('',#3733,(#3737,#3743),.PCURVE_S1.);
#3733 = LINE('',#3734,#3735);
#3734 = CARTESIAN_POINT('',(-30.,-34.8501348786,65.954495953642));
#3735 = VECTOR('',#3736,1.);
#3736 = DIRECTION('',(1.,0.,-0.));
#3737 = PCURVE('',#2900,#3738);
#3738 = DEFINITIONAL_REPRESENTATION('',(#3739),#3742);
#3739 = B_SPLINE_CURVE_WITH_KNOTS('',1,(#3740,#3741),.UNSPECIFIED.,.F.,
  .F.,(2,2),(21.,39.),.PIECEWISE_BEZIER_KNOTS.);
#3740 = CARTESIAN_POINT('',(51.,25.134186087685));
#3741 = CARTESIAN_POINT('',(69.,25.134186087685));
#3742 = ( GEOMETRIC_REPRESENTATION_CONTEXT(2) 
PARAMETRIC_REPRESENTATION_CONTEXT() REPRESENTATION_CONTEXT('2D SPACE',''
  ) );
#3743 = PCURVE('',#3433,#3744);
#3744 = DEFINITIONAL_REPRESENTATION('',(#3745),#3748);
#3745 = B_SPLINE_CURVE_WITH_KNOTS('',1,(#3746,#3747),.UNSPECIFIED.,.F.,
  .F.,(2,2),(21.,39.),.PIECEWISE_BEZIER_KNOTS.);
#3746 = CARTESIAN_POINT('',(4.997751517612,-9.));
#3747 = CARTESIAN_POINT('',(4.997751517612,9.));
#3748 = ( GEOMETRIC_REPRESENTATION_CONTEXT(2) 
PARAMETRIC_REPRESENTATION_CONTEXT() REPRESENTATION_CONTEXT('2D SPACE',''
  ) );
#3749 = FACE_BOUND('',#3750,.T.);
#3750 = EDGE_LOOP('',(#3751));
#3751 = ORIENTED_EDGE('',*,*,#3752,.F.);
#3752 = EDGE_CURVE('',#3753,#3753,#3755,.T.);
#3753 = VERTEX_POINT('',#3754);
#3754 = CARTESIAN_POINT('',(21.7,0.,67.));
#3755 = SURFACE_CURVE('',#3756,(#3761,#3768),.PCURVE_S1.);
#3756 = ELLIPSE('',#3757,21.709762803863,21.7);
#3757 = AXIS2_PLACEMENT_3D('',#3758,#3759,#3760);
#3758 = CARTESIAN_POINT('',(0.,0.,67.));
#3759 = DIRECTION('',(0.,-2.998650910567E-02,0.999550303522));
#3760 = DIRECTION('',(0.,-0.999550303522,-2.998650910567E-02));
#3761 = PCURVE('',#2900,#3762);
#3762 = DEFINITIONAL_REPRESENTATION('',(#3763),#3767);
#3763 = ELLIPSE('',#3764,21.709762803863,21.7);
#3764 = AXIS2_PLACEMENT_2D('',#3765,#3766);
#3765 = CARTESIAN_POINT('',(60.,60.));
#3766 = DIRECTION('',(0.,-1.));
#3767 = ( GEOMETRIC_REPRESENTATION_CONTEXT(2) 
PARAMETRIC_REPRESENTATION_CONTEXT() REPRESENTATION_CONTEXT('2D SPACE',''
  ) );
#3768 = PCURVE('',#3322,#3769);
#3769 = DEFINITIONAL_REPRESENTATION('',(#3770),#3787);
#3770 = B_SPLINE_CURVE_WITH_KNOTS('',8,(#3771,#3772,#3773,#3774,#3775,
    #3776,#3777,#3778,#3779,#3780,#3781,#3782,#3783,#3784,#3785,#3786),
  .UNSPECIFIED.,.F.,.F.,(9,7,9),(1.570796326795,4.712388980385,
    7.853981633974),.UNSPECIFIED.);
#3771 = CARTESIAN_POINT('',(0.,-5.));
#3772 = CARTESIAN_POINT('',(-0.392699081699,-5.255647102186));
#3773 = CARTESIAN_POINT('',(-0.785398163384,-5.511296242771));
#3774 = CARTESIAN_POINT('',(-1.178097245135,-5.706848851813));
#3775 = CARTESIAN_POINT('',(-1.570796326731,-5.782370853605));
#3776 = CARTESIAN_POINT('',(-1.963495408527,-5.706848851798));
#3777 = CARTESIAN_POINT('',(-2.356194490182,-5.511296242775));
#3778 = CARTESIAN_POINT('',(-2.748893571891,-5.255647102186));
#3779 = CARTESIAN_POINT('',(-3.534291735289,-4.744352897814));
#3780 = CARTESIAN_POINT('',(-3.926990816972,-4.488703757221));
#3781 = CARTESIAN_POINT('',(-4.319689898683,-4.293151148186));
#3782 = CARTESIAN_POINT('',(-4.712388980396,-4.217629146355));
#3783 = CARTESIAN_POINT('',(-5.105088062072,-4.293151148187));
#3784 = CARTESIAN_POINT('',(-5.497787143772,-4.488703757221));
#3785 = CARTESIAN_POINT('',(-5.890486225481,-4.744352897814));
#3786 = CARTESIAN_POINT('',(-6.28318530718,-5.));
#3787 = ( GEOMETRIC_REPRESENTATION_CONTEXT(2) 
PARAMETRIC_REPRESENTATION_CONTEXT() REPRESENTATION_CONTEXT('2D SPACE',''
  ) );
#3788 = ADVANCED_FACE('',(#3789),#3147,.T.);
#3789 = FACE_BOUND('',#3790,.F.);
#3790 = EDGE_LOOP('',(#3791,#3813,#3814,#3815));
#3791 = ORIENTED_EDGE('',*,*,#3792,.F.);
#3792 = EDGE_CURVE('',#3648,#3671,#3793,.T.);
#3793 = SURFACE_CURVE('',#3794,(#3799,#3806),.PCURVE_S1.);
#3794 = CIRCLE('',#3795,9.);
#3795 = AXIS2_PLACEMENT_3D('',#3796,#3797,#3798);
#3796 = CARTESIAN_POINT('',(0.,-35.,70.95));
#3797 = DIRECTION('',(0.,-0.999550303522,-2.998650910567E-02));
#3798 = DIRECTION('',(0.831646290615,1.665168015453E-02,-0.555056005151)
  );
#3799 = PCURVE('',#3147,#3800);
#3800 = DEFINITIONAL_REPRESENTATION('',(#3801),#3805);
#3801 = LINE('',#3802,#3803);
#3802 = CARTESIAN_POINT('',(-5.694454772911,0.));
#3803 = VECTOR('',#3804,1.);
#3804 = DIRECTION('',(-1.,0.));
#3805 = ( GEOMETRIC_REPRESENTATION_CONTEXT(2) 
PARAMETRIC_REPRESENTATION_CONTEXT() REPRESENTATION_CONTEXT('2D SPACE',''
  ) );
#3806 = PCURVE('',#3433,#3807);
#3807 = DEFINITIONAL_REPRESENTATION('',(#3808),#3812);
#3808 = CIRCLE('',#3809,9.);
#3809 = AXIS2_PLACEMENT_2D('',#3810,#3811);
#3810 = CARTESIAN_POINT('',(0.,3.038755850088E-16));
#3811 = DIRECTION('',(0.555305724179,0.831646290615));
#3812 = ( GEOMETRIC_REPRESENTATION_CONTEXT(2) 
PARAMETRIC_REPRESENTATION_CONTEXT() REPRESENTATION_CONTEXT('2D SPACE',''
  ) );
#3813 = ORIENTED_EDGE('',*,*,#3647,.F.);
#3814 = ORIENTED_EDGE('',*,*,#2986,.T.);
#3815 = ORIENTED_EDGE('',*,*,#3670,.T.);
#3816 = ADVANCED_FACE('',(#3817),#3267,.T.);
#3817 = FACE_BOUND('',#3818,.T.);
#3818 = EDGE_LOOP('',(#3819));
#3819 = ORIENTED_EDGE('',*,*,#3250,.T.);
#3820 = ADVANCED_FACE('',(#3821),#3322,.T.);
#3821 = FACE_BOUND('',#3822,.F.);
#3822 = EDGE_LOOP('',(#3823,#3824,#3845,#3846));
#3823 = ORIENTED_EDGE('',*,*,#3752,.F.);
#3824 = ORIENTED_EDGE('',*,*,#3825,.T.);
#3825 = EDGE_CURVE('',#3753,#3306,#3826,.T.);
#3826 = SEAM_CURVE('',#3827,(#3831,#3838),.PCURVE_S1.);
#3827 = LINE('',#3828,#3829);
#3828 = CARTESIAN_POINT('',(21.7,0.,62.));
#3829 = VECTOR('',#3830,1.);
#3830 = DIRECTION('',(0.,0.,1.));
#3831 = PCURVE('',#3322,#3832);
#3832 = DEFINITIONAL_REPRESENTATION('',(#3833),#3837);
#3833 = LINE('',#3834,#3835);
#3834 = CARTESIAN_POINT('',(-6.28318530718,0.));
#3835 = VECTOR('',#3836,1.);
#3836 = DIRECTION('',(-0.,-1.));
#3837 = ( GEOMETRIC_REPRESENTATION_CONTEXT(2) 
PARAMETRIC_REPRESENTATION_CONTEXT() REPRESENTATION_CONTEXT('2D SPACE',''
  ) );
#3838 = PCURVE('',#3322,#3839);
#3839 = DEFINITIONAL_REPRESENTATION('',(#3840),#3844);
#3840 = LINE('',#3841,#3842);
#3841 = CARTESIAN_POINT('',(-0.,0.));
#3842 = VECTOR('',#3843,1.);
#3843 = DIRECTION('',(-0.,-1.));
#3844 = ( GEOMETRIC_REPRESENTATION_CONTEXT(2) 
PARAMETRIC_REPRESENTATION_CONTEXT() REPRESENTATION_CONTEXT('2D SPACE',''
  ) );
#3845 = ORIENTED_EDGE('',*,*,#3305,.T.);
#3846 = ORIENTED_EDGE('',*,*,#3825,.F.);
#3847 = ADVANCED_FACE('',(#3848),#3358,.F.);
#3848 = FACE_BOUND('',#3849,.F.);
#3849 = EDGE_LOOP('',(#3850,#3851,#3852,#3853));
#3850 = ORIENTED_EDGE('',*,*,#3467,.T.);
#3851 = ORIENTED_EDGE('',*,*,#3340,.T.);
#3852 = ORIENTED_EDGE('',*,*,#3566,.T.);
#3853 = ORIENTED_EDGE('',*,*,#3711,.F.);
#3854 = ADVANCED_FACE('',(#3855),#3433,.F.);
#3855 = FACE_BOUND('',#3856,.F.);
#3856 = EDGE_LOOP('',(#3857,#3858,#3859,#3860,#3861,#3862));
#3857 = ORIENTED_EDGE('',*,*,#3731,.T.);
#3858 = ORIENTED_EDGE('',*,*,#3792,.T.);
#3859 = ORIENTED_EDGE('',*,*,#3691,.T.);
#3860 = ORIENTED_EDGE('',*,*,#3592,.F.);
#3861 = ORIENTED_EDGE('',*,*,#3512,.T.);
#3862 = ORIENTED_EDGE('',*,*,#3416,.F.);
#3863 = ( GEOMETRIC_REPRESENTATION_CONTEXT(3) 
GLOBAL_UNCERTAINTY_ASSIGNED_CONTEXT((#3867)) 
GLOBAL_UNIT_ASSIGNED_CONTEXT((#3864,#3865,#3866)) REPRESENTATION_CONTEXT
('Context #1','3D Context with UNIT and UNCERTAINTY') );
#3864 = ( LENGTH_UNIT() NAMED_UNIT(*) SI_UNIT(.MILLI.,.METRE.) );
#3865 = ( NAMED_UNIT(*) PLANE_ANGLE_UNIT() SI_UNIT($,.RADIAN.) );
#3866 = ( NAMED_UNIT(*) SI_UNIT($,.STERADIAN.) SOLID_ANGLE_UNIT() );
#3867 = UNCERTAINTY_MEASURE_WITH_UNIT(LENGTH_MEASURE(1.E-07),#3864,
  'distance_accuracy_value','confusion accuracy');
#3868 = PRODUCT_RELATED_PRODUCT_CATEGORY('part',$,(#7));
ENDSEC;
END-ISO-10303-21;
