ISO-10303-21;
HEADER;
FILE_DESCRIPTION(('Open CASCADE Model'),'2;1');
FILE_NAME('Open CASCADE Shape Model','2026-09-25T17:39:29',('Author'),(
    'Open CASCADE'),'Open CASCADE STEP processor 7.8','Open CASCADE 7.8'
  ,'Unknown');
FILE_SCHEMA(('AUTOMOTIVE_DESIGN { 1 0 10303 214 1 1 1 1 }'));
ENDSEC;
DATA;
#1 = APPLICATION_PROTOCOL_DEFINITION('international standard',
  'automotive_design',2000,#2);
#2 = APPLICATION_CONTEXT(
  'core data for automotive mechanical design processes');
#3 = SHAPE_DEFINITION_REPRESENTATION(#4,#10);
#4 = PRODUCT_DEFINITION_SHAPE('','',#5);
#5 = PRODUCT_DEFINITION('design','',#6,#9);
#6 = PRODUCT_DEFINITION_FORMATION('','',#7);
#7 = PRODUCT('Open CASCADE STEP translator 7.8 5',
  'Open CASCADE STEP translator 7.8 5','',(#8));
#8 = PRODUCT_CONTEXT('',#2,'mechanical');
#9 = PRODUCT_DEFINITION_CONTEXT('part definition',#2,'design');
#10 = ADVANCED_BREP_SHAPE_REPRESENTATION('',(#11,#15),#2213);
#11 = AXIS2_PLACEMENT_3D('',#12,#13,#14);
#12 = CARTESIAN_POINT('',(0.,0.,0.));
#13 = DIRECTION('',(0.,0.,1.));
#14 = DIRECTION('',(1.,0.,-0.));
#15 = MANIFOLD_SOLID_BREP('',#16);
#16 = CLOSED_SHELL('',(#17,#105,#144,#179,#856,#1257,#1387,#1392,#1532,
    #1538,#1588,#1672,#1677,#1798,#2006,#2081,#2088,#2115,#2142,#2169,
    #2196,#2203,#2208));
#17 = ADVANCED_FACE('',(#18),#32,.T.);
#18 = FACE_BOUND('',#19,.F.);
#19 = EDGE_LOOP('',(#20,#50,#77,#78));
#20 = ORIENTED_EDGE('',*,*,#21,.T.);
#21 = EDGE_CURVE('',#22,#24,#26,.T.);
#22 = VERTEX_POINT('',#23);
#23 = CARTESIAN_POINT('',(5.,0.,56.));
#24 = VERTEX_POINT('',#25);
#25 = CARTESIAN_POINT('',(5.,0.,58.));
#26 = SEAM_CURVE('',#27,(#31,#43),.PCURVE_S1.);
#27 = LINE('',#28,#29);
#28 = CARTESIAN_POINT('',(5.,0.,56.));
#29 = VECTOR('',#30,1.);
#30 = DIRECTION('',(0.,0.,1.));
#31 = PCURVE('',#32,#37);
#32 = CYLINDRICAL_SURFACE('',#33,5.);
#33 = AXIS2_PLACEMENT_3D('',#34,#35,#36);
#34 = CARTESIAN_POINT('',(0.,0.,56.));
#35 = DIRECTION('',(-0.,-0.,-1.));
#36 = DIRECTION('',(1.,0.,0.));
#37 = DEFINITIONAL_REPRESENTATION('',(#38),#42);
#38 = LINE('',#39,#40);
#39 = CARTESIAN_POINT('',(-0.,0.));
#40 = VECTOR('',#41,1.);
#41 = DIRECTION('',(-0.,-1.));
#42 = ( GEOMETRIC_REPRESENTATION_CONTEXT(2) 
PARAMETRIC_REPRESENTATION_CONTEXT() REPRESENTATION_CONTEXT('2D SPACE',''
  ) );
#43 = PCURVE('',#32,#44);
#44 = DEFINITIONAL_REPRESENTATION('',(#45),#49);
#45 = LINE('',#46,#47);
#46 = CARTESIAN_POINT('',(-6.28318530718,0.));
#47 = VECTOR('',#48,1.);
#48 = DIRECTION('',(-0.,-1.));
#49 = ( GEOMETRIC_REPRESENTATION_CONTEXT(2) 
PARAMETRIC_REPRESENTATION_CONTEXT() REPRESENTATION_CONTEXT('2D SPACE',''
  ) );
#50 = ORIENTED_EDGE('',*,*,#51,.T.);
#51 = EDGE_CURVE('',#24,#24,#52,.T.);
#52 = SURFACE_CURVE('',#53,(#58,#65),.PCURVE_S1.);
#53 = CIRCLE('',#54,5.);
#54 = AXIS2_PLACEMENT_3D('',#55,#56,#57);
#55 = CARTESIAN_POINT('',(0.,0.,58.));
#56 = DIRECTION('',(0.,0.,1.));
#57 = DIRECTION('',(1.,0.,0.));
#58 = PCURVE('',#32,#59);
#59 = DEFINITIONAL_REPRESENTATION('',(#60),#64);
#60 = LINE('',#61,#62);
#61 = CARTESIAN_POINT('',(-0.,-2.));
#62 = VECTOR('',#63,1.);
#63 = DIRECTION('',(-1.,0.));
#64 = ( GEOMETRIC_REPRESENTATION_CONTEXT(2) 
PARAMETRIC_REPRESENTATION_CONTEXT() REPRESENTATION_CONTEXT('2D SPACE',''
  ) );
#65 = PCURVE('',#66,#71);
#66 = PLANE('',#67);
#67 = AXIS2_PLACEMENT_3D('',#68,#69,#70);
#68 = CARTESIAN_POINT('',(-7.458764359306E-16,-4.490371596874E-16,58.));
#69 = DIRECTION('',(0.,0.,1.));
#70 = DIRECTION('',(1.,0.,-0.));
#71 = DEFINITIONAL_REPRESENTATION('',(#72),#76);
#72 = CIRCLE('',#73,5.);
#73 = AXIS2_PLACEMENT_2D('',#74,#75);
#74 = CARTESIAN_POINT('',(7.458764359306E-16,4.490371596874E-16));
#75 = DIRECTION('',(1.,0.));
#76 = ( GEOMETRIC_REPRESENTATION_CONTEXT(2) 
PARAMETRIC_REPRESENTATION_CONTEXT() REPRESENTATION_CONTEXT('2D SPACE',''
  ) );
#77 = ORIENTED_EDGE('',*,*,#21,.F.);
#78 = ORIENTED_EDGE('',*,*,#79,.F.);
#79 = EDGE_CURVE('',#22,#22,#80,.T.);
#80 = SURFACE_CURVE('',#81,(#86,#93),.PCURVE_S1.);
#81 = CIRCLE('',#82,5.);
#82 = AXIS2_PLACEMENT_3D('',#83,#84,#85);
#83 = CARTESIAN_POINT('',(0.,0.,56.));
#84 = DIRECTION('',(0.,0.,1.));
#85 = DIRECTION('',(1.,0.,0.));
#86 = PCURVE('',#32,#87);
#87 = DEFINITIONAL_REPRESENTATION('',(#88),#92);
#88 = LINE('',#89,#90);
#89 = CARTESIAN_POINT('',(-0.,0.));
#90 = VECTOR('',#91,1.);
#91 = DIRECTION('',(-1.,0.));
#92 = ( GEOMETRIC_REPRESENTATION_CONTEXT(2) 
PARAMETRIC_REPRESENTATION_CONTEXT() REPRESENTATION_CONTEXT('2D SPACE',''
  ) );
#93 = PCURVE('',#94,#99);
#94 = PLANE('',#95);
#95 = AXIS2_PLACEMENT_3D('',#96,#97,#98);
#96 = CARTESIAN_POINT('',(-2.734880265079E-16,3.428682531579E-16,56.));
#97 = DIRECTION('',(0.,0.,1.));
#98 = DIRECTION('',(1.,0.,-0.));
#99 = DEFINITIONAL_REPRESENTATION('',(#100),#104);
#100 = CIRCLE('',#101,5.);
#101 = AXIS2_PLACEMENT_2D('',#102,#103);
#102 = CARTESIAN_POINT('',(2.734880265079E-16,-3.428682531579E-16));
#103 = DIRECTION('',(1.,0.));
#104 = ( GEOMETRIC_REPRESENTATION_CONTEXT(2) 
PARAMETRIC_REPRESENTATION_CONTEXT() REPRESENTATION_CONTEXT('2D SPACE',''
  ) );
#105 = ADVANCED_FACE('',(#106,#109),#94,.F.);
#106 = FACE_BOUND('',#107,.F.);
#107 = EDGE_LOOP('',(#108));
#108 = ORIENTED_EDGE('',*,*,#79,.T.);
#109 = FACE_BOUND('',#110,.F.);
#110 = EDGE_LOOP('',(#111));
#111 = ORIENTED_EDGE('',*,*,#112,.T.);
#112 = EDGE_CURVE('',#113,#113,#115,.T.);
#113 = VERTEX_POINT('',#114);
#114 = CARTESIAN_POINT('',(2.55,0.,56.));
#115 = SURFACE_CURVE('',#116,(#121,#132),.PCURVE_S1.);
#116 = CIRCLE('',#117,2.55);
#117 = AXIS2_PLACEMENT_3D('',#118,#119,#120);
#118 = CARTESIAN_POINT('',(0.,0.,56.));
#119 = DIRECTION('',(0.,0.,-1.));
#120 = DIRECTION('',(1.,0.,0.));
#121 = PCURVE('',#94,#122);
#122 = DEFINITIONAL_REPRESENTATION('',(#123),#131);
#123 = ( BOUNDED_CURVE() B_SPLINE_CURVE(2,(#124,#125,#126,#127,#128,#129
,#130),.UNSPECIFIED.,.T.,.F.) B_SPLINE_CURVE_WITH_KNOTS((1,2,2,2,2,1),(
    -2.094395102393,0.,2.094395102393,4.188790204786,6.28318530718,
8.377580409573),.UNSPECIFIED.) CURVE() GEOMETRIC_REPRESENTATION_ITEM() 
RATIONAL_B_SPLINE_CURVE((1.,0.5,1.,0.5,1.,0.5,1.)) REPRESENTATION_ITEM(
  '') );
#124 = CARTESIAN_POINT('',(2.55,-3.428682531579E-16));
#125 = CARTESIAN_POINT('',(2.55,-4.416729559301));
#126 = CARTESIAN_POINT('',(-1.275,-2.20836477965));
#127 = CARTESIAN_POINT('',(-5.1,-9.67438120723E-16));
#128 = CARTESIAN_POINT('',(-1.275,2.20836477965));
#129 = CARTESIAN_POINT('',(2.55,4.416729559301));
#130 = CARTESIAN_POINT('',(2.55,-3.428682531579E-16));
#131 = ( GEOMETRIC_REPRESENTATION_CONTEXT(2) 
PARAMETRIC_REPRESENTATION_CONTEXT() REPRESENTATION_CONTEXT('2D SPACE',''
  ) );
#132 = PCURVE('',#133,#138);
#133 = CYLINDRICAL_SURFACE('',#134,2.55);
#134 = AXIS2_PLACEMENT_3D('',#135,#136,#137);
#135 = CARTESIAN_POINT('',(0.,0.,55.));
#136 = DIRECTION('',(-0.,-0.,-1.));
#137 = DIRECTION('',(1.,0.,0.));
#138 = DEFINITIONAL_REPRESENTATION('',(#139),#143);
#139 = LINE('',#140,#141);
#140 = CARTESIAN_POINT('',(-6.28318530718,-1.));
#141 = VECTOR('',#142,1.);
#142 = DIRECTION('',(1.,-0.));
#143 = ( GEOMETRIC_REPRESENTATION_CONTEXT(2) 
PARAMETRIC_REPRESENTATION_CONTEXT() REPRESENTATION_CONTEXT('2D SPACE',''
  ) );
#144 = ADVANCED_FACE('',(#145,#176),#66,.F.);
#145 = FACE_BOUND('',#146,.F.);
#146 = EDGE_LOOP('',(#147));
#147 = ORIENTED_EDGE('',*,*,#148,.T.);
#148 = EDGE_CURVE('',#149,#149,#151,.T.);
#149 = VERTEX_POINT('',#150);
#150 = CARTESIAN_POINT('',(11.,0.,58.));
#151 = SURFACE_CURVE('',#152,(#157,#164),.PCURVE_S1.);
#152 = CIRCLE('',#153,11.);
#153 = AXIS2_PLACEMENT_3D('',#154,#155,#156);
#154 = CARTESIAN_POINT('',(0.,0.,58.));
#155 = DIRECTION('',(0.,0.,1.));
#156 = DIRECTION('',(1.,0.,0.));
#157 = PCURVE('',#66,#158);
#158 = DEFINITIONAL_REPRESENTATION('',(#159),#163);
#159 = CIRCLE('',#160,11.);
#160 = AXIS2_PLACEMENT_2D('',#161,#162);
#161 = CARTESIAN_POINT('',(7.458764359306E-16,4.490371596874E-16));
#162 = DIRECTION('',(1.,0.));
#163 = ( GEOMETRIC_REPRESENTATION_CONTEXT(2) 
PARAMETRIC_REPRESENTATION_CONTEXT() REPRESENTATION_CONTEXT('2D SPACE',''
  ) );
#164 = PCURVE('',#165,#170);
#165 = CYLINDRICAL_SURFACE('',#166,11.);
#166 = AXIS2_PLACEMENT_3D('',#167,#168,#169);
#167 = CARTESIAN_POINT('',(0.,0.,58.));
#168 = DIRECTION('',(-0.,-0.,-1.));
#169 = DIRECTION('',(1.,0.,0.));
#170 = DEFINITIONAL_REPRESENTATION('',(#171),#175);
#171 = LINE('',#172,#173);
#172 = CARTESIAN_POINT('',(-0.,0.));
#173 = VECTOR('',#174,1.);
#174 = DIRECTION('',(-1.,0.));
#175 = ( GEOMETRIC_REPRESENTATION_CONTEXT(2) 
PARAMETRIC_REPRESENTATION_CONTEXT() REPRESENTATION_CONTEXT('2D SPACE',''
  ) );
#176 = FACE_BOUND('',#177,.F.);
#177 = EDGE_LOOP('',(#178));
#178 = ORIENTED_EDGE('',*,*,#51,.F.);
#179 = ADVANCED_FACE('',(#180,#517),#133,.F.);
#180 = FACE_BOUND('',#181,.T.);
#181 = EDGE_LOOP('',(#182,#183,#206,#261,#287,#337,#360,#391,#392,#442,
    #468,#516));
#182 = ORIENTED_EDGE('',*,*,#112,.T.);
#183 = ORIENTED_EDGE('',*,*,#184,.T.);
#184 = EDGE_CURVE('',#113,#185,#187,.T.);
#185 = VERTEX_POINT('',#186);
#186 = CARTESIAN_POINT('',(2.55,0.,58.75));
#187 = SEAM_CURVE('',#188,(#192,#199),.PCURVE_S1.);
#188 = LINE('',#189,#190);
#189 = CARTESIAN_POINT('',(2.55,0.,56.));
#190 = VECTOR('',#191,1.);
#191 = DIRECTION('',(0.,0.,1.));
#192 = PCURVE('',#133,#193);
#193 = DEFINITIONAL_REPRESENTATION('',(#194),#198);
#194 = LINE('',#195,#196);
#195 = CARTESIAN_POINT('',(-6.28318530718,-1.));
#196 = VECTOR('',#197,1.);
#197 = DIRECTION('',(-0.,-1.));
#198 = ( GEOMETRIC_REPRESENTATION_CONTEXT(2) 
PARAMETRIC_REPRESENTATION_CONTEXT() REPRESENTATION_CONTEXT('2D SPACE',''
  ) );
#199 = PCURVE('',#133,#200);
#200 = DEFINITIONAL_REPRESENTATION('',(#201),#205);
#201 = LINE('',#202,#203);
#202 = CARTESIAN_POINT('',(-0.,-1.));
#203 = VECTOR('',#204,1.);
#204 = DIRECTION('',(-0.,-1.));
#205 = ( GEOMETRIC_REPRESENTATION_CONTEXT(2) 
PARAMETRIC_REPRESENTATION_CONTEXT() REPRESENTATION_CONTEXT('2D SPACE',''
  ) );
#206 = ORIENTED_EDGE('',*,*,#207,.T.);
#207 = EDGE_CURVE('',#185,#208,#210,.T.);
#208 = VERTEX_POINT('',#209);
#209 = CARTESIAN_POINT('',(2.,1.581929201956,59.4));
#210 = SURFACE_CURVE('',#211,(#224,#240),.PCURVE_S1.);
#211 = B_SPLINE_CURVE_WITH_KNOTS('',6,(#212,#213,#214,#215,#216,#217,
    #218,#219,#220,#221,#222,#223),.UNSPECIFIED.,.F.,.F.,(7,5,7),(0.,
    0.459405496057,1.),.UNSPECIFIED.);
#212 = CARTESIAN_POINT('',(2.55,-2.066591473561E-16,58.75));
#213 = CARTESIAN_POINT('',(2.55,0.154496478533,58.75));
#214 = CARTESIAN_POINT('',(2.538767052029,0.307367319551,58.762730446755
    ));
#215 = CARTESIAN_POINT('',(2.516746838074,0.456405496939,58.787687655989
    ));
#216 = CARTESIAN_POINT('',(2.48506604586,0.599486118754,58.823709945277)
  );
#217 = CARTESIAN_POINT('',(2.445518583515,0.734679485744,58.868982232664
    ));
#218 = CARTESIAN_POINT('',(2.347497143314,1.008179271063,58.982159989883
    ));
#219 = CARTESIAN_POINT('',(2.286401895848,1.144240296742,59.053242135452
    ));
#220 = CARTESIAN_POINT('',(2.219523309373,1.268898905905,59.131921669063
    ));
#221 = CARTESIAN_POINT('',(2.148656025404,1.382860476275,59.216560910181
    ));
#222 = CARTESIAN_POINT('',(2.075130166254,1.486943778341,59.306087276335
    ));
#223 = CARTESIAN_POINT('',(1.9999994,1.581929960523,59.40000075));
#224 = PCURVE('',#133,#225);
#225 = DEFINITIONAL_REPRESENTATION('',(#226),#239);
#226 = B_SPLINE_CURVE_WITH_KNOTS('',6,(#227,#228,#229,#230,#231,#232,
    #233,#234,#235,#236,#237,#238),.UNSPECIFIED.,.F.,.F.,(7,5,7),(0.,
    0.459405496057,1.),.UNSPECIFIED.);
#227 = CARTESIAN_POINT('',(0.,-3.75));
#228 = CARTESIAN_POINT('',(-6.05868543265E-02,-3.75));
#229 = CARTESIAN_POINT('',(-0.120536299327,-3.762730446755));
#230 = CARTESIAN_POINT('',(-0.179382587603,-3.787687655989));
#231 = CARTESIAN_POINT('',(-0.236652205122,-3.823709945277));
#232 = CARTESIAN_POINT('',(-0.291793145228,-3.868982232664));
#233 = CARTESIAN_POINT('',(-0.405728270005,-3.982159989883));
#234 = CARTESIAN_POINT('',(-0.4640404161,-4.053242135452));
#235 = CARTESIAN_POINT('',(-0.519328833021,-4.131921669063));
#236 = CARTESIAN_POINT('',(-0.571813767429,-4.216560910181));
#237 = CARTESIAN_POINT('',(-0.621714492807,-4.306087276335));
#238 = CARTESIAN_POINT('',(-0.669207598145,-4.40000075));
#239 = ( GEOMETRIC_REPRESENTATION_CONTEXT(2) 
PARAMETRIC_REPRESENTATION_CONTEXT() REPRESENTATION_CONTEXT('2D SPACE',''
  ) );
#240 = PCURVE('',#241,#246);
#241 = CYLINDRICAL_SURFACE('',#242,2.25);
#242 = AXIS2_PLACEMENT_3D('',#243,#244,#245);
#243 = CARTESIAN_POINT('',(2.,0.,61.));
#244 = DIRECTION('',(-1.,-0.,-0.));
#245 = DIRECTION('',(0.,1.,0.));
#246 = DEFINITIONAL_REPRESENTATION('',(#247),#260);
#247 = B_SPLINE_CURVE_WITH_KNOTS('',6,(#248,#249,#250,#251,#252,#253,
    #254,#255,#256,#257,#258,#259),.UNSPECIFIED.,.F.,.F.,(7,5,7),(0.,
    0.459405496057,1.),.UNSPECIFIED.);
#248 = CARTESIAN_POINT('',(-4.712388980385,-0.55));
#249 = CARTESIAN_POINT('',(-4.781054081955,-0.55));
#250 = CARTESIAN_POINT('',(-4.848996684793,-0.538767052029));
#251 = CARTESIAN_POINT('',(-4.915818638913,-0.516746838074));
#252 = CARTESIAN_POINT('',(-4.981096690082,-0.48506604586));
#253 = CARTESIAN_POINT('',(-5.044310345743,-0.445518583515));
#254 = CARTESIAN_POINT('',(-5.175862400725,-0.347497143314));
#255 = CARTESIAN_POINT('',(-5.243818706963,-0.286401895848));
#256 = CARTESIAN_POINT('',(-5.309029846184,-0.219523309373));
#257 = CARTESIAN_POINT('',(-5.37187130317,-0.148656025404));
#258 = CARTESIAN_POINT('',(-5.432742091739,-7.513016625368E-02));
#259 = CARTESIAN_POINT('',(-5.492108483431,6.000000000173E-07));
#260 = ( GEOMETRIC_REPRESENTATION_CONTEXT(2) 
PARAMETRIC_REPRESENTATION_CONTEXT() REPRESENTATION_CONTEXT('2D SPACE',''
  ) );
#261 = ORIENTED_EDGE('',*,*,#262,.F.);
#262 = EDGE_CURVE('',#263,#208,#265,.T.);
#263 = VERTEX_POINT('',#264);
#264 = CARTESIAN_POINT('',(2.,1.581929201956,62.6));
#265 = SURFACE_CURVE('',#266,(#270,#276),.PCURVE_S1.);
#266 = LINE('',#267,#268);
#267 = CARTESIAN_POINT('',(2.,1.581929201956,55.));
#268 = VECTOR('',#269,1.);
#269 = DIRECTION('',(-0.,-0.,-1.));
#270 = PCURVE('',#133,#271);
#271 = DEFINITIONAL_REPRESENTATION('',(#272),#275);
#272 = B_SPLINE_CURVE_WITH_KNOTS('',1,(#273,#274),.UNSPECIFIED.,.F.,.F.,
  (2,2),(-8.7,-3.3),.PIECEWISE_BEZIER_KNOTS.);
#273 = CARTESIAN_POINT('',(-0.669207218862,-8.7));
#274 = CARTESIAN_POINT('',(-0.669207218862,-3.3));
#275 = ( GEOMETRIC_REPRESENTATION_CONTEXT(2) 
PARAMETRIC_REPRESENTATION_CONTEXT() REPRESENTATION_CONTEXT('2D SPACE',''
  ) );
#276 = PCURVE('',#277,#282);
#277 = PLANE('',#278);
#278 = AXIS2_PLACEMENT_3D('',#279,#280,#281);
#279 = CARTESIAN_POINT('',(2.,-1.519377925044E-16,61.));
#280 = DIRECTION('',(1.,0.,0.));
#281 = DIRECTION('',(0.,0.,1.));
#282 = DEFINITIONAL_REPRESENTATION('',(#283),#286);
#283 = B_SPLINE_CURVE_WITH_KNOTS('',1,(#284,#285),.UNSPECIFIED.,.F.,.F.,
  (2,2),(-8.7,-3.3),.PIECEWISE_BEZIER_KNOTS.);
#284 = CARTESIAN_POINT('',(2.7,-1.581929201956));
#285 = CARTESIAN_POINT('',(-2.7,-1.581929201956));
#286 = ( GEOMETRIC_REPRESENTATION_CONTEXT(2) 
PARAMETRIC_REPRESENTATION_CONTEXT() REPRESENTATION_CONTEXT('2D SPACE',''
  ) );
#287 = ORIENTED_EDGE('',*,*,#288,.T.);
#288 = EDGE_CURVE('',#263,#289,#291,.T.);
#289 = VERTEX_POINT('',#290);
#290 = CARTESIAN_POINT('',(2.55,0.,63.25));
#291 = SURFACE_CURVE('',#292,(#305,#321),.PCURVE_S1.);
#292 = B_SPLINE_CURVE_WITH_KNOTS('',6,(#293,#294,#295,#296,#297,#298,
    #299,#300,#301,#302,#303,#304),.UNSPECIFIED.,.F.,.F.,(7,5,7),(0.,
    0.544609145182,1.),.UNSPECIFIED.);
#293 = CARTESIAN_POINT('',(1.9999994,1.581929960523,62.59999925));
#294 = CARTESIAN_POINT('',(2.075683793689,1.486243839301,62.694604758076
    ));
#295 = CARTESIAN_POINT('',(2.149741122643,1.381324025047,62.784760251257
    ));
#296 = CARTESIAN_POINT('',(2.221093194389,1.266372469137,62.869953011081
    ));
#297 = CARTESIAN_POINT('',(2.288376662346,1.140553322319,62.949080671538
    ));
#298 = CARTESIAN_POINT('',(2.34974912851,1.003149625712,63.020459615032)
  );
#299 = CARTESIAN_POINT('',(2.447206636581,0.728869372867,63.132949795837
    ));
#300 = CARTESIAN_POINT('',(2.486151767975,0.594568507405,63.177524710669
    ));
#301 = CARTESIAN_POINT('',(2.517323423863,0.452528359778,63.212965866079
    ));
#302 = CARTESIAN_POINT('',(2.538969532858,0.304668917764,63.237499008003
    ));
#303 = CARTESIAN_POINT('',(2.55,0.153097831024,63.25));
#304 = CARTESIAN_POINT('',(2.55,3.444319122602E-16,63.25));
#305 = PCURVE('',#133,#306);
#306 = DEFINITIONAL_REPRESENTATION('',(#307),#320);
#307 = B_SPLINE_CURVE_WITH_KNOTS('',6,(#308,#309,#310,#311,#312,#313,
    #314,#315,#316,#317,#318,#319),.UNSPECIFIED.,.F.,.F.,(7,5,7),(0.,
    0.544609145182,1.),.UNSPECIFIED.);
#308 = CARTESIAN_POINT('',(-0.669207598145,-7.59999925));
#309 = CARTESIAN_POINT('',(-0.621364523181,-7.694604758076));
#310 = CARTESIAN_POINT('',(-0.571077210929,-7.784760251257));
#311 = CARTESIAN_POINT('',(-0.518165555538,-7.869953011081));
#312 = CARTESIAN_POINT('',(-0.462405838494,-7.949080671538));
#313 = CARTESIAN_POINT('',(-0.403573781909,-8.020459615032));
#314 = CARTESIAN_POINT('',(-0.289424724187,-8.132949795837));
#315 = CARTESIAN_POINT('',(-0.234683904734,-8.177524710669));
#316 = CARTESIAN_POINT('',(-0.177851376983,-8.212965866079));
#317 = CARTESIAN_POINT('',(-0.119478096438,-8.237499008003));
#318 = CARTESIAN_POINT('',(-6.003836510753E-02,-8.25));
#319 = CARTESIAN_POINT('',(0.,-8.25));
#320 = ( GEOMETRIC_REPRESENTATION_CONTEXT(2) 
PARAMETRIC_REPRESENTATION_CONTEXT() REPRESENTATION_CONTEXT('2D SPACE',''
  ) );
#321 = PCURVE('',#241,#322);
#322 = DEFINITIONAL_REPRESENTATION('',(#323),#336);
#323 = B_SPLINE_CURVE_WITH_KNOTS('',6,(#324,#325,#326,#327,#328,#329,
    #330,#331,#332,#333,#334,#335),.UNSPECIFIED.,.F.,.F.,(7,5,7),(0.,
    0.544609145182,1.),.UNSPECIFIED.);
#324 = CARTESIAN_POINT('',(-0.791076823749,6.000000000173E-07));
#325 = CARTESIAN_POINT('',(-0.850880677546,-7.568379368899E-02));
#326 = CARTESIAN_POINT('',(-0.912212441999,-0.149741122643));
#327 = CARTESIAN_POINT('',(-0.975548098053,-0.221093194389));
#328 = CARTESIAN_POINT('',(-1.041294235955,-0.288376662346));
#329 = CARTESIAN_POINT('',(-1.109833265067,-0.34974912851));
#330 = CARTESIAN_POINT('',(-1.241589641727,-0.447206636581));
#331 = CARTESIAN_POINT('',(-1.3043321782,-0.486151767975));
#332 = CARTESIAN_POINT('',(-1.369105527304,-0.517323423863));
#333 = CARTESIAN_POINT('',(-1.435387911983,-0.538969532858));
#334 = CARTESIAN_POINT('',(-1.50275284634,-0.55));
#335 = CARTESIAN_POINT('',(-1.570796326795,-0.55));
#336 = ( GEOMETRIC_REPRESENTATION_CONTEXT(2) 
PARAMETRIC_REPRESENTATION_CONTEXT() REPRESENTATION_CONTEXT('2D SPACE',''
  ) );
#337 = ORIENTED_EDGE('',*,*,#338,.T.);
#338 = EDGE_CURVE('',#289,#339,#341,.T.);
#339 = VERTEX_POINT('',#340);
#340 = CARTESIAN_POINT('',(2.55,0.,66.));
#341 = SEAM_CURVE('',#342,(#346,#353),.PCURVE_S1.);
#342 = LINE('',#343,#344);
#343 = CARTESIAN_POINT('',(2.55,0.,56.));
#344 = VECTOR('',#345,1.);
#345 = DIRECTION('',(0.,0.,1.));
#346 = PCURVE('',#133,#347);
#347 = DEFINITIONAL_REPRESENTATION('',(#348),#352);
#348 = LINE('',#349,#350);
#349 = CARTESIAN_POINT('',(-6.28318530718,-1.));
#350 = VECTOR('',#351,1.);
#351 = DIRECTION('',(-0.,-1.));
#352 = ( GEOMETRIC_REPRESENTATION_CONTEXT(2) 
PARAMETRIC_REPRESENTATION_CONTEXT() REPRESENTATION_CONTEXT('2D SPACE',''
  ) );
#353 = PCURVE('',#133,#354);
#354 = DEFINITIONAL_REPRESENTATION('',(#355),#359);
#355 = LINE('',#356,#357);
#356 = CARTESIAN_POINT('',(-0.,-1.));
#357 = VECTOR('',#358,1.);
#358 = DIRECTION('',(-0.,-1.));
#359 = ( GEOMETRIC_REPRESENTATION_CONTEXT(2) 
PARAMETRIC_REPRESENTATION_CONTEXT() REPRESENTATION_CONTEXT('2D SPACE',''
  ) );
#360 = ORIENTED_EDGE('',*,*,#361,.F.);
#361 = EDGE_CURVE('',#339,#339,#362,.T.);
#362 = SURFACE_CURVE('',#363,(#368,#375),.PCURVE_S1.);
#363 = CIRCLE('',#364,2.55);
#364 = AXIS2_PLACEMENT_3D('',#365,#366,#367);
#365 = CARTESIAN_POINT('',(0.,0.,66.));
#366 = DIRECTION('',(0.,0.,-1.));
#367 = DIRECTION('',(1.,0.,0.));
#368 = PCURVE('',#133,#369);
#369 = DEFINITIONAL_REPRESENTATION('',(#370),#374);
#370 = LINE('',#371,#372);
#371 = CARTESIAN_POINT('',(-6.28318530718,-11.));
#372 = VECTOR('',#373,1.);
#373 = DIRECTION('',(1.,-0.));
#374 = ( GEOMETRIC_REPRESENTATION_CONTEXT(2) 
PARAMETRIC_REPRESENTATION_CONTEXT() REPRESENTATION_CONTEXT('2D SPACE',''
  ) );
#375 = PCURVE('',#376,#381);
#376 = PLANE('',#377);
#377 = AXIS2_PLACEMENT_3D('',#378,#379,#380);
#378 = CARTESIAN_POINT('',(-7.458764359306E-16,-4.490371596874E-16,66.)
  );
#379 = DIRECTION('',(0.,0.,1.));
#380 = DIRECTION('',(1.,0.,-0.));
#381 = DEFINITIONAL_REPRESENTATION('',(#382),#390);
#382 = ( BOUNDED_CURVE() B_SPLINE_CURVE(2,(#383,#384,#385,#386,#387,#388
,#389),.UNSPECIFIED.,.T.,.F.) B_SPLINE_CURVE_WITH_KNOTS((1,2,2,2,2,1),(
    -2.094395102393,0.,2.094395102393,4.188790204786,6.28318530718,
8.377580409573),.UNSPECIFIED.) CURVE() GEOMETRIC_REPRESENTATION_ITEM() 
RATIONAL_B_SPLINE_CURVE((1.,0.5,1.,0.5,1.,0.5,1.)) REPRESENTATION_ITEM(
  '') );
#383 = CARTESIAN_POINT('',(2.55,4.490371596874E-16));
#384 = CARTESIAN_POINT('',(2.55,-4.416729559301));
#385 = CARTESIAN_POINT('',(-1.275,-2.20836477965));
#386 = CARTESIAN_POINT('',(-5.1,-1.755327078778E-16));
#387 = CARTESIAN_POINT('',(-1.275,2.20836477965));
#388 = CARTESIAN_POINT('',(2.55,4.416729559301));
#389 = CARTESIAN_POINT('',(2.55,4.490371596874E-16));
#390 = ( GEOMETRIC_REPRESENTATION_CONTEXT(2) 
PARAMETRIC_REPRESENTATION_CONTEXT() REPRESENTATION_CONTEXT('2D SPACE',''
  ) );
#391 = ORIENTED_EDGE('',*,*,#338,.F.);
#392 = ORIENTED_EDGE('',*,*,#393,.T.);
#393 = EDGE_CURVE('',#289,#394,#396,.T.);
#394 = VERTEX_POINT('',#395);
#395 = CARTESIAN_POINT('',(2.,-1.581929201956,62.6));
#396 = SURFACE_CURVE('',#397,(#410,#426),.PCURVE_S1.);
#397 = B_SPLINE_CURVE_WITH_KNOTS('',6,(#398,#399,#400,#401,#402,#403,
    #404,#405,#406,#407,#408,#409),.UNSPECIFIED.,.F.,.F.,(7,5,7),(0.,
    0.459405496057,1.),.UNSPECIFIED.);
#398 = CARTESIAN_POINT('',(2.55,0.,63.25));
#399 = CARTESIAN_POINT('',(2.55,-0.154496478532,63.25));
#400 = CARTESIAN_POINT('',(2.538767052029,-0.307367319551,
    63.237269553245));
#401 = CARTESIAN_POINT('',(2.516746838074,-0.456405496939,
    63.212312344011));
#402 = CARTESIAN_POINT('',(2.48506604586,-0.599486118754,63.176290054723
    ));
#403 = CARTESIAN_POINT('',(2.445518583515,-0.734679485744,
    63.131017767336));
#404 = CARTESIAN_POINT('',(2.347497143314,-1.008179271063,
    63.017840010117));
#405 = CARTESIAN_POINT('',(2.286401895848,-1.144240296742,
    62.946757864548));
#406 = CARTESIAN_POINT('',(2.219523309373,-1.268898905905,
    62.868078330937));
#407 = CARTESIAN_POINT('',(2.148656025404,-1.382860476275,
    62.783439089819));
#408 = CARTESIAN_POINT('',(2.075130166254,-1.486943778341,
    62.693912723665));
#409 = CARTESIAN_POINT('',(1.9999994,-1.581929960523,62.59999925));
#410 = PCURVE('',#133,#411);
#411 = DEFINITIONAL_REPRESENTATION('',(#412),#425);
#412 = B_SPLINE_CURVE_WITH_KNOTS('',6,(#413,#414,#415,#416,#417,#418,
    #419,#420,#421,#422,#423,#424),.UNSPECIFIED.,.F.,.F.,(7,5,7),(0.,
    0.459405496057,1.),.UNSPECIFIED.);
#413 = CARTESIAN_POINT('',(-6.28318530718,-8.25));
#414 = CARTESIAN_POINT('',(-6.222598452853,-8.25));
#415 = CARTESIAN_POINT('',(-6.162649007853,-8.237269553245));
#416 = CARTESIAN_POINT('',(-6.103802719577,-8.212312344011));
#417 = CARTESIAN_POINT('',(-6.046533102057,-8.176290054723));
#418 = CARTESIAN_POINT('',(-5.991392161952,-8.131017767336));
#419 = CARTESIAN_POINT('',(-5.877457037174,-8.017840010117));
#420 = CARTESIAN_POINT('',(-5.81914489108,-7.946757864548));
#421 = CARTESIAN_POINT('',(-5.763856474159,-7.868078330937));
#422 = CARTESIAN_POINT('',(-5.711371539751,-7.783439089819));
#423 = CARTESIAN_POINT('',(-5.661470814373,-7.693912723665));
#424 = CARTESIAN_POINT('',(-5.613977709034,-7.59999925));
#425 = ( GEOMETRIC_REPRESENTATION_CONTEXT(2) 
PARAMETRIC_REPRESENTATION_CONTEXT() REPRESENTATION_CONTEXT('2D SPACE',''
  ) );
#426 = PCURVE('',#241,#427);
#427 = DEFINITIONAL_REPRESENTATION('',(#428),#441);
#428 = B_SPLINE_CURVE_WITH_KNOTS('',6,(#429,#430,#431,#432,#433,#434,
    #435,#436,#437,#438,#439,#440),.UNSPECIFIED.,.F.,.F.,(7,5,7),(0.,
    0.459405496057,1.),.UNSPECIFIED.);
#429 = CARTESIAN_POINT('',(-1.570796326795,-0.55));
#430 = CARTESIAN_POINT('',(-1.639461428365,-0.55));
#431 = CARTESIAN_POINT('',(-1.707404031204,-0.538767052029));
#432 = CARTESIAN_POINT('',(-1.774225985323,-0.516746838074));
#433 = CARTESIAN_POINT('',(-1.839504036492,-0.48506604586));
#434 = CARTESIAN_POINT('',(-1.902717692153,-0.445518583515));
#435 = CARTESIAN_POINT('',(-2.034269747135,-0.347497143314));
#436 = CARTESIAN_POINT('',(-2.102226053374,-0.286401895848));
#437 = CARTESIAN_POINT('',(-2.167437192594,-0.219523309373));
#438 = CARTESIAN_POINT('',(-2.23027864958,-0.148656025404));
#439 = CARTESIAN_POINT('',(-2.291149438149,-7.513016625366E-02));
#440 = CARTESIAN_POINT('',(-2.350515829841,6.000000000173E-07));
#441 = ( GEOMETRIC_REPRESENTATION_CONTEXT(2) 
PARAMETRIC_REPRESENTATION_CONTEXT() REPRESENTATION_CONTEXT('2D SPACE',''
  ) );
#442 = ORIENTED_EDGE('',*,*,#443,.T.);
#443 = EDGE_CURVE('',#394,#444,#446,.T.);
#444 = VERTEX_POINT('',#445);
#445 = CARTESIAN_POINT('',(2.,-1.581929201956,59.4));
#446 = SURFACE_CURVE('',#447,(#451,#457),.PCURVE_S1.);
#447 = LINE('',#448,#449);
#448 = CARTESIAN_POINT('',(2.,-1.581929201956,55.));
#449 = VECTOR('',#450,1.);
#450 = DIRECTION('',(-0.,-0.,-1.));
#451 = PCURVE('',#133,#452);
#452 = DEFINITIONAL_REPRESENTATION('',(#453),#456);
#453 = B_SPLINE_CURVE_WITH_KNOTS('',1,(#454,#455),.UNSPECIFIED.,.F.,.F.,
  (2,2),(-8.7,-3.3),.PIECEWISE_BEZIER_KNOTS.);
#454 = CARTESIAN_POINT('',(-5.613978088318,-8.7));
#455 = CARTESIAN_POINT('',(-5.613978088318,-3.3));
#456 = ( GEOMETRIC_REPRESENTATION_CONTEXT(2) 
PARAMETRIC_REPRESENTATION_CONTEXT() REPRESENTATION_CONTEXT('2D SPACE',''
  ) );
#457 = PCURVE('',#458,#463);
#458 = PLANE('',#459);
#459 = AXIS2_PLACEMENT_3D('',#460,#461,#462);
#460 = CARTESIAN_POINT('',(2.,-1.519377925044E-16,61.));
#461 = DIRECTION('',(1.,0.,0.));
#462 = DIRECTION('',(0.,0.,1.));
#463 = DEFINITIONAL_REPRESENTATION('',(#464),#467);
#464 = B_SPLINE_CURVE_WITH_KNOTS('',1,(#465,#466),.UNSPECIFIED.,.F.,.F.,
  (2,2),(-8.7,-3.3),.PIECEWISE_BEZIER_KNOTS.);
#465 = CARTESIAN_POINT('',(2.7,1.581929201956));
#466 = CARTESIAN_POINT('',(-2.7,1.581929201956));
#467 = ( GEOMETRIC_REPRESENTATION_CONTEXT(2) 
PARAMETRIC_REPRESENTATION_CONTEXT() REPRESENTATION_CONTEXT('2D SPACE',''
  ) );
#468 = ORIENTED_EDGE('',*,*,#469,.T.);
#469 = EDGE_CURVE('',#444,#185,#470,.T.);
#470 = SURFACE_CURVE('',#471,(#484,#500),.PCURVE_S1.);
#471 = B_SPLINE_CURVE_WITH_KNOTS('',6,(#472,#473,#474,#475,#476,#477,
    #478,#479,#480,#481,#482,#483),.UNSPECIFIED.,.F.,.F.,(7,5,7),(0.,
    0.544609145182,1.),.UNSPECIFIED.);
#472 = CARTESIAN_POINT('',(1.9999994,-1.581929960523,59.40000075));
#473 = CARTESIAN_POINT('',(2.075683793689,-1.486243839301,
    59.305395241924));
#474 = CARTESIAN_POINT('',(2.149741122643,-1.381324025047,
    59.215239748743));
#475 = CARTESIAN_POINT('',(2.221093194389,-1.266372469137,
    59.130046988919));
#476 = CARTESIAN_POINT('',(2.288376662346,-1.14055332232,59.050919328462
    ));
#477 = CARTESIAN_POINT('',(2.34974912851,-1.003149625712,58.979540384968
    ));
#478 = CARTESIAN_POINT('',(2.447206636581,-0.728869372868,
    58.867050204163));
#479 = CARTESIAN_POINT('',(2.486151767975,-0.594568507406,
    58.822475289331));
#480 = CARTESIAN_POINT('',(2.517323423863,-0.452528359778,
    58.787034133921));
#481 = CARTESIAN_POINT('',(2.538969532858,-0.304668917764,
    58.762500991997));
#482 = CARTESIAN_POINT('',(2.55,-0.153097831024,58.75));
#483 = CARTESIAN_POINT('',(2.55,-4.440892098501E-16,58.75));
#484 = PCURVE('',#133,#485);
#485 = DEFINITIONAL_REPRESENTATION('',(#486),#499);
#486 = B_SPLINE_CURVE_WITH_KNOTS('',6,(#487,#488,#489,#490,#491,#492,
    #493,#494,#495,#496,#497,#498),.UNSPECIFIED.,.F.,.F.,(7,5,7),(0.,
    0.544609145182,1.),.UNSPECIFIED.);
#487 = CARTESIAN_POINT('',(-5.613977709034,-4.40000075));
#488 = CARTESIAN_POINT('',(-5.661820783998,-4.305395241924));
#489 = CARTESIAN_POINT('',(-5.71210809625,-4.215239748743));
#490 = CARTESIAN_POINT('',(-5.765019751642,-4.130046988919));
#491 = CARTESIAN_POINT('',(-5.820779468686,-4.050919328462));
#492 = CARTESIAN_POINT('',(-5.879611525271,-3.979540384968));
#493 = CARTESIAN_POINT('',(-5.993760582992,-3.867050204163));
#494 = CARTESIAN_POINT('',(-6.048501402445,-3.822475289331));
#495 = CARTESIAN_POINT('',(-6.105333930196,-3.787034133921));
#496 = CARTESIAN_POINT('',(-6.163707210742,-3.762500991997));
#497 = CARTESIAN_POINT('',(-6.223146942072,-3.75));
#498 = CARTESIAN_POINT('',(-6.28318530718,-3.75));
#499 = ( GEOMETRIC_REPRESENTATION_CONTEXT(2) 
PARAMETRIC_REPRESENTATION_CONTEXT() REPRESENTATION_CONTEXT('2D SPACE',''
  ) );
#500 = PCURVE('',#241,#501);
#501 = DEFINITIONAL_REPRESENTATION('',(#502),#515);
#502 = B_SPLINE_CURVE_WITH_KNOTS('',6,(#503,#504,#505,#506,#507,#508,
    #509,#510,#511,#512,#513,#514),.UNSPECIFIED.,.F.,.F.,(7,5,7),(0.,
    0.544609145182,1.),.UNSPECIFIED.);
#503 = CARTESIAN_POINT('',(-3.932669477339,6.000000000173E-07));
#504 = CARTESIAN_POINT('',(-3.992473331135,-7.568379368899E-02));
#505 = CARTESIAN_POINT('',(-4.053805095589,-0.149741122643));
#506 = CARTESIAN_POINT('',(-4.117140751642,-0.221093194389));
#507 = CARTESIAN_POINT('',(-4.182886889545,-0.288376662346));
#508 = CARTESIAN_POINT('',(-4.251425918656,-0.34974912851));
#509 = CARTESIAN_POINT('',(-4.383182295317,-0.447206636581));
#510 = CARTESIAN_POINT('',(-4.44592483179,-0.486151767975));
#511 = CARTESIAN_POINT('',(-4.510698180893,-0.517323423863));
#512 = CARTESIAN_POINT('',(-4.576980565573,-0.538969532858));
#513 = CARTESIAN_POINT('',(-4.64434549993,-0.55));
#514 = CARTESIAN_POINT('',(-4.712388980385,-0.55));
#515 = ( GEOMETRIC_REPRESENTATION_CONTEXT(2) 
PARAMETRIC_REPRESENTATION_CONTEXT() REPRESENTATION_CONTEXT('2D SPACE',''
  ) );
#516 = ORIENTED_EDGE('',*,*,#184,.F.);
#517 = FACE_BOUND('',#518,.T.);
#518 = EDGE_LOOP('',(#519,#547,#692,#718));
#519 = ORIENTED_EDGE('',*,*,#520,.F.);
#520 = EDGE_CURVE('',#521,#523,#525,.T.);
#521 = VERTEX_POINT('',#522);
#522 = CARTESIAN_POINT('',(-2.,-1.581929201956,62.6));
#523 = VERTEX_POINT('',#524);
#524 = CARTESIAN_POINT('',(-2.,-1.581929201956,59.4));
#525 = SURFACE_CURVE('',#526,(#530,#536),.PCURVE_S1.);
#526 = LINE('',#527,#528);
#527 = CARTESIAN_POINT('',(-2.,-1.581929201956,55.));
#528 = VECTOR('',#529,1.);
#529 = DIRECTION('',(-0.,-0.,-1.));
#530 = PCURVE('',#133,#531);
#531 = DEFINITIONAL_REPRESENTATION('',(#532),#535);
#532 = B_SPLINE_CURVE_WITH_KNOTS('',1,(#533,#534),.UNSPECIFIED.,.F.,.F.,
  (2,2),(-8.7,-3.3),.PIECEWISE_BEZIER_KNOTS.);
#533 = CARTESIAN_POINT('',(-3.810799872452,-8.7));
#534 = CARTESIAN_POINT('',(-3.810799872452,-3.3));
#535 = ( GEOMETRIC_REPRESENTATION_CONTEXT(2) 
PARAMETRIC_REPRESENTATION_CONTEXT() REPRESENTATION_CONTEXT('2D SPACE',''
  ) );
#536 = PCURVE('',#537,#542);
#537 = PLANE('',#538);
#538 = AXIS2_PLACEMENT_3D('',#539,#540,#541);
#539 = CARTESIAN_POINT('',(-2.,3.968671523339E-16,61.));
#540 = DIRECTION('',(-1.,1.224646799147E-16,0.));
#541 = DIRECTION('',(0.,0.,1.));
#542 = DEFINITIONAL_REPRESENTATION('',(#543),#546);
#543 = B_SPLINE_CURVE_WITH_KNOTS('',1,(#544,#545),.UNSPECIFIED.,.F.,.F.,
  (2,2),(-8.7,-3.3),.PIECEWISE_BEZIER_KNOTS.);
#544 = CARTESIAN_POINT('',(2.7,-1.581929201956));
#545 = CARTESIAN_POINT('',(-2.7,-1.581929201956));
#546 = ( GEOMETRIC_REPRESENTATION_CONTEXT(2) 
PARAMETRIC_REPRESENTATION_CONTEXT() REPRESENTATION_CONTEXT('2D SPACE',''
  ) );
#547 = ORIENTED_EDGE('',*,*,#548,.T.);
#548 = EDGE_CURVE('',#521,#549,#551,.T.);
#549 = VERTEX_POINT('',#550);
#550 = CARTESIAN_POINT('',(-2.,1.581929201956,62.6));
#551 = SURFACE_CURVE('',#552,(#595,#641),.PCURVE_S1.);
#552 = B_SPLINE_CURVE_WITH_KNOTS('',6,(#553,#554,#555,#556,#557,#558,
    #559,#560,#561,#562,#563,#564,#565,#566,#567,#568,#569,#570,#571,
    #572,#573,#574,#575,#576,#577,#578,#579,#580,#581,#582,#583,#584,
    #585,#586,#587,#588,#589,#590,#591,#592,#593,#594),.UNSPECIFIED.,.F.
  ,.F.,(7,5,5,5,5,5,5,5,7),(0.,0.271853673239,0.357401163095,
    0.403600061968,0.4977502511,0.596638451669,0.644022302714,
    0.730127092666,1.),.UNSPECIFIED.);
#553 = CARTESIAN_POINT('',(-1.9999994,-1.581929960523,62.59999925));
#554 = CARTESIAN_POINT('',(-2.075683793689,-1.486243839301,
    62.694604758076));
#555 = CARTESIAN_POINT('',(-2.149741122643,-1.381324025047,
    62.784760251257));
#556 = CARTESIAN_POINT('',(-2.221093194389,-1.266372469137,
    62.869953011081));
#557 = CARTESIAN_POINT('',(-2.288376662346,-1.14055332232,
    62.949080671538));
#558 = CARTESIAN_POINT('',(-2.34974912851,-1.003149625712,
    63.020459615032));
#559 = CARTESIAN_POINT('',(-2.419527525523,-0.806768282144,63.1010012239
    ));
#560 = CARTESIAN_POINT('',(-2.435403119906,-0.75859115415,
    63.119272082009));
#561 = CARTESIAN_POINT('',(-2.450362321529,-0.70927773209,
    63.136444085885));
#562 = CARTESIAN_POINT('',(-2.464318085418,-0.658867264473,
    63.152428531814));
#563 = CARTESIAN_POINT('',(-2.477186161922,-0.607403223914,
    63.167139297057));
#564 = CARTESIAN_POINT('',(-2.495202966541,-0.526597556048,
    63.187704260943));
#565 = CARTESIAN_POINT('',(-2.501178396584,-0.497975458973,63.1945181523
    ));
#566 = CARTESIAN_POINT('',(-2.506797577777,-0.469079614598,
    63.200920217803));
#567 = CARTESIAN_POINT('',(-2.512047362535,-0.43992515785,
    63.206896809645));
#568 = CARTESIAN_POINT('',(-2.516915264747,-0.4105297599,63.212434928322
    ));
#569 = CARTESIAN_POINT('',(-2.530507562562,-0.320557981759,
    63.22788977973));
#570 = CARTESIAN_POINT('',(-2.537996294872,-0.259249763963,
    63.236391501404));
#571 = CARTESIAN_POINT('',(-2.54374621869,-0.197209572029,
    63.242912145285));
#572 = CARTESIAN_POINT('',(-2.547682119476,-0.134662350674,
    63.247373036907));
#573 = CARTESIAN_POINT('',(-2.549763364904,-7.183575966393E-02,
    63.249731813103));
#574 = CARTESIAN_POINT('',(-2.550216278767,5.708290820419E-02,
    63.250245116382));
#575 = CARTESIAN_POINT('',(-2.54839577827,0.123118057755,63.248181842445
    ));
#576 = CARTESIAN_POINT('',(-2.544523395238,0.188881245045,
    63.243793460258));
#577 = CARTESIAN_POINT('',(-2.538642429653,0.254107849612,
    63.237125084518));
#578 = CARTESIAN_POINT('',(-2.530838402061,0.318536425495,
    63.228266143947));
#579 = CARTESIAN_POINT('',(-2.516638713237,0.412277687819,63.21212038779
    ));
#580 = CARTESIAN_POINT('',(-2.511624994097,0.442411892891,
    63.206416190098));
#581 = CARTESIAN_POINT('',(-2.506210236608,0.472291707289,
    63.200251460253));
#582 = CARTESIAN_POINT('',(-2.50040794326,0.501898189948,63.193640254196
    ));
#583 = CARTESIAN_POINT('',(-2.494232332292,0.531215200648,
    63.186597327789));
#584 = CARTESIAN_POINT('',(-2.475824920479,0.612953302516,
    63.165583475113));
#585 = CARTESIAN_POINT('',(-2.462773302295,0.664652546347,
    63.150660328094));
#586 = CARTESIAN_POINT('',(-2.448626623569,0.715280082889,
    63.134453930723));
#587 = CARTESIAN_POINT('',(-2.433470649178,0.764793185367,
    63.117051897798));
#588 = CARTESIAN_POINT('',(-2.417393768449,0.813153448858,
    63.098544223947));
#589 = CARTESIAN_POINT('',(-2.347497143314,1.008179271063,
    63.017840010117));
#590 = CARTESIAN_POINT('',(-2.286401895848,1.144240296742,
    62.946757864548));
#591 = CARTESIAN_POINT('',(-2.219523309373,1.268898905905,
    62.868078330937));
#592 = CARTESIAN_POINT('',(-2.148656025404,1.382860476275,
    62.783439089819));
#593 = CARTESIAN_POINT('',(-2.075130166254,1.486943778341,
    62.693912723665));
#594 = CARTESIAN_POINT('',(-1.9999994,1.581929960523,62.59999925));
#595 = PCURVE('',#133,#596);
#596 = DEFINITIONAL_REPRESENTATION('',(#597),#640);
#597 = B_SPLINE_CURVE_WITH_KNOTS('',6,(#598,#599,#600,#601,#602,#603,
    #604,#605,#606,#607,#608,#609,#610,#611,#612,#613,#614,#615,#616,
    #617,#618,#619,#620,#621,#622,#623,#624,#625,#626,#627,#628,#629,
    #630,#631,#632,#633,#634,#635,#636,#637,#638,#639),.UNSPECIFIED.,.F.
  ,.F.,(7,5,5,5,5,5,5,5,7),(0.,0.271853673239,0.357401163095,
    0.403600061968,0.4977502511,0.596638451669,0.644022302714,
    0.730127092666,1.),.UNSPECIFIED.);
#598 = CARTESIAN_POINT('',(-3.810800251735,-7.59999925));
#599 = CARTESIAN_POINT('',(-3.762957176771,-7.694604758076));
#600 = CARTESIAN_POINT('',(-3.712669864519,-7.784760251257));
#601 = CARTESIAN_POINT('',(-3.659758209127,-7.869953011081));
#602 = CARTESIAN_POINT('',(-3.603998492084,-7.949080671538));
#603 = CARTESIAN_POINT('',(-3.545166435499,-8.020459615032));
#604 = CARTESIAN_POINT('',(-3.463437090823,-8.1010012239));
#605 = CARTESIAN_POINT('',(-3.443550077438,-8.119272082009));
#606 = CARTESIAN_POINT('',(-3.42334999484,-8.136444085885));
#607 = CARTESIAN_POINT('',(-3.402847090639,-8.152428531814));
#608 = CARTESIAN_POINT('',(-3.382050639813,-8.167139297057));
#609 = CARTESIAN_POINT('',(-3.349584027363,-8.187704260943));
#610 = CARTESIAN_POINT('',(-3.338118739796,-8.1945181523));
#611 = CARTESIAN_POINT('',(-3.326576407194,-8.200920217803));
#612 = CARTESIAN_POINT('',(-3.314961110722,-8.206896809645));
#613 = CARTESIAN_POINT('',(-3.303277687519,-8.212434928322));
#614 = CARTESIAN_POINT('',(-3.267594275822,-8.22788977973));
#615 = CARTESIAN_POINT('',(-3.243382899648,-8.236391501404));
#616 = CARTESIAN_POINT('',(-3.218964877138,-8.242912145285));
#617 = CARTESIAN_POINT('',(-3.194404290181,-8.247373036907));
#618 = CARTESIAN_POINT('',(-3.169763699127,-8.249731813103));
#619 = CARTESIAN_POINT('',(-3.119207046794,-8.250245116382));
#620 = CARTESIAN_POINT('',(-3.093313581862,-8.248181842445));
#621 = CARTESIAN_POINT('',(-3.067498312165,-8.243793460258));
#622 = CARTESIAN_POINT('',(-3.041833775528,-8.237125084518));
#623 = CARTESIAN_POINT('',(-3.016394286205,-8.228266143947));
#624 = CARTESIAN_POINT('',(-2.979213647271,-8.21212038779));
#625 = CARTESIAN_POINT('',(-2.967235135455,-8.206416190098));
#626 = CARTESIAN_POINT('',(-2.955328546435,-8.200251460253));
#627 = CARTESIAN_POINT('',(-2.943499061594,-8.193640254196));
#628 = CARTESIAN_POINT('',(-2.931751027948,-8.186597327789));
#629 = CARTESIAN_POINT('',(-2.898894109314,-8.165583475113));
#630 = CARTESIAN_POINT('',(-2.87799077178,-8.150660328094));
#631 = CARTESIAN_POINT('',(-2.857385939486,-8.134453930723));
#632 = CARTESIAN_POINT('',(-2.837088584535,-8.117051897798));
#633 = CARTESIAN_POINT('',(-2.817108657183,-8.098544223947));
#634 = CARTESIAN_POINT('',(-2.735864383585,-8.017840010117));
#635 = CARTESIAN_POINT('',(-2.67755223749,-7.946757864548));
#636 = CARTESIAN_POINT('',(-2.622263820569,-7.868078330937));
#637 = CARTESIAN_POINT('',(-2.569778886161,-7.783439089819));
#638 = CARTESIAN_POINT('',(-2.519878160783,-7.693912723665));
#639 = CARTESIAN_POINT('',(-2.472385055444,-7.59999925));
#640 = ( GEOMETRIC_REPRESENTATION_CONTEXT(2) 
PARAMETRIC_REPRESENTATION_CONTEXT() REPRESENTATION_CONTEXT('2D SPACE',''
  ) );
#641 = PCURVE('',#642,#647);
#642 = CYLINDRICAL_SURFACE('',#643,2.25);
#643 = AXIS2_PLACEMENT_3D('',#644,#645,#646);
#644 = CARTESIAN_POINT('',(-2.,2.449293598295E-16,61.));
#645 = DIRECTION('',(1.,-1.224646799147E-16,-0.));
#646 = DIRECTION('',(-1.224646799147E-16,-1.,0.));
#647 = DEFINITIONAL_REPRESENTATION('',(#648),#691);
#648 = B_SPLINE_CURVE_WITH_KNOTS('',6,(#649,#650,#651,#652,#653,#654,
    #655,#656,#657,#658,#659,#660,#661,#662,#663,#664,#665,#666,#667,
    #668,#669,#670,#671,#672,#673,#674,#675,#676,#677,#678,#679,#680,
    #681,#682,#683,#684,#685,#686,#687,#688,#689,#690),.UNSPECIFIED.,.F.
  ,.F.,(7,5,5,5,5,5,5,5,7),(0.,0.271853673239,0.357401163095,
    0.403600061968,0.4977502511,0.596638451669,0.644022302714,
    0.730127092666,1.),.UNSPECIFIED.);
#649 = CARTESIAN_POINT('',(-0.791076823749,6.000000000173E-07));
#650 = CARTESIAN_POINT('',(-0.850880677546,-7.568379368898E-02));
#651 = CARTESIAN_POINT('',(-0.912212441999,-0.149741122643));
#652 = CARTESIAN_POINT('',(-0.975548098053,-0.221093194389));
#653 = CARTESIAN_POINT('',(-1.041294235955,-0.288376662346));
#654 = CARTESIAN_POINT('',(-1.109833265067,-0.34974912851));
#655 = CARTESIAN_POINT('',(-1.204169237139,-0.419527525523));
#656 = CARTESIAN_POINT('',(-1.227061196437,-0.435403119906));
#657 = CARTESIAN_POINT('',(-1.250255838622,-0.450362321529));
#658 = CARTESIAN_POINT('',(-1.273745614716,-0.464318085418));
#659 = CARTESIAN_POINT('',(-1.297524458768,-0.477186161922));
#660 = CARTESIAN_POINT('',(-1.334582900965,-0.495202966541));
#661 = CARTESIAN_POINT('',(-1.347657762865,-0.501178396584));
#662 = CARTESIAN_POINT('',(-1.360809355557,-0.506797577777));
#663 = CARTESIAN_POINT('',(-1.37403384395,-0.512047362535));
#664 = CARTESIAN_POINT('',(-1.387326575868,-0.516915264747));
#665 = CARTESIAN_POINT('',(-1.427899688156,-0.530507562562));
#666 = CARTESIAN_POINT('',(-1.455394160204,-0.537996294872));
#667 = CARTESIAN_POINT('',(-1.483096484564,-0.54374621869));
#668 = CARTESIAN_POINT('',(-1.510942209041,-0.547682119476));
#669 = CARTESIAN_POINT('',(-1.538869090469,-0.549763364904));
#670 = CARTESIAN_POINT('',(-1.596166730357,-0.550216278767));
#671 = CARTESIAN_POINT('',(-1.625511801108,-0.54839577827));
#672 = CARTESIAN_POINT('',(-1.654777407589,-0.544523395238));
#673 = CARTESIAN_POINT('',(-1.683891423617,-0.538642429653));
#674 = CARTESIAN_POINT('',(-1.712779143655,-0.530838402061));
#675 = CARTESIAN_POINT('',(-1.755055389103,-0.516638713237));
#676 = CARTESIAN_POINT('',(-1.768684337934,-0.511624994097));
#677 = CARTESIAN_POINT('',(-1.782241248456,-0.506210236608));
#678 = CARTESIAN_POINT('',(-1.795721141799,-0.50040794326));
#679 = CARTESIAN_POINT('',(-1.809119940916,-0.494232332292));
#680 = CARTESIAN_POINT('',(-1.84662931239,-0.475824920479));
#681 = CARTESIAN_POINT('',(-1.870534523186,-0.462773302295));
#682 = CARTESIAN_POINT('',(-1.89414593985,-0.448626623569));
#683 = CARTESIAN_POINT('',(-1.917457908287,-0.433470649178));
#684 = CARTESIAN_POINT('',(-1.940463283427,-0.417393768449));
#685 = CARTESIAN_POINT('',(-2.034269747135,-0.347497143314));
#686 = CARTESIAN_POINT('',(-2.102226053374,-0.286401895848));
#687 = CARTESIAN_POINT('',(-2.167437192594,-0.219523309373));
#688 = CARTESIAN_POINT('',(-2.23027864958,-0.148656025404));
#689 = CARTESIAN_POINT('',(-2.291149438149,-7.513016625372E-02));
#690 = CARTESIAN_POINT('',(-2.350515829841,6.000000000173E-07));
#691 = ( GEOMETRIC_REPRESENTATION_CONTEXT(2) 
PARAMETRIC_REPRESENTATION_CONTEXT() REPRESENTATION_CONTEXT('2D SPACE',''
  ) );
#692 = ORIENTED_EDGE('',*,*,#693,.T.);
#693 = EDGE_CURVE('',#549,#694,#696,.T.);
#694 = VERTEX_POINT('',#695);
#695 = CARTESIAN_POINT('',(-2.,1.581929201956,59.4));
#696 = SURFACE_CURVE('',#697,(#701,#707),.PCURVE_S1.);
#697 = LINE('',#698,#699);
#698 = CARTESIAN_POINT('',(-2.,1.581929201956,55.));
#699 = VECTOR('',#700,1.);
#700 = DIRECTION('',(-0.,-0.,-1.));
#701 = PCURVE('',#133,#702);
#702 = DEFINITIONAL_REPRESENTATION('',(#703),#706);
#703 = B_SPLINE_CURVE_WITH_KNOTS('',1,(#704,#705),.UNSPECIFIED.,.F.,.F.,
  (2,2),(-8.7,-3.3),.PIECEWISE_BEZIER_KNOTS.);
#704 = CARTESIAN_POINT('',(-2.472385434728,-8.7));
#705 = CARTESIAN_POINT('',(-2.472385434728,-3.3));
#706 = ( GEOMETRIC_REPRESENTATION_CONTEXT(2) 
PARAMETRIC_REPRESENTATION_CONTEXT() REPRESENTATION_CONTEXT('2D SPACE',''
  ) );
#707 = PCURVE('',#708,#713);
#708 = PLANE('',#709);
#709 = AXIS2_PLACEMENT_3D('',#710,#711,#712);
#710 = CARTESIAN_POINT('',(-2.,3.968671523339E-16,61.));
#711 = DIRECTION('',(-1.,1.224646799147E-16,0.));
#712 = DIRECTION('',(0.,0.,1.));
#713 = DEFINITIONAL_REPRESENTATION('',(#714),#717);
#714 = B_SPLINE_CURVE_WITH_KNOTS('',1,(#715,#716),.UNSPECIFIED.,.F.,.F.,
  (2,2),(-8.7,-3.3),.PIECEWISE_BEZIER_KNOTS.);
#715 = CARTESIAN_POINT('',(2.7,1.581929201956));
#716 = CARTESIAN_POINT('',(-2.7,1.581929201956));
#717 = ( GEOMETRIC_REPRESENTATION_CONTEXT(2) 
PARAMETRIC_REPRESENTATION_CONTEXT() REPRESENTATION_CONTEXT('2D SPACE',''
  ) );
#718 = ORIENTED_EDGE('',*,*,#719,.T.);
#719 = EDGE_CURVE('',#694,#523,#720,.T.);
#720 = SURFACE_CURVE('',#721,(#764,#810),.PCURVE_S1.);
#721 = B_SPLINE_CURVE_WITH_KNOTS('',6,(#722,#723,#724,#725,#726,#727,
    #728,#729,#730,#731,#732,#733,#734,#735,#736,#737,#738,#739,#740,
    #741,#742,#743,#744,#745,#746,#747,#748,#749,#750,#751,#752,#753,
    #754,#755,#756,#757,#758,#759,#760,#761,#762,#763),.UNSPECIFIED.,.F.
  ,.F.,(7,5,5,5,5,5,5,5,7),(0.,0.271853673491,0.357401163426,
    0.403600062341,0.49775025156,0.596638452104,0.644022303098,
    0.730127092957,1.),.UNSPECIFIED.);
#722 = CARTESIAN_POINT('',(-1.9999994,1.581929960523,59.40000075));
#723 = CARTESIAN_POINT('',(-2.075683793689,1.486243839301,
    59.305395241924));
#724 = CARTESIAN_POINT('',(-2.149741122643,1.381324025047,
    59.215239748743));
#725 = CARTESIAN_POINT('',(-2.221093194389,1.266372469137,
    59.130046988919));
#726 = CARTESIAN_POINT('',(-2.288376662346,1.140553322319,
    59.050919328462));
#727 = CARTESIAN_POINT('',(-2.34974912851,1.003149625712,58.979540384968
    ));
#728 = CARTESIAN_POINT('',(-2.419527525523,0.806768282144,58.8989987761)
  );
#729 = CARTESIAN_POINT('',(-2.435403119906,0.75859115415,58.880727917991
    ));
#730 = CARTESIAN_POINT('',(-2.450362321529,0.70927773209,58.863555914115
    ));
#731 = CARTESIAN_POINT('',(-2.464318085418,0.658867264473,
    58.847571468186));
#732 = CARTESIAN_POINT('',(-2.477186161922,0.607403223914,
    58.832860702943));
#733 = CARTESIAN_POINT('',(-2.495202966541,0.526597556048,
    58.812295739057));
#734 = CARTESIAN_POINT('',(-2.501178396583,0.497975458973,
    58.805481847701));
#735 = CARTESIAN_POINT('',(-2.506797577777,0.469079614598,
    58.799079782197));
#736 = CARTESIAN_POINT('',(-2.512047362535,0.43992515785,58.793103190355
    ));
#737 = CARTESIAN_POINT('',(-2.516915264747,0.4105297599,58.787565071678)
  );
#738 = CARTESIAN_POINT('',(-2.530507562562,0.320557981759,58.77211022027
    ));
#739 = CARTESIAN_POINT('',(-2.537996294872,0.259249763963,
    58.763608498596));
#740 = CARTESIAN_POINT('',(-2.54374621869,0.197209572029,58.757087854715
    ));
#741 = CARTESIAN_POINT('',(-2.547682119476,0.134662350674,
    58.752626963093));
#742 = CARTESIAN_POINT('',(-2.549763364904,7.183575966423E-02,
    58.750268186897));
#743 = CARTESIAN_POINT('',(-2.550216278767,-5.708290812552E-02,
    58.749754883619));
#744 = CARTESIAN_POINT('',(-2.548395778274,-0.123118057763,
    58.751818157549));
#745 = CARTESIAN_POINT('',(-2.544523395234,-0.188881245108,
    58.756206539746));
#746 = CARTESIAN_POINT('',(-2.538642429646,-0.254107849636,
    58.76287491549));
#747 = CARTESIAN_POINT('',(-2.530838402068,-0.318536425444,
    58.771733856044));
#748 = CARTESIAN_POINT('',(-2.516638713237,-0.412277687819,
    58.78787961221));
#749 = CARTESIAN_POINT('',(-2.511624994097,-0.442411892891,
    58.793583809902));
#750 = CARTESIAN_POINT('',(-2.506210236608,-0.472291707289,
    58.799748539747));
#751 = CARTESIAN_POINT('',(-2.50040794326,-0.501898189948,
    58.806359745804));
#752 = CARTESIAN_POINT('',(-2.494232332292,-0.531215200648,
    58.813402672211));
#753 = CARTESIAN_POINT('',(-2.475824920479,-0.612953302516,
    58.834416524887));
#754 = CARTESIAN_POINT('',(-2.462773302295,-0.664652546347,
    58.849339671906));
#755 = CARTESIAN_POINT('',(-2.448626623569,-0.715280082889,
    58.865546069277));
#756 = CARTESIAN_POINT('',(-2.433470649178,-0.764793185367,
    58.882948102202));
#757 = CARTESIAN_POINT('',(-2.417393768449,-0.813153448858,
    58.901455776053));
#758 = CARTESIAN_POINT('',(-2.347497143314,-1.008179271063,
    58.982159989883));
#759 = CARTESIAN_POINT('',(-2.286401895848,-1.144240296742,
    59.053242135452));
#760 = CARTESIAN_POINT('',(-2.219523309373,-1.268898905905,
    59.131921669063));
#761 = CARTESIAN_POINT('',(-2.148656025404,-1.382860476275,
    59.216560910181));
#762 = CARTESIAN_POINT('',(-2.075130166254,-1.486943778341,
    59.306087276335));
#763 = CARTESIAN_POINT('',(-1.9999994,-1.581929960523,59.40000075));
#764 = PCURVE('',#133,#765);
#765 = DEFINITIONAL_REPRESENTATION('',(#766),#809);
#766 = B_SPLINE_CURVE_WITH_KNOTS('',6,(#767,#768,#769,#770,#771,#772,
    #773,#774,#775,#776,#777,#778,#779,#780,#781,#782,#783,#784,#785,
    #786,#787,#788,#789,#790,#791,#792,#793,#794,#795,#796,#797,#798,
    #799,#800,#801,#802,#803,#804,#805,#806,#807,#808),.UNSPECIFIED.,.F.
  ,.F.,(7,5,5,5,5,5,5,5,7),(0.,0.271853673491,0.357401163426,
    0.403600062341,0.49775025156,0.596638452104,0.644022303098,
    0.730127092957,1.),.UNSPECIFIED.);
#767 = CARTESIAN_POINT('',(-2.472385055444,-4.40000075));
#768 = CARTESIAN_POINT('',(-2.520228130408,-4.305395241924));
#769 = CARTESIAN_POINT('',(-2.57051544266,-4.215239748743));
#770 = CARTESIAN_POINT('',(-2.623427098052,-4.130046988919));
#771 = CARTESIAN_POINT('',(-2.679186815096,-4.050919328462));
#772 = CARTESIAN_POINT('',(-2.738018871681,-3.979540384968));
#773 = CARTESIAN_POINT('',(-2.819748216356,-3.8989987761));
#774 = CARTESIAN_POINT('',(-2.839635229742,-3.880727917991));
#775 = CARTESIAN_POINT('',(-2.85983531234,-3.863555914115));
#776 = CARTESIAN_POINT('',(-2.88033821654,-3.847571468186));
#777 = CARTESIAN_POINT('',(-2.901134667367,-3.832860702943));
#778 = CARTESIAN_POINT('',(-2.933601279816,-3.812295739057));
#779 = CARTESIAN_POINT('',(-2.945066567384,-3.805481847701));
#780 = CARTESIAN_POINT('',(-2.956608899986,-3.799079782197));
#781 = CARTESIAN_POINT('',(-2.968224196457,-3.793103190355));
#782 = CARTESIAN_POINT('',(-2.979907619661,-3.787565071678));
#783 = CARTESIAN_POINT('',(-3.015591031358,-3.77211022027));
#784 = CARTESIAN_POINT('',(-3.039802407531,-3.763608498596));
#785 = CARTESIAN_POINT('',(-3.064220430042,-3.757087854715));
#786 = CARTESIAN_POINT('',(-3.088781016998,-3.752626963093));
#787 = CARTESIAN_POINT('',(-3.113421608053,-3.750268186897));
#788 = CARTESIAN_POINT('',(-3.163978260355,-3.749754883619));
#789 = CARTESIAN_POINT('',(-3.189871725321,-3.751818157549));
#790 = CARTESIAN_POINT('',(-3.21568699504,-3.756206539746));
#791 = CARTESIAN_POINT('',(-3.241351531661,-3.76287491549));
#792 = CARTESIAN_POINT('',(-3.266791020954,-3.771733856044));
#793 = CARTESIAN_POINT('',(-3.303971659908,-3.78787961221));
#794 = CARTESIAN_POINT('',(-3.315950171725,-3.793583809902));
#795 = CARTESIAN_POINT('',(-3.327856760745,-3.799748539747));
#796 = CARTESIAN_POINT('',(-3.339686245585,-3.806359745804));
#797 = CARTESIAN_POINT('',(-3.351434279231,-3.813402672211));
#798 = CARTESIAN_POINT('',(-3.384291197865,-3.834416524887));
#799 = CARTESIAN_POINT('',(-3.405194535399,-3.849339671906));
#800 = CARTESIAN_POINT('',(-3.425799367693,-3.865546069277));
#801 = CARTESIAN_POINT('',(-3.446096722645,-3.882948102202));
#802 = CARTESIAN_POINT('',(-3.466076649996,-3.901455776053));
#803 = CARTESIAN_POINT('',(-3.547320923595,-3.982159989883));
#804 = CARTESIAN_POINT('',(-3.60563306969,-4.053242135452));
#805 = CARTESIAN_POINT('',(-3.66092148661,-4.131921669063));
#806 = CARTESIAN_POINT('',(-3.713406421019,-4.216560910181));
#807 = CARTESIAN_POINT('',(-3.763307146396,-4.306087276335));
#808 = CARTESIAN_POINT('',(-3.810800251735,-4.40000075));
#809 = ( GEOMETRIC_REPRESENTATION_CONTEXT(2) 
PARAMETRIC_REPRESENTATION_CONTEXT() REPRESENTATION_CONTEXT('2D SPACE',''
  ) );
#810 = PCURVE('',#642,#811);
#811 = DEFINITIONAL_REPRESENTATION('',(#812),#855);
#812 = B_SPLINE_CURVE_WITH_KNOTS('',6,(#813,#814,#815,#816,#817,#818,
    #819,#820,#821,#822,#823,#824,#825,#826,#827,#828,#829,#830,#831,
    #832,#833,#834,#835,#836,#837,#838,#839,#840,#841,#842,#843,#844,
    #845,#846,#847,#848,#849,#850,#851,#852,#853,#854),.UNSPECIFIED.,.F.
  ,.F.,(7,5,5,5,5,5,5,5,7),(0.,0.271853673491,0.357401163426,
    0.403600062341,0.49775025156,0.596638452104,0.644022303098,
    0.730127092957,1.),.UNSPECIFIED.);
#813 = CARTESIAN_POINT('',(-3.932669477339,6.000000000173E-07));
#814 = CARTESIAN_POINT('',(-3.992473331135,-7.568379368895E-02));
#815 = CARTESIAN_POINT('',(-4.053805095589,-0.149741122643));
#816 = CARTESIAN_POINT('',(-4.117140751642,-0.221093194389));
#817 = CARTESIAN_POINT('',(-4.182886889545,-0.288376662346));
#818 = CARTESIAN_POINT('',(-4.251425918656,-0.34974912851));
#819 = CARTESIAN_POINT('',(-4.345761890729,-0.419527525523));
#820 = CARTESIAN_POINT('',(-4.368653850027,-0.435403119906));
#821 = CARTESIAN_POINT('',(-4.391848492212,-0.450362321529));
#822 = CARTESIAN_POINT('',(-4.415338268306,-0.464318085418));
#823 = CARTESIAN_POINT('',(-4.439117112357,-0.477186161922));
#824 = CARTESIAN_POINT('',(-4.476175554554,-0.495202966541));
#825 = CARTESIAN_POINT('',(-4.489250416455,-0.501178396583));
#826 = CARTESIAN_POINT('',(-4.502402009146,-0.506797577777));
#827 = CARTESIAN_POINT('',(-4.51562649754,-0.512047362535));
#828 = CARTESIAN_POINT('',(-4.528919229458,-0.516915264747));
#829 = CARTESIAN_POINT('',(-4.569492341746,-0.530507562562));
#830 = CARTESIAN_POINT('',(-4.596986813794,-0.537996294872));
#831 = CARTESIAN_POINT('',(-4.624689138154,-0.54374621869));
#832 = CARTESIAN_POINT('',(-4.65253486263,-0.547682119476));
#833 = CARTESIAN_POINT('',(-4.680461744058,-0.549763364904));
#834 = CARTESIAN_POINT('',(-4.737759383912,-0.550216278767));
#835 = CARTESIAN_POINT('',(-4.767104454701,-0.548395778274));
#836 = CARTESIAN_POINT('',(-4.796370061207,-0.544523395234));
#837 = CARTESIAN_POINT('',(-4.825484077218,-0.538642429646));
#838 = CARTESIAN_POINT('',(-4.854371797222,-0.530838402068));
#839 = CARTESIAN_POINT('',(-4.896648042693,-0.516638713237));
#840 = CARTESIAN_POINT('',(-4.910276991524,-0.511624994097));
#841 = CARTESIAN_POINT('',(-4.923833902046,-0.506210236608));
#842 = CARTESIAN_POINT('',(-4.937313795389,-0.50040794326));
#843 = CARTESIAN_POINT('',(-4.950712594505,-0.494232332292));
#844 = CARTESIAN_POINT('',(-4.98822196598,-0.475824920479));
#845 = CARTESIAN_POINT('',(-5.012127176776,-0.462773302295));
#846 = CARTESIAN_POINT('',(-5.03573859344,-0.448626623569));
#847 = CARTESIAN_POINT('',(-5.059050561876,-0.433470649178));
#848 = CARTESIAN_POINT('',(-5.082055937017,-0.417393768449));
#849 = CARTESIAN_POINT('',(-5.175862400725,-0.347497143314));
#850 = CARTESIAN_POINT('',(-5.243818706963,-0.286401895848));
#851 = CARTESIAN_POINT('',(-5.309029846184,-0.219523309373));
#852 = CARTESIAN_POINT('',(-5.37187130317,-0.148656025404));
#853 = CARTESIAN_POINT('',(-5.432742091739,-7.51301662537E-02));
#854 = CARTESIAN_POINT('',(-5.492108483431,6.000000000173E-07));
#855 = ( GEOMETRIC_REPRESENTATION_CONTEXT(2) 
PARAMETRIC_REPRESENTATION_CONTEXT() REPRESENTATION_CONTEXT('2D SPACE',''
  ) );
#856 = ADVANCED_FACE('',(#857),#165,.T.);
#857 = FACE_BOUND('',#858,.F.);
#858 = EDGE_LOOP('',(#859,#860,#883,#944,#976,#1009,#1124,#1156,#1184,
    #1256));
#859 = ORIENTED_EDGE('',*,*,#148,.F.);
#860 = ORIENTED_EDGE('',*,*,#861,.T.);
#861 = EDGE_CURVE('',#149,#862,#864,.T.);
#862 = VERTEX_POINT('',#863);
#863 = CARTESIAN_POINT('',(11.,0.,58.2));
#864 = SEAM_CURVE('',#865,(#869,#876),.PCURVE_S1.);
#865 = LINE('',#866,#867);
#866 = CARTESIAN_POINT('',(11.,0.,58.));
#867 = VECTOR('',#868,1.);
#868 = DIRECTION('',(0.,0.,1.));
#869 = PCURVE('',#165,#870);
#870 = DEFINITIONAL_REPRESENTATION('',(#871),#875);
#871 = LINE('',#872,#873);
#872 = CARTESIAN_POINT('',(-6.28318530718,0.));
#873 = VECTOR('',#874,1.);
#874 = DIRECTION('',(-0.,-1.));
#875 = ( GEOMETRIC_REPRESENTATION_CONTEXT(2) 
PARAMETRIC_REPRESENTATION_CONTEXT() REPRESENTATION_CONTEXT('2D SPACE',''
  ) );
#876 = PCURVE('',#165,#877);
#877 = DEFINITIONAL_REPRESENTATION('',(#878),#882);
#878 = LINE('',#879,#880);
#879 = CARTESIAN_POINT('',(-0.,0.));
#880 = VECTOR('',#881,1.);
#881 = DIRECTION('',(-0.,-1.));
#882 = ( GEOMETRIC_REPRESENTATION_CONTEXT(2) 
PARAMETRIC_REPRESENTATION_CONTEXT() REPRESENTATION_CONTEXT('2D SPACE',''
  ) );
#883 = ORIENTED_EDGE('',*,*,#884,.T.);
#884 = EDGE_CURVE('',#862,#885,#887,.T.);
#885 = VERTEX_POINT('',#886);
#886 = CARTESIAN_POINT('',(10.637668917578,2.8,61.));
#887 = SURFACE_CURVE('',#888,(#903,#921),.PCURVE_S1.);
#888 = B_SPLINE_CURVE_WITH_KNOTS('',7,(#889,#890,#891,#892,#893,#894,
    #895,#896,#897,#898,#899,#900,#901,#902),.UNSPECIFIED.,.F.,.F.,(8,6,
    8),(0.,0.448097891776,1.),.UNSPECIFIED.);
#889 = CARTESIAN_POINT('',(11.,-2.571758278209E-16,58.2));
#890 = CARTESIAN_POINT('',(11.,0.344714875215,58.2));
#891 = CARTESIAN_POINT('',(10.987396548489,0.680057232547,
    58.249511217854));
#892 = CARTESIAN_POINT('',(10.963426505156,0.997788698647,
    58.343691660514));
#893 = CARTESIAN_POINT('',(10.930977724359,1.291005994202,
    58.476293721574));
#894 = CARTESIAN_POINT('',(10.89395974183,1.554308167077,58.639618651789
    ));
#895 = CARTESIAN_POINT('',(10.85615010272,1.784254286254,58.82445631161)
  );
#896 = CARTESIAN_POINT('',(10.776259285116,2.220865804985,59.26106783034
    ));
#897 = CARTESIAN_POINT('',(10.733798805734,2.417554824872,
    59.526186956356));
#898 = CARTESIAN_POINT('',(10.696771815999,2.571982473597,
    59.807189204114));
#899 = CARTESIAN_POINT('',(10.667601396497,2.686283577584,
    60.098677185646));
#900 = CARTESIAN_POINT('',(10.647668082498,2.762010953677,
    60.396652001564));
#901 = CARTESIAN_POINT('',(10.637668917578,2.8,60.69805089258));
#902 = CARTESIAN_POINT('',(10.637668917578,2.8,61.));
#903 = PCURVE('',#165,#904);
#904 = DEFINITIONAL_REPRESENTATION('',(#905),#920);
#905 = B_SPLINE_CURVE_WITH_KNOTS('',7,(#906,#907,#908,#909,#910,#911,
    #912,#913,#914,#915,#916,#917,#918,#919),.UNSPECIFIED.,.F.,.F.,(8,6,
    8),(0.,0.448097891776,1.),.UNSPECIFIED.);
#906 = CARTESIAN_POINT('',(0.,-0.2));
#907 = CARTESIAN_POINT('',(-3.133771592861E-02,-0.2));
#908 = CARTESIAN_POINT('',(-6.182342017221E-02,-0.249511217854));
#909 = CARTESIAN_POINT('',(-9.075817220583E-02,-0.343691660514));
#910 = CARTESIAN_POINT('',(-0.117553339196,-0.476293721574));
#911 = CARTESIAN_POINT('',(-0.14171450336,-0.639618651789));
#912 = CARTESIAN_POINT('',(-0.162895937335,-0.82445631161));
#913 = CARTESIAN_POINT('',(-0.20324689368,-1.26106783034));
#914 = CARTESIAN_POINT('',(-0.221530463933,-1.526186956356));
#915 = CARTESIAN_POINT('',(-0.235963957727,-1.807189204114));
#916 = CARTESIAN_POINT('',(-0.246687640073,-2.098677185646));
#917 = CARTESIAN_POINT('',(-0.253806471648,-2.396652001564));
#918 = CARTESIAN_POINT('',(-0.257377646322,-2.69805089258));
#919 = CARTESIAN_POINT('',(-0.257377646322,-3.));
#920 = ( GEOMETRIC_REPRESENTATION_CONTEXT(2) 
PARAMETRIC_REPRESENTATION_CONTEXT() REPRESENTATION_CONTEXT('2D SPACE',''
  ) );
#921 = PCURVE('',#922,#927);
#922 = CYLINDRICAL_SURFACE('',#923,2.8);
#923 = AXIS2_PLACEMENT_3D('',#924,#925,#926);
#924 = CARTESIAN_POINT('',(5.,0.,61.));
#925 = DIRECTION('',(-1.,-0.,-0.));
#926 = DIRECTION('',(0.,1.,0.));
#927 = DEFINITIONAL_REPRESENTATION('',(#928),#943);
#928 = B_SPLINE_CURVE_WITH_KNOTS('',7,(#929,#930,#931,#932,#933,#934,
    #935,#936,#937,#938,#939,#940,#941,#942),.UNSPECIFIED.,.F.,.F.,(8,6,
    8),(0.,0.448097891776,1.),.UNSPECIFIED.);
#929 = CARTESIAN_POINT('',(-4.712388980385,-6.));
#930 = CARTESIAN_POINT('',(-4.835501435818,-6.));
#931 = CARTESIAN_POINT('',(-4.955266460024,-5.987396548489));
#932 = CARTESIAN_POINT('',(-5.071790149086,-5.963426505156));
#933 = CARTESIAN_POINT('',(-5.184907782368,-5.930977724359));
#934 = CARTESIAN_POINT('',(-5.294222861602,-5.89395974183));
#935 = CARTESIAN_POINT('',(-5.398971647476,-5.85615010272));
#936 = CARTESIAN_POINT('',(-5.619493765789,-5.776259285116));
#937 = CARTESIAN_POINT('',(-5.736118313839,-5.733798805734));
#938 = CARTESIAN_POINT('',(-5.849023246734,-5.696771815999));
#939 = CARTESIAN_POINT('',(-5.959235105683,-5.667601396497));
#940 = CARTESIAN_POINT('',(-6.067704103596,-5.647668082498));
#941 = CARTESIAN_POINT('',(-6.175346340244,-5.637668917578));
#942 = CARTESIAN_POINT('',(-6.28318530718,-5.637668917578));
#943 = ( GEOMETRIC_REPRESENTATION_CONTEXT(2) 
PARAMETRIC_REPRESENTATION_CONTEXT() REPRESENTATION_CONTEXT('2D SPACE',''
  ) );
#944 = ORIENTED_EDGE('',*,*,#945,.T.);
#945 = EDGE_CURVE('',#885,#946,#948,.T.);
#946 = VERTEX_POINT('',#947);
#947 = CARTESIAN_POINT('',(10.684568311354,2.615339366124,62.));
#948 = SURFACE_CURVE('',#949,(#956,#966),.PCURVE_S1.);
#949 = B_SPLINE_CURVE_WITH_KNOTS('',5,(#950,#951,#952,#953,#954,#955),
  .UNSPECIFIED.,.F.,.F.,(6,6),(0.,1.),.PIECEWISE_BEZIER_KNOTS.);
#950 = CARTESIAN_POINT('',(10.637668917578,2.8,61.));
#951 = CARTESIAN_POINT('',(10.637668917578,2.8,61.202714300528));
#952 = CARTESIAN_POINT('',(10.642497965529,2.781654965816,
    61.405400858081));
#953 = CARTESIAN_POINT('',(10.652151304457,2.744974433687,
    61.606774499953));
#954 = CARTESIAN_POINT('',(10.666366989694,2.689698084246,
    61.805526851026));
#955 = CARTESIAN_POINT('',(10.68456836751,2.615339136709,62.0000006));
#956 = PCURVE('',#165,#957);
#957 = DEFINITIONAL_REPRESENTATION('',(#958),#965);
#958 = B_SPLINE_CURVE_WITH_KNOTS('',5,(#959,#960,#961,#962,#963,#964),
  .UNSPECIFIED.,.F.,.F.,(6,6),(0.,1.),.PIECEWISE_BEZIER_KNOTS.);
#959 = CARTESIAN_POINT('',(-0.257377646322,-3.));
#960 = CARTESIAN_POINT('',(-0.257377646322,-3.202714300528));
#961 = CARTESIAN_POINT('',(-0.255653124178,-3.405400858081));
#962 = CARTESIAN_POINT('',(-0.252204894384,-3.606774499953));
#963 = CARTESIAN_POINT('',(-0.247016585669,-3.805526851026));
#964 = CARTESIAN_POINT('',(-0.24005711431,-4.0000006));
#965 = ( GEOMETRIC_REPRESENTATION_CONTEXT(2) 
PARAMETRIC_REPRESENTATION_CONTEXT() REPRESENTATION_CONTEXT('2D SPACE',''
  ) );
#966 = PCURVE('',#922,#967);
#967 = DEFINITIONAL_REPRESENTATION('',(#968),#975);
#968 = B_SPLINE_CURVE_WITH_KNOTS('',5,(#969,#970,#971,#972,#973,#974),
  .UNSPECIFIED.,.F.,.F.,(6,6),(0.,1.),.PIECEWISE_BEZIER_KNOTS.);
#969 = CARTESIAN_POINT('',(0.,-5.637668917578));
#970 = CARTESIAN_POINT('',(-7.239796447438E-02,-5.637668917578));
#971 = CARTESIAN_POINT('',(-0.144785871324,-5.642497965529));
#972 = CARTESIAN_POINT('',(-0.217496155742,-5.652151304457));
#973 = CARTESIAN_POINT('',(-0.290848547784,-5.666366989694));
#974 = CARTESIAN_POINT('',(-0.365207450706,-5.68456836751));
#975 = ( GEOMETRIC_REPRESENTATION_CONTEXT(2) 
PARAMETRIC_REPRESENTATION_CONTEXT() REPRESENTATION_CONTEXT('2D SPACE',''
  ) );
#976 = ORIENTED_EDGE('',*,*,#977,.F.);
#977 = EDGE_CURVE('',#978,#946,#980,.T.);
#978 = VERTEX_POINT('',#979);
#979 = CARTESIAN_POINT('',(-10.68456831135,2.615339366124,62.));
#980 = SURFACE_CURVE('',#981,(#986,#993),.PCURVE_S1.);
#981 = CIRCLE('',#982,11.);
#982 = AXIS2_PLACEMENT_3D('',#983,#984,#985);
#983 = CARTESIAN_POINT('',(0.,0.,62.));
#984 = DIRECTION('',(0.,0.,-1.));
#985 = DIRECTION('',(1.,0.,0.));
#986 = PCURVE('',#165,#987);
#987 = DEFINITIONAL_REPRESENTATION('',(#988),#992);
#988 = LINE('',#989,#990);
#989 = CARTESIAN_POINT('',(-6.28318530718,-4.));
#990 = VECTOR('',#991,1.);
#991 = DIRECTION('',(1.,-0.));
#992 = ( GEOMETRIC_REPRESENTATION_CONTEXT(2) 
PARAMETRIC_REPRESENTATION_CONTEXT() REPRESENTATION_CONTEXT('2D SPACE',''
  ) );
#993 = PCURVE('',#994,#999);
#994 = PLANE('',#995);
#995 = AXIS2_PLACEMENT_3D('',#996,#997,#998);
#996 = CARTESIAN_POINT('',(-6.077511700175E-16,4.807142605466E-16,62.));
#997 = DIRECTION('',(0.,0.,1.));
#998 = DIRECTION('',(1.,0.,-0.));
#999 = DEFINITIONAL_REPRESENTATION('',(#1000),#1008);
#1000 = ( BOUNDED_CURVE() B_SPLINE_CURVE(2,(#1001,#1002,#1003,#1004,
#1005,#1006,#1007),.UNSPECIFIED.,.T.,.F.) B_SPLINE_CURVE_WITH_KNOTS((1,2
    ,2,2,2,1),(-2.094395102393,0.,2.094395102393,4.188790204786,
6.28318530718,8.377580409573),.UNSPECIFIED.) CURVE() 
GEOMETRIC_REPRESENTATION_ITEM() RATIONAL_B_SPLINE_CURVE((1.,0.5,1.,0.5,
1.,0.5,1.)) REPRESENTATION_ITEM('') );
#1001 = CARTESIAN_POINT('',(11.,-4.807142605466E-16));
#1002 = CARTESIAN_POINT('',(11.,-19.05255888325));
#1003 = CARTESIAN_POINT('',(-5.5,-9.526279441629));
#1004 = CARTESIAN_POINT('',(-22.,-3.174937218671E-15));
#1005 = CARTESIAN_POINT('',(-5.5,9.526279441629));
#1006 = CARTESIAN_POINT('',(11.,19.052558883258));
#1007 = CARTESIAN_POINT('',(11.,-4.807142605466E-16));
#1008 = ( GEOMETRIC_REPRESENTATION_CONTEXT(2) 
PARAMETRIC_REPRESENTATION_CONTEXT() REPRESENTATION_CONTEXT('2D SPACE',''
  ) );
#1009 = ORIENTED_EDGE('',*,*,#1010,.T.);
#1010 = EDGE_CURVE('',#978,#1011,#1013,.T.);
#1011 = VERTEX_POINT('',#1012);
#1012 = CARTESIAN_POINT('',(-10.63766891757,-2.8,61.));
#1013 = SURFACE_CURVE('',#1014,(#1047,#1083),.PCURVE_S1.);
#1014 = B_SPLINE_CURVE_WITH_KNOTS('',7,(#1015,#1016,#1017,#1018,#1019,
    #1020,#1021,#1022,#1023,#1024,#1025,#1026,#1027,#1028,#1029,#1030,
    #1031,#1032,#1033,#1034,#1035,#1036,#1037,#1038,#1039,#1040,#1041,
    #1042,#1043,#1044,#1045,#1046),.UNSPECIFIED.,.F.,.F.,(8,6,6,6,6,8),(
    0.,0.114596854164,0.360562336393,0.558429255896,0.756296175399,1.),
  .UNSPECIFIED.);
#1015 = CARTESIAN_POINT('',(-10.68456836751,2.615339136709,62.0000006));
#1016 = CARTESIAN_POINT('',(-10.67181922219,2.667423821581,
    61.863781566962));
#1017 = CARTESIAN_POINT('',(-10.66089522693,2.710770064273,
    61.725603575605));
#1018 = CARTESIAN_POINT('',(-10.65195176046,2.745509121828,
    61.585913150899));
#1019 = CARTESIAN_POINT('',(-10.64510257324,2.771742332002,
    61.445110552629));
#1020 = CARTESIAN_POINT('',(-10.64042232418,2.789539193686,
    61.30356389238));
#1021 = CARTESIAN_POINT('',(-10.63794911727,2.798935447335,
    61.161623250515));
#1022 = CARTESIAN_POINT('',(-10.63712452393,2.802068297914,
    60.714877218103));
#1023 = CARTESIAN_POINT('',(-10.64674873782,2.765500739628,
    60.410522796633));
#1024 = CARTESIAN_POINT('',(-10.6665194828,2.690517692525,60.10952939406
    ));
#1025 = CARTESIAN_POINT('',(-10.69574035308,2.576280132771,
    59.815029513446));
#1026 = CARTESIAN_POINT('',(-10.73301020949,2.421205167244,
    59.531113287476));
#1027 = CARTESIAN_POINT('',(-10.7758500966,2.223102062222,
    59.263304087577));
#1028 = CARTESIAN_POINT('',(-10.85615010272,1.784254286254,
    58.82445631161));
#1029 = CARTESIAN_POINT('',(-10.89395974183,1.554308167078,
    58.63961865179));
#1030 = CARTESIAN_POINT('',(-10.93097772435,1.2910059942,58.476293721574
    ));
#1031 = CARTESIAN_POINT('',(-10.96342650515,0.997788698648,
    58.343691660514));
#1032 = CARTESIAN_POINT('',(-10.98739654848,0.680057232546,
    58.249511217854));
#1033 = CARTESIAN_POINT('',(-11.,0.344714875215,58.2));
#1034 = CARTESIAN_POINT('',(-11.,-0.344714875215,58.2));
#1035 = CARTESIAN_POINT('',(-10.98739654848,-0.680057232547,
    58.249511217854));
#1036 = CARTESIAN_POINT('',(-10.96342650515,-0.997788698647,
    58.343691660514));
#1037 = CARTESIAN_POINT('',(-10.93097772435,-1.291005994202,
    58.476293721574));
#1038 = CARTESIAN_POINT('',(-10.89395974183,-1.554308167078,
    58.639618651789));
#1039 = CARTESIAN_POINT('',(-10.85615010272,-1.784254286254,
    58.82445631161));
#1040 = CARTESIAN_POINT('',(-10.77625928511,-2.220865804985,
    59.26106783034));
#1041 = CARTESIAN_POINT('',(-10.73379880573,-2.417554824872,
    59.526186956356));
#1042 = CARTESIAN_POINT('',(-10.69677181599,-2.571982473598,
    59.807189204113));
#1043 = CARTESIAN_POINT('',(-10.66760139649,-2.686283577584,
    60.098677185647));
#1044 = CARTESIAN_POINT('',(-10.64766808249,-2.762010953677,
    60.396652001563));
#1045 = CARTESIAN_POINT('',(-10.63766891757,-2.8,60.698050892581));
#1046 = CARTESIAN_POINT('',(-10.63766891757,-2.8,61.));
#1047 = PCURVE('',#165,#1048);
#1048 = DEFINITIONAL_REPRESENTATION('',(#1049),#1082);
#1049 = B_SPLINE_CURVE_WITH_KNOTS('',7,(#1050,#1051,#1052,#1053,#1054,
    #1055,#1056,#1057,#1058,#1059,#1060,#1061,#1062,#1063,#1064,#1065,
    #1066,#1067,#1068,#1069,#1070,#1071,#1072,#1073,#1074,#1075,#1076,
    #1077,#1078,#1079,#1080,#1081),.UNSPECIFIED.,.F.,.F.,(8,6,6,6,6,8),(
    0.,0.114596854164,0.360562336393,0.558429255896,0.756296175399,1.),
  .UNSPECIFIED.);
#1050 = CARTESIAN_POINT('',(-2.90153553928,-4.0000006));
#1051 = CARTESIAN_POINT('',(-2.896660781304,-3.863781566962));
#1052 = CARTESIAN_POINT('',(-2.892597087565,-3.725603575605));
#1053 = CARTESIAN_POINT('',(-2.889336072234,-3.585913150899));
#1054 = CARTESIAN_POINT('',(-2.886871295104,-3.445110552629));
#1055 = CARTESIAN_POINT('',(-2.885198371295,-3.30356389238));
#1056 = CARTESIAN_POINT('',(-2.88431508097,-3.161623250515));
#1057 = CARTESIAN_POINT('',(-2.884020576106,-2.714877218103));
#1058 = CARTESIAN_POINT('',(-2.887458104223,-2.410522796633));
#1059 = CARTESIAN_POINT('',(-2.894507738886,-2.10952939406));
#1060 = CARTESIAN_POINT('',(-2.905226997029,-1.815029513446));
#1061 = CARTESIAN_POINT('',(-2.919722856054,-1.531113287476));
#1062 = CARTESIAN_POINT('',(-2.9381390885,-1.263304087577));
#1063 = CARTESIAN_POINT('',(-2.978696716255,-0.82445631161));
#1064 = CARTESIAN_POINT('',(-2.99987815023,-0.63961865179));
#1065 = CARTESIAN_POINT('',(-3.024039314394,-0.476293721574));
#1066 = CARTESIAN_POINT('',(-3.050834481384,-0.343691660514));
#1067 = CARTESIAN_POINT('',(-3.079769233418,-0.249511217853));
#1068 = CARTESIAN_POINT('',(-3.110254937661,-0.2));
#1069 = CARTESIAN_POINT('',(-3.172930369518,-0.2));
#1070 = CARTESIAN_POINT('',(-3.203416073762,-0.249511217853));
#1071 = CARTESIAN_POINT('',(-3.232350825796,-0.343691660514));
#1072 = CARTESIAN_POINT('',(-3.259145992786,-0.476293721574));
#1073 = CARTESIAN_POINT('',(-3.28330715695,-0.639618651789));
#1074 = CARTESIAN_POINT('',(-3.304488590925,-0.82445631161));
#1075 = CARTESIAN_POINT('',(-3.344839547269,-1.26106783034));
#1076 = CARTESIAN_POINT('',(-3.363123117523,-1.526186956356));
#1077 = CARTESIAN_POINT('',(-3.377556611317,-1.807189204113));
#1078 = CARTESIAN_POINT('',(-3.388280293663,-2.098677185648));
#1079 = CARTESIAN_POINT('',(-3.395399125238,-2.396652001563));
#1080 = CARTESIAN_POINT('',(-3.398970299912,-2.698050892581));
#1081 = CARTESIAN_POINT('',(-3.398970299912,-3.));
#1082 = ( GEOMETRIC_REPRESENTATION_CONTEXT(2) 
PARAMETRIC_REPRESENTATION_CONTEXT() REPRESENTATION_CONTEXT('2D SPACE',''
  ) );
#1083 = PCURVE('',#1084,#1089);
#1084 = CYLINDRICAL_SURFACE('',#1085,2.8);
#1085 = AXIS2_PLACEMENT_3D('',#1086,#1087,#1088);
#1086 = CARTESIAN_POINT('',(-5.,6.123233995737E-16,61.));
#1087 = DIRECTION('',(1.,-1.224646799147E-16,-0.));
#1088 = DIRECTION('',(-1.224646799147E-16,-1.,0.));
#1089 = DEFINITIONAL_REPRESENTATION('',(#1090),#1123);
#1090 = B_SPLINE_CURVE_WITH_KNOTS('',7,(#1091,#1092,#1093,#1094,#1095,
    #1096,#1097,#1098,#1099,#1100,#1101,#1102,#1103,#1104,#1105,#1106,
    #1107,#1108,#1109,#1110,#1111,#1112,#1113,#1114,#1115,#1116,#1117,
    #1118,#1119,#1120,#1121,#1122),.UNSPECIFIED.,.F.,.F.,(8,6,6,6,6,8),(
    0.,0.114596854164,0.360562336393,0.558429255896,0.756296175399,1.),
  .UNSPECIFIED.);
#1091 = CARTESIAN_POINT('',(-2.776385202884,-5.68456836751));
#1092 = CARTESIAN_POINT('',(-2.828469856505,-5.671819222193));
#1093 = CARTESIAN_POINT('',(-2.880093485655,-5.660895226935));
#1094 = CARTESIAN_POINT('',(-2.93135430278,-5.651951760461));
#1095 = CARTESIAN_POINT('',(-2.982344644132,-5.645102573243));
#1096 = CARTESIAN_POINT('',(-3.033153452473,-5.640422324181));
#1097 = CARTESIAN_POINT('',(-3.083868759787,-5.637949117277));
#1098 = CARTESIAN_POINT('',(-3.243424837283,-5.637124523931));
#1099 = CARTESIAN_POINT('',(-3.352028353893,-5.646748737828));
#1100 = CARTESIAN_POINT('',(-3.461442888026,-5.666519482801));
#1101 = CARTESIAN_POINT('',(-3.572606794278,-5.695740353082));
#1102 = CARTESIAN_POINT('',(-3.686493685723,-5.733010209499));
#1103 = CARTESIAN_POINT('',(-3.804154714511,-5.775850096601));
#1104 = CARTESIAN_POINT('',(-4.025806313293,-5.85615010272));
#1105 = CARTESIAN_POINT('',(-4.130555099167,-5.89395974183));
#1106 = CARTESIAN_POINT('',(-4.239870178402,-5.930977724359));
#1107 = CARTESIAN_POINT('',(-4.352987811683,-5.963426505156));
#1108 = CARTESIAN_POINT('',(-4.469511500746,-5.987396548489));
#1109 = CARTESIAN_POINT('',(-4.589276524951,-6.));
#1110 = CARTESIAN_POINT('',(-4.835501435819,-6.));
#1111 = CARTESIAN_POINT('',(-4.955266460024,-5.987396548489));
#1112 = CARTESIAN_POINT('',(-5.071790149086,-5.963426505156));
#1113 = CARTESIAN_POINT('',(-5.184907782368,-5.930977724359));
#1114 = CARTESIAN_POINT('',(-5.294222861602,-5.89395974183));
#1115 = CARTESIAN_POINT('',(-5.398971647476,-5.85615010272));
#1116 = CARTESIAN_POINT('',(-5.619493765789,-5.776259285116));
#1117 = CARTESIAN_POINT('',(-5.736118313838,-5.733798805735));
#1118 = CARTESIAN_POINT('',(-5.849023246734,-5.696771815999));
#1119 = CARTESIAN_POINT('',(-5.959235105683,-5.667601396497));
#1120 = CARTESIAN_POINT('',(-6.067704103596,-5.647668082498));
#1121 = CARTESIAN_POINT('',(-6.175346340244,-5.637668917578));
#1122 = CARTESIAN_POINT('',(-6.28318530718,-5.637668917578));
#1123 = ( GEOMETRIC_REPRESENTATION_CONTEXT(2) 
PARAMETRIC_REPRESENTATION_CONTEXT() REPRESENTATION_CONTEXT('2D SPACE',''
  ) );
#1124 = ORIENTED_EDGE('',*,*,#1125,.T.);
#1125 = EDGE_CURVE('',#1011,#1126,#1128,.T.);
#1126 = VERTEX_POINT('',#1127);
#1127 = CARTESIAN_POINT('',(-10.68456831135,-2.615339366124,62.));
#1128 = SURFACE_CURVE('',#1129,(#1136,#1146),.PCURVE_S1.);
#1129 = B_SPLINE_CURVE_WITH_KNOTS('',5,(#1130,#1131,#1132,#1133,#1134,
    #1135),.UNSPECIFIED.,.F.,.F.,(6,6),(0.,1.),
  .PIECEWISE_BEZIER_KNOTS.);
#1130 = CARTESIAN_POINT('',(-10.63766891757,-2.8,61.));
#1131 = CARTESIAN_POINT('',(-10.63766891757,-2.8,61.202714300528));
#1132 = CARTESIAN_POINT('',(-10.64249796552,-2.781654965816,
    61.405400858081));
#1133 = CARTESIAN_POINT('',(-10.65215130445,-2.744974433687,
    61.606774499953));
#1134 = CARTESIAN_POINT('',(-10.66636698969,-2.689698084246,
    61.805526851026));
#1135 = CARTESIAN_POINT('',(-10.68456836751,-2.615339136709,62.0000006)
  );
#1136 = PCURVE('',#165,#1137);
#1137 = DEFINITIONAL_REPRESENTATION('',(#1138),#1145);
#1138 = B_SPLINE_CURVE_WITH_KNOTS('',5,(#1139,#1140,#1141,#1142,#1143,
    #1144),.UNSPECIFIED.,.F.,.F.,(6,6),(0.,1.),
  .PIECEWISE_BEZIER_KNOTS.);
#1139 = CARTESIAN_POINT('',(-3.398970299912,-3.));
#1140 = CARTESIAN_POINT('',(-3.398970299912,-3.202714300528));
#1141 = CARTESIAN_POINT('',(-3.397245777767,-3.405400858081));
#1142 = CARTESIAN_POINT('',(-3.393797547974,-3.606774499953));
#1143 = CARTESIAN_POINT('',(-3.388609239258,-3.805526851026));
#1144 = CARTESIAN_POINT('',(-3.381649767899,-4.0000006));
#1145 = ( GEOMETRIC_REPRESENTATION_CONTEXT(2) 
PARAMETRIC_REPRESENTATION_CONTEXT() REPRESENTATION_CONTEXT('2D SPACE',''
  ) );
#1146 = PCURVE('',#1084,#1147);
#1147 = DEFINITIONAL_REPRESENTATION('',(#1148),#1155);
#1148 = B_SPLINE_CURVE_WITH_KNOTS('',5,(#1149,#1150,#1151,#1152,#1153,
    #1154),.UNSPECIFIED.,.F.,.F.,(6,6),(0.,1.),
  .PIECEWISE_BEZIER_KNOTS.);
#1149 = CARTESIAN_POINT('',(0.,-5.637668917578));
#1150 = CARTESIAN_POINT('',(-7.239796447438E-02,-5.637668917578));
#1151 = CARTESIAN_POINT('',(-0.144785871324,-5.642497965529));
#1152 = CARTESIAN_POINT('',(-0.217496155742,-5.652151304457));
#1153 = CARTESIAN_POINT('',(-0.290848547784,-5.666366989694));
#1154 = CARTESIAN_POINT('',(-0.365207450706,-5.68456836751));
#1155 = ( GEOMETRIC_REPRESENTATION_CONTEXT(2) 
PARAMETRIC_REPRESENTATION_CONTEXT() REPRESENTATION_CONTEXT('2D SPACE',''
  ) );
#1156 = ORIENTED_EDGE('',*,*,#1157,.F.);
#1157 = EDGE_CURVE('',#1158,#1126,#1160,.T.);
#1158 = VERTEX_POINT('',#1159);
#1159 = CARTESIAN_POINT('',(10.684568311354,-2.615339366124,62.));
#1160 = SURFACE_CURVE('',#1161,(#1166,#1173),.PCURVE_S1.);
#1161 = CIRCLE('',#1162,11.);
#1162 = AXIS2_PLACEMENT_3D('',#1163,#1164,#1165);
#1163 = CARTESIAN_POINT('',(0.,0.,62.));
#1164 = DIRECTION('',(0.,0.,-1.));
#1165 = DIRECTION('',(1.,0.,0.));
#1166 = PCURVE('',#165,#1167);
#1167 = DEFINITIONAL_REPRESENTATION('',(#1168),#1172);
#1168 = LINE('',#1169,#1170);
#1169 = CARTESIAN_POINT('',(-6.28318530718,-4.));
#1170 = VECTOR('',#1171,1.);
#1171 = DIRECTION('',(1.,-0.));
#1172 = ( GEOMETRIC_REPRESENTATION_CONTEXT(2) 
PARAMETRIC_REPRESENTATION_CONTEXT() REPRESENTATION_CONTEXT('2D SPACE',''
  ) );
#1173 = PCURVE('',#994,#1174);
#1174 = DEFINITIONAL_REPRESENTATION('',(#1175),#1183);
#1175 = ( BOUNDED_CURVE() B_SPLINE_CURVE(2,(#1176,#1177,#1178,#1179,
#1180,#1181,#1182),.UNSPECIFIED.,.T.,.F.) B_SPLINE_CURVE_WITH_KNOTS((1,2
    ,2,2,2,1),(-2.094395102393,0.,2.094395102393,4.188790204786,
6.28318530718,8.377580409573),.UNSPECIFIED.) CURVE() 
GEOMETRIC_REPRESENTATION_ITEM() RATIONAL_B_SPLINE_CURVE((1.,0.5,1.,0.5,
1.,0.5,1.)) REPRESENTATION_ITEM('') );
#1176 = CARTESIAN_POINT('',(11.,-4.807142605466E-16));
#1177 = CARTESIAN_POINT('',(11.,-19.05255888325));
#1178 = CARTESIAN_POINT('',(-5.5,-9.526279441629));
#1179 = CARTESIAN_POINT('',(-22.,-3.174937218671E-15));
#1180 = CARTESIAN_POINT('',(-5.5,9.526279441629));
#1181 = CARTESIAN_POINT('',(11.,19.052558883258));
#1182 = CARTESIAN_POINT('',(11.,-4.807142605466E-16));
#1183 = ( GEOMETRIC_REPRESENTATION_CONTEXT(2) 
PARAMETRIC_REPRESENTATION_CONTEXT() REPRESENTATION_CONTEXT('2D SPACE',''
  ) );
#1184 = ORIENTED_EDGE('',*,*,#1185,.T.);
#1185 = EDGE_CURVE('',#1158,#862,#1186,.T.);
#1186 = SURFACE_CURVE('',#1187,(#1208,#1232),.PCURVE_S1.);
#1187 = B_SPLINE_CURVE_WITH_KNOTS('',7,(#1188,#1189,#1190,#1191,#1192,
    #1193,#1194,#1195,#1196,#1197,#1198,#1199,#1200,#1201,#1202,#1203,
    #1204,#1205,#1206,#1207),.UNSPECIFIED.,.F.,.F.,(8,6,6,8),(0.,
    0.205212848484,0.645672364801,1.),.UNSPECIFIED.);
#1188 = CARTESIAN_POINT('',(10.68456836751,-2.615339136709,62.0000006));
#1189 = CARTESIAN_POINT('',(10.671819221669,-2.667423823722,
    61.863781561361));
#1190 = CARTESIAN_POINT('',(10.660895227187,-2.71077006326,
    61.725603581903));
#1191 = CARTESIAN_POINT('',(10.651951760877,-2.745509120137,
    61.585913155557));
#1192 = CARTESIAN_POINT('',(10.645102573205,-2.771742332147,
    61.445110547412));
#1193 = CARTESIAN_POINT('',(10.640422323855,-2.789539195005,
    61.303563886224));
#1194 = CARTESIAN_POINT('',(10.637949117289,-2.79893544729,
    61.161623256931));
#1195 = CARTESIAN_POINT('',(10.637124523931,-2.802068297914,
    60.714877218103));
#1196 = CARTESIAN_POINT('',(10.646748737828,-2.765500739627,
    60.410522796632));
#1197 = CARTESIAN_POINT('',(10.666519482801,-2.690517692526,
    60.10952939406));
#1198 = CARTESIAN_POINT('',(10.695740353082,-2.57628013277,
    59.815029513446));
#1199 = CARTESIAN_POINT('',(10.733010209499,-2.421205167245,
    59.531113287476));
#1200 = CARTESIAN_POINT('',(10.775850096601,-2.223102062221,
    59.263304087577));
#1201 = CARTESIAN_POINT('',(10.85615010272,-1.784254286254,
    58.82445631161));
#1202 = CARTESIAN_POINT('',(10.89395974183,-1.554308167077,
    58.639618651789));
#1203 = CARTESIAN_POINT('',(10.930977724359,-1.291005994202,
    58.476293721574));
#1204 = CARTESIAN_POINT('',(10.963426505156,-0.997788698646,
    58.343691660513));
#1205 = CARTESIAN_POINT('',(10.987396548488,-0.680057232547,
    58.249511217854));
#1206 = CARTESIAN_POINT('',(11.,-0.344714875215,58.2));
#1207 = CARTESIAN_POINT('',(11.,-1.7763568394E-15,58.2));
#1208 = PCURVE('',#165,#1209);
#1209 = DEFINITIONAL_REPRESENTATION('',(#1210),#1231);
#1210 = B_SPLINE_CURVE_WITH_KNOTS('',7,(#1211,#1212,#1213,#1214,#1215,
    #1216,#1217,#1218,#1219,#1220,#1221,#1222,#1223,#1224,#1225,#1226,
    #1227,#1228,#1229,#1230),.UNSPECIFIED.,.F.,.F.,(8,6,6,8),(0.,
    0.205212848484,0.645672364801,1.),.UNSPECIFIED.);
#1211 = CARTESIAN_POINT('',(-6.04312819287,-4.0000006));
#1212 = CARTESIAN_POINT('',(-6.038253434693,-3.863781561361));
#1213 = CARTESIAN_POINT('',(-6.03418974125,-3.725603581903));
#1214 = CARTESIAN_POINT('',(-6.030928725982,-3.585913155557));
#1215 = CARTESIAN_POINT('',(-6.02846394868,-3.445110547412));
#1216 = CARTESIAN_POINT('',(-6.026791024761,-3.303563886224));
#1217 = CARTESIAN_POINT('',(-6.025907734564,-3.161623256931));
#1218 = CARTESIAN_POINT('',(-6.025613229696,-2.714877218103));
#1219 = CARTESIAN_POINT('',(-6.029050757813,-2.410522796632));
#1220 = CARTESIAN_POINT('',(-6.036100392476,-2.109529394061));
#1221 = CARTESIAN_POINT('',(-6.046819650618,-1.815029513446));
#1222 = CARTESIAN_POINT('',(-6.061315509644,-1.531113287476));
#1223 = CARTESIAN_POINT('',(-6.07973174209,-1.263304087577));
#1224 = CARTESIAN_POINT('',(-6.120289369844,-0.82445631161));
#1225 = CARTESIAN_POINT('',(-6.14147080382,-0.639618651789));
#1226 = CARTESIAN_POINT('',(-6.165631967984,-0.476293721575));
#1227 = CARTESIAN_POINT('',(-6.192427134974,-0.343691660513));
#1228 = CARTESIAN_POINT('',(-6.221361887007,-0.249511217854));
#1229 = CARTESIAN_POINT('',(-6.251847591251,-0.2));
#1230 = CARTESIAN_POINT('',(-6.28318530718,-0.2));
#1231 = ( GEOMETRIC_REPRESENTATION_CONTEXT(2) 
PARAMETRIC_REPRESENTATION_CONTEXT() REPRESENTATION_CONTEXT('2D SPACE',''
  ) );
#1232 = PCURVE('',#922,#1233);
#1233 = DEFINITIONAL_REPRESENTATION('',(#1234),#1255);
#1234 = B_SPLINE_CURVE_WITH_KNOTS('',7,(#1235,#1236,#1237,#1238,#1239,
    #1240,#1241,#1242,#1243,#1244,#1245,#1246,#1247,#1248,#1249,#1250,
    #1251,#1252,#1253,#1254),.UNSPECIFIED.,.F.,.F.,(8,6,6,8),(0.,
    0.205212848484,0.645672364801,1.),.UNSPECIFIED.);
#1235 = CARTESIAN_POINT('',(-2.776385202884,-5.68456836751));
#1236 = CARTESIAN_POINT('',(-2.828469858647,-5.671819221669));
#1237 = CARTESIAN_POINT('',(-2.880093483349,-5.660895227187));
#1238 = CARTESIAN_POINT('',(-2.93135430101,-5.651951760877));
#1239 = CARTESIAN_POINT('',(-2.982344645997,-5.645102573205));
#1240 = CARTESIAN_POINT('',(-3.033153454749,-5.640422323855));
#1241 = CARTESIAN_POINT('',(-3.083868757496,-5.637949117289));
#1242 = CARTESIAN_POINT('',(-3.243424837283,-5.637124523931));
#1243 = CARTESIAN_POINT('',(-3.352028353893,-5.646748737828));
#1244 = CARTESIAN_POINT('',(-3.461442888026,-5.666519482801));
#1245 = CARTESIAN_POINT('',(-3.572606794278,-5.695740353082));
#1246 = CARTESIAN_POINT('',(-3.686493685723,-5.733010209499));
#1247 = CARTESIAN_POINT('',(-3.804154714511,-5.775850096601));
#1248 = CARTESIAN_POINT('',(-4.025806313293,-5.85615010272));
#1249 = CARTESIAN_POINT('',(-4.130555099167,-5.89395974183));
#1250 = CARTESIAN_POINT('',(-4.239870178401,-5.930977724359));
#1251 = CARTESIAN_POINT('',(-4.352987811684,-5.963426505156));
#1252 = CARTESIAN_POINT('',(-4.469511500746,-5.987396548489));
#1253 = CARTESIAN_POINT('',(-4.589276524951,-6.));
#1254 = CARTESIAN_POINT('',(-4.712388980385,-6.));
#1255 = ( GEOMETRIC_REPRESENTATION_CONTEXT(2) 
PARAMETRIC_REPRESENTATION_CONTEXT() REPRESENTATION_CONTEXT('2D SPACE',''
  ) );
#1256 = ORIENTED_EDGE('',*,*,#861,.F.);
#1257 = ADVANCED_FACE('',(#1258),#241,.F.);
#1258 = FACE_BOUND('',#1259,.T.);
#1259 = EDGE_LOOP('',(#1260,#1285,#1307,#1308,#1309,#1331,#1332,#1333,
    #1355,#1356));
#1260 = ORIENTED_EDGE('',*,*,#1261,.F.);
#1261 = EDGE_CURVE('',#1262,#1264,#1266,.T.);
#1262 = VERTEX_POINT('',#1263);
#1263 = CARTESIAN_POINT('',(2.,2.25,61.));
#1264 = VERTEX_POINT('',#1265);
#1265 = CARTESIAN_POINT('',(5.,2.25,61.));
#1266 = SEAM_CURVE('',#1267,(#1271,#1278),.PCURVE_S1.);
#1267 = LINE('',#1268,#1269);
#1268 = CARTESIAN_POINT('',(2.,2.25,61.));
#1269 = VECTOR('',#1270,1.);
#1270 = DIRECTION('',(1.,0.,0.));
#1271 = PCURVE('',#241,#1272);
#1272 = DEFINITIONAL_REPRESENTATION('',(#1273),#1277);
#1273 = LINE('',#1274,#1275);
#1274 = CARTESIAN_POINT('',(-6.28318530718,0.));
#1275 = VECTOR('',#1276,1.);
#1276 = DIRECTION('',(-0.,-1.));
#1277 = ( GEOMETRIC_REPRESENTATION_CONTEXT(2) 
PARAMETRIC_REPRESENTATION_CONTEXT() REPRESENTATION_CONTEXT('2D SPACE',''
  ) );
#1278 = PCURVE('',#241,#1279);
#1279 = DEFINITIONAL_REPRESENTATION('',(#1280),#1284);
#1280 = LINE('',#1281,#1282);
#1281 = CARTESIAN_POINT('',(-0.,0.));
#1282 = VECTOR('',#1283,1.);
#1283 = DIRECTION('',(-0.,-1.));
#1284 = ( GEOMETRIC_REPRESENTATION_CONTEXT(2) 
PARAMETRIC_REPRESENTATION_CONTEXT() REPRESENTATION_CONTEXT('2D SPACE',''
  ) );
#1285 = ORIENTED_EDGE('',*,*,#1286,.F.);
#1286 = EDGE_CURVE('',#208,#1262,#1287,.T.);
#1287 = SURFACE_CURVE('',#1288,(#1293,#1300),.PCURVE_S1.);
#1288 = CIRCLE('',#1289,2.25);
#1289 = AXIS2_PLACEMENT_3D('',#1290,#1291,#1292);
#1290 = CARTESIAN_POINT('',(2.,0.,61.));
#1291 = DIRECTION('',(1.,0.,0.));
#1292 = DIRECTION('',(0.,1.,0.));
#1293 = PCURVE('',#241,#1294);
#1294 = DEFINITIONAL_REPRESENTATION('',(#1295),#1299);
#1295 = LINE('',#1296,#1297);
#1296 = CARTESIAN_POINT('',(-0.,0.));
#1297 = VECTOR('',#1298,1.);
#1298 = DIRECTION('',(-1.,0.));
#1299 = ( GEOMETRIC_REPRESENTATION_CONTEXT(2) 
PARAMETRIC_REPRESENTATION_CONTEXT() REPRESENTATION_CONTEXT('2D SPACE',''
  ) );
#1300 = PCURVE('',#277,#1301);
#1301 = DEFINITIONAL_REPRESENTATION('',(#1302),#1306);
#1302 = CIRCLE('',#1303,2.25);
#1303 = AXIS2_PLACEMENT_2D('',#1304,#1305);
#1304 = CARTESIAN_POINT('',(0.,-1.519377925044E-16));
#1305 = DIRECTION('',(0.,-1.));
#1306 = ( GEOMETRIC_REPRESENTATION_CONTEXT(2) 
PARAMETRIC_REPRESENTATION_CONTEXT() REPRESENTATION_CONTEXT('2D SPACE',''
  ) );
#1307 = ORIENTED_EDGE('',*,*,#207,.F.);
#1308 = ORIENTED_EDGE('',*,*,#469,.F.);
#1309 = ORIENTED_EDGE('',*,*,#1310,.F.);
#1310 = EDGE_CURVE('',#394,#444,#1311,.T.);
#1311 = SURFACE_CURVE('',#1312,(#1317,#1324),.PCURVE_S1.);
#1312 = CIRCLE('',#1313,2.25);
#1313 = AXIS2_PLACEMENT_3D('',#1314,#1315,#1316);
#1314 = CARTESIAN_POINT('',(2.,0.,61.));
#1315 = DIRECTION('',(1.,0.,0.));
#1316 = DIRECTION('',(0.,1.,0.));
#1317 = PCURVE('',#241,#1318);
#1318 = DEFINITIONAL_REPRESENTATION('',(#1319),#1323);
#1319 = LINE('',#1320,#1321);
#1320 = CARTESIAN_POINT('',(-0.,0.));
#1321 = VECTOR('',#1322,1.);
#1322 = DIRECTION('',(-1.,0.));
#1323 = ( GEOMETRIC_REPRESENTATION_CONTEXT(2) 
PARAMETRIC_REPRESENTATION_CONTEXT() REPRESENTATION_CONTEXT('2D SPACE',''
  ) );
#1324 = PCURVE('',#458,#1325);
#1325 = DEFINITIONAL_REPRESENTATION('',(#1326),#1330);
#1326 = CIRCLE('',#1327,2.25);
#1327 = AXIS2_PLACEMENT_2D('',#1328,#1329);
#1328 = CARTESIAN_POINT('',(0.,-1.519377925044E-16));
#1329 = DIRECTION('',(0.,-1.));
#1330 = ( GEOMETRIC_REPRESENTATION_CONTEXT(2) 
PARAMETRIC_REPRESENTATION_CONTEXT() REPRESENTATION_CONTEXT('2D SPACE',''
  ) );
#1331 = ORIENTED_EDGE('',*,*,#393,.F.);
#1332 = ORIENTED_EDGE('',*,*,#288,.F.);
#1333 = ORIENTED_EDGE('',*,*,#1334,.F.);
#1334 = EDGE_CURVE('',#1262,#263,#1335,.T.);
#1335 = SURFACE_CURVE('',#1336,(#1341,#1348),.PCURVE_S1.);
#1336 = CIRCLE('',#1337,2.25);
#1337 = AXIS2_PLACEMENT_3D('',#1338,#1339,#1340);
#1338 = CARTESIAN_POINT('',(2.,0.,61.));
#1339 = DIRECTION('',(1.,0.,0.));
#1340 = DIRECTION('',(0.,1.,0.));
#1341 = PCURVE('',#241,#1342);
#1342 = DEFINITIONAL_REPRESENTATION('',(#1343),#1347);
#1343 = LINE('',#1344,#1345);
#1344 = CARTESIAN_POINT('',(-0.,0.));
#1345 = VECTOR('',#1346,1.);
#1346 = DIRECTION('',(-1.,0.));
#1347 = ( GEOMETRIC_REPRESENTATION_CONTEXT(2) 
PARAMETRIC_REPRESENTATION_CONTEXT() REPRESENTATION_CONTEXT('2D SPACE',''
  ) );
#1348 = PCURVE('',#277,#1349);
#1349 = DEFINITIONAL_REPRESENTATION('',(#1350),#1354);
#1350 = CIRCLE('',#1351,2.25);
#1351 = AXIS2_PLACEMENT_2D('',#1352,#1353);
#1352 = CARTESIAN_POINT('',(0.,-1.519377925044E-16));
#1353 = DIRECTION('',(0.,-1.));
#1354 = ( GEOMETRIC_REPRESENTATION_CONTEXT(2) 
PARAMETRIC_REPRESENTATION_CONTEXT() REPRESENTATION_CONTEXT('2D SPACE',''
  ) );
#1355 = ORIENTED_EDGE('',*,*,#1261,.T.);
#1356 = ORIENTED_EDGE('',*,*,#1357,.F.);
#1357 = EDGE_CURVE('',#1264,#1264,#1358,.T.);
#1358 = SURFACE_CURVE('',#1359,(#1364,#1371),.PCURVE_S1.);
#1359 = CIRCLE('',#1360,2.25);
#1360 = AXIS2_PLACEMENT_3D('',#1361,#1362,#1363);
#1361 = CARTESIAN_POINT('',(5.,0.,61.));
#1362 = DIRECTION('',(-1.,0.,0.));
#1363 = DIRECTION('',(0.,1.,0.));
#1364 = PCURVE('',#241,#1365);
#1365 = DEFINITIONAL_REPRESENTATION('',(#1366),#1370);
#1366 = LINE('',#1367,#1368);
#1367 = CARTESIAN_POINT('',(-6.28318530718,-3.));
#1368 = VECTOR('',#1369,1.);
#1369 = DIRECTION('',(1.,-0.));
#1370 = ( GEOMETRIC_REPRESENTATION_CONTEXT(2) 
PARAMETRIC_REPRESENTATION_CONTEXT() REPRESENTATION_CONTEXT('2D SPACE',''
  ) );
#1371 = PCURVE('',#1372,#1377);
#1372 = PLANE('',#1373);
#1373 = AXIS2_PLACEMENT_3D('',#1374,#1375,#1376);
#1374 = CARTESIAN_POINT('',(5.,-3.662786069302E-16,61.));
#1375 = DIRECTION('',(1.,0.,0.));
#1376 = DIRECTION('',(0.,0.,1.));
#1377 = DEFINITIONAL_REPRESENTATION('',(#1378),#1386);
#1378 = ( BOUNDED_CURVE() B_SPLINE_CURVE(2,(#1379,#1380,#1381,#1382,
#1383,#1384,#1385),.UNSPECIFIED.,.T.,.F.) B_SPLINE_CURVE_WITH_KNOTS((1,2
    ,2,2,2,1),(-2.094395102393,0.,2.094395102393,4.188790204786,
6.28318530718,8.377580409573),.UNSPECIFIED.) CURVE() 
GEOMETRIC_REPRESENTATION_ITEM() RATIONAL_B_SPLINE_CURVE((1.,0.5,1.,0.5,
1.,0.5,1.)) REPRESENTATION_ITEM('') );
#1379 = CARTESIAN_POINT('',(0.,-2.25));
#1380 = CARTESIAN_POINT('',(-3.89711431703,-2.25));
#1381 = CARTESIAN_POINT('',(-1.948557158515,1.125));
#1382 = CARTESIAN_POINT('',(-5.510910596163E-16,4.5));
#1383 = CARTESIAN_POINT('',(1.948557158515,1.125));
#1384 = CARTESIAN_POINT('',(3.89711431703,-2.25));
#1385 = CARTESIAN_POINT('',(0.,-2.25));
#1386 = ( GEOMETRIC_REPRESENTATION_CONTEXT(2) 
PARAMETRIC_REPRESENTATION_CONTEXT() REPRESENTATION_CONTEXT('2D SPACE',''
  ) );
#1387 = ADVANCED_FACE('',(#1388),#458,.T.);
#1388 = FACE_BOUND('',#1389,.T.);
#1389 = EDGE_LOOP('',(#1390,#1391));
#1390 = ORIENTED_EDGE('',*,*,#443,.F.);
#1391 = ORIENTED_EDGE('',*,*,#1310,.T.);
#1392 = ADVANCED_FACE('',(#1393,#1424,#1459,#1494,#1497),#376,.T.);
#1393 = FACE_BOUND('',#1394,.T.);
#1394 = EDGE_LOOP('',(#1395));
#1395 = ORIENTED_EDGE('',*,*,#1396,.T.);
#1396 = EDGE_CURVE('',#1397,#1397,#1399,.T.);
#1397 = VERTEX_POINT('',#1398);
#1398 = CARTESIAN_POINT('',(18.,0.,66.));
#1399 = SURFACE_CURVE('',#1400,(#1405,#1412),.PCURVE_S1.);
#1400 = CIRCLE('',#1401,18.);
#1401 = AXIS2_PLACEMENT_3D('',#1402,#1403,#1404);
#1402 = CARTESIAN_POINT('',(0.,0.,66.));
#1403 = DIRECTION('',(0.,0.,1.));
#1404 = DIRECTION('',(1.,0.,0.));
#1405 = PCURVE('',#376,#1406);
#1406 = DEFINITIONAL_REPRESENTATION('',(#1407),#1411);
#1407 = CIRCLE('',#1408,18.);
#1408 = AXIS2_PLACEMENT_2D('',#1409,#1410);
#1409 = CARTESIAN_POINT('',(7.458764359306E-16,4.490371596874E-16));
#1410 = DIRECTION('',(1.,0.));
#1411 = ( GEOMETRIC_REPRESENTATION_CONTEXT(2) 
PARAMETRIC_REPRESENTATION_CONTEXT() REPRESENTATION_CONTEXT('2D SPACE',''
  ) );
#1412 = PCURVE('',#1413,#1418);
#1413 = CYLINDRICAL_SURFACE('',#1414,18.);
#1414 = AXIS2_PLACEMENT_3D('',#1415,#1416,#1417);
#1415 = CARTESIAN_POINT('',(0.,0.,62.));
#1416 = DIRECTION('',(-0.,-0.,-1.));
#1417 = DIRECTION('',(1.,0.,0.));
#1418 = DEFINITIONAL_REPRESENTATION('',(#1419),#1423);
#1419 = LINE('',#1420,#1421);
#1420 = CARTESIAN_POINT('',(-0.,-4.));
#1421 = VECTOR('',#1422,1.);
#1422 = DIRECTION('',(-1.,0.));
#1423 = ( GEOMETRIC_REPRESENTATION_CONTEXT(2) 
PARAMETRIC_REPRESENTATION_CONTEXT() REPRESENTATION_CONTEXT('2D SPACE',''
  ) );
#1424 = FACE_BOUND('',#1425,.T.);
#1425 = EDGE_LOOP('',(#1426));
#1426 = ORIENTED_EDGE('',*,*,#1427,.T.);
#1427 = EDGE_CURVE('',#1428,#1428,#1430,.T.);
#1428 = VERTEX_POINT('',#1429);
#1429 = CARTESIAN_POINT('',(-10.30736835487,-7.25,66.));
#1430 = SURFACE_CURVE('',#1431,(#1436,#1447),.PCURVE_S1.);
#1431 = CIRCLE('',#1432,2.25);
#1432 = AXIS2_PLACEMENT_3D('',#1433,#1434,#1435);
#1433 = CARTESIAN_POINT('',(-12.55736835487,-7.25,66.));
#1434 = DIRECTION('',(0.,0.,-1.));
#1435 = DIRECTION('',(1.,0.,0.));
#1436 = PCURVE('',#376,#1437);
#1437 = DEFINITIONAL_REPRESENTATION('',(#1438),#1446);
#1438 = ( BOUNDED_CURVE() B_SPLINE_CURVE(2,(#1439,#1440,#1441,#1442,
#1443,#1444,#1445),.UNSPECIFIED.,.T.,.F.) B_SPLINE_CURVE_WITH_KNOTS((1,2
    ,2,2,2,1),(-2.094395102393,0.,2.094395102393,4.188790204786,
6.28318530718,8.377580409573),.UNSPECIFIED.) CURVE() 
GEOMETRIC_REPRESENTATION_ITEM() RATIONAL_B_SPLINE_CURVE((1.,0.5,1.,0.5,
1.,0.5,1.)) REPRESENTATION_ITEM('') );
#1439 = CARTESIAN_POINT('',(-10.30736835487,-7.25));
#1440 = CARTESIAN_POINT('',(-10.30736835487,-11.14711431703));
#1441 = CARTESIAN_POINT('',(-13.68236835487,-9.198557158515));
#1442 = CARTESIAN_POINT('',(-17.05736835487,-7.25));
#1443 = CARTESIAN_POINT('',(-13.68236835487,-5.301442841485));
#1444 = CARTESIAN_POINT('',(-10.30736835487,-3.35288568297));
#1445 = CARTESIAN_POINT('',(-10.30736835487,-7.25));
#1446 = ( GEOMETRIC_REPRESENTATION_CONTEXT(2) 
PARAMETRIC_REPRESENTATION_CONTEXT() REPRESENTATION_CONTEXT('2D SPACE',''
  ) );
#1447 = PCURVE('',#1448,#1453);
#1448 = CYLINDRICAL_SURFACE('',#1449,2.25);
#1449 = AXIS2_PLACEMENT_3D('',#1450,#1451,#1452);
#1450 = CARTESIAN_POINT('',(-12.55736835487,-7.25,61.));
#1451 = DIRECTION('',(-0.,-0.,-1.));
#1452 = DIRECTION('',(1.,0.,0.));
#1453 = DEFINITIONAL_REPRESENTATION('',(#1454),#1458);
#1454 = LINE('',#1455,#1456);
#1455 = CARTESIAN_POINT('',(-6.28318530718,-5.));
#1456 = VECTOR('',#1457,1.);
#1457 = DIRECTION('',(1.,-0.));
#1458 = ( GEOMETRIC_REPRESENTATION_CONTEXT(2) 
PARAMETRIC_REPRESENTATION_CONTEXT() REPRESENTATION_CONTEXT('2D SPACE',''
  ) );
#1459 = FACE_BOUND('',#1460,.T.);
#1460 = EDGE_LOOP('',(#1461));
#1461 = ORIENTED_EDGE('',*,*,#1462,.T.);
#1462 = EDGE_CURVE('',#1463,#1463,#1465,.T.);
#1463 = VERTEX_POINT('',#1464);
#1464 = CARTESIAN_POINT('',(14.807368354874,-7.25,66.));
#1465 = SURFACE_CURVE('',#1466,(#1471,#1482),.PCURVE_S1.);
#1466 = CIRCLE('',#1467,2.25);
#1467 = AXIS2_PLACEMENT_3D('',#1468,#1469,#1470);
#1468 = CARTESIAN_POINT('',(12.557368354874,-7.25,66.));
#1469 = DIRECTION('',(0.,0.,-1.));
#1470 = DIRECTION('',(1.,0.,0.));
#1471 = PCURVE('',#376,#1472);
#1472 = DEFINITIONAL_REPRESENTATION('',(#1473),#1481);
#1473 = ( BOUNDED_CURVE() B_SPLINE_CURVE(2,(#1474,#1475,#1476,#1477,
#1478,#1479,#1480),.UNSPECIFIED.,.T.,.F.) B_SPLINE_CURVE_WITH_KNOTS((1,2
    ,2,2,2,1),(-2.094395102393,0.,2.094395102393,4.188790204786,
6.28318530718,8.377580409573),.UNSPECIFIED.) CURVE() 
GEOMETRIC_REPRESENTATION_ITEM() RATIONAL_B_SPLINE_CURVE((1.,0.5,1.,0.5,
1.,0.5,1.)) REPRESENTATION_ITEM('') );
#1474 = CARTESIAN_POINT('',(14.807368354874,-7.25));
#1475 = CARTESIAN_POINT('',(14.807368354874,-11.14711431703));
#1476 = CARTESIAN_POINT('',(11.432368354874,-9.198557158515));
#1477 = CARTESIAN_POINT('',(8.057368354874,-7.25));
#1478 = CARTESIAN_POINT('',(11.432368354874,-5.301442841485));
#1479 = CARTESIAN_POINT('',(14.807368354874,-3.35288568297));
#1480 = CARTESIAN_POINT('',(14.807368354874,-7.25));
#1481 = ( GEOMETRIC_REPRESENTATION_CONTEXT(2) 
PARAMETRIC_REPRESENTATION_CONTEXT() REPRESENTATION_CONTEXT('2D SPACE',''
  ) );
#1482 = PCURVE('',#1483,#1488);
#1483 = CYLINDRICAL_SURFACE('',#1484,2.25);
#1484 = AXIS2_PLACEMENT_3D('',#1485,#1486,#1487);
#1485 = CARTESIAN_POINT('',(12.557368354874,-7.25,61.));
#1486 = DIRECTION('',(-0.,-0.,-1.));
#1487 = DIRECTION('',(1.,0.,0.));
#1488 = DEFINITIONAL_REPRESENTATION('',(#1489),#1493);
#1489 = LINE('',#1490,#1491);
#1490 = CARTESIAN_POINT('',(-6.28318530718,-5.));
#1491 = VECTOR('',#1492,1.);
#1492 = DIRECTION('',(1.,-0.));
#1493 = ( GEOMETRIC_REPRESENTATION_CONTEXT(2) 
PARAMETRIC_REPRESENTATION_CONTEXT() REPRESENTATION_CONTEXT('2D SPACE',''
  ) );
#1494 = FACE_BOUND('',#1495,.T.);
#1495 = EDGE_LOOP('',(#1496));
#1496 = ORIENTED_EDGE('',*,*,#361,.T.);
#1497 = FACE_BOUND('',#1498,.T.);
#1498 = EDGE_LOOP('',(#1499));
#1499 = ORIENTED_EDGE('',*,*,#1500,.T.);
#1500 = EDGE_CURVE('',#1501,#1501,#1503,.T.);
#1501 = VERTEX_POINT('',#1502);
#1502 = CARTESIAN_POINT('',(2.25,14.5,66.));
#1503 = SURFACE_CURVE('',#1504,(#1509,#1520),.PCURVE_S1.);
#1504 = CIRCLE('',#1505,2.25);
#1505 = AXIS2_PLACEMENT_3D('',#1506,#1507,#1508);
#1506 = CARTESIAN_POINT('',(8.878689293818E-16,14.5,66.));
#1507 = DIRECTION('',(0.,0.,-1.));
#1508 = DIRECTION('',(1.,0.,0.));
#1509 = PCURVE('',#376,#1510);
#1510 = DEFINITIONAL_REPRESENTATION('',(#1511),#1519);
#1511 = ( BOUNDED_CURVE() B_SPLINE_CURVE(2,(#1512,#1513,#1514,#1515,
#1516,#1517,#1518),.UNSPECIFIED.,.T.,.F.) B_SPLINE_CURVE_WITH_KNOTS((1,2
    ,2,2,2,1),(-2.094395102393,0.,2.094395102393,4.188790204786,
6.28318530718,8.377580409573),.UNSPECIFIED.) CURVE() 
GEOMETRIC_REPRESENTATION_ITEM() RATIONAL_B_SPLINE_CURVE((1.,0.5,1.,0.5,
1.,0.5,1.)) REPRESENTATION_ITEM('') );
#1512 = CARTESIAN_POINT('',(2.25,14.5));
#1513 = CARTESIAN_POINT('',(2.25,10.60288568297));
#1514 = CARTESIAN_POINT('',(-1.125,12.551442841485));
#1515 = CARTESIAN_POINT('',(-4.5,14.5));
#1516 = CARTESIAN_POINT('',(-1.125,16.448557158515));
#1517 = CARTESIAN_POINT('',(2.25,18.39711431703));
#1518 = CARTESIAN_POINT('',(2.25,14.5));
#1519 = ( GEOMETRIC_REPRESENTATION_CONTEXT(2) 
PARAMETRIC_REPRESENTATION_CONTEXT() REPRESENTATION_CONTEXT('2D SPACE',''
  ) );
#1520 = PCURVE('',#1521,#1526);
#1521 = CYLINDRICAL_SURFACE('',#1522,2.25);
#1522 = AXIS2_PLACEMENT_3D('',#1523,#1524,#1525);
#1523 = CARTESIAN_POINT('',(8.878689293818E-16,14.5,61.));
#1524 = DIRECTION('',(-0.,-0.,-1.));
#1525 = DIRECTION('',(1.,0.,0.));
#1526 = DEFINITIONAL_REPRESENTATION('',(#1527),#1531);
#1527 = LINE('',#1528,#1529);
#1528 = CARTESIAN_POINT('',(-6.28318530718,-5.));
#1529 = VECTOR('',#1530,1.);
#1530 = DIRECTION('',(1.,-0.));
#1531 = ( GEOMETRIC_REPRESENTATION_CONTEXT(2) 
PARAMETRIC_REPRESENTATION_CONTEXT() REPRESENTATION_CONTEXT('2D SPACE',''
  ) );
#1532 = ADVANCED_FACE('',(#1533),#277,.T.);
#1533 = FACE_BOUND('',#1534,.T.);
#1534 = EDGE_LOOP('',(#1535,#1536,#1537));
#1535 = ORIENTED_EDGE('',*,*,#1286,.T.);
#1536 = ORIENTED_EDGE('',*,*,#1334,.T.);
#1537 = ORIENTED_EDGE('',*,*,#262,.T.);
#1538 = ADVANCED_FACE('',(#1539),#537,.T.);
#1539 = FACE_BOUND('',#1540,.T.);
#1540 = EDGE_LOOP('',(#1541,#1565,#1587));
#1541 = ORIENTED_EDGE('',*,*,#1542,.T.);
#1542 = EDGE_CURVE('',#523,#1543,#1545,.T.);
#1543 = VERTEX_POINT('',#1544);
#1544 = CARTESIAN_POINT('',(-2.,-2.25,61.));
#1545 = SURFACE_CURVE('',#1546,(#1551,#1558),.PCURVE_S1.);
#1546 = CIRCLE('',#1547,2.25);
#1547 = AXIS2_PLACEMENT_3D('',#1548,#1549,#1550);
#1548 = CARTESIAN_POINT('',(-2.,2.449293598295E-16,61.));
#1549 = DIRECTION('',(-1.,1.224646799147E-16,0.));
#1550 = DIRECTION('',(-1.224646799147E-16,-1.,0.));
#1551 = PCURVE('',#537,#1552);
#1552 = DEFINITIONAL_REPRESENTATION('',(#1553),#1557);
#1553 = CIRCLE('',#1554,2.25);
#1554 = AXIS2_PLACEMENT_2D('',#1555,#1556);
#1555 = CARTESIAN_POINT('',(0.,-1.519377925044E-16));
#1556 = DIRECTION('',(0.,-1.));
#1557 = ( GEOMETRIC_REPRESENTATION_CONTEXT(2) 
PARAMETRIC_REPRESENTATION_CONTEXT() REPRESENTATION_CONTEXT('2D SPACE',''
  ) );
#1558 = PCURVE('',#642,#1559);
#1559 = DEFINITIONAL_REPRESENTATION('',(#1560),#1564);
#1560 = LINE('',#1561,#1562);
#1561 = CARTESIAN_POINT('',(-0.,0.));
#1562 = VECTOR('',#1563,1.);
#1563 = DIRECTION('',(-1.,0.));
#1564 = ( GEOMETRIC_REPRESENTATION_CONTEXT(2) 
PARAMETRIC_REPRESENTATION_CONTEXT() REPRESENTATION_CONTEXT('2D SPACE',''
  ) );
#1565 = ORIENTED_EDGE('',*,*,#1566,.T.);
#1566 = EDGE_CURVE('',#1543,#521,#1567,.T.);
#1567 = SURFACE_CURVE('',#1568,(#1573,#1580),.PCURVE_S1.);
#1568 = CIRCLE('',#1569,2.25);
#1569 = AXIS2_PLACEMENT_3D('',#1570,#1571,#1572);
#1570 = CARTESIAN_POINT('',(-2.,2.449293598295E-16,61.));
#1571 = DIRECTION('',(-1.,1.224646799147E-16,0.));
#1572 = DIRECTION('',(-1.224646799147E-16,-1.,0.));
#1573 = PCURVE('',#537,#1574);
#1574 = DEFINITIONAL_REPRESENTATION('',(#1575),#1579);
#1575 = CIRCLE('',#1576,2.25);
#1576 = AXIS2_PLACEMENT_2D('',#1577,#1578);
#1577 = CARTESIAN_POINT('',(0.,-1.519377925044E-16));
#1578 = DIRECTION('',(0.,-1.));
#1579 = ( GEOMETRIC_REPRESENTATION_CONTEXT(2) 
PARAMETRIC_REPRESENTATION_CONTEXT() REPRESENTATION_CONTEXT('2D SPACE',''
  ) );
#1580 = PCURVE('',#642,#1581);
#1581 = DEFINITIONAL_REPRESENTATION('',(#1582),#1586);
#1582 = LINE('',#1583,#1584);
#1583 = CARTESIAN_POINT('',(-0.,0.));
#1584 = VECTOR('',#1585,1.);
#1585 = DIRECTION('',(-1.,0.));
#1586 = ( GEOMETRIC_REPRESENTATION_CONTEXT(2) 
PARAMETRIC_REPRESENTATION_CONTEXT() REPRESENTATION_CONTEXT('2D SPACE',''
  ) );
#1587 = ORIENTED_EDGE('',*,*,#520,.T.);
#1588 = ADVANCED_FACE('',(#1589),#642,.F.);
#1589 = FACE_BOUND('',#1590,.T.);
#1590 = EDGE_LOOP('',(#1591,#1614,#1615,#1616,#1638,#1639,#1640,#1641));
#1591 = ORIENTED_EDGE('',*,*,#1592,.F.);
#1592 = EDGE_CURVE('',#1543,#1593,#1595,.T.);
#1593 = VERTEX_POINT('',#1594);
#1594 = CARTESIAN_POINT('',(-5.,-2.25,61.));
#1595 = SEAM_CURVE('',#1596,(#1600,#1607),.PCURVE_S1.);
#1596 = LINE('',#1597,#1598);
#1597 = CARTESIAN_POINT('',(-2.,-2.25,61.));
#1598 = VECTOR('',#1599,1.);
#1599 = DIRECTION('',(-1.,1.224646799147E-16,0.));
#1600 = PCURVE('',#642,#1601);
#1601 = DEFINITIONAL_REPRESENTATION('',(#1602),#1606);
#1602 = LINE('',#1603,#1604);
#1603 = CARTESIAN_POINT('',(-6.28318530718,0.));
#1604 = VECTOR('',#1605,1.);
#1605 = DIRECTION('',(-0.,-1.));
#1606 = ( GEOMETRIC_REPRESENTATION_CONTEXT(2) 
PARAMETRIC_REPRESENTATION_CONTEXT() REPRESENTATION_CONTEXT('2D SPACE',''
  ) );
#1607 = PCURVE('',#642,#1608);
#1608 = DEFINITIONAL_REPRESENTATION('',(#1609),#1613);
#1609 = LINE('',#1610,#1611);
#1610 = CARTESIAN_POINT('',(-0.,0.));
#1611 = VECTOR('',#1612,1.);
#1612 = DIRECTION('',(-0.,-1.));
#1613 = ( GEOMETRIC_REPRESENTATION_CONTEXT(2) 
PARAMETRIC_REPRESENTATION_CONTEXT() REPRESENTATION_CONTEXT('2D SPACE',''
  ) );
#1614 = ORIENTED_EDGE('',*,*,#1542,.F.);
#1615 = ORIENTED_EDGE('',*,*,#719,.F.);
#1616 = ORIENTED_EDGE('',*,*,#1617,.F.);
#1617 = EDGE_CURVE('',#549,#694,#1618,.T.);
#1618 = SURFACE_CURVE('',#1619,(#1624,#1631),.PCURVE_S1.);
#1619 = CIRCLE('',#1620,2.25);
#1620 = AXIS2_PLACEMENT_3D('',#1621,#1622,#1623);
#1621 = CARTESIAN_POINT('',(-2.,2.449293598295E-16,61.));
#1622 = DIRECTION('',(-1.,1.224646799147E-16,0.));
#1623 = DIRECTION('',(-1.224646799147E-16,-1.,0.));
#1624 = PCURVE('',#642,#1625);
#1625 = DEFINITIONAL_REPRESENTATION('',(#1626),#1630);
#1626 = LINE('',#1627,#1628);
#1627 = CARTESIAN_POINT('',(-0.,0.));
#1628 = VECTOR('',#1629,1.);
#1629 = DIRECTION('',(-1.,0.));
#1630 = ( GEOMETRIC_REPRESENTATION_CONTEXT(2) 
PARAMETRIC_REPRESENTATION_CONTEXT() REPRESENTATION_CONTEXT('2D SPACE',''
  ) );
#1631 = PCURVE('',#708,#1632);
#1632 = DEFINITIONAL_REPRESENTATION('',(#1633),#1637);
#1633 = CIRCLE('',#1634,2.25);
#1634 = AXIS2_PLACEMENT_2D('',#1635,#1636);
#1635 = CARTESIAN_POINT('',(0.,-1.519377925044E-16));
#1636 = DIRECTION('',(0.,-1.));
#1637 = ( GEOMETRIC_REPRESENTATION_CONTEXT(2) 
PARAMETRIC_REPRESENTATION_CONTEXT() REPRESENTATION_CONTEXT('2D SPACE',''
  ) );
#1638 = ORIENTED_EDGE('',*,*,#548,.F.);
#1639 = ORIENTED_EDGE('',*,*,#1566,.F.);
#1640 = ORIENTED_EDGE('',*,*,#1592,.T.);
#1641 = ORIENTED_EDGE('',*,*,#1642,.F.);
#1642 = EDGE_CURVE('',#1593,#1593,#1643,.T.);
#1643 = SURFACE_CURVE('',#1644,(#1649,#1656),.PCURVE_S1.);
#1644 = CIRCLE('',#1645,2.25);
#1645 = AXIS2_PLACEMENT_3D('',#1646,#1647,#1648);
#1646 = CARTESIAN_POINT('',(-5.,6.123233995737E-16,61.));
#1647 = DIRECTION('',(1.,-1.224646799147E-16,-0.));
#1648 = DIRECTION('',(-1.224646799147E-16,-1.,0.));
#1649 = PCURVE('',#642,#1650);
#1650 = DEFINITIONAL_REPRESENTATION('',(#1651),#1655);
#1651 = LINE('',#1652,#1653);
#1652 = CARTESIAN_POINT('',(-6.28318530718,-3.));
#1653 = VECTOR('',#1654,1.);
#1654 = DIRECTION('',(1.,-0.));
#1655 = ( GEOMETRIC_REPRESENTATION_CONTEXT(2) 
PARAMETRIC_REPRESENTATION_CONTEXT() REPRESENTATION_CONTEXT('2D SPACE',''
  ) );
#1656 = PCURVE('',#1657,#1662);
#1657 = PLANE('',#1658);
#1658 = AXIS2_PLACEMENT_3D('',#1659,#1660,#1661);
#1659 = CARTESIAN_POINT('',(-5.,9.786020065039E-16,61.));
#1660 = DIRECTION('',(-1.,1.224646799147E-16,0.));
#1661 = DIRECTION('',(0.,0.,1.));
#1662 = DEFINITIONAL_REPRESENTATION('',(#1663),#1671);
#1663 = ( BOUNDED_CURVE() B_SPLINE_CURVE(2,(#1664,#1665,#1666,#1667,
#1668,#1669,#1670),.UNSPECIFIED.,.T.,.F.) B_SPLINE_CURVE_WITH_KNOTS((1,2
    ,2,2,2,1),(-2.094395102393,0.,2.094395102393,4.188790204786,
6.28318530718,8.377580409573),.UNSPECIFIED.) CURVE() 
GEOMETRIC_REPRESENTATION_ITEM() RATIONAL_B_SPLINE_CURVE((1.,0.5,1.,0.5,
1.,0.5,1.)) REPRESENTATION_ITEM('') );
#1664 = CARTESIAN_POINT('',(0.,-2.25));
#1665 = CARTESIAN_POINT('',(-3.89711431703,-2.25));
#1666 = CARTESIAN_POINT('',(-1.948557158515,1.125));
#1667 = CARTESIAN_POINT('',(-5.510910596163E-16,4.5));
#1668 = CARTESIAN_POINT('',(1.948557158515,1.125));
#1669 = CARTESIAN_POINT('',(3.89711431703,-2.25));
#1670 = CARTESIAN_POINT('',(0.,-2.25));
#1671 = ( GEOMETRIC_REPRESENTATION_CONTEXT(2) 
PARAMETRIC_REPRESENTATION_CONTEXT() REPRESENTATION_CONTEXT('2D SPACE',''
  ) );
#1672 = ADVANCED_FACE('',(#1673),#708,.T.);
#1673 = FACE_BOUND('',#1674,.T.);
#1674 = EDGE_LOOP('',(#1675,#1676));
#1675 = ORIENTED_EDGE('',*,*,#693,.F.);
#1676 = ORIENTED_EDGE('',*,*,#1617,.T.);
#1677 = ADVANCED_FACE('',(#1678),#922,.F.);
#1678 = FACE_BOUND('',#1679,.T.);
#1679 = EDGE_LOOP('',(#1680,#1704,#1725,#1726,#1747,#1776,#1795,#1796,
    #1797));
#1680 = ORIENTED_EDGE('',*,*,#1681,.F.);
#1681 = EDGE_CURVE('',#1682,#1682,#1684,.T.);
#1682 = VERTEX_POINT('',#1683);
#1683 = CARTESIAN_POINT('',(5.,2.8,61.));
#1684 = SURFACE_CURVE('',#1685,(#1690,#1697),.PCURVE_S1.);
#1685 = CIRCLE('',#1686,2.8);
#1686 = AXIS2_PLACEMENT_3D('',#1687,#1688,#1689);
#1687 = CARTESIAN_POINT('',(5.,0.,61.));
#1688 = DIRECTION('',(1.,0.,0.));
#1689 = DIRECTION('',(0.,1.,0.));
#1690 = PCURVE('',#922,#1691);
#1691 = DEFINITIONAL_REPRESENTATION('',(#1692),#1696);
#1692 = LINE('',#1693,#1694);
#1693 = CARTESIAN_POINT('',(-0.,0.));
#1694 = VECTOR('',#1695,1.);
#1695 = DIRECTION('',(-1.,0.));
#1696 = ( GEOMETRIC_REPRESENTATION_CONTEXT(2) 
PARAMETRIC_REPRESENTATION_CONTEXT() REPRESENTATION_CONTEXT('2D SPACE',''
  ) );
#1697 = PCURVE('',#1372,#1698);
#1698 = DEFINITIONAL_REPRESENTATION('',(#1699),#1703);
#1699 = CIRCLE('',#1700,2.8);
#1700 = AXIS2_PLACEMENT_2D('',#1701,#1702);
#1701 = CARTESIAN_POINT('',(0.,-3.662786069302E-16));
#1702 = DIRECTION('',(0.,-1.));
#1703 = ( GEOMETRIC_REPRESENTATION_CONTEXT(2) 
PARAMETRIC_REPRESENTATION_CONTEXT() REPRESENTATION_CONTEXT('2D SPACE',''
  ) );
#1704 = ORIENTED_EDGE('',*,*,#1705,.T.);
#1705 = EDGE_CURVE('',#1682,#885,#1706,.T.);
#1706 = SEAM_CURVE('',#1707,(#1711,#1718),.PCURVE_S1.);
#1707 = LINE('',#1708,#1709);
#1708 = CARTESIAN_POINT('',(5.,2.8,61.));
#1709 = VECTOR('',#1710,1.);
#1710 = DIRECTION('',(1.,0.,0.));
#1711 = PCURVE('',#922,#1712);
#1712 = DEFINITIONAL_REPRESENTATION('',(#1713),#1717);
#1713 = LINE('',#1714,#1715);
#1714 = CARTESIAN_POINT('',(-6.28318530718,0.));
#1715 = VECTOR('',#1716,1.);
#1716 = DIRECTION('',(-0.,-1.));
#1717 = ( GEOMETRIC_REPRESENTATION_CONTEXT(2) 
PARAMETRIC_REPRESENTATION_CONTEXT() REPRESENTATION_CONTEXT('2D SPACE',''
  ) );
#1718 = PCURVE('',#922,#1719);
#1719 = DEFINITIONAL_REPRESENTATION('',(#1720),#1724);
#1720 = LINE('',#1721,#1722);
#1721 = CARTESIAN_POINT('',(-0.,0.));
#1722 = VECTOR('',#1723,1.);
#1723 = DIRECTION('',(-0.,-1.));
#1724 = ( GEOMETRIC_REPRESENTATION_CONTEXT(2) 
PARAMETRIC_REPRESENTATION_CONTEXT() REPRESENTATION_CONTEXT('2D SPACE',''
  ) );
#1725 = ORIENTED_EDGE('',*,*,#945,.T.);
#1726 = ORIENTED_EDGE('',*,*,#1727,.F.);
#1727 = EDGE_CURVE('',#1728,#946,#1730,.T.);
#1728 = VERTEX_POINT('',#1729);
#1729 = CARTESIAN_POINT('',(13.,2.615339366124,62.));
#1730 = SURFACE_CURVE('',#1731,(#1735,#1741),.PCURVE_S1.);
#1731 = LINE('',#1732,#1733);
#1732 = CARTESIAN_POINT('',(5.,2.615339366124,62.));
#1733 = VECTOR('',#1734,1.);
#1734 = DIRECTION('',(-1.,-0.,-0.));
#1735 = PCURVE('',#922,#1736);
#1736 = DEFINITIONAL_REPRESENTATION('',(#1737),#1740);
#1737 = B_SPLINE_CURVE_WITH_KNOTS('',1,(#1738,#1739),.UNSPECIFIED.,.F.,
  .F.,(2,2),(-8.0000006,5.999999999062E-07),.PIECEWISE_BEZIER_KNOTS.);
#1738 = CARTESIAN_POINT('',(-0.36520722129,-8.0000006));
#1739 = CARTESIAN_POINT('',(-0.36520722129,5.999999999062E-07));
#1740 = ( GEOMETRIC_REPRESENTATION_CONTEXT(2) 
PARAMETRIC_REPRESENTATION_CONTEXT() REPRESENTATION_CONTEXT('2D SPACE',''
  ) );
#1741 = PCURVE('',#994,#1742);
#1742 = DEFINITIONAL_REPRESENTATION('',(#1743),#1746);
#1743 = B_SPLINE_CURVE_WITH_KNOTS('',1,(#1744,#1745),.UNSPECIFIED.,.F.,
  .F.,(2,2),(-8.0000006,5.999999999062E-07),.PIECEWISE_BEZIER_KNOTS.);
#1744 = CARTESIAN_POINT('',(13.0000006,2.615339366124));
#1745 = CARTESIAN_POINT('',(4.9999994,2.615339366124));
#1746 = ( GEOMETRIC_REPRESENTATION_CONTEXT(2) 
PARAMETRIC_REPRESENTATION_CONTEXT() REPRESENTATION_CONTEXT('2D SPACE',''
  ) );
#1747 = ORIENTED_EDGE('',*,*,#1748,.T.);
#1748 = EDGE_CURVE('',#1728,#1749,#1751,.T.);
#1749 = VERTEX_POINT('',#1750);
#1750 = CARTESIAN_POINT('',(13.,-2.615339366124,62.));
#1751 = SURFACE_CURVE('',#1752,(#1757,#1764),.PCURVE_S1.);
#1752 = CIRCLE('',#1753,2.8);
#1753 = AXIS2_PLACEMENT_3D('',#1754,#1755,#1756);
#1754 = CARTESIAN_POINT('',(13.,0.,61.));
#1755 = DIRECTION('',(1.,0.,0.));
#1756 = DIRECTION('',(0.,1.,0.));
#1757 = PCURVE('',#922,#1758);
#1758 = DEFINITIONAL_REPRESENTATION('',(#1759),#1763);
#1759 = LINE('',#1760,#1761);
#1760 = CARTESIAN_POINT('',(-0.,-8.));
#1761 = VECTOR('',#1762,1.);
#1762 = DIRECTION('',(-1.,0.));
#1763 = ( GEOMETRIC_REPRESENTATION_CONTEXT(2) 
PARAMETRIC_REPRESENTATION_CONTEXT() REPRESENTATION_CONTEXT('2D SPACE',''
  ) );
#1764 = PCURVE('',#1765,#1770);
#1765 = PLANE('',#1766);
#1766 = AXIS2_PLACEMENT_3D('',#1767,#1768,#1769);
#1767 = CARTESIAN_POINT('',(13.,-3.662786069302E-16,61.));
#1768 = DIRECTION('',(1.,0.,0.));
#1769 = DIRECTION('',(0.,0.,1.));
#1770 = DEFINITIONAL_REPRESENTATION('',(#1771),#1775);
#1771 = CIRCLE('',#1772,2.8);
#1772 = AXIS2_PLACEMENT_2D('',#1773,#1774);
#1773 = CARTESIAN_POINT('',(0.,-3.662786069302E-16));
#1774 = DIRECTION('',(0.,-1.));
#1775 = ( GEOMETRIC_REPRESENTATION_CONTEXT(2) 
PARAMETRIC_REPRESENTATION_CONTEXT() REPRESENTATION_CONTEXT('2D SPACE',''
  ) );
#1776 = ORIENTED_EDGE('',*,*,#1777,.T.);
#1777 = EDGE_CURVE('',#1749,#1158,#1778,.T.);
#1778 = SURFACE_CURVE('',#1779,(#1783,#1789),.PCURVE_S1.);
#1779 = LINE('',#1780,#1781);
#1780 = CARTESIAN_POINT('',(5.,-2.615339366124,62.));
#1781 = VECTOR('',#1782,1.);
#1782 = DIRECTION('',(-1.,-0.,-0.));
#1783 = PCURVE('',#922,#1784);
#1784 = DEFINITIONAL_REPRESENTATION('',(#1785),#1788);
#1785 = B_SPLINE_CURVE_WITH_KNOTS('',1,(#1786,#1787),.UNSPECIFIED.,.F.,
  .F.,(2,2),(-8.0000006,5.999999999062E-07),.PIECEWISE_BEZIER_KNOTS.);
#1786 = CARTESIAN_POINT('',(-2.776385432299,-8.0000006));
#1787 = CARTESIAN_POINT('',(-2.776385432299,5.999999999062E-07));
#1788 = ( GEOMETRIC_REPRESENTATION_CONTEXT(2) 
PARAMETRIC_REPRESENTATION_CONTEXT() REPRESENTATION_CONTEXT('2D SPACE',''
  ) );
#1789 = PCURVE('',#994,#1790);
#1790 = DEFINITIONAL_REPRESENTATION('',(#1791),#1794);
#1791 = B_SPLINE_CURVE_WITH_KNOTS('',1,(#1792,#1793),.UNSPECIFIED.,.F.,
  .F.,(2,2),(-8.0000006,5.999999999062E-07),.PIECEWISE_BEZIER_KNOTS.);
#1792 = CARTESIAN_POINT('',(13.0000006,-2.615339366124));
#1793 = CARTESIAN_POINT('',(4.9999994,-2.615339366124));
#1794 = ( GEOMETRIC_REPRESENTATION_CONTEXT(2) 
PARAMETRIC_REPRESENTATION_CONTEXT() REPRESENTATION_CONTEXT('2D SPACE',''
  ) );
#1795 = ORIENTED_EDGE('',*,*,#1185,.T.);
#1796 = ORIENTED_EDGE('',*,*,#884,.T.);
#1797 = ORIENTED_EDGE('',*,*,#1705,.F.);
#1798 = ADVANCED_FACE('',(#1799,#1825,#1855,#1885,#1976),#994,.F.);
#1799 = FACE_BOUND('',#1800,.F.);
#1800 = EDGE_LOOP('',(#1801));
#1801 = ORIENTED_EDGE('',*,*,#1802,.T.);
#1802 = EDGE_CURVE('',#1803,#1803,#1805,.T.);
#1803 = VERTEX_POINT('',#1804);
#1804 = CARTESIAN_POINT('',(18.,0.,62.));
#1805 = SURFACE_CURVE('',#1806,(#1811,#1818),.PCURVE_S1.);
#1806 = CIRCLE('',#1807,18.);
#1807 = AXIS2_PLACEMENT_3D('',#1808,#1809,#1810);
#1808 = CARTESIAN_POINT('',(0.,0.,62.));
#1809 = DIRECTION('',(0.,0.,1.));
#1810 = DIRECTION('',(1.,0.,0.));
#1811 = PCURVE('',#994,#1812);
#1812 = DEFINITIONAL_REPRESENTATION('',(#1813),#1817);
#1813 = CIRCLE('',#1814,18.);
#1814 = AXIS2_PLACEMENT_2D('',#1815,#1816);
#1815 = CARTESIAN_POINT('',(6.077511700175E-16,-4.807142605466E-16));
#1816 = DIRECTION('',(1.,0.));
#1817 = ( GEOMETRIC_REPRESENTATION_CONTEXT(2) 
PARAMETRIC_REPRESENTATION_CONTEXT() REPRESENTATION_CONTEXT('2D SPACE',''
  ) );
#1818 = PCURVE('',#1413,#1819);
#1819 = DEFINITIONAL_REPRESENTATION('',(#1820),#1824);
#1820 = LINE('',#1821,#1822);
#1821 = CARTESIAN_POINT('',(-0.,0.));
#1822 = VECTOR('',#1823,1.);
#1823 = DIRECTION('',(-1.,0.));
#1824 = ( GEOMETRIC_REPRESENTATION_CONTEXT(2) 
PARAMETRIC_REPRESENTATION_CONTEXT() REPRESENTATION_CONTEXT('2D SPACE',''
  ) );
#1825 = FACE_BOUND('',#1826,.F.);
#1826 = EDGE_LOOP('',(#1827));
#1827 = ORIENTED_EDGE('',*,*,#1828,.T.);
#1828 = EDGE_CURVE('',#1829,#1829,#1831,.T.);
#1829 = VERTEX_POINT('',#1830);
#1830 = CARTESIAN_POINT('',(-10.30736835487,-7.25,62.));
#1831 = SURFACE_CURVE('',#1832,(#1837,#1848),.PCURVE_S1.);
#1832 = CIRCLE('',#1833,2.25);
#1833 = AXIS2_PLACEMENT_3D('',#1834,#1835,#1836);
#1834 = CARTESIAN_POINT('',(-12.55736835487,-7.25,62.));
#1835 = DIRECTION('',(0.,0.,-1.));
#1836 = DIRECTION('',(1.,0.,0.));
#1837 = PCURVE('',#994,#1838);
#1838 = DEFINITIONAL_REPRESENTATION('',(#1839),#1847);
#1839 = ( BOUNDED_CURVE() B_SPLINE_CURVE(2,(#1840,#1841,#1842,#1843,
#1844,#1845,#1846),.UNSPECIFIED.,.T.,.F.) B_SPLINE_CURVE_WITH_KNOTS((1,2
    ,2,2,2,1),(-2.094395102393,0.,2.094395102393,4.188790204786,
6.28318530718,8.377580409573),.UNSPECIFIED.) CURVE() 
GEOMETRIC_REPRESENTATION_ITEM() RATIONAL_B_SPLINE_CURVE((1.,0.5,1.,0.5,
1.,0.5,1.)) REPRESENTATION_ITEM('') );
#1840 = CARTESIAN_POINT('',(-10.30736835487,-7.25));
#1841 = CARTESIAN_POINT('',(-10.30736835487,-11.14711431703));
#1842 = CARTESIAN_POINT('',(-13.68236835487,-9.198557158515));
#1843 = CARTESIAN_POINT('',(-17.05736835487,-7.25));
#1844 = CARTESIAN_POINT('',(-13.68236835487,-5.301442841485));
#1845 = CARTESIAN_POINT('',(-10.30736835487,-3.35288568297));
#1846 = CARTESIAN_POINT('',(-10.30736835487,-7.25));
#1847 = ( GEOMETRIC_REPRESENTATION_CONTEXT(2) 
PARAMETRIC_REPRESENTATION_CONTEXT() REPRESENTATION_CONTEXT('2D SPACE',''
  ) );
#1848 = PCURVE('',#1448,#1849);
#1849 = DEFINITIONAL_REPRESENTATION('',(#1850),#1854);
#1850 = LINE('',#1851,#1852);
#1851 = CARTESIAN_POINT('',(-6.28318530718,-1.));
#1852 = VECTOR('',#1853,1.);
#1853 = DIRECTION('',(1.,-0.));
#1854 = ( GEOMETRIC_REPRESENTATION_CONTEXT(2) 
PARAMETRIC_REPRESENTATION_CONTEXT() REPRESENTATION_CONTEXT('2D SPACE',''
  ) );
#1855 = FACE_BOUND('',#1856,.F.);
#1856 = EDGE_LOOP('',(#1857));
#1857 = ORIENTED_EDGE('',*,*,#1858,.T.);
#1858 = EDGE_CURVE('',#1859,#1859,#1861,.T.);
#1859 = VERTEX_POINT('',#1860);
#1860 = CARTESIAN_POINT('',(14.807368354874,-7.25,62.));
#1861 = SURFACE_CURVE('',#1862,(#1867,#1878),.PCURVE_S1.);
#1862 = CIRCLE('',#1863,2.25);
#1863 = AXIS2_PLACEMENT_3D('',#1864,#1865,#1866);
#1864 = CARTESIAN_POINT('',(12.557368354874,-7.25,62.));
#1865 = DIRECTION('',(0.,0.,-1.));
#1866 = DIRECTION('',(1.,0.,0.));
#1867 = PCURVE('',#994,#1868);
#1868 = DEFINITIONAL_REPRESENTATION('',(#1869),#1877);
#1869 = ( BOUNDED_CURVE() B_SPLINE_CURVE(2,(#1870,#1871,#1872,#1873,
#1874,#1875,#1876),.UNSPECIFIED.,.T.,.F.) B_SPLINE_CURVE_WITH_KNOTS((1,2
    ,2,2,2,1),(-2.094395102393,0.,2.094395102393,4.188790204786,
6.28318530718,8.377580409573),.UNSPECIFIED.) CURVE() 
GEOMETRIC_REPRESENTATION_ITEM() RATIONAL_B_SPLINE_CURVE((1.,0.5,1.,0.5,
1.,0.5,1.)) REPRESENTATION_ITEM('') );
#1870 = CARTESIAN_POINT('',(14.807368354874,-7.25));
#1871 = CARTESIAN_POINT('',(14.807368354874,-11.14711431703));
#1872 = CARTESIAN_POINT('',(11.432368354874,-9.198557158515));
#1873 = CARTESIAN_POINT('',(8.057368354874,-7.25));
#1874 = CARTESIAN_POINT('',(11.432368354874,-5.301442841485));
#1875 = CARTESIAN_POINT('',(14.807368354874,-3.35288568297));
#1876 = CARTESIAN_POINT('',(14.807368354874,-7.25));
#1877 = ( GEOMETRIC_REPRESENTATION_CONTEXT(2) 
PARAMETRIC_REPRESENTATION_CONTEXT() REPRESENTATION_CONTEXT('2D SPACE',''
  ) );
#1878 = PCURVE('',#1483,#1879);
#1879 = DEFINITIONAL_REPRESENTATION('',(#1880),#1884);
#1880 = LINE('',#1881,#1882);
#1881 = CARTESIAN_POINT('',(-6.28318530718,-1.));
#1882 = VECTOR('',#1883,1.);
#1883 = DIRECTION('',(1.,-0.));
#1884 = ( GEOMETRIC_REPRESENTATION_CONTEXT(2) 
PARAMETRIC_REPRESENTATION_CONTEXT() REPRESENTATION_CONTEXT('2D SPACE',''
  ) );
#1885 = FACE_BOUND('',#1886,.F.);
#1886 = EDGE_LOOP('',(#1887,#1906,#1907,#1908,#1929,#1955,#1974,#1975));
#1887 = ORIENTED_EDGE('',*,*,#1888,.F.);
#1888 = EDGE_CURVE('',#1749,#1728,#1889,.T.);
#1889 = SURFACE_CURVE('',#1890,(#1894,#1900),.PCURVE_S1.);
#1890 = LINE('',#1891,#1892);
#1891 = CARTESIAN_POINT('',(13.,5.721782680821E-17,62.));
#1892 = VECTOR('',#1893,1.);
#1893 = DIRECTION('',(0.,1.,0.));
#1894 = PCURVE('',#994,#1895);
#1895 = DEFINITIONAL_REPRESENTATION('',(#1896),#1899);
#1896 = B_SPLINE_CURVE_WITH_KNOTS('',1,(#1897,#1898),.UNSPECIFIED.,.F.,
  .F.,(2,2),(-2.8,2.8),.PIECEWISE_BEZIER_KNOTS.);
#1897 = CARTESIAN_POINT('',(13.,-2.8));
#1898 = CARTESIAN_POINT('',(13.,2.8));
#1899 = ( GEOMETRIC_REPRESENTATION_CONTEXT(2) 
PARAMETRIC_REPRESENTATION_CONTEXT() REPRESENTATION_CONTEXT('2D SPACE',''
  ) );
#1900 = PCURVE('',#1765,#1901);
#1901 = DEFINITIONAL_REPRESENTATION('',(#1902),#1905);
#1902 = B_SPLINE_CURVE_WITH_KNOTS('',1,(#1903,#1904),.UNSPECIFIED.,.F.,
  .F.,(2,2),(-2.8,2.8),.PIECEWISE_BEZIER_KNOTS.);
#1903 = CARTESIAN_POINT('',(1.,2.8));
#1904 = CARTESIAN_POINT('',(1.,-2.8));
#1905 = ( GEOMETRIC_REPRESENTATION_CONTEXT(2) 
PARAMETRIC_REPRESENTATION_CONTEXT() REPRESENTATION_CONTEXT('2D SPACE',''
  ) );
#1906 = ORIENTED_EDGE('',*,*,#1777,.T.);
#1907 = ORIENTED_EDGE('',*,*,#1157,.T.);
#1908 = ORIENTED_EDGE('',*,*,#1909,.F.);
#1909 = EDGE_CURVE('',#1910,#1126,#1912,.T.);
#1910 = VERTEX_POINT('',#1911);
#1911 = CARTESIAN_POINT('',(-13.,-2.615339366124,62.));
#1912 = SURFACE_CURVE('',#1913,(#1917,#1923),.PCURVE_S1.);
#1913 = LINE('',#1914,#1915);
#1914 = CARTESIAN_POINT('',(-5.,-2.615339366124,62.));
#1915 = VECTOR('',#1916,1.);
#1916 = DIRECTION('',(1.,-1.224646799147E-16,-0.));
#1917 = PCURVE('',#994,#1918);
#1918 = DEFINITIONAL_REPRESENTATION('',(#1919),#1922);
#1919 = B_SPLINE_CURVE_WITH_KNOTS('',1,(#1920,#1921),.UNSPECIFIED.,.F.,
  .F.,(2,2),(-8.0000006,5.999999999062E-07),.PIECEWISE_BEZIER_KNOTS.);
#1920 = CARTESIAN_POINT('',(-13.0000006,-2.615339366124));
#1921 = CARTESIAN_POINT('',(-4.9999994,-2.615339366124));
#1922 = ( GEOMETRIC_REPRESENTATION_CONTEXT(2) 
PARAMETRIC_REPRESENTATION_CONTEXT() REPRESENTATION_CONTEXT('2D SPACE',''
  ) );
#1923 = PCURVE('',#1084,#1924);
#1924 = DEFINITIONAL_REPRESENTATION('',(#1925),#1928);
#1925 = B_SPLINE_CURVE_WITH_KNOTS('',1,(#1926,#1927),.UNSPECIFIED.,.F.,
  .F.,(2,2),(-8.0000006,5.999999999062E-07),.PIECEWISE_BEZIER_KNOTS.);
#1926 = CARTESIAN_POINT('',(-0.36520722129,-8.0000006));
#1927 = CARTESIAN_POINT('',(-0.36520722129,6.000000002265E-07));
#1928 = ( GEOMETRIC_REPRESENTATION_CONTEXT(2) 
PARAMETRIC_REPRESENTATION_CONTEXT() REPRESENTATION_CONTEXT('2D SPACE',''
  ) );
#1929 = ORIENTED_EDGE('',*,*,#1930,.F.);
#1930 = EDGE_CURVE('',#1931,#1910,#1933,.T.);
#1931 = VERTEX_POINT('',#1932);
#1932 = CARTESIAN_POINT('',(-13.,2.615339366124,62.));
#1933 = SURFACE_CURVE('',#1934,(#1938,#1944),.PCURVE_S1.);
#1934 = LINE('',#1935,#1936);
#1935 = CARTESIAN_POINT('',(-13.,2.01553727263E-15,62.));
#1936 = VECTOR('',#1937,1.);
#1937 = DIRECTION('',(-1.224646799147E-16,-1.,0.));
#1938 = PCURVE('',#994,#1939);
#1939 = DEFINITIONAL_REPRESENTATION('',(#1940),#1943);
#1940 = B_SPLINE_CURVE_WITH_KNOTS('',1,(#1941,#1942),.UNSPECIFIED.,.F.,
  .F.,(2,2),(-2.8,2.8),.PIECEWISE_BEZIER_KNOTS.);
#1941 = CARTESIAN_POINT('',(-13.,2.8));
#1942 = CARTESIAN_POINT('',(-13.,-2.8));
#1943 = ( GEOMETRIC_REPRESENTATION_CONTEXT(2) 
PARAMETRIC_REPRESENTATION_CONTEXT() REPRESENTATION_CONTEXT('2D SPACE',''
  ) );
#1944 = PCURVE('',#1945,#1950);
#1945 = PLANE('',#1946);
#1946 = AXIS2_PLACEMENT_3D('',#1947,#1948,#1949);
#1947 = CARTESIAN_POINT('',(-13.,1.958319445822E-15,61.));
#1948 = DIRECTION('',(-1.,1.224646799147E-16,0.));
#1949 = DIRECTION('',(0.,0.,1.));
#1950 = DEFINITIONAL_REPRESENTATION('',(#1951),#1954);
#1951 = B_SPLINE_CURVE_WITH_KNOTS('',1,(#1952,#1953),.UNSPECIFIED.,.F.,
  .F.,(2,2),(-2.8,2.8),.PIECEWISE_BEZIER_KNOTS.);
#1952 = CARTESIAN_POINT('',(1.,2.8));
#1953 = CARTESIAN_POINT('',(1.,-2.8));
#1954 = ( GEOMETRIC_REPRESENTATION_CONTEXT(2) 
PARAMETRIC_REPRESENTATION_CONTEXT() REPRESENTATION_CONTEXT('2D SPACE',''
  ) );
#1955 = ORIENTED_EDGE('',*,*,#1956,.T.);
#1956 = EDGE_CURVE('',#1931,#978,#1957,.T.);
#1957 = SURFACE_CURVE('',#1958,(#1962,#1968),.PCURVE_S1.);
#1958 = LINE('',#1959,#1960);
#1959 = CARTESIAN_POINT('',(-5.,2.615339366124,62.));
#1960 = VECTOR('',#1961,1.);
#1961 = DIRECTION('',(1.,-1.224646799147E-16,-0.));
#1962 = PCURVE('',#994,#1963);
#1963 = DEFINITIONAL_REPRESENTATION('',(#1964),#1967);
#1964 = B_SPLINE_CURVE_WITH_KNOTS('',1,(#1965,#1966),.UNSPECIFIED.,.F.,
  .F.,(2,2),(-8.0000006,5.999999999062E-07),.PIECEWISE_BEZIER_KNOTS.);
#1965 = CARTESIAN_POINT('',(-13.0000006,2.615339366124));
#1966 = CARTESIAN_POINT('',(-4.9999994,2.615339366124));
#1967 = ( GEOMETRIC_REPRESENTATION_CONTEXT(2) 
PARAMETRIC_REPRESENTATION_CONTEXT() REPRESENTATION_CONTEXT('2D SPACE',''
  ) );
#1968 = PCURVE('',#1084,#1969);
#1969 = DEFINITIONAL_REPRESENTATION('',(#1970),#1973);
#1970 = B_SPLINE_CURVE_WITH_KNOTS('',1,(#1971,#1972),.UNSPECIFIED.,.F.,
  .F.,(2,2),(-8.0000006,5.999999999062E-07),.PIECEWISE_BEZIER_KNOTS.);
#1971 = CARTESIAN_POINT('',(-2.776385432299,-8.0000006));
#1972 = CARTESIAN_POINT('',(-2.776385432299,5.999999995859E-07));
#1973 = ( GEOMETRIC_REPRESENTATION_CONTEXT(2) 
PARAMETRIC_REPRESENTATION_CONTEXT() REPRESENTATION_CONTEXT('2D SPACE',''
  ) );
#1974 = ORIENTED_EDGE('',*,*,#977,.T.);
#1975 = ORIENTED_EDGE('',*,*,#1727,.F.);
#1976 = FACE_BOUND('',#1977,.F.);
#1977 = EDGE_LOOP('',(#1978));
#1978 = ORIENTED_EDGE('',*,*,#1979,.T.);
#1979 = EDGE_CURVE('',#1980,#1980,#1982,.T.);
#1980 = VERTEX_POINT('',#1981);
#1981 = CARTESIAN_POINT('',(2.25,14.5,62.));
#1982 = SURFACE_CURVE('',#1983,(#1988,#1999),.PCURVE_S1.);
#1983 = CIRCLE('',#1984,2.25);
#1984 = AXIS2_PLACEMENT_3D('',#1985,#1986,#1987);
#1985 = CARTESIAN_POINT('',(8.878689293818E-16,14.5,62.));
#1986 = DIRECTION('',(0.,0.,-1.));
#1987 = DIRECTION('',(1.,0.,0.));
#1988 = PCURVE('',#994,#1989);
#1989 = DEFINITIONAL_REPRESENTATION('',(#1990),#1998);
#1990 = ( BOUNDED_CURVE() B_SPLINE_CURVE(2,(#1991,#1992,#1993,#1994,
#1995,#1996,#1997),.UNSPECIFIED.,.T.,.F.) B_SPLINE_CURVE_WITH_KNOTS((1,2
    ,2,2,2,1),(-2.094395102393,0.,2.094395102393,4.188790204786,
6.28318530718,8.377580409573),.UNSPECIFIED.) CURVE() 
GEOMETRIC_REPRESENTATION_ITEM() RATIONAL_B_SPLINE_CURVE((1.,0.5,1.,0.5,
1.,0.5,1.)) REPRESENTATION_ITEM('') );
#1991 = CARTESIAN_POINT('',(2.25,14.5));
#1992 = CARTESIAN_POINT('',(2.25,10.60288568297));
#1993 = CARTESIAN_POINT('',(-1.125,12.551442841485));
#1994 = CARTESIAN_POINT('',(-4.5,14.5));
#1995 = CARTESIAN_POINT('',(-1.125,16.448557158515));
#1996 = CARTESIAN_POINT('',(2.25,18.39711431703));
#1997 = CARTESIAN_POINT('',(2.25,14.5));
#1998 = ( GEOMETRIC_REPRESENTATION_CONTEXT(2) 
PARAMETRIC_REPRESENTATION_CONTEXT() REPRESENTATION_CONTEXT('2D SPACE',''
  ) );
#1999 = PCURVE('',#1521,#2000);
#2000 = DEFINITIONAL_REPRESENTATION('',(#2001),#2005);
#2001 = LINE('',#2002,#2003);
#2002 = CARTESIAN_POINT('',(-6.28318530718,-1.));
#2003 = VECTOR('',#2004,1.);
#2004 = DIRECTION('',(1.,-0.));
#2005 = ( GEOMETRIC_REPRESENTATION_CONTEXT(2) 
PARAMETRIC_REPRESENTATION_CONTEXT() REPRESENTATION_CONTEXT('2D SPACE',''
  ) );
#2006 = ADVANCED_FACE('',(#2007),#1084,.F.);
#2007 = FACE_BOUND('',#2008,.T.);
#2008 = EDGE_LOOP('',(#2009,#2033,#2054,#2055,#2056,#2078,#2079,#2080));
#2009 = ORIENTED_EDGE('',*,*,#2010,.F.);
#2010 = EDGE_CURVE('',#2011,#2011,#2013,.T.);
#2011 = VERTEX_POINT('',#2012);
#2012 = CARTESIAN_POINT('',(-5.,-2.8,61.));
#2013 = SURFACE_CURVE('',#2014,(#2019,#2026),.PCURVE_S1.);
#2014 = CIRCLE('',#2015,2.8);
#2015 = AXIS2_PLACEMENT_3D('',#2016,#2017,#2018);
#2016 = CARTESIAN_POINT('',(-5.,6.123233995737E-16,61.));
#2017 = DIRECTION('',(-1.,1.224646799147E-16,0.));
#2018 = DIRECTION('',(-1.224646799147E-16,-1.,0.));
#2019 = PCURVE('',#1084,#2020);
#2020 = DEFINITIONAL_REPRESENTATION('',(#2021),#2025);
#2021 = LINE('',#2022,#2023);
#2022 = CARTESIAN_POINT('',(-0.,0.));
#2023 = VECTOR('',#2024,1.);
#2024 = DIRECTION('',(-1.,0.));
#2025 = ( GEOMETRIC_REPRESENTATION_CONTEXT(2) 
PARAMETRIC_REPRESENTATION_CONTEXT() REPRESENTATION_CONTEXT('2D SPACE',''
  ) );
#2026 = PCURVE('',#1657,#2027);
#2027 = DEFINITIONAL_REPRESENTATION('',(#2028),#2032);
#2028 = CIRCLE('',#2029,2.8);
#2029 = AXIS2_PLACEMENT_2D('',#2030,#2031);
#2030 = CARTESIAN_POINT('',(0.,-3.662786069302E-16));
#2031 = DIRECTION('',(0.,-1.));
#2032 = ( GEOMETRIC_REPRESENTATION_CONTEXT(2) 
PARAMETRIC_REPRESENTATION_CONTEXT() REPRESENTATION_CONTEXT('2D SPACE',''
  ) );
#2033 = ORIENTED_EDGE('',*,*,#2034,.T.);
#2034 = EDGE_CURVE('',#2011,#1011,#2035,.T.);
#2035 = SEAM_CURVE('',#2036,(#2040,#2047),.PCURVE_S1.);
#2036 = LINE('',#2037,#2038);
#2037 = CARTESIAN_POINT('',(-5.,-2.8,61.));
#2038 = VECTOR('',#2039,1.);
#2039 = DIRECTION('',(-1.,1.224646799147E-16,0.));
#2040 = PCURVE('',#1084,#2041);
#2041 = DEFINITIONAL_REPRESENTATION('',(#2042),#2046);
#2042 = LINE('',#2043,#2044);
#2043 = CARTESIAN_POINT('',(-6.28318530718,0.));
#2044 = VECTOR('',#2045,1.);
#2045 = DIRECTION('',(-0.,-1.));
#2046 = ( GEOMETRIC_REPRESENTATION_CONTEXT(2) 
PARAMETRIC_REPRESENTATION_CONTEXT() REPRESENTATION_CONTEXT('2D SPACE',''
  ) );
#2047 = PCURVE('',#1084,#2048);
#2048 = DEFINITIONAL_REPRESENTATION('',(#2049),#2053);
#2049 = LINE('',#2050,#2051);
#2050 = CARTESIAN_POINT('',(-0.,0.));
#2051 = VECTOR('',#2052,1.);
#2052 = DIRECTION('',(-0.,-1.));
#2053 = ( GEOMETRIC_REPRESENTATION_CONTEXT(2) 
PARAMETRIC_REPRESENTATION_CONTEXT() REPRESENTATION_CONTEXT('2D SPACE',''
  ) );
#2054 = ORIENTED_EDGE('',*,*,#1125,.T.);
#2055 = ORIENTED_EDGE('',*,*,#1909,.F.);
#2056 = ORIENTED_EDGE('',*,*,#2057,.T.);
#2057 = EDGE_CURVE('',#1910,#1931,#2058,.T.);
#2058 = SURFACE_CURVE('',#2059,(#2064,#2071),.PCURVE_S1.);
#2059 = CIRCLE('',#2060,2.8);
#2060 = AXIS2_PLACEMENT_3D('',#2061,#2062,#2063);
#2061 = CARTESIAN_POINT('',(-13.,1.592040838892E-15,61.));
#2062 = DIRECTION('',(-1.,1.224646799147E-16,0.));
#2063 = DIRECTION('',(-1.224646799147E-16,-1.,0.));
#2064 = PCURVE('',#1084,#2065);
#2065 = DEFINITIONAL_REPRESENTATION('',(#2066),#2070);
#2066 = LINE('',#2067,#2068);
#2067 = CARTESIAN_POINT('',(-0.,-8.));
#2068 = VECTOR('',#2069,1.);
#2069 = DIRECTION('',(-1.,0.));
#2070 = ( GEOMETRIC_REPRESENTATION_CONTEXT(2) 
PARAMETRIC_REPRESENTATION_CONTEXT() REPRESENTATION_CONTEXT('2D SPACE',''
  ) );
#2071 = PCURVE('',#1945,#2072);
#2072 = DEFINITIONAL_REPRESENTATION('',(#2073),#2077);
#2073 = CIRCLE('',#2074,2.8);
#2074 = AXIS2_PLACEMENT_2D('',#2075,#2076);
#2075 = CARTESIAN_POINT('',(0.,-3.662786069302E-16));
#2076 = DIRECTION('',(0.,-1.));
#2077 = ( GEOMETRIC_REPRESENTATION_CONTEXT(2) 
PARAMETRIC_REPRESENTATION_CONTEXT() REPRESENTATION_CONTEXT('2D SPACE',''
  ) );
#2078 = ORIENTED_EDGE('',*,*,#1956,.T.);
#2079 = ORIENTED_EDGE('',*,*,#1010,.T.);
#2080 = ORIENTED_EDGE('',*,*,#2034,.F.);
#2081 = ADVANCED_FACE('',(#2082,#2085),#1372,.T.);
#2082 = FACE_BOUND('',#2083,.T.);
#2083 = EDGE_LOOP('',(#2084));
#2084 = ORIENTED_EDGE('',*,*,#1681,.T.);
#2085 = FACE_BOUND('',#2086,.T.);
#2086 = EDGE_LOOP('',(#2087));
#2087 = ORIENTED_EDGE('',*,*,#1357,.T.);
#2088 = ADVANCED_FACE('',(#2089),#1413,.T.);
#2089 = FACE_BOUND('',#2090,.F.);
#2090 = EDGE_LOOP('',(#2091,#2112,#2113,#2114));
#2091 = ORIENTED_EDGE('',*,*,#2092,.T.);
#2092 = EDGE_CURVE('',#1803,#1397,#2093,.T.);
#2093 = SEAM_CURVE('',#2094,(#2098,#2105),.PCURVE_S1.);
#2094 = LINE('',#2095,#2096);
#2095 = CARTESIAN_POINT('',(18.,0.,62.));
#2096 = VECTOR('',#2097,1.);
#2097 = DIRECTION('',(0.,0.,1.));
#2098 = PCURVE('',#1413,#2099);
#2099 = DEFINITIONAL_REPRESENTATION('',(#2100),#2104);
#2100 = LINE('',#2101,#2102);
#2101 = CARTESIAN_POINT('',(-0.,0.));
#2102 = VECTOR('',#2103,1.);
#2103 = DIRECTION('',(-0.,-1.));
#2104 = ( GEOMETRIC_REPRESENTATION_CONTEXT(2) 
PARAMETRIC_REPRESENTATION_CONTEXT() REPRESENTATION_CONTEXT('2D SPACE',''
  ) );
#2105 = PCURVE('',#1413,#2106);
#2106 = DEFINITIONAL_REPRESENTATION('',(#2107),#2111);
#2107 = LINE('',#2108,#2109);
#2108 = CARTESIAN_POINT('',(-6.28318530718,0.));
#2109 = VECTOR('',#2110,1.);
#2110 = DIRECTION('',(-0.,-1.));
#2111 = ( GEOMETRIC_REPRESENTATION_CONTEXT(2) 
PARAMETRIC_REPRESENTATION_CONTEXT() REPRESENTATION_CONTEXT('2D SPACE',''
  ) );
#2112 = ORIENTED_EDGE('',*,*,#1396,.T.);
#2113 = ORIENTED_EDGE('',*,*,#2092,.F.);
#2114 = ORIENTED_EDGE('',*,*,#1802,.F.);
#2115 = ADVANCED_FACE('',(#2116),#1448,.F.);
#2116 = FACE_BOUND('',#2117,.T.);
#2117 = EDGE_LOOP('',(#2118,#2119,#2140,#2141));
#2118 = ORIENTED_EDGE('',*,*,#1828,.T.);
#2119 = ORIENTED_EDGE('',*,*,#2120,.T.);
#2120 = EDGE_CURVE('',#1829,#1428,#2121,.T.);
#2121 = SEAM_CURVE('',#2122,(#2126,#2133),.PCURVE_S1.);
#2122 = LINE('',#2123,#2124);
#2123 = CARTESIAN_POINT('',(-10.30736835487,-7.25,61.));
#2124 = VECTOR('',#2125,1.);
#2125 = DIRECTION('',(0.,0.,1.));
#2126 = PCURVE('',#1448,#2127);
#2127 = DEFINITIONAL_REPRESENTATION('',(#2128),#2132);
#2128 = LINE('',#2129,#2130);
#2129 = CARTESIAN_POINT('',(-6.28318530718,0.));
#2130 = VECTOR('',#2131,1.);
#2131 = DIRECTION('',(-0.,-1.));
#2132 = ( GEOMETRIC_REPRESENTATION_CONTEXT(2) 
PARAMETRIC_REPRESENTATION_CONTEXT() REPRESENTATION_CONTEXT('2D SPACE',''
  ) );
#2133 = PCURVE('',#1448,#2134);
#2134 = DEFINITIONAL_REPRESENTATION('',(#2135),#2139);
#2135 = LINE('',#2136,#2137);
#2136 = CARTESIAN_POINT('',(-0.,0.));
#2137 = VECTOR('',#2138,1.);
#2138 = DIRECTION('',(-0.,-1.));
#2139 = ( GEOMETRIC_REPRESENTATION_CONTEXT(2) 
PARAMETRIC_REPRESENTATION_CONTEXT() REPRESENTATION_CONTEXT('2D SPACE',''
  ) );
#2140 = ORIENTED_EDGE('',*,*,#1427,.F.);
#2141 = ORIENTED_EDGE('',*,*,#2120,.F.);
#2142 = ADVANCED_FACE('',(#2143),#1483,.F.);
#2143 = FACE_BOUND('',#2144,.T.);
#2144 = EDGE_LOOP('',(#2145,#2146,#2167,#2168));
#2145 = ORIENTED_EDGE('',*,*,#1858,.T.);
#2146 = ORIENTED_EDGE('',*,*,#2147,.T.);
#2147 = EDGE_CURVE('',#1859,#1463,#2148,.T.);
#2148 = SEAM_CURVE('',#2149,(#2153,#2160),.PCURVE_S1.);
#2149 = LINE('',#2150,#2151);
#2150 = CARTESIAN_POINT('',(14.807368354874,-7.25,61.));
#2151 = VECTOR('',#2152,1.);
#2152 = DIRECTION('',(0.,0.,1.));
#2153 = PCURVE('',#1483,#2154);
#2154 = DEFINITIONAL_REPRESENTATION('',(#2155),#2159);
#2155 = LINE('',#2156,#2157);
#2156 = CARTESIAN_POINT('',(-6.28318530718,0.));
#2157 = VECTOR('',#2158,1.);
#2158 = DIRECTION('',(-0.,-1.));
#2159 = ( GEOMETRIC_REPRESENTATION_CONTEXT(2) 
PARAMETRIC_REPRESENTATION_CONTEXT() REPRESENTATION_CONTEXT('2D SPACE',''
  ) );
#2160 = PCURVE('',#1483,#2161);
#2161 = DEFINITIONAL_REPRESENTATION('',(#2162),#2166);
#2162 = LINE('',#2163,#2164);
#2163 = CARTESIAN_POINT('',(-0.,0.));
#2164 = VECTOR('',#2165,1.);
#2165 = DIRECTION('',(-0.,-1.));
#2166 = ( GEOMETRIC_REPRESENTATION_CONTEXT(2) 
PARAMETRIC_REPRESENTATION_CONTEXT() REPRESENTATION_CONTEXT('2D SPACE',''
  ) );
#2167 = ORIENTED_EDGE('',*,*,#1462,.F.);
#2168 = ORIENTED_EDGE('',*,*,#2147,.F.);
#2169 = ADVANCED_FACE('',(#2170),#1521,.F.);
#2170 = FACE_BOUND('',#2171,.T.);
#2171 = EDGE_LOOP('',(#2172,#2173,#2194,#2195));
#2172 = ORIENTED_EDGE('',*,*,#1979,.T.);
#2173 = ORIENTED_EDGE('',*,*,#2174,.T.);
#2174 = EDGE_CURVE('',#1980,#1501,#2175,.T.);
#2175 = SEAM_CURVE('',#2176,(#2180,#2187),.PCURVE_S1.);
#2176 = LINE('',#2177,#2178);
#2177 = CARTESIAN_POINT('',(2.25,14.5,61.));
#2178 = VECTOR('',#2179,1.);
#2179 = DIRECTION('',(0.,0.,1.));
#2180 = PCURVE('',#1521,#2181);
#2181 = DEFINITIONAL_REPRESENTATION('',(#2182),#2186);
#2182 = LINE('',#2183,#2184);
#2183 = CARTESIAN_POINT('',(-6.28318530718,0.));
#2184 = VECTOR('',#2185,1.);
#2185 = DIRECTION('',(-0.,-1.));
#2186 = ( GEOMETRIC_REPRESENTATION_CONTEXT(2) 
PARAMETRIC_REPRESENTATION_CONTEXT() REPRESENTATION_CONTEXT('2D SPACE',''
  ) );
#2187 = PCURVE('',#1521,#2188);
#2188 = DEFINITIONAL_REPRESENTATION('',(#2189),#2193);
#2189 = LINE('',#2190,#2191);
#2190 = CARTESIAN_POINT('',(-0.,0.));
#2191 = VECTOR('',#2192,1.);
#2192 = DIRECTION('',(-0.,-1.));
#2193 = ( GEOMETRIC_REPRESENTATION_CONTEXT(2) 
PARAMETRIC_REPRESENTATION_CONTEXT() REPRESENTATION_CONTEXT('2D SPACE',''
  ) );
#2194 = ORIENTED_EDGE('',*,*,#1500,.F.);
#2195 = ORIENTED_EDGE('',*,*,#2174,.F.);
#2196 = ADVANCED_FACE('',(#2197,#2200),#1657,.T.);
#2197 = FACE_BOUND('',#2198,.T.);
#2198 = EDGE_LOOP('',(#2199));
#2199 = ORIENTED_EDGE('',*,*,#2010,.T.);
#2200 = FACE_BOUND('',#2201,.T.);
#2201 = EDGE_LOOP('',(#2202));
#2202 = ORIENTED_EDGE('',*,*,#1642,.T.);
#2203 = ADVANCED_FACE('',(#2204),#1765,.F.);
#2204 = FACE_BOUND('',#2205,.F.);
#2205 = EDGE_LOOP('',(#2206,#2207));
#2206 = ORIENTED_EDGE('',*,*,#1888,.T.);
#2207 = ORIENTED_EDGE('',*,*,#1748,.T.);
#2208 = ADVANCED_FACE('',(#2209),#1945,.F.);
#2209 = FACE_BOUND('',#2210,.F.);
#2210 = EDGE_LOOP('',(#2211,#2212));
#2211 = ORIENTED_EDGE('',*,*,#1930,.T.);
#2212 = ORIENTED_EDGE('',*,*,#2057,.T.);
#2213 = ( GEOMETRIC_REPRESENTATION_CONTEXT(3) 
GLOBAL_UNCERTAINTY_ASSIGNED_CONTEXT((#2217)) 
GLOBAL_UNIT_ASSIGNED_CONTEXT((#2214,#2215,#2216)) REPRESENTATION_CONTEXT
('Context #1','3D Context with UNIT and UNCERTAINTY') );
#2214 = ( LENGTH_UNIT() NAMED_UNIT(*) SI_UNIT(.MILLI.,.METRE.) );
#2215 = ( NAMED_UNIT(*) PLANE_ANGLE_UNIT() SI_UNIT($,.RADIAN.) );
#2216 = ( NAMED_UNIT(*) SI_UNIT($,.STERADIAN.) SOLID_ANGLE_UNIT() );
#2217 = UNCERTAINTY_MEASURE_WITH_UNIT(LENGTH_MEASURE(1.E-07),#2214,
  'distance_accuracy_value','confusion accuracy');
#2218 = PRODUCT_RELATED_PRODUCT_CATEGORY('part',$,(#7));
ENDSEC;
END-ISO-10303-21;
