ISO-10303-21;
HEADER;
FILE_DESCRIPTION(('Open CASCADE Model'),'2;1');
FILE_NAME('Open CASCADE Shape Model','2026-09-25T17:39:30',('Author'),(
    'Open CASCADE'),'Open CASCADE STEP processor 7.8','Open CASCADE 7.8'
  ,'Unknown');
FILE_SCHEMA(('AUTOMOTIVE_DESIGN { 1 0 10303 214 1 1 1 1 }'));
ENDSEC;
DATA;
#1 = APPLICATION_PROTOCOL_DEFINITION('international standard',
  'automotive_design',2000,#2);
#2 = APPLICATION_CONTEXT(
  'core data for automotive mechanical design processes');
#3 = SHAPE_DEFINITION_REPRESENTATION(#4,#10);
#4 = PRODUCT_DEFINITION_SHAPE('','',#5);
#5 = PRODUCT_DEFINITION('design','',#6,#9);
#6 = PRODUCT_DEFINITION_FORMATION('','',#7);
#7 = PRODUCT('Open CASCADE STEP translator 7.8 7',
  'Open CASCADE STEP translator 7.8 7','',(#8));
#8 = PRODUCT_CONTEXT('',#2,'mechanical');
#9 = PRODUCT_DEFINITION_CONTEXT('part definition',#2,'design');
#10 = ADVANCED_BREP_SHAPE_REPRESENTATION('',(#11,#15),#1579);
#11 = AXIS2_PLACEMENT_3D('',#12,#13,#14);
#12 = CARTESIAN_POINT('',(0.,0.,0.));
#13 = DIRECTION('',(0.,0.,1.));
#14 = DIRECTION('',(1.,0.,-0.));
#15 = MANIFOLD_SOLID_BREP('',#16);
#16 = CLOSED_SHELL('',(#17,#104,#1324,#1374,#1430,#1457,#1512,#1567,
    #1571,#1575));
#17 = ADVANCED_FACE('',(#18),#32,.F.);
#18 = FACE_BOUND('',#19,.T.);
#19 = EDGE_LOOP('',(#20,#50,#76,#77));
#20 = ORIENTED_EDGE('',*,*,#21,.F.);
#21 = EDGE_CURVE('',#22,#24,#26,.T.);
#22 = VERTEX_POINT('',#23);
#23 = CARTESIAN_POINT('',(5.,0.,82.5));
#24 = VERTEX_POINT('',#25);
#25 = CARTESIAN_POINT('',(5.,0.,81.));
#26 = SEAM_CURVE('',#27,(#31,#43),.PCURVE_S1.);
#27 = LINE('',#28,#29);
#28 = CARTESIAN_POINT('',(5.,0.,82.5));
#29 = VECTOR('',#30,1.);
#30 = DIRECTION('',(0.,0.,-1.));
#31 = PCURVE('',#32,#37);
#32 = CYLINDRICAL_SURFACE('',#33,5.);
#33 = AXIS2_PLACEMENT_3D('',#34,#35,#36);
#34 = CARTESIAN_POINT('',(0.,0.,82.5));
#35 = DIRECTION('',(-0.,-0.,-1.));
#36 = DIRECTION('',(1.,0.,0.));
#37 = DEFINITIONAL_REPRESENTATION('',(#38),#42);
#38 = LINE('',#39,#40);
#39 = CARTESIAN_POINT('',(-0.,0.));
#40 = VECTOR('',#41,1.);
#41 = DIRECTION('',(-0.,1.));
#42 = ( GEOMETRIC_REPRESENTATION_CONTEXT(2) 
PARAMETRIC_REPRESENTATION_CONTEXT() REPRESENTATION_CONTEXT('2D SPACE',''
  ) );
#43 = PCURVE('',#32,#44);
#44 = DEFINITIONAL_REPRESENTATION('',(#45),#49);
#45 = LINE('',#46,#47);
#46 = CARTESIAN_POINT('',(-6.28318530718,0.));
#47 = VECTOR('',#48,1.);
#48 = DIRECTION('',(-0.,1.));
#49 = ( GEOMETRIC_REPRESENTATION_CONTEXT(2) 
PARAMETRIC_REPRESENTATION_CONTEXT() REPRESENTATION_CONTEXT('2D SPACE',''
  ) );
#50 = ORIENTED_EDGE('',*,*,#51,.T.);
#51 = EDGE_CURVE('',#22,#22,#52,.T.);
#52 = SURFACE_CURVE('',#53,(#58,#65),.PCURVE_S1.);
#53 = CIRCLE('',#54,5.);
#54 = AXIS2_PLACEMENT_3D('',#55,#56,#57);
#55 = CARTESIAN_POINT('',(0.,0.,82.5));
#56 = DIRECTION('',(0.,0.,1.));
#57 = DIRECTION('',(1.,0.,-0.));
#58 = PCURVE('',#32,#59);
#59 = DEFINITIONAL_REPRESENTATION('',(#60),#64);
#60 = LINE('',#61,#62);
#61 = CARTESIAN_POINT('',(-0.,0.));
#62 = VECTOR('',#63,1.);
#63 = DIRECTION('',(-1.,0.));
#64 = ( GEOMETRIC_REPRESENTATION_CONTEXT(2) 
PARAMETRIC_REPRESENTATION_CONTEXT() REPRESENTATION_CONTEXT('2D SPACE',''
  ) );
#65 = PCURVE('',#66,#71);
#66 = CONICAL_SURFACE('',#67,8.,1.055247319336);
#67 = AXIS2_PLACEMENT_3D('',#68,#69,#70);
#68 = CARTESIAN_POINT('',(0.,0.,84.2));
#69 = DIRECTION('',(0.,0.,1.));
#70 = DIRECTION('',(1.,0.,0.));
#71 = DEFINITIONAL_REPRESENTATION('',(#72),#75);
#72 = B_SPLINE_CURVE_WITH_KNOTS('',1,(#73,#74),.UNSPECIFIED.,.F.,.F.,(2,
    2),(0.,6.28318530718),.PIECEWISE_BEZIER_KNOTS.);
#73 = CARTESIAN_POINT('',(0.,-1.7));
#74 = CARTESIAN_POINT('',(6.28318530718,-1.7));
#75 = ( GEOMETRIC_REPRESENTATION_CONTEXT(2) 
PARAMETRIC_REPRESENTATION_CONTEXT() REPRESENTATION_CONTEXT('2D SPACE',''
  ) );
#76 = ORIENTED_EDGE('',*,*,#21,.T.);
#77 = ORIENTED_EDGE('',*,*,#78,.F.);
#78 = EDGE_CURVE('',#24,#24,#79,.T.);
#79 = SURFACE_CURVE('',#80,(#85,#92),.PCURVE_S1.);
#80 = CIRCLE('',#81,5.);
#81 = AXIS2_PLACEMENT_3D('',#82,#83,#84);
#82 = CARTESIAN_POINT('',(0.,0.,81.));
#83 = DIRECTION('',(0.,0.,1.));
#84 = DIRECTION('',(1.,0.,-0.));
#85 = PCURVE('',#32,#86);
#86 = DEFINITIONAL_REPRESENTATION('',(#87),#91);
#87 = LINE('',#88,#89);
#88 = CARTESIAN_POINT('',(-0.,1.5));
#89 = VECTOR('',#90,1.);
#90 = DIRECTION('',(-1.,0.));
#91 = ( GEOMETRIC_REPRESENTATION_CONTEXT(2) 
PARAMETRIC_REPRESENTATION_CONTEXT() REPRESENTATION_CONTEXT('2D SPACE',''
  ) );
#92 = PCURVE('',#93,#98);
#93 = CONICAL_SURFACE('',#94,5.,1.040580554018);
#94 = AXIS2_PLACEMENT_3D('',#95,#96,#97);
#95 = CARTESIAN_POINT('',(0.,0.,81.));
#96 = DIRECTION('',(0.,0.,1.));
#97 = DIRECTION('',(1.,0.,-0.));
#98 = DEFINITIONAL_REPRESENTATION('',(#99),#103);
#99 = LINE('',#100,#101);
#100 = CARTESIAN_POINT('',(0.,0.));
#101 = VECTOR('',#102,1.);
#102 = DIRECTION('',(1.,0.));
#103 = ( GEOMETRIC_REPRESENTATION_CONTEXT(2) 
PARAMETRIC_REPRESENTATION_CONTEXT() REPRESENTATION_CONTEXT('2D SPACE',''
  ) );
#104 = ADVANCED_FACE('',(#105,#514,#919),#93,.T.);
#105 = FACE_BOUND('',#106,.T.);
#106 = EDGE_LOOP('',(#107,#130,#131,#132,#301,#324,#351,#352));
#107 = ORIENTED_EDGE('',*,*,#108,.F.);
#108 = EDGE_CURVE('',#24,#109,#111,.T.);
#109 = VERTEX_POINT('',#110);
#110 = CARTESIAN_POINT('',(5.1,0.,81.058620689655));
#111 = SEAM_CURVE('',#112,(#116,#123),.PCURVE_S1.);
#112 = LINE('',#113,#114);
#113 = CARTESIAN_POINT('',(5.,0.,81.));
#114 = VECTOR('',#115,1.);
#115 = DIRECTION('',(0.862697970098,0.,0.505719499712));
#116 = PCURVE('',#93,#117);
#117 = DEFINITIONAL_REPRESENTATION('',(#118),#122);
#118 = LINE('',#119,#120);
#119 = CARTESIAN_POINT('',(0.,0.));
#120 = VECTOR('',#121,1.);
#121 = DIRECTION('',(0.,1.));
#122 = ( GEOMETRIC_REPRESENTATION_CONTEXT(2) 
PARAMETRIC_REPRESENTATION_CONTEXT() REPRESENTATION_CONTEXT('2D SPACE',''
  ) );
#123 = PCURVE('',#93,#124);
#124 = DEFINITIONAL_REPRESENTATION('',(#125),#129);
#125 = LINE('',#126,#127);
#126 = CARTESIAN_POINT('',(6.28318530718,0.));
#127 = VECTOR('',#128,1.);
#128 = DIRECTION('',(0.,1.));
#129 = ( GEOMETRIC_REPRESENTATION_CONTEXT(2) 
PARAMETRIC_REPRESENTATION_CONTEXT() REPRESENTATION_CONTEXT('2D SPACE',''
  ) );
#130 = ORIENTED_EDGE('',*,*,#78,.T.);
#131 = ORIENTED_EDGE('',*,*,#108,.T.);
#132 = ORIENTED_EDGE('',*,*,#133,.T.);
#133 = EDGE_CURVE('',#109,#134,#136,.T.);
#134 = VERTEX_POINT('',#135);
#135 = CARTESIAN_POINT('',(6.7,0.,81.996551724138));
#136 = SURFACE_CURVE('',#137,(#188,#242),.PCURVE_S1.);
#137 = B_SPLINE_CURVE_WITH_KNOTS('',7,(#138,#139,#140,#141,#142,#143,
    #144,#145,#146,#147,#148,#149,#150,#151,#152,#153,#154,#155,#156,
    #157,#158,#159,#160,#161,#162,#163,#164,#165,#166,#167,#168,#169,
    #170,#171,#172,#173,#174,#175,#176,#177,#178,#179,#180,#181,#182,
    #183,#184,#185,#186,#187),.UNSPECIFIED.,.F.,.F.,(8,6,6,6,6,6,6,6,8),
  (0.,0.148932522372,0.224174094818,0.283964800676,0.461270413259,
    0.708809472177,0.803304716457,0.878731972164,1.),.UNSPECIFIED.);
#138 = CARTESIAN_POINT('',(5.1,0.,81.058620689655));
#139 = CARTESIAN_POINT('',(5.1,-6.26157776258E-02,81.058620689655));
#140 = CARTESIAN_POINT('',(5.105717721506,-0.125243790442,
    81.062498178641));
#141 = CARTESIAN_POINT('',(5.117157339996,-0.186461251036,81.07025633107
    ));
#142 = CARTESIAN_POINT('',(5.133800106757,-0.245225585085,
    81.081510422855));
#143 = CARTESIAN_POINT('',(5.154955977036,-0.300866724761,
    81.095732120611));
#144 = CARTESIAN_POINT('',(5.179909739708,-0.352999385213,
    81.112386836732));
#145 = CARTESIAN_POINT('',(5.222226251372,-0.425938735714,
    81.140405887241));
#146 = CARTESIAN_POINT('',(5.237249536181,-0.449505793527,
    81.150319576745));
#147 = CARTESIAN_POINT('',(5.253021646284,-0.472148076282,
    81.160688783597));
#148 = CARTESIAN_POINT('',(5.269476990008,-0.493863001081,
    81.171464190818));
#149 = CARTESIAN_POINT('',(5.286556459345,-0.514654259183,81.18260148398
    ));
#150 = CARTESIAN_POINT('',(5.304208118073,-0.534530131969,
    81.194061785109));
#151 = CARTESIAN_POINT('',(5.33683444322,-0.568577645958,81.21514946215)
  );
#152 = CARTESIAN_POINT('',(5.351613692641,-0.583081695903,
    81.224669432274));
#153 = CARTESIAN_POINT('',(5.366703033408,-0.597019323864,
    81.234355134289));
#154 = CARTESIAN_POINT('',(5.382081648864,-0.610395915165,
    81.244191111402));
#155 = CARTESIAN_POINT('',(5.397730510446,-0.623216873341,
    81.254163312694));
#156 = CARTESIAN_POINT('',(5.413632377675,-0.635487620136,
    81.264259093128));
#157 = CARTESIAN_POINT('',(5.477632243963,-0.681986244781,
    81.304738758543));
#158 = CARTESIAN_POINT('',(5.527564377268,-0.71195572259,81.335987119388
    ));
#159 = CARTESIAN_POINT('',(5.579184230095,-0.737281553988,
    81.367930691022));
#160 = CARTESIAN_POINT('',(5.63217361973,-0.758050684849,81.400346245582
    ));
#161 = CARTESIAN_POINT('',(5.686255542907,-0.774310456579,
    81.433049776232));
#162 = CARTESIAN_POINT('',(5.741180958204,-0.786075160149,
    81.465885161977));
#163 = CARTESIAN_POINT('',(5.874275568832,-0.80340149142,81.544562781879
    ));
#164 = CARTESIAN_POINT('',(5.952938752097,-0.804648117361,
    81.590348919641));
#165 = CARTESIAN_POINT('',(6.03213583018,-0.796984360214,81.635739035928
    ));
#166 = CARTESIAN_POINT('',(6.111163451108,-0.780110231279,
    81.680351972217));
#167 = CARTESIAN_POINT('',(6.189113567863,-0.753632416467,
    81.723724837747));
#168 = CARTESIAN_POINT('',(6.264862579219,-0.71713346777,81.765316464661
    ));
#169 = CARTESIAN_POINT('',(6.364463340079,-0.652190855242,
    81.819375796168));
#170 = CARTESIAN_POINT('',(6.391434321521,-0.632726258558,
    81.833944919559));
#171 = CARTESIAN_POINT('',(6.417773028455,-0.611718377421,
    81.848107312108));
#172 = CARTESIAN_POINT('',(6.443379879018,-0.589151194988,
    81.861816045387));
#173 = CARTESIAN_POINT('',(6.468142989675,-0.565016843556,
    81.875018522349));
#174 = CARTESIAN_POINT('',(6.491939317309,-0.539319116186,81.88765708001
    ));
#175 = CARTESIAN_POINT('',(6.532752411468,-0.490331971883,
    81.909258125728));
#176 = CARTESIAN_POINT('',(6.550167313735,-0.467604079308,81.9184472743)
  );
#177 = CARTESIAN_POINT('',(6.566812528336,-0.443904162833,
    81.927205229486));
#178 = CARTESIAN_POINT('',(6.582614353899,-0.419251469896,
    81.935497511829));
#179 = CARTESIAN_POINT('',(6.597495619917,-0.393675663812,
    81.943288025463));
#180 = CARTESIAN_POINT('',(6.611377939219,-0.367218854426,
    81.950540112793));
#181 = CARTESIAN_POINT('',(6.644772816845,-0.296076289758,
    81.967953341359));
#182 = CARTESIAN_POINT('',(6.662591279295,-0.250059476239,
    81.977209931881));
#183 = CARTESIAN_POINT('',(6.677295498411,-0.202156329916,
    81.984825137749));
#184 = CARTESIAN_POINT('',(6.688578000288,-0.152718960501,
    81.990655603303));
#185 = CARTESIAN_POINT('',(6.696194222543,-0.102187552908,
    81.994587115638));
#186 = CARTESIAN_POINT('',(6.7,-5.108484844183E-02,81.996551724138));
#187 = CARTESIAN_POINT('',(6.7,-2.22044604925E-16,81.996551724138));
#188 = PCURVE('',#93,#189);
#189 = DEFINITIONAL_REPRESENTATION('',(#190),#241);
#190 = B_SPLINE_CURVE_WITH_KNOTS('',7,(#191,#192,#193,#194,#195,#196,
    #197,#198,#199,#200,#201,#202,#203,#204,#205,#206,#207,#208,#209,
    #210,#211,#212,#213,#214,#215,#216,#217,#218,#219,#220,#221,#222,
    #223,#224,#225,#226,#227,#228,#229,#230,#231,#232,#233,#234,#235,
    #236,#237,#238,#239,#240),.UNSPECIFIED.,.F.,.F.,(8,6,6,6,6,6,6,6,8),
  (0.,0.148932522372,0.224174094818,0.283964800676,0.461270413259,
    0.708809472177,0.803304716457,0.878731972164,1.),.UNSPECIFIED.);
#191 = CARTESIAN_POINT('',(6.28318530718,5.862068965515E-02));
#192 = CARTESIAN_POINT('',(6.270907703724,5.862068965515E-02));
#193 = CARTESIAN_POINT('',(6.258627718732,6.249817864164E-02));
#194 = CARTESIAN_POINT('',(6.246688045765,7.025633107E-02));
#195 = CARTESIAN_POINT('',(6.235357682947,8.15104228551E-02));
#196 = CARTESIAN_POINT('',(6.224798034179,9.573212061105E-02));
#197 = CARTESIAN_POINT('',(6.215088913193,0.112386836732));
#198 = CARTESIAN_POINT('',(6.201789082089,0.140405887242));
#199 = CARTESIAN_POINT('',(6.197543708177,0.150319576745));
#200 = CARTESIAN_POINT('',(6.193518004642,0.160688783597));
#201 = CARTESIAN_POINT('',(6.189710698039,0.171464190818));
#202 = CARTESIAN_POINT('',(6.186118710193,0.18260148398));
#203 = CARTESIAN_POINT('',(6.182737728984,0.194061785109));
#204 = CARTESIAN_POINT('',(6.177039805637,0.21514946215));
#205 = CARTESIAN_POINT('',(6.174647085514,0.224669432274));
#206 = CARTESIAN_POINT('',(6.172382103965,0.23435513429));
#207 = CARTESIAN_POINT('',(6.170242305974,0.244191111402));
#208 = CARTESIAN_POINT('',(6.168225096303,0.254163312694));
#209 = CARTESIAN_POINT('',(6.16632783949,0.264259093128));
#210 = CARTESIAN_POINT('',(6.159269441152,0.304738758543));
#211 = CARTESIAN_POINT('',(6.155024387965,0.335987119388));
#212 = CARTESIAN_POINT('',(6.151740912408,0.367930691022));
#213 = CARTESIAN_POINT('',(6.149359908228,0.400346245582));
#214 = CARTESIAN_POINT('',(6.1478312252,0.433049776232));
#215 = CARTESIAN_POINT('',(6.147113288192,0.465885161977));
#216 = CARTESIAN_POINT('',(6.147263698853,0.544562781879));
#217 = CARTESIAN_POINT('',(6.148872863591,0.590348919641));
#218 = CARTESIAN_POINT('',(6.151915166734,0.635739035928));
#219 = CARTESIAN_POINT('',(6.156348243515,0.680351972217));
#220 = CARTESIAN_POINT('',(6.162147801977,0.723724837747));
#221 = CARTESIAN_POINT('',(6.169302252138,0.765316464661));
#222 = CARTESIAN_POINT('',(6.181080905277,0.819375796168));
#223 = CARTESIAN_POINT('',(6.184533290404,0.833944919559));
#224 = CARTESIAN_POINT('',(6.188183799536,0.848107312108));
#225 = CARTESIAN_POINT('',(6.192031872549,0.861816045387));
#226 = CARTESIAN_POINT('',(6.196076188368,0.875018522349));
#227 = CARTESIAN_POINT('',(6.200314340685,0.88765708001));
#228 = CARTESIAN_POINT('',(6.20827713532,0.909258125728));
#229 = CARTESIAN_POINT('',(6.211932648008,0.918447274301));
#230 = CARTESIAN_POINT('',(6.215706918817,0.927205229487));
#231 = CARTESIAN_POINT('',(6.219596911976,0.935497511829));
#232 = CARTESIAN_POINT('',(6.223598464967,0.943288025463));
#233 = CARTESIAN_POINT('',(6.227706064624,0.950540112793));
#234 = CARTESIAN_POINT('',(6.238675709912,0.967953341359));
#235 = CARTESIAN_POINT('',(6.245698356213,0.977209931881));
#236 = CARTESIAN_POINT('',(6.252945702019,0.984825137749));
#237 = CARTESIAN_POINT('',(6.260374685132,0.990655603303));
#238 = CARTESIAN_POINT('',(6.267933436032,0.994587115638));
#239 = CARTESIAN_POINT('',(6.275560702935,0.996551724138));
#240 = CARTESIAN_POINT('',(6.28318530718,0.996551724138));
#241 = ( GEOMETRIC_REPRESENTATION_CONTEXT(2) 
PARAMETRIC_REPRESENTATION_CONTEXT() REPRESENTATION_CONTEXT('2D SPACE',''
  ) );
#242 = PCURVE('',#243,#248);
#243 = CYLINDRICAL_SURFACE('',#244,0.8);
#244 = AXIS2_PLACEMENT_3D('',#245,#246,#247);
#245 = CARTESIAN_POINT('',(5.9,0.,76.));
#246 = DIRECTION('',(-0.,-0.,-1.));
#247 = DIRECTION('',(1.,0.,0.));
#248 = DEFINITIONAL_REPRESENTATION('',(#249),#300);
#249 = B_SPLINE_CURVE_WITH_KNOTS('',7,(#250,#251,#252,#253,#254,#255,
    #256,#257,#258,#259,#260,#261,#262,#263,#264,#265,#266,#267,#268,
    #269,#270,#271,#272,#273,#274,#275,#276,#277,#278,#279,#280,#281,
    #282,#283,#284,#285,#286,#287,#288,#289,#290,#291,#292,#293,#294,
    #295,#296,#297,#298,#299),.UNSPECIFIED.,.F.,.F.,(8,6,6,6,6,6,6,6,8),
  (0.,0.148932522372,0.224174094818,0.283964800676,0.461270413259,
    0.708809472177,0.803304716457,0.878731972164,1.),.UNSPECIFIED.);
#250 = CARTESIAN_POINT('',(-3.14159265359,-5.058620689655));
#251 = CARTESIAN_POINT('',(-3.219862375622,-5.058620689655));
#252 = CARTESIAN_POINT('',(-3.298147272584,-5.062498178641));
#253 = CARTESIAN_POINT('',(-3.375452906248,-5.07025633107));
#254 = CARTESIAN_POINT('',(-3.451257470597,-5.081510422855));
#255 = CARTESIAN_POINT('',(-3.525248310903,-5.095732120611));
#256 = CARTESIAN_POINT('',(-3.597267906817,-5.112386836732));
#257 = CARTESIAN_POINT('',(-3.702675123206,-5.140405887241));
#258 = CARTESIAN_POINT('',(-3.737579889183,-5.150319576745));
#259 = CARTESIAN_POINT('',(-3.772026902266,-5.160688783597));
#260 = CARTESIAN_POINT('',(-3.806035694506,-5.171464190818));
#261 = CARTESIAN_POINT('',(-3.83962913595,-5.18260148398));
#262 = CARTESIAN_POINT('',(-3.872833496042,-5.194061785109));
#263 = CARTESIAN_POINT('',(-3.931778787168,-5.21514946215));
#264 = CARTESIAN_POINT('',(-3.957650933639,-5.224669432274));
#265 = CARTESIAN_POINT('',(-3.983308833561,-5.234355134289));
#266 = CARTESIAN_POINT('',(-4.008766224616,-5.244191111402));
#267 = CARTESIAN_POINT('',(-4.034036693039,-5.254163312694));
#268 = CARTESIAN_POINT('',(-4.059133673612,-5.264259093128));
#269 = CARTESIAN_POINT('',(-4.158018905214,-5.304738758543));
#270 = CARTESIAN_POINT('',(-4.230533794559,-5.335987119388));
#271 = CARTESIAN_POINT('',(-4.302002006135,-5.367930691022));
#272 = CARTESIAN_POINT('',(-4.372717335637,-5.400346245582));
#273 = CARTESIAN_POINT('',(-4.44293687195,-5.433049776232));
#274 = CARTESIAN_POINT('',(-4.512918056894,-5.465885161977));
#275 = CARTESIAN_POINT('',(-4.680690117355,-5.544562781879));
#276 = CARTESIAN_POINT('',(-4.778397332778,-5.590348919641));
#277 = CARTESIAN_POINT('',(-4.876855222517,-5.635739035928));
#278 = CARTESIAN_POINT('',(-4.976659444732,-5.680351972217));
#279 = CARTESIAN_POINT('',(-5.078388768062,-5.723724837747));
#280 = CARTESIAN_POINT('',(-5.182623235479,-5.765316464661));
#281 = CARTESIAN_POINT('',(-5.331251623192,-5.819375796168));
#282 = CARTESIAN_POINT('',(-5.372781590664,-5.833944919559));
#283 = CARTESIAN_POINT('',(-5.414815995022,-5.848107312108));
#284 = CARTESIAN_POINT('',(-5.457386568043,-5.861816045387));
#285 = CARTESIAN_POINT('',(-5.50052026311,-5.875018522349));
#286 = CARTESIAN_POINT('',(-5.544239399368,-5.88765708001));
#287 = CARTESIAN_POINT('',(-5.623940490972,-5.909258125728));
#288 = CARTESIAN_POINT('',(-5.65970175636,-5.9184472743));
#289 = CARTESIAN_POINT('',(-5.695852737003,-5.927205229486));
#290 = CARTESIAN_POINT('',(-5.732395761495,-5.935497511829));
#291 = CARTESIAN_POINT('',(-5.769327459736,-5.943288025463));
#292 = CARTESIAN_POINT('',(-5.806637870588,-5.950540112793));
#293 = CARTESIAN_POINT('',(-5.904876120197,-5.967953341359));
#294 = CARTESIAN_POINT('',(-5.966410066624,-5.977209931881));
#295 = CARTESIAN_POINT('',(-6.028787763544,-5.984825137749));
#296 = CARTESIAN_POINT('',(-6.091860999487,-5.990655603303));
#297 = CARTESIAN_POINT('',(-6.155450989738,-5.994587115638));
#298 = CARTESIAN_POINT('',(-6.219329246627,-5.996551724138));
#299 = CARTESIAN_POINT('',(-6.28318530718,-5.996551724138));
#300 = ( GEOMETRIC_REPRESENTATION_CONTEXT(2) 
PARAMETRIC_REPRESENTATION_CONTEXT() REPRESENTATION_CONTEXT('2D SPACE',''
  ) );
#301 = ORIENTED_EDGE('',*,*,#302,.T.);
#302 = EDGE_CURVE('',#134,#303,#305,.T.);
#303 = VERTEX_POINT('',#304);
#304 = CARTESIAN_POINT('',(7.9,0.,82.7));
#305 = SEAM_CURVE('',#306,(#310,#317),.PCURVE_S1.);
#306 = LINE('',#307,#308);
#307 = CARTESIAN_POINT('',(5.,0.,81.));
#308 = VECTOR('',#309,1.);
#309 = DIRECTION('',(0.862697970098,0.,0.505719499712));
#310 = PCURVE('',#93,#311);
#311 = DEFINITIONAL_REPRESENTATION('',(#312),#316);
#312 = LINE('',#313,#314);
#313 = CARTESIAN_POINT('',(0.,0.));
#314 = VECTOR('',#315,1.);
#315 = DIRECTION('',(0.,1.));
#316 = ( GEOMETRIC_REPRESENTATION_CONTEXT(2) 
PARAMETRIC_REPRESENTATION_CONTEXT() REPRESENTATION_CONTEXT('2D SPACE',''
  ) );
#317 = PCURVE('',#93,#318);
#318 = DEFINITIONAL_REPRESENTATION('',(#319),#323);
#319 = LINE('',#320,#321);
#320 = CARTESIAN_POINT('',(6.28318530718,0.));
#321 = VECTOR('',#322,1.);
#322 = DIRECTION('',(0.,1.));
#323 = ( GEOMETRIC_REPRESENTATION_CONTEXT(2) 
PARAMETRIC_REPRESENTATION_CONTEXT() REPRESENTATION_CONTEXT('2D SPACE',''
  ) );
#324 = ORIENTED_EDGE('',*,*,#325,.F.);
#325 = EDGE_CURVE('',#303,#303,#326,.T.);
#326 = SURFACE_CURVE('',#327,(#332,#339),.PCURVE_S1.);
#327 = CIRCLE('',#328,7.9);
#328 = AXIS2_PLACEMENT_3D('',#329,#330,#331);
#329 = CARTESIAN_POINT('',(0.,0.,82.7));
#330 = DIRECTION('',(0.,0.,1.));
#331 = DIRECTION('',(1.,0.,-0.));
#332 = PCURVE('',#93,#333);
#333 = DEFINITIONAL_REPRESENTATION('',(#334),#338);
#334 = LINE('',#335,#336);
#335 = CARTESIAN_POINT('',(0.,1.7));
#336 = VECTOR('',#337,1.);
#337 = DIRECTION('',(1.,0.));
#338 = ( GEOMETRIC_REPRESENTATION_CONTEXT(2) 
PARAMETRIC_REPRESENTATION_CONTEXT() REPRESENTATION_CONTEXT('2D SPACE',''
  ) );
#339 = PCURVE('',#340,#345);
#340 = CYLINDRICAL_SURFACE('',#341,7.9);
#341 = AXIS2_PLACEMENT_3D('',#342,#343,#344);
#342 = CARTESIAN_POINT('',(0.,0.,82.7));
#343 = DIRECTION('',(0.,0.,1.));
#344 = DIRECTION('',(1.,0.,-0.));
#345 = DEFINITIONAL_REPRESENTATION('',(#346),#350);
#346 = LINE('',#347,#348);
#347 = CARTESIAN_POINT('',(0.,0.));
#348 = VECTOR('',#349,1.);
#349 = DIRECTION('',(1.,0.));
#350 = ( GEOMETRIC_REPRESENTATION_CONTEXT(2) 
PARAMETRIC_REPRESENTATION_CONTEXT() REPRESENTATION_CONTEXT('2D SPACE',''
  ) );
#351 = ORIENTED_EDGE('',*,*,#302,.F.);
#352 = ORIENTED_EDGE('',*,*,#353,.T.);
#353 = EDGE_CURVE('',#134,#109,#354,.T.);
#354 = SURFACE_CURVE('',#355,(#406,#460),.PCURVE_S1.);
#355 = B_SPLINE_CURVE_WITH_KNOTS('',7,(#356,#357,#358,#359,#360,#361,
    #362,#363,#364,#365,#366,#367,#368,#369,#370,#371,#372,#373,#374,
    #375,#376,#377,#378,#379,#380,#381,#382,#383,#384,#385,#386,#387,
    #388,#389,#390,#391,#392,#393,#394,#395,#396,#397,#398,#399,#400,
    #401,#402,#403,#404,#405),.UNSPECIFIED.,.F.,.F.,(8,6,6,6,6,6,6,6,8),
  (0.,0.12126678241,0.196693845546,0.290669905007,0.53930009905,
    0.715492938972,0.775824381162,0.851545363404,1.),.UNSPECIFIED.);
#356 = CARTESIAN_POINT('',(6.7,-1.959434878636E-16,81.996551724138));
#357 = CARTESIAN_POINT('',(6.7,5.10859825583E-02,81.996551724138));
#358 = CARTESIAN_POINT('',(6.696194049522,0.102188742421,81.994587026411
    ));
#359 = CARTESIAN_POINT('',(6.688577792904,0.152719566687,81.990655495846
    ));
#360 = CARTESIAN_POINT('',(6.677295428796,0.202156455615,81.984825101667
    ));
#361 = CARTESIAN_POINT('',(6.66259128315,0.250059599253,81.977209934113)
  );
#362 = CARTESIAN_POINT('',(6.64477265863,0.29607662681,81.967953258861)
  );
#363 = CARTESIAN_POINT('',(6.611377938803,0.367218855312,81.950540112576
    ));
#364 = CARTESIAN_POINT('',(6.597495619158,0.393675665227,81.943288025066
    ));
#365 = CARTESIAN_POINT('',(6.582614352919,0.419251471513,81.935497511315
    ));
#366 = CARTESIAN_POINT('',(6.566812527297,0.443904164363,81.92720522894)
  );
#367 = CARTESIAN_POINT('',(6.55016731283,0.467604080507,81.918447273823)
  );
#368 = CARTESIAN_POINT('',(6.532752410908,0.490331972555,81.909258125432
    ));
#369 = CARTESIAN_POINT('',(6.492063961575,0.539169508156,81.887723050173
    ));
#370 = CARTESIAN_POINT('',(6.468404305186,0.564734569746,81.875157309138
    ));
#371 = CARTESIAN_POINT('',(6.443787729298,0.588753474567,81.86203348675)
  );
#372 = CARTESIAN_POINT('',(6.418335329747,0.611222401893,81.848408332845
    ));
#373 = CARTESIAN_POINT('',(6.392157281121,0.632148972893,81.834333638919
    ));
#374 = CARTESIAN_POINT('',(6.365351716821,0.651548824702,81.819855647668
    ));
#375 = CARTESIAN_POINT('',(6.265649380209,0.716782214959,81.765749496957
    ));
#376 = CARTESIAN_POINT('',(6.189581535031,0.753523171382,81.723987787207
    ));
#377 = CARTESIAN_POINT('',(6.11128679789,0.780152180972,81.680425991065)
  );
#378 = CARTESIAN_POINT('',(6.031904413389,0.797092090174,81.635612696172
    ));
#379 = CARTESIAN_POINT('',(5.95235453033,0.804741685585,81.590017023784)
  );
#380 = CARTESIAN_POINT('',(5.873348831136,0.803404891211,81.544024808808
    ));
#381 = CARTESIAN_POINT('',(5.74028886981,0.785869406228,81.465350689107)
  );
#382 = CARTESIAN_POINT('',(5.685719525181,0.77412025496,81.432723332461)
  );
#383 = CARTESIAN_POINT('',(5.63198570537,0.757931965246,81.400227821284)
  );
#384 = CARTESIAN_POINT('',(5.579331942021,0.737290373524,81.368017526983
    ));
#385 = CARTESIAN_POINT('',(5.528030102777,0.71214895834,81.336273067618)
  );
#386 = CARTESIAN_POINT('',(5.478392195292,0.682422473299,81.305213288436
    ));
#387 = CARTESIAN_POINT('',(5.41449574256,0.636152926293,81.264807181703)
  );
#388 = CARTESIAN_POINT('',(5.398438499709,0.623796286594,81.25461444817)
  );
#389 = CARTESIAN_POINT('',(5.382638223317,0.610879633914,81.244547072412
    ));
#390 = CARTESIAN_POINT('',(5.367112581604,0.597397402873,81.2346180106)
  );
#391 = CARTESIAN_POINT('',(5.351881092334,0.583344042833,81.224841673306
    ));
#392 = CARTESIAN_POINT('',(5.336965122812,0.568714017897,81.215233925509
    ));
#393 = CARTESIAN_POINT('',(5.304092249086,0.534409215778,81.193986894426
    ));
#394 = CARTESIAN_POINT('',(5.28633149278,0.514400881791,81.182455423077)
  );
#395 = CARTESIAN_POINT('',(5.269150519535,0.493465384214,81.171251297723
    ));
#396 = CARTESIAN_POINT('',(5.252602310954,0.471594288486,81.160414179642
    ));
#397 = CARTESIAN_POINT('',(5.236747214065,0.448783892312,81.149989312733
    ));
#398 = CARTESIAN_POINT('',(5.221652223698,0.425036971766,81.14002707004)
  );
#399 = CARTESIAN_POINT('',(5.179429006914,0.351993010592,81.112065965879
    ));
#400 = CARTESIAN_POINT('',(5.154616591742,0.299972399466,81.09550396422)
  );
#401 = CARTESIAN_POINT('',(5.133586452222,0.244470063859,81.081365950849
    ));
#402 = CARTESIAN_POINT('',(5.117047038362,0.185870604826,81.070181523459
    ));
#403 = CARTESIAN_POINT('',(5.105680903352,0.124840440744,81.062473211202
    ));
#404 = CARTESIAN_POINT('',(5.1,6.241385377181E-02,81.058620689655));
#405 = CARTESIAN_POINT('',(5.1,4.898587196589E-17,81.058620689655));
#406 = PCURVE('',#93,#407);
#407 = DEFINITIONAL_REPRESENTATION('',(#408),#459);
#408 = B_SPLINE_CURVE_WITH_KNOTS('',7,(#409,#410,#411,#412,#413,#414,
    #415,#416,#417,#418,#419,#420,#421,#422,#423,#424,#425,#426,#427,
    #428,#429,#430,#431,#432,#433,#434,#435,#436,#437,#438,#439,#440,
    #441,#442,#443,#444,#445,#446,#447,#448,#449,#450,#451,#452,#453,
    #454,#455,#456,#457,#458),.UNSPECIFIED.,.F.,.F.,(8,6,6,6,6,6,6,6,8),
  (0.,0.12126678241,0.196693845546,0.290669905007,0.53930009905,
    0.715492938972,0.775824381162,0.851545363404,1.),.UNSPECIFIED.);
#409 = CARTESIAN_POINT('',(0.,0.996551724138));
#410 = CARTESIAN_POINT('',(7.624773516164E-03,0.996551724138));
#411 = CARTESIAN_POINT('',(1.525204858136E-02,0.994587026411));
#412 = CARTESIAN_POINT('',(2.281071392327E-02,0.990655495846));
#413 = CARTESIAN_POINT('',(3.023962476802E-02,0.984825101667));
#414 = CARTESIAN_POINT('',(3.748696885194E-02,0.977209934113));
#415 = CARTESIAN_POINT('',(4.450964923807E-02,0.967953258861));
#416 = CARTESIAN_POINT('',(5.547924269254E-02,0.950540112576));
#417 = CARTESIAN_POINT('',(5.958684243296E-02,0.943288025066));
#418 = CARTESIAN_POINT('',(6.358839545718E-02,0.935497511315));
#419 = CARTESIAN_POINT('',(6.747838860557E-02,0.92720522894));
#420 = CARTESIAN_POINT('',(7.125265936419E-02,0.918447273823));
#421 = CARTESIAN_POINT('',(7.490817196875E-02,0.909258125432));
#422 = CARTESIAN_POINT('',(8.284664790981E-02,0.887723050174));
#423 = CARTESIAN_POINT('',(8.706256713181E-02,0.875157309138));
#424 = CARTESIAN_POINT('',(9.108679274145E-02,0.86203348675));
#425 = CARTESIAN_POINT('',(9.49169487201E-02,0.848408332845));
#426 = CARTESIAN_POINT('',(9.855172493989E-02,0.834333638919));
#427 = CARTESIAN_POINT('',(0.10199056064,0.819855647668));
#428 = CARTESIAN_POINT('',(0.113812639044,0.765749496957));
#429 = CARTESIAN_POINT('',(0.12100969652,0.723987787207));
#430 = CARTESIAN_POINT('',(0.126840052343,0.680425991066));
#431 = CARTESIAN_POINT('',(0.131291954662,0.635612696172));
#432 = CARTESIAN_POINT('',(0.134340795457,0.590017023785));
#433 = CARTESIAN_POINT('',(0.135943630149,0.544024808808));
#434 = CARTESIAN_POINT('',(0.136057873041,0.465350689107));
#435 = CARTESIAN_POINT('',(0.135333822713,0.432723332462));
#436 = CARTESIAN_POINT('',(0.13380872679,0.400227821284));
#437 = CARTESIAN_POINT('',(0.131441744425,0.368017526983));
#438 = CARTESIAN_POINT('',(0.128183657633,0.336273067618));
#439 = CARTESIAN_POINT('',(0.123976498248,0.305213288436));
#440 = CARTESIAN_POINT('',(0.11696029297,0.264807181703));
#441 = CARTESIAN_POINT('',(0.115051345642,0.25461444817));
#442 = CARTESIAN_POINT('',(0.113020362024,0.244547072413));
#443 = CARTESIAN_POINT('',(0.110864634849,0.2346180106));
#444 = CARTESIAN_POINT('',(0.108581497434,0.224841673306));
#445 = CARTESIAN_POINT('',(0.106168323674,0.215233925509));
#446 = CARTESIAN_POINT('',(0.100427342616,0.193986894426));
#447 = CARTESIAN_POINT('',(9.702349397894E-02,0.182455423077));
#448 = CARTESIAN_POINT('',(9.3405908679E-02,0.171251297723));
#449 = CARTESIAN_POINT('',(8.957019341232E-02,0.160414179642));
#450 = CARTESIAN_POINT('',(8.551322636763E-02,0.149989312733));
#451 = CARTESIAN_POINT('',(8.123374856303E-02,0.14002707004));
#452 = CARTESIAN_POINT('',(6.790893275367E-02,0.112065965879));
#453 = CARTESIAN_POINT('',(5.821752562444E-02,9.550396421994E-02));
#454 = CARTESIAN_POINT('',(4.76819468553E-02,8.136595084924E-02));
#455 = CARTESIAN_POINT('',(3.638206295413E-02,7.018152345833E-02));
#456 = CARTESIAN_POINT('',(2.447850049244E-02,6.247321120206E-02));
#457 = CARTESIAN_POINT('',(1.223801054349E-02,5.862068965515E-02));
#458 = CARTESIAN_POINT('',(9.605072934489E-18,5.862068965515E-02));
#459 = ( GEOMETRIC_REPRESENTATION_CONTEXT(2) 
PARAMETRIC_REPRESENTATION_CONTEXT() REPRESENTATION_CONTEXT('2D SPACE',''
  ) );
#460 = PCURVE('',#243,#461);
#461 = DEFINITIONAL_REPRESENTATION('',(#462),#513);
#462 = B_SPLINE_CURVE_WITH_KNOTS('',7,(#463,#464,#465,#466,#467,#468,
    #469,#470,#471,#472,#473,#474,#475,#476,#477,#478,#479,#480,#481,
    #482,#483,#484,#485,#486,#487,#488,#489,#490,#491,#492,#493,#494,
    #495,#496,#497,#498,#499,#500,#501,#502,#503,#504,#505,#506,#507,
    #508,#509,#510,#511,#512),.UNSPECIFIED.,.F.,.F.,(8,6,6,6,6,6,6,6,8),
  (0.,0.12126678241,0.196693845546,0.290669905007,0.53930009905,
    0.715492938972,0.775824381162,0.851545363404,1.),.UNSPECIFIED.);
#463 = CARTESIAN_POINT('',(0.,-5.996551724138));
#464 = CARTESIAN_POINT('',(-6.385747819787E-02,-5.996551724138));
#465 = CARTESIAN_POINT('',(-0.127735800855,-5.994587026411));
#466 = CARTESIAN_POINT('',(-0.191325102056,-5.990655495846));
#467 = CARTESIAN_POINT('',(-0.254397722732,-5.984825101667));
#468 = CARTESIAN_POINT('',(-0.316775381115,-5.977209934113));
#469 = CARTESIAN_POINT('',(-0.378309652406,-5.967953258861));
#470 = CARTESIAN_POINT('',(-0.476547437815,-5.950540112576));
#471 = CARTESIAN_POINT('',(-0.513857849448,-5.943288025066));
#472 = CARTESIAN_POINT('',(-0.550789548043,-5.935497511315));
#473 = CARTESIAN_POINT('',(-0.587332572484,-5.92720522894));
#474 = CARTESIAN_POINT('',(-0.623483552694,-5.918447273823));
#475 = CARTESIAN_POINT('',(-0.659244817301,-5.909258125432));
#476 = CARTESIAN_POINT('',(-0.738702498576,-5.887723050173));
#477 = CARTESIAN_POINT('',(-0.782184875302,-5.875157309138));
#478 = CARTESIAN_POINT('',(-0.825088119707,-5.86203348675));
#479 = CARTESIAN_POINT('',(-0.867434142963,-5.848408332845));
#480 = CARTESIAN_POINT('',(-0.909249414302,-5.834333638919));
#481 = CARTESIAN_POINT('',(-0.950565096125,-5.819855647668));
#482 = CARTESIAN_POINT('',(-1.099498549859,-5.765749496956));
#483 = CARTESIAN_POINT('',(-1.204210708297,-5.723987787207));
#484 = CARTESIAN_POINT('',(-1.306392925909,-5.680425991066));
#485 = CARTESIAN_POINT('',(-1.406632143862,-5.635612696172));
#486 = CARTESIAN_POINT('',(-1.505514559715,-5.590017023785));
#487 = CARTESIAN_POINT('',(-1.603643248793,-5.544024808808));
#488 = CARTESIAN_POINT('',(-1.771406318989,-5.465350689107));
#489 = CARTESIAN_POINT('',(-1.840952612662,-5.432723332461));
#490 = CARTESIAN_POINT('',(-1.910736605247,-5.400227821284));
#491 = CARTESIAN_POINT('',(-1.981011023527,-5.368017526983));
#492 = CARTESIAN_POINT('',(-2.052028459862,-5.336273067618));
#493 = CARTESIAN_POINT('',(-2.124077281983,-5.305213288436));
#494 = CARTESIAN_POINT('',(-2.222689746743,-5.264807181703));
#495 = CARTESIAN_POINT('',(-2.248005836547,-5.25461444817));
#496 = CARTESIAN_POINT('',(-2.273498073654,-5.244547072412));
#497 = CARTESIAN_POINT('',(-2.299180253908,-5.2346180106));
#498 = CARTESIAN_POINT('',(-2.325066332499,-5.224841673306));
#499 = CARTESIAN_POINT('',(-2.351170423959,-5.215233925509));
#500 = CARTESIAN_POINT('',(-2.410561149185,-5.193986894426));
#501 = CARTESIAN_POINT('',(-2.443979412305,-5.182455423077));
#502 = CARTESIAN_POINT('',(-2.477791928734,-5.171251297723));
#503 = CARTESIAN_POINT('',(-2.512025468768,-5.160414179642));
#504 = CARTESIAN_POINT('',(-2.546703293803,-5.149989312733));
#505 = CARTESIAN_POINT('',(-2.581845214353,-5.14002707004));
#506 = CARTESIAN_POINT('',(-2.687307146907,-5.112065965879));
#507 = CARTESIAN_POINT('',(-2.759125998717,-5.09550396422));
#508 = CARTESIAN_POINT('',(-2.832902361046,-5.081365950849));
#509 = CARTESIAN_POINT('',(-2.908478276916,-5.070181523459));
#510 = CARTESIAN_POINT('',(-2.985542218151,-5.062473211202));
#511 = CARTESIAN_POINT('',(-3.063575336375,-5.058620689655));
#512 = CARTESIAN_POINT('',(-3.14159265359,-5.058620689655));
#513 = ( GEOMETRIC_REPRESENTATION_CONTEXT(2) 
PARAMETRIC_REPRESENTATION_CONTEXT() REPRESENTATION_CONTEXT('2D SPACE',''
  ) );
#514 = FACE_BOUND('',#515,.T.);
#515 = EDGE_LOOP('',(#516));
#516 = ORIENTED_EDGE('',*,*,#517,.T.);
#517 = EDGE_CURVE('',#518,#518,#520,.T.);
#518 = VERTEX_POINT('',#519);
#519 = CARTESIAN_POINT('',(-2.15,5.109549882328,81.318582708636));
#520 = SURFACE_CURVE('',#521,(#650,#782),.PCURVE_S1.);
#521 = B_SPLINE_CURVE_WITH_KNOTS('',7,(#522,#523,#524,#525,#526,#527,
    #528,#529,#530,#531,#532,#533,#534,#535,#536,#537,#538,#539,#540,
    #541,#542,#543,#544,#545,#546,#547,#548,#549,#550,#551,#552,#553,
    #554,#555,#556,#557,#558,#559,#560,#561,#562,#563,#564,#565,#566,
    #567,#568,#569,#570,#571,#572,#573,#574,#575,#576,#577,#578,#579,
    #580,#581,#582,#583,#584,#585,#586,#587,#588,#589,#590,#591,#592,
    #593,#594,#595,#596,#597,#598,#599,#600,#601,#602,#603,#604,#605,
    #606,#607,#608,#609,#610,#611,#612,#613,#614,#615,#616,#617,#618,
    #619,#620,#621,#622,#623,#624,#625,#626,#627,#628,#629,#630,#631,
    #632,#633,#634,#635,#636,#637,#638,#639,#640,#641,#642,#643,#644,
    #645,#646,#647,#648,#649),.UNSPECIFIED.,.T.,.F.,(8,6,6,6,6,6,6,6,6,6
    ,6,6,6,6,6,6,6,6,6,6,6,8),(0.,7.059598481597E-02,0.194330019139,
    0.241320638473,0.279035850342,0.29906768809,0.339677210906,
    0.380279378187,0.400303100937,0.437998798279,0.485482905315,
    0.609234272453,0.697862817819,0.727489386099,0.765354154514,
    0.79418620528,0.809335757171,0.839658471106,0.869095140525,
    0.883313729054,0.909637125138,1.),.UNSPECIFIED.);
#522 = CARTESIAN_POINT('',(-2.15,5.109549882328,81.318582708636));
#523 = CARTESIAN_POINT('',(-2.15,5.155700807135,81.343519047721));
#524 = CARTESIAN_POINT('',(-2.153106070891,5.201300781212,
    81.368903405408));
#525 = CARTESIAN_POINT('',(-2.159184983395,5.246237041084,
    81.394618854576));
#526 = CARTESIAN_POINT('',(-2.168135373726,5.290399528998,
    81.420565756687));
#527 = CARTESIAN_POINT('',(-2.179877087159,5.33367985659,81.446656898889
    ));
#528 = CARTESIAN_POINT('',(-2.194347090166,5.375969117701,
    81.472814263717));
#529 = CARTESIAN_POINT('',(-2.241569385668,5.489340521705,
    81.544806255775));
#530 = CARTESIAN_POINT('',(-2.279855125129,5.558065391645,
    81.590587529433));
#531 = CARTESIAN_POINT('',(-2.326122758023,5.622795299622,
    81.635971412318));
#532 = CARTESIAN_POINT('',(-2.380280633201,5.682770792498,
    81.680576734574));
#533 = CARTESIAN_POINT('',(-2.442215334607,5.737008310661,
    81.723940444887));
#534 = CARTESIAN_POINT('',(-2.511726238379,5.784325435756,81.76552108177
    ));
#535 = CARTESIAN_POINT('',(-2.617651721172,5.837981589069,
    81.819485147433));
#536 = CARTESIAN_POINT('',(-2.647841320692,5.851527829139,
    81.833975702822));
#537 = CARTESIAN_POINT('',(-2.679040493285,5.863768205342,81.84806355879
    ));
#538 = CARTESIAN_POINT('',(-2.711213844257,5.87460993674,81.861702510216
    ));
#539 = CARTESIAN_POINT('',(-2.744313047932,5.883953801177,
    81.874840802444));
#540 = CARTESIAN_POINT('',(-2.778274441686,5.891696805631,
    81.887421717065));
#541 = CARTESIAN_POINT('',(-2.840901092082,5.902581065712,
    81.908985350226));
#542 = CARTESIAN_POINT('',(-2.86928710371,5.906328708355,81.918187631535
    ));
#543 = CARTESIAN_POINT('',(-2.898131382125,5.90892430406,81.926959206247
    ));
#544 = CARTESIAN_POINT('',(-2.927380541764,5.910313584552,
    81.935265599802));
#545 = CARTESIAN_POINT('',(-2.956970446748,5.910444454491,
    81.943070709961));
#546 = CARTESIAN_POINT('',(-2.986825573406,5.909269952254,
    81.950337858304));
#547 = CARTESIAN_POINT('',(-3.032809818771,5.905413421024,81.96058571393
    ));
#548 = CARTESIAN_POINT('',(-3.048811284639,5.903696531561,
    81.963978630619));
#549 = CARTESIAN_POINT('',(-3.064849442251,5.901594576513,
    81.967204056451));
#550 = CARTESIAN_POINT('',(-3.08091009333,5.899102556589,81.970256643668
    ));
#551 = CARTESIAN_POINT('',(-3.096978169472,5.896216439018,
    81.973131232102));
#552 = CARTESIAN_POINT('',(-3.113037732149,5.892933157554,
    81.975822849174));
#553 = CARTESIAN_POINT('',(-3.161577370659,5.881785176687,
    81.983402659007));
#554 = CARTESIAN_POINT('',(-3.19398315543,5.872678212617,81.987707804333
    ));
#555 = CARTESIAN_POINT('',(-3.226143479369,5.861914712111,
    81.991201837637));
#556 = CARTESIAN_POINT('',(-3.257906145295,5.849500740362,
    81.993851577613));
#557 = CARTESIAN_POINT('',(-3.289116398532,5.835466200467,
    81.995632939742));
#558 = CARTESIAN_POINT('',(-3.319620718954,5.819867597988,
    81.996532906141));
#559 = CARTESIAN_POINT('',(-3.378915136663,5.785717106122,
    81.996570081333));
#560 = CARTESIAN_POINT('',(-3.407712048795,5.767162006565,
    81.995707613814));
#561 = CARTESIAN_POINT('',(-3.435512407458,5.747210482353,
    81.993963718051));
#562 = CARTESIAN_POINT('',(-3.46219001968,5.725966667849,81.991351066192
    ));
#563 = CARTESIAN_POINT('',(-3.487640995635,5.703549216698,
    81.987893430151));
#564 = CARTESIAN_POINT('',(-3.511783302798,5.680086662253,
    81.983623734427));
#565 = CARTESIAN_POINT('',(-3.54578726208,5.643692338392,81.976095736427
    ));
#566 = CARTESIAN_POINT('',(-3.556685857149,5.631449388987,
    81.973421418199));
#567 = CARTESIAN_POINT('',(-3.567245442828,5.618999519948,
    81.970563914688));
#568 = CARTESIAN_POINT('',(-3.577460631483,5.606358058474,
    81.967528177566));
#569 = CARTESIAN_POINT('',(-3.587327310333,5.593540068812,
    81.964319349713));
#570 = CARTESIAN_POINT('',(-3.596842641453,5.580560352256,81.96094276522
    ));
#571 = CARTESIAN_POINT('',(-3.62325379356,5.542721366976,81.950741944917
    ));
#572 = CARTESIAN_POINT('',(-3.639251280911,5.51748775129,81.943504924321
    ));
#573 = CARTESIAN_POINT('',(-3.65398697796,5.491827910008,81.935729013578
    ));
#574 = CARTESIAN_POINT('',(-3.667463427112,5.465830836976,
    81.927450849273));
#575 = CARTESIAN_POINT('',(-3.67969337227,5.439578267548,81.918706520744
    ));
#576 = CARTESIAN_POINT('',(-3.690696872044,5.413143736159,
    81.909530512228));
#577 = CARTESIAN_POINT('',(-3.712845111719,5.353144769823,81.88789222047
    ));
#578 = CARTESIAN_POINT('',(-3.723283778915,5.319513571815,
    81.875196122851));
#579 = CARTESIAN_POINT('',(-3.731865184924,5.2858249544,81.861929520126)
  );
#580 = CARTESIAN_POINT('',(-3.738648448131,5.252189219383,
    81.848151030618));
#581 = CARTESIAN_POINT('',(-3.743697323988,5.218700841198,
    81.833914103014));
#582 = CARTESIAN_POINT('',(-3.747076494044,5.185439252255,
    81.819266396388));
#583 = CARTESIAN_POINT('',(-3.753464311968,5.066545383394,
    81.765111780942));
#584 = CARTESIAN_POINT('',(-3.747155719271,4.982702090749,
    81.723509173396));
#585 = CARTESIAN_POINT('',(-3.73107024653,4.90196651835,81.680127162663)
  );
#586 = CARTESIAN_POINT('',(-3.706130843724,4.825102397941,
    81.635506622963));
#587 = CARTESIAN_POINT('',(-3.673131718192,4.752699197967,
    81.590110284521));
#588 = CARTESIAN_POINT('',(-3.632683937266,4.6852160723,81.544319294529)
  );
#589 = CARTESIAN_POINT('',(-3.551074238269,4.578657201355,
    81.465640193966));
#590 = CARTESIAN_POINT('',(-3.513402858386,4.536994025365,81.43280742616
    ));
#591 = CARTESIAN_POINT('',(-3.47226143983,4.498309647259,81.40010730719)
  );
#592 = CARTESIAN_POINT('',(-3.427761960913,4.462826999608,
    81.367696007937));
#593 = CARTESIAN_POINT('',(-3.380001818116,4.430809826763,
    81.335757645685));
#594 = CARTESIAN_POINT('',(-3.329064767836,4.402577409736,
    81.304515628142));
#595 = CARTESIAN_POINT('',(-3.256933586716,4.370508010011,
    81.264135309625));
#596 = CARTESIAN_POINT('',(-3.238515696153,4.362943628629,
    81.254129332768));
#597 = CARTESIAN_POINT('',(-3.219753959063,4.355864944157,
    81.244244862824));
#598 = CARTESIAN_POINT('',(-3.200652201071,4.349289142778,
    81.234494219429));
#599 = CARTESIAN_POINT('',(-3.181215124132,4.34323489638,81.224891078437
    ));
#600 = CARTESIAN_POINT('',(-3.161448306532,4.337722362547,
    81.215450471919));
#601 = CARTESIAN_POINT('',(-3.115681684604,4.326447798635,81.19435172667
    ));
#602 = CARTESIAN_POINT('',(-3.089478871227,4.321043079623,
    81.182807786669));
#603 = CARTESIAN_POINT('',(-3.06276225951,4.316603588821,81.171590546557
    ));
#604 = CARTESIAN_POINT('',(-3.035550946889,4.313179398809,
    81.160739613695));
#605 = CARTESIAN_POINT('',(-3.007871782108,4.310824610149,
    81.150300177425));
#606 = CARTESIAN_POINT('',(-2.979760515836,4.309595868084,
    81.140322562082));
#607 = CARTESIAN_POINT('',(-2.929563538837,4.309516622564,
    81.123657886775));
#608 = CARTESIAN_POINT('',(-2.90764143692,4.310168724587,81.116754088161
    ));
#609 = CARTESIAN_POINT('',(-2.885517762589,4.31153235162,81.110174751091
    ));
#610 = CARTESIAN_POINT('',(-2.863219188561,4.313632999544,81.10394653526
    ));
#611 = CARTESIAN_POINT('',(-2.84077828463,4.316494958092,81.09809752762)
  );
#612 = CARTESIAN_POINT('',(-2.818233859065,4.320139775145,
    81.092656376858));
#613 = CARTESIAN_POINT('',(-2.783754980705,4.326920279417,
    81.085021620686));
#614 = CARTESIAN_POINT('',(-2.771862715056,4.329476668593,
    81.082512229601));
#615 = CARTESIAN_POINT('',(-2.759961233348,4.332256446672,
    81.080127451951));
#616 = CARTESIAN_POINT('',(-2.748057757907,4.335261675539,
    81.077871346185));
#617 = CARTESIAN_POINT('',(-2.736160003105,4.338493920835,
    81.075747831871));
#618 = CARTESIAN_POINT('',(-2.724276175358,4.341954251963,
    81.073760689697));
#619 = CARTESIAN_POINT('',(-2.688674083319,4.353026971519,
    81.068216426312));
#620 = CARTESIAN_POINT('',(-2.665021224234,4.361327394285,
    81.065079684125));
#621 = CARTESIAN_POINT('',(-2.641529759642,4.370547376424,81.06253270751
    ));
#622 = CARTESIAN_POINT('',(-2.618276328617,4.380680069186,
    81.060599821227));
#623 = CARTESIAN_POINT('',(-2.595339399332,4.391707421284,
    81.059298766751));
#624 = CARTESIAN_POINT('',(-2.57279782286,4.403598691143,81.058639166847
    ));
#625 = CARTESIAN_POINT('',(-2.529305801564,4.428647826911,
    81.058603344539));
#626 = CARTESIAN_POINT('',(-2.508324512115,4.441760597719,
    81.059190180207));
#627 = CARTESIAN_POINT('',(-2.48785675304,4.455606633249,81.060381836031
    ));
#628 = CARTESIAN_POINT('',(-2.46796355473,4.470138055136,81.062170083027
    ));
#629 = CARTESIAN_POINT('',(-2.448696166485,4.485301439006,
    81.064539405358));
#630 = CARTESIAN_POINT('',(-2.430096479447,4.501039508523,
    81.067468281355));
#631 = CARTESIAN_POINT('',(-2.403551806319,4.52514355733,81.072602778679
    ));
#632 = CARTESIAN_POINT('',(-2.3950692463,4.533114894594,81.07439962412)
  );
#633 = CARTESIAN_POINT('',(-2.386753160911,4.541200367162,
    81.076318061787));
#634 = CARTESIAN_POINT('',(-2.378606402566,4.54939362081,81.078355027414
    ));
#635 = CARTESIAN_POINT('',(-2.370631284665,4.557688421139,
    81.080507331561));
#636 = CARTESIAN_POINT('',(-2.36282958159,4.566078653578,81.082771659605
    ));
#637 = CARTESIAN_POINT('',(-2.341082285089,4.590257048077,
    81.089537631302));
#638 = CARTESIAN_POINT('',(-2.327560886705,4.606262248648,
    81.094302911903));
#639 = CARTESIAN_POINT('',(-2.314646102046,4.622536549901,
    81.099418978436));
#640 = CARTESIAN_POINT('',(-2.302340423385,4.639044950279,
    81.104863958185));
#641 = CARTESIAN_POINT('',(-2.290642089429,4.655755194099,
    81.110616165527));
#642 = CARTESIAN_POINT('',(-2.279546107978,4.672638143788,
    81.116654726629));
#643 = CARTESIAN_POINT('',(-2.232998062987,4.748128713462,
    81.144605628396));
#644 = CARTESIAN_POINT('',(-2.204020861932,4.808229946048,81.1693622824)
  );
#645 = CARTESIAN_POINT('',(-2.18168180459,4.869082117712,81.196481874571
    ));
#646 = CARTESIAN_POINT('',(-2.165520049857,4.930025070805,
    81.225358379425));
#647 = CARTESIAN_POINT('',(-2.155087405837,4.990592653699,81.25552881525
    ));
#648 = CARTESIAN_POINT('',(-2.15,5.050485175271,81.286668774748));
#649 = CARTESIAN_POINT('',(-2.15,5.109549882328,81.318582708636));
#650 = PCURVE('',#93,#651);
#651 = DEFINITIONAL_REPRESENTATION('',(#652),#781);
#652 = B_SPLINE_CURVE_WITH_KNOTS('',7,(#653,#654,#655,#656,#657,#658,
    #659,#660,#661,#662,#663,#664,#665,#666,#667,#668,#669,#670,#671,
    #672,#673,#674,#675,#676,#677,#678,#679,#680,#681,#682,#683,#684,
    #685,#686,#687,#688,#689,#690,#691,#692,#693,#694,#695,#696,#697,
    #698,#699,#700,#701,#702,#703,#704,#705,#706,#707,#708,#709,#710,
    #711,#712,#713,#714,#715,#716,#717,#718,#719,#720,#721,#722,#723,
    #724,#725,#726,#727,#728,#729,#730,#731,#732,#733,#734,#735,#736,
    #737,#738,#739,#740,#741,#742,#743,#744,#745,#746,#747,#748,#749,
    #750,#751,#752,#753,#754,#755,#756,#757,#758,#759,#760,#761,#762,
    #763,#764,#765,#766,#767,#768,#769,#770,#771,#772,#773,#774,#775,
    #776,#777,#778,#779,#780),.UNSPECIFIED.,.T.,.F.,(8,6,6,6,6,6,6,6,6,6
    ,6,6,6,6,6,6,6,6,6,6,6,8),(0.,7.059598481597E-02,0.194330019139,
    0.241320638473,0.279035850342,0.29906768809,0.339677210906,
    0.380279378187,0.400303100937,0.437998798279,0.485482905315,
    0.609234272453,0.697862817819,0.727489386099,0.765354154514,
    0.79418620528,0.809335757171,0.839658471106,0.869095140525,
    0.883313729054,0.909637125138,1.),.UNSPECIFIED.);
#653 = CARTESIAN_POINT('',(1.969087772079,0.318582708636));
#654 = CARTESIAN_POINT('',(1.965858859344,0.343519047721));
#655 = CARTESIAN_POINT('',(1.963242762017,0.368903405408));
#656 = CARTESIAN_POINT('',(1.961207276962,0.394618854576));
#657 = CARTESIAN_POINT('',(1.959725269124,0.420565756687));
#658 = CARTESIAN_POINT('',(1.958773502066,0.446656898889));
#659 = CARTESIAN_POINT('',(1.958332343641,0.472814263717));
#660 = CARTESIAN_POINT('',(1.958480998465,0.544806255775));
#661 = CARTESIAN_POINT('',(1.960096633831,0.590587529433));
#662 = CARTESIAN_POINT('',(1.963144996832,0.635971412318));
#663 = CARTESIAN_POINT('',(1.967583821214,0.680576734574));
#664 = CARTESIAN_POINT('',(1.973388888429,0.723940444887));
#665 = CARTESIAN_POINT('',(1.980548649896,0.76552108177));
#666 = CARTESIAN_POINT('',(1.992317584013,0.819485147433));
#667 = CARTESIAN_POINT('',(1.995753071081,0.833975702823));
#668 = CARTESIAN_POINT('',(1.999384613579,0.84806355879));
#669 = CARTESIAN_POINT('',(2.003211657429,0.861702510216));
#670 = CARTESIAN_POINT('',(2.007232903796,0.874840802444));
#671 = CARTESIAN_POINT('',(2.011445993406,0.887421717065));
#672 = CARTESIAN_POINT('',(2.019379642587,0.908985350226));
#673 = CARTESIAN_POINT('',(2.023033093762,0.918187631535));
#674 = CARTESIAN_POINT('',(2.026805424289,0.926959206247));
#675 = CARTESIAN_POINT('',(2.030693613511,0.935265599803));
#676 = CARTESIAN_POINT('',(2.034693516315,0.943070709961));
#677 = CARTESIAN_POINT('',(2.03879963923,0.950337858304));
#678 = CARTESIAN_POINT('',(2.045238483001,0.96058571393));
#679 = CARTESIAN_POINT('',(2.04749999832,0.963978630619));
#680 = CARTESIAN_POINT('',(2.049788384837,0.967204056451));
#681 = CARTESIAN_POINT('',(2.052102426659,0.970256643668));
#682 = CARTESIAN_POINT('',(2.054440769648,0.973131232102));
#683 = CARTESIAN_POINT('',(2.056801921427,0.975822849174));
#684 = CARTESIAN_POINT('',(2.064013827345,0.983402659008));
#685 = CARTESIAN_POINT('',(2.068931083172,0.987707804334));
#686 = CARTESIAN_POINT('',(2.073921429567,0.991201837637));
#687 = CARTESIAN_POINT('',(2.078968768412,0.993851577614));
#688 = CARTESIAN_POINT('',(2.084055507497,0.995632939742));
#689 = CARTESIAN_POINT('',(2.089162575266,0.996532906141));
#690 = CARTESIAN_POINT('',(2.099375370858,0.996570081333));
#691 = CARTESIAN_POINT('',(2.104482200666,0.995707613814));
#692 = CARTESIAN_POINT('',(2.109569394589,0.993963718052));
#693 = CARTESIAN_POINT('',(2.114617864544,0.991351066192));
#694 = CARTESIAN_POINT('',(2.119609982346,0.987893430151));
#695 = CARTESIAN_POINT('',(2.124529597297,0.983623734427));
#696 = CARTESIAN_POINT('',(2.131745270605,0.976095736427));
#697 = CARTESIAN_POINT('',(2.134107446315,0.973421418199));
#698 = CARTESIAN_POINT('',(2.136446943835,0.970563914688));
#699 = CARTESIAN_POINT('',(2.138762264229,0.967528177566));
#700 = CARTESIAN_POINT('',(2.141052046687,0.964319349713));
#701 = CARTESIAN_POINT('',(2.143315068526,0.96094276522));
#702 = CARTESIAN_POINT('',(2.149758081266,0.950741944917));
#703 = CARTESIAN_POINT('',(2.153867153988,0.943504924321));
#704 = CARTESIAN_POINT('',(2.157870353671,0.935729013578));
#705 = CARTESIAN_POINT('',(2.161762147447,0.927450849273));
#706 = CARTESIAN_POINT('',(2.165538355371,0.918706520744));
#707 = CARTESIAN_POINT('',(2.169195926534,0.909530512228));
#708 = CARTESIAN_POINT('',(2.177187898699,0.88789222047));
#709 = CARTESIAN_POINT('',(2.181451140305,0.875196122851));
#710 = CARTESIAN_POINT('',(2.185518542402,0.861929520126));
#711 = CARTESIAN_POINT('',(2.189387650962,0.848151030618));
#712 = CARTESIAN_POINT('',(2.19305712243,0.833914103014));
#713 = CARTESIAN_POINT('',(2.196526390655,0.819266396388));
#714 = CARTESIAN_POINT('',(2.208314735549,0.765111780943));
#715 = CARTESIAN_POINT('',(2.215463872445,0.723509173397));
#716 = CARTESIAN_POINT('',(2.221257920061,0.680127162663));
#717 = CARTESIAN_POINT('',(2.225685247054,0.635506622963));
#718 = CARTESIAN_POINT('',(2.228721488068,0.590110284521));
#719 = CARTESIAN_POINT('',(2.230324179825,0.544319294529));
#720 = CARTESIAN_POINT('',(2.230462541389,0.465640193966));
#721 = CARTESIAN_POINT('',(2.229739495425,0.43280742616));
#722 = CARTESIAN_POINT('',(2.228205592572,0.40010730719));
#723 = CARTESIAN_POINT('',(2.225819220937,0.367696007937));
#724 = CARTESIAN_POINT('',(2.22253019483,0.335757645686));
#725 = CARTESIAN_POINT('',(2.218279378613,0.304515628142));
#726 = CARTESIAN_POINT('',(2.211228505236,0.264135309625));
#727 = CARTESIAN_POINT('',(2.209346775818,0.254129332768));
#728 = CARTESIAN_POINT('',(2.207347174162,0.244244862824));
#729 = CARTESIAN_POINT('',(2.205227133726,0.234494219429));
#730 = CARTESIAN_POINT('',(2.202984126394,0.224891078437));
#731 = CARTESIAN_POINT('',(2.200615662466,0.215450471919));
#732 = CARTESIAN_POINT('',(2.194928757798,0.194351726671));
#733 = CARTESIAN_POINT('',(2.19152953517,0.182807786669));
#734 = CARTESIAN_POINT('',(2.187916535478,0.171590546557));
#735 = CARTESIAN_POINT('',(2.184085345054,0.160739613695));
#736 = CARTESIAN_POINT('',(2.180032813179,0.150300177425));
#737 = CARTESIAN_POINT('',(2.175757641388,0.140322562082));
#738 = CARTESIAN_POINT('',(2.167836993631,0.123657886775));
#739 = CARTESIAN_POINT('',(2.164284795946,0.116754088162));
#740 = CARTESIAN_POINT('',(2.160605062723,0.110174751091));
#741 = CARTESIAN_POINT('',(2.15679967287,0.10394653526));
#742 = CARTESIAN_POINT('',(2.152871995116,9.809752762014E-02));
#743 = CARTESIAN_POINT('',(2.148827181926,9.265637685816E-02));
#744 = CARTESIAN_POINT('',(2.142489402469,8.502162068566E-02));
#745 = CARTESIAN_POINT('',(2.140276022001,8.251222960126E-02));
#746 = CARTESIAN_POINT('',(2.138033387917,8.012745195125E-02));
#747 = CARTESIAN_POINT('',(2.135762739725,7.787134618512E-02));
#748 = CARTESIAN_POINT('',(2.133465490529,7.574783187122E-02));
#749 = CARTESIAN_POINT('',(2.131143227028,7.376068969675E-02));
#750 = CARTESIAN_POINT('',(2.124103019063,6.821642631231E-02));
#751 = CARTESIAN_POINT('',(2.119314677649,6.507968412479E-02));
#752 = CARTESIAN_POINT('',(2.114447528457,6.253270751026E-02));
#753 = CARTESIAN_POINT('',(2.109518682794,6.05998212268E-02));
#754 = CARTESIAN_POINT('',(2.104547191147,5.929876675161E-02));
#755 = CARTESIAN_POINT('',(2.099553714239,5.86391668471E-02));
#756 = CARTESIAN_POINT('',(2.089712587035,5.860334453945E-02));
#757 = CARTESIAN_POINT('',(2.08486411029,5.919018020747E-02));
#758 = CARTESIAN_POINT('',(2.080034801281,6.038183603089E-02));
#759 = CARTESIAN_POINT('',(2.075243624306,6.21700830272E-02));
#760 = CARTESIAN_POINT('',(2.07050817287,6.453940535801E-02));
#761 = CARTESIAN_POINT('',(2.065844372019,6.746828135541E-02));
#762 = CARTESIAN_POINT('',(2.059054808942,7.26027786792E-02));
#763 = CARTESIAN_POINT('',(2.056863309032,7.439962412042E-02));
#764 = CARTESIAN_POINT('',(2.0546931828,7.631806178685E-02));
#765 = CARTESIAN_POINT('',(2.052545796664,7.835502741461E-02));
#766 = CARTESIAN_POINT('',(2.050422381608,8.050733156121E-02));
#767 = CARTESIAN_POINT('',(2.048324033184,8.277165960548E-02));
#768 = CARTESIAN_POINT('',(2.042415146147,8.953763130216E-02));
#769 = CARTESIAN_POINT('',(2.038667830924,9.430291190265E-02));
#770 = CARTESIAN_POINT('',(2.035015790725,9.941897843598E-02));
#771 = CARTESIAN_POINT('',(2.031463538263,0.104863958185));
#772 = CARTESIAN_POINT('',(2.02801426257,0.110616165527));
#773 = CARTESIAN_POINT('',(2.024670017481,0.116654726629));
#774 = CARTESIAN_POINT('',(2.01031614493,0.144605628396));
#775 = CARTESIAN_POINT('',(2.000468631605,0.1693622824));
#776 = CARTESIAN_POINT('',(1.991896781642,0.196481874571));
#777 = CARTESIAN_POINT('',(1.984549911263,0.225358379425));
#778 = CARTESIAN_POINT('',(1.978351106437,0.25552881525));
#779 = CARTESIAN_POINT('',(1.973220187314,0.286668774748));
#780 = CARTESIAN_POINT('',(1.969087772079,0.318582708636));
#781 = ( GEOMETRIC_REPRESENTATION_CONTEXT(2) 
PARAMETRIC_REPRESENTATION_CONTEXT() REPRESENTATION_CONTEXT('2D SPACE',''
  ) );
#782 = PCURVE('',#783,#788);
#783 = CYLINDRICAL_SURFACE('',#784,0.8);
#784 = AXIS2_PLACEMENT_3D('',#785,#786,#787);
#785 = CARTESIAN_POINT('',(-2.95,5.109549882328,76.));
#786 = DIRECTION('',(-0.,-0.,-1.));
#787 = DIRECTION('',(1.,0.,0.));
#788 = DEFINITIONAL_REPRESENTATION('',(#789),#918);
#789 = B_SPLINE_CURVE_WITH_KNOTS('',7,(#790,#791,#792,#793,#794,#795,
    #796,#797,#798,#799,#800,#801,#802,#803,#804,#805,#806,#807,#808,
    #809,#810,#811,#812,#813,#814,#815,#816,#817,#818,#819,#820,#821,
    #822,#823,#824,#825,#826,#827,#828,#829,#830,#831,#832,#833,#834,
    #835,#836,#837,#838,#839,#840,#841,#842,#843,#844,#845,#846,#847,
    #848,#849,#850,#851,#852,#853,#854,#855,#856,#857,#858,#859,#860,
    #861,#862,#863,#864,#865,#866,#867,#868,#869,#870,#871,#872,#873,
    #874,#875,#876,#877,#878,#879,#880,#881,#882,#883,#884,#885,#886,
    #887,#888,#889,#890,#891,#892,#893,#894,#895,#896,#897,#898,#899,
    #900,#901,#902,#903,#904,#905,#906,#907,#908,#909,#910,#911,#912,
    #913,#914,#915,#916,#917),.UNSPECIFIED.,.F.,.F.,(8,6,6,6,6,6,6,6,6,6
    ,6,6,6,6,6,6,6,6,6,6,6,8),(0.,7.059598481597E-02,0.194330019139,
    0.241320638473,0.279035850342,0.29906768809,0.339677210906,
    0.380279378187,0.400303100937,0.437998798279,0.485482905315,
    0.609234272453,0.697862817819,0.727489386099,0.765354154514,
    0.79418620528,0.809335757171,0.839658471106,0.869095140525,
    0.883313729054,0.909637125138,1.),.UNSPECIFIED.);
#790 = CARTESIAN_POINT('',(0.,-5.318582708636));
#791 = CARTESIAN_POINT('',(-5.768865600862E-02,-5.343519047721));
#792 = CARTESIAN_POINT('',(-0.114688705555,-5.368903405408));
#793 = CARTESIAN_POINT('',(-0.171172309263,-5.394618854576));
#794 = CARTESIAN_POINT('',(-0.22728294583,-5.420565756687));
#795 = CARTESIAN_POINT('',(-0.283150708983,-5.446656898889));
#796 = CARTESIAN_POINT('',(-0.338903261163,-5.472814263717));
#797 = CARTESIAN_POINT('',(-0.492419447394,-5.544806255775));
#798 = CARTESIAN_POINT('',(-0.590122479958,-5.590587529433));
#799 = CARTESIAN_POINT('',(-0.688578462742,-5.635971412318));
#800 = CARTESIAN_POINT('',(-0.788382943379,-5.680576734574));
#801 = CARTESIAN_POINT('',(-0.890114571005,-5.723940444887));
#802 = CARTESIAN_POINT('',(-0.994353266519,-5.76552108177));
#803 = CARTESIAN_POINT('',(-1.1427782828,-5.819485147433));
#804 = CARTESIAN_POINT('',(-1.184094339227,-5.833975702822));
#805 = CARTESIAN_POINT('',(-1.225909676785,-5.84806355879));
#806 = CARTESIAN_POINT('',(-1.268255523687,-5.861702510216));
#807 = CARTESIAN_POINT('',(-1.311158434019,-5.874840802444));
#808 = CARTESIAN_POINT('',(-1.354640429504,-5.887421717065));
#809 = CARTESIAN_POINT('',(-1.434097222571,-5.908985350226));
#810 = CARTESIAN_POINT('',(-1.469857934,-5.918187631535));
#811 = CARTESIAN_POINT('',(-1.506008492511,-5.926959206247));
#812 = CARTESIAN_POINT('',(-1.542551315541,-5.935265599802));
#813 = CARTESIAN_POINT('',(-1.579483132025,-5.943070709961));
#814 = CARTESIAN_POINT('',(-1.616794093451,-5.950337858304));
#815 = CARTESIAN_POINT('',(-1.674476191721,-5.96058571393));
#816 = CARTESIAN_POINT('',(-1.694587362981,-5.963978630619));
#817 = CARTESIAN_POINT('',(-1.714797607464,-5.967204056451));
#818 = CARTESIAN_POINT('',(-1.735103433139,-5.970256643668));
#819 = CARTESIAN_POINT('',(-1.755500647152,-5.973131232102));
#820 = CARTESIAN_POINT('',(-1.775984355839,-5.975822849174));
#821 = CARTESIAN_POINT('',(-1.838238547265,-5.983402659007));
#822 = CARTESIAN_POINT('',(-1.880266240598,-5.987707804333));
#823 = CARTESIAN_POINT('',(-1.922576270409,-5.991201837637));
#824 = CARTESIAN_POINT('',(-1.965109248217,-5.993851577613));
#825 = CARTESIAN_POINT('',(-2.007799546145,-5.995632939742));
#826 = CARTESIAN_POINT('',(-2.050572671699,-5.996532906141));
#827 = CARTESIAN_POINT('',(-2.136104866533,-5.996570081333));
#828 = CARTESIAN_POINT('',(-2.178872989468,-5.995707613814));
#829 = CARTESIAN_POINT('',(-2.221561026002,-5.993963718051));
#830 = CARTESIAN_POINT('',(-2.26409438441,-5.991351066192));
#831 = CARTESIAN_POINT('',(-2.306407244798,-5.987893430151));
#832 = CARTESIAN_POINT('',(-2.348439937316,-5.983623734427));
#833 = CARTESIAN_POINT('',(-2.410699676215,-5.976095736427));
#834 = CARTESIAN_POINT('',(-2.431182611495,-5.973421418199));
#835 = CARTESIAN_POINT('',(-2.451579495023,-5.970563914688));
#836 = CARTESIAN_POINT('',(-2.471885395966,-5.967528177566));
#837 = CARTESIAN_POINT('',(-2.492096083839,-5.964319349713));
#838 = CARTESIAN_POINT('',(-2.512208028505,-5.96094276522));
#839 = CARTESIAN_POINT('',(-2.569888963432,-5.950741944917));
#840 = CARTESIAN_POINT('',(-2.607198821645,-5.943504924321));
#841 = CARTESIAN_POINT('',(-2.644130400714,-5.935729013578));
#842 = CARTESIAN_POINT('',(-2.680673626828,-5.927450849273));
#843 = CARTESIAN_POINT('',(-2.716825030762,-5.918706520744));
#844 = CARTESIAN_POINT('',(-2.752586852164,-5.909530512228));
#845 = CARTESIAN_POINT('',(-2.832532346117,-5.887892220469));
#846 = CARTESIAN_POINT('',(-2.876488687067,-5.875196122851));
#847 = CARTESIAN_POINT('',(-2.919853194032,-5.861929520126));
#848 = CARTESIAN_POINT('',(-2.962648485617,-5.848151030618));
#849 = CARTESIAN_POINT('',(-3.004901918269,-5.833914103014));
#850 = CARTESIAN_POINT('',(-3.04664573285,-5.819266396388));
#851 = CARTESIAN_POINT('',(-3.195477413525,-5.765111780942));
#852 = CARTESIAN_POINT('',(-3.299707653868,-5.723509173396));
#853 = CARTESIAN_POINT('',(-3.401434672415,-5.680127162663));
#854 = CARTESIAN_POINT('',(-3.501238634846,-5.635506622963));
#855 = CARTESIAN_POINT('',(-3.599698429936,-5.590110284521));
#856 = CARTESIAN_POINT('',(-3.69740982697,-5.544319294529));
#857 = CARTESIAN_POINT('',(-3.865184489593,-5.465640193966));
#858 = CARTESIAN_POINT('',(-3.935162867056,-5.43280742616));
#859 = CARTESIAN_POINT('',(-4.005380923104,-5.40010730719));
#860 = CARTESIAN_POINT('',(-4.076096144495,-5.367696007937));
#861 = CARTESIAN_POINT('',(-4.147565664335,-5.335757645685));
#862 = CARTESIAN_POINT('',(-4.220083341491,-5.304515628142));
#863 = CARTESIAN_POINT('',(-4.318756996223,-5.264135309625));
#864 = CARTESIAN_POINT('',(-4.343635406039,-5.254129332768));
#865 = CARTESIAN_POINT('',(-4.368684356035,-5.244244862824));
#866 = CARTESIAN_POINT('',(-4.393916930159,-5.234494219429));
#867 = CARTESIAN_POINT('',(-4.419346359556,-5.224891078437));
#868 = CARTESIAN_POINT('',(-4.444986022562,-5.215450471919));
#869 = CARTESIAN_POINT('',(-4.503904656526,-5.19435172667));
#870 = CARTESIAN_POINT('',(-4.537323396498,-5.182807786669));
#871 = CARTESIAN_POINT('',(-4.57113603971,-5.171590546557));
#872 = CARTESIAN_POINT('',(-4.605369411775,-5.160739613695));
#873 = CARTESIAN_POINT('',(-4.640046854331,-5.150300177425));
#874 = CARTESIAN_POINT('',(-4.675188290544,-5.140322562082));
#875 = CARTESIAN_POINT('',(-4.737934589983,-5.123657886775));
#876 = CARTESIAN_POINT('',(-4.765335936218,-5.116754088161));
#877 = CARTESIAN_POINT('',(-4.79302032914,-5.110174751091));
#878 = CARTESIAN_POINT('',(-4.820990137463,-5.10394653526));
#879 = CARTESIAN_POINT('',(-4.849243458191,-5.09809752762));
#880 = CARTESIAN_POINT('',(-4.87777347603,-5.092656376858));
#881 = CARTESIAN_POINT('',(-4.921697563442,-5.085021620686));
#882 = CARTESIAN_POINT('',(-4.93690011069,-5.082512229601));
#883 = CARTESIAN_POINT('',(-4.952173520818,-5.080127451951));
#884 = CARTESIAN_POINT('',(-4.967515330446,-5.077871346185));
#885 = CARTESIAN_POINT('',(-4.982922556526,-5.075747831871));
#886 = CARTESIAN_POINT('',(-4.998391696348,-5.073760689697));
#887 = CARTESIAN_POINT('',(-5.044996988362,-5.068216426312));
#888 = CARTESIAN_POINT('',(-5.076310540316,-5.065079684125));
#889 = CARTESIAN_POINT('',(-5.107821664518,-5.06253270751));
#890 = CARTESIAN_POINT('',(-5.139488999118,-5.060599821227));
#891 = CARTESIAN_POINT('',(-5.171266362816,-5.059298766751));
#892 = CARTESIAN_POINT('',(-5.203101578374,-5.058639166847));
#893 = CARTESIAN_POINT('',(-5.265838817106,-5.058603344539));
#894 = CARTESIAN_POINT('',(-5.296746004795,-5.059190180207));
#895 = CARTESIAN_POINT('',(-5.327602747838,-5.060381836031));
#896 = CARTESIAN_POINT('',(-5.358361082756,-5.062170083027));
#897 = CARTESIAN_POINT('',(-5.388978188403,-5.064539405358));
#898 = CARTESIAN_POINT('',(-5.41941538041,-5.067468281355));
#899 = CARTESIAN_POINT('',(-5.464234894163,-5.072602778679));
#900 = CARTESIAN_POINT('',(-5.478783104777,-5.07439962412));
#901 = CARTESIAN_POINT('',(-5.493278266218,-5.076318061787));
#902 = CARTESIAN_POINT('',(-5.507717314551,-5.078355027414));
#903 = CARTESIAN_POINT('',(-5.522097593155,-5.080507331561));
#904 = CARTESIAN_POINT('',(-5.536416852724,-5.082771659605));
#905 = CARTESIAN_POINT('',(-5.577066646421,-5.089537631302));
#906 = CARTESIAN_POINT('',(-5.603244258578,-5.094302911903));
#907 = CARTESIAN_POINT('',(-5.62919498134,-5.099418978436));
#908 = CARTESIAN_POINT('',(-5.654911901571,-5.104863958185));
#909 = CARTESIAN_POINT('',(-5.680391836117,-5.110616165527));
#910 = CARTESIAN_POINT('',(-5.705634868511,-5.116654726629));
#911 = CARTESIAN_POINT('',(-5.816494764623,-5.144605628396));
#912 = CARTESIAN_POINT('',(-5.899453430011,-5.1693622824));
#913 = CARTESIAN_POINT('',(-5.979887154205,-5.196481874571));
#914 = CARTESIAN_POINT('',(-6.058123061323,-5.225358379425));
#915 = CARTESIAN_POINT('',(-6.13448833186,-5.25552881525));
#916 = CARTESIAN_POINT('',(-6.209354423358,-5.286668774748));
#917 = CARTESIAN_POINT('',(-6.28318530718,-5.318582708636));
#918 = ( GEOMETRIC_REPRESENTATION_CONTEXT(2) 
PARAMETRIC_REPRESENTATION_CONTEXT() REPRESENTATION_CONTEXT('2D SPACE',''
  ) );
#919 = FACE_BOUND('',#920,.T.);
#920 = EDGE_LOOP('',(#921));
#921 = ORIENTED_EDGE('',*,*,#922,.T.);
#922 = EDGE_CURVE('',#923,#923,#925,.T.);
#923 = VERTEX_POINT('',#924);
#924 = CARTESIAN_POINT('',(-2.15,-5.109549882328,81.318582708636));
#925 = SURFACE_CURVE('',#926,(#1055,#1187),.PCURVE_S1.);
#926 = B_SPLINE_CURVE_WITH_KNOTS('',7,(#927,#928,#929,#930,#931,#932,
    #933,#934,#935,#936,#937,#938,#939,#940,#941,#942,#943,#944,#945,
    #946,#947,#948,#949,#950,#951,#952,#953,#954,#955,#956,#957,#958,
    #959,#960,#961,#962,#963,#964,#965,#966,#967,#968,#969,#970,#971,
    #972,#973,#974,#975,#976,#977,#978,#979,#980,#981,#982,#983,#984,
    #985,#986,#987,#988,#989,#990,#991,#992,#993,#994,#995,#996,#997,
    #998,#999,#1000,#1001,#1002,#1003,#1004,#1005,#1006,#1007,#1008,
    #1009,#1010,#1011,#1012,#1013,#1014,#1015,#1016,#1017,#1018,#1019,
    #1020,#1021,#1022,#1023,#1024,#1025,#1026,#1027,#1028,#1029,#1030,
    #1031,#1032,#1033,#1034,#1035,#1036,#1037,#1038,#1039,#1040,#1041,
    #1042,#1043,#1044,#1045,#1046,#1047,#1048,#1049,#1050,#1051,#1052,
    #1053,#1054),.UNSPECIFIED.,.T.,.F.,(8,6,6,6,6,6,6,6,6,6,6,6,6,6,6,6,
    6,6,6,6,6,8),(0.,9.083802261501E-02,0.117136514203,0.131344602272,
    0.160342088772,0.1906647734,0.205814310649,0.234646333548,
    0.272511065368,0.302137605012,0.390766064719,0.514517312251,
    0.562001373394,0.599697034303,0.619720737699,0.660322865738,
    0.700932349305,0.720964167692,0.75867934311,0.805669917027,
    0.929403831761,1.),.UNSPECIFIED.);
#927 = CARTESIAN_POINT('',(-2.15,-5.109549882328,81.318582708636));
#928 = CARTESIAN_POINT('',(-2.15,-5.050173167114,81.286500190018));
#929 = CARTESIAN_POINT('',(-2.155141278665,-4.989962835666,
    81.255201436647));
#930 = CARTESIAN_POINT('',(-2.165684938317,-4.929071181569,
    81.224883380716));
#931 = CARTESIAN_POINT('',(-2.182022005716,-4.867801964498,
    81.195875489214));
#932 = CARTESIAN_POINT('',(-2.204609375972,-4.806630736215,
    81.168649951398));
#933 = CARTESIAN_POINT('',(-2.233915297297,-4.746233001793,
    81.14382571454));
#934 = CARTESIAN_POINT('',(-2.280929660658,-4.670522293225,
    81.115895776317));
#935 = CARTESIAN_POINT('',(-2.292079590751,-4.65367348805,
    81.109893360877));
#936 = CARTESIAN_POINT('',(-2.303831208363,-4.636999597523,
    81.104178588828));
#937 = CARTESIAN_POINT('',(-2.316189284375,-4.620529900811,
    81.098772342864));
#938 = CARTESIAN_POINT('',(-2.329155312848,-4.604296778018,
    81.093696288981));
#939 = CARTESIAN_POINT('',(-2.342726484818,-4.58833532894,
    81.088972244278));
#940 = CARTESIAN_POINT('',(-2.364549196561,-4.564226621454,
    81.082271025093));
#941 = CARTESIAN_POINT('',(-2.372377918714,-4.555860492709,
    81.08002946205));
#942 = CARTESIAN_POINT('',(-2.380379534146,-4.547590613396,
    81.077900281652));
#943 = CARTESIAN_POINT('',(-2.388552207508,-4.53942310536,
    81.075886780235));
#944 = CARTESIAN_POINT('',(-2.3968935625,-4.53136420446,81.073992124455)
  );
#945 = CARTESIAN_POINT('',(-2.405400681873,-4.523420260571,
    81.07221935129));
#946 = CARTESIAN_POINT('',(-2.431763659804,-4.499632640549,
    81.06720797587));
#947 = CARTESIAN_POINT('',(-2.450134824353,-4.484171720287,
    81.064363956105));
#948 = CARTESIAN_POINT('',(-2.469151518536,-4.469271753141,
    81.062064157159));
#949 = CARTESIAN_POINT('',(-2.488773240343,-4.454987368741,
    81.060328900713));
#950 = CARTESIAN_POINT('',(-2.508950693421,-4.441369485793,
    81.059172804948));
#951 = CARTESIAN_POINT('',(-2.529625412191,-4.42846374786,
    81.058603607787));
#952 = CARTESIAN_POINT('',(-2.57279782286,-4.403598691143,
    81.058639166847));
#953 = CARTESIAN_POINT('',(-2.595339399332,-4.391707421284,
    81.059298766751));
#954 = CARTESIAN_POINT('',(-2.618276328617,-4.380680069186,
    81.060599821227));
#955 = CARTESIAN_POINT('',(-2.641529759643,-4.370547376424,
    81.06253270751));
#956 = CARTESIAN_POINT('',(-2.665021224234,-4.361327394285,
    81.065079684125));
#957 = CARTESIAN_POINT('',(-2.688674083319,-4.353026971519,
    81.068216426312));
#958 = CARTESIAN_POINT('',(-2.724276175358,-4.341954251963,
    81.073760689697));
#959 = CARTESIAN_POINT('',(-2.736160003105,-4.338493920835,
    81.075747831871));
#960 = CARTESIAN_POINT('',(-2.748057757907,-4.335261675539,
    81.077871346185));
#961 = CARTESIAN_POINT('',(-2.759961233348,-4.332256446672,
    81.080127451951));
#962 = CARTESIAN_POINT('',(-2.771862715056,-4.329476668593,
    81.082512229601));
#963 = CARTESIAN_POINT('',(-2.783754980705,-4.326920279417,
    81.085021620686));
#964 = CARTESIAN_POINT('',(-2.818233859065,-4.320139775145,
    81.092656376858));
#965 = CARTESIAN_POINT('',(-2.84077828463,-4.316494958092,81.09809752762
    ));
#966 = CARTESIAN_POINT('',(-2.863219188561,-4.313632999544,
    81.10394653526));
#967 = CARTESIAN_POINT('',(-2.885517762589,-4.31153235162,
    81.110174751091));
#968 = CARTESIAN_POINT('',(-2.90764143692,-4.310168724587,
    81.116754088161));
#969 = CARTESIAN_POINT('',(-2.929563538837,-4.309516622563,
    81.123657886775));
#970 = CARTESIAN_POINT('',(-2.979760515836,-4.309595868084,
    81.140322562082));
#971 = CARTESIAN_POINT('',(-3.007871782108,-4.310824610149,
    81.150300177425));
#972 = CARTESIAN_POINT('',(-3.035550946889,-4.313179398809,
    81.160739613695));
#973 = CARTESIAN_POINT('',(-3.06276225951,-4.316603588821,
    81.171590546557));
#974 = CARTESIAN_POINT('',(-3.089478871227,-4.321043079623,
    81.182807786669));
#975 = CARTESIAN_POINT('',(-3.115681684604,-4.326447798635,
    81.19435172667));
#976 = CARTESIAN_POINT('',(-3.161448306532,-4.337722362547,
    81.215450471919));
#977 = CARTESIAN_POINT('',(-3.181215124132,-4.34323489638,
    81.224891078437));
#978 = CARTESIAN_POINT('',(-3.200652201071,-4.349289142778,
    81.234494219429));
#979 = CARTESIAN_POINT('',(-3.219753959063,-4.355864944157,
    81.244244862824));
#980 = CARTESIAN_POINT('',(-3.238515696153,-4.362943628629,
    81.254129332768));
#981 = CARTESIAN_POINT('',(-3.256933586716,-4.370508010011,
    81.264135309625));
#982 = CARTESIAN_POINT('',(-3.329064767837,-4.402577409736,
    81.304515628142));
#983 = CARTESIAN_POINT('',(-3.380001818116,-4.430809826763,
    81.335757645685));
#984 = CARTESIAN_POINT('',(-3.427761960913,-4.462826999608,
    81.367696007937));
#985 = CARTESIAN_POINT('',(-3.47226143983,-4.49830964726,81.40010730719)
  );
#986 = CARTESIAN_POINT('',(-3.513402858386,-4.536994025365,
    81.43280742616));
#987 = CARTESIAN_POINT('',(-3.551074238269,-4.578657201355,
    81.465640193966));
#988 = CARTESIAN_POINT('',(-3.632683937267,-4.6852160723,81.544319294529
    ));
#989 = CARTESIAN_POINT('',(-3.673131718192,-4.752699197966,
    81.59011028452));
#990 = CARTESIAN_POINT('',(-3.706130843725,-4.825102397942,
    81.635506622964));
#991 = CARTESIAN_POINT('',(-3.73107024653,-4.90196651835,81.680127162662
    ));
#992 = CARTESIAN_POINT('',(-3.747155719271,-4.982702090749,
    81.723509173397));
#993 = CARTESIAN_POINT('',(-3.753464311968,-5.066545383394,
    81.765111780942));
#994 = CARTESIAN_POINT('',(-3.747076494044,-5.185439252255,
    81.819266396388));
#995 = CARTESIAN_POINT('',(-3.743697323988,-5.218700841198,
    81.833914103014));
#996 = CARTESIAN_POINT('',(-3.738648448131,-5.252189219383,
    81.848151030618));
#997 = CARTESIAN_POINT('',(-3.731865184924,-5.2858249544,81.861929520126
    ));
#998 = CARTESIAN_POINT('',(-3.723283778915,-5.319513571815,
    81.875196122851));
#999 = CARTESIAN_POINT('',(-3.712845111719,-5.353144769823,
    81.887892220469));
#1000 = CARTESIAN_POINT('',(-3.690696872044,-5.413143736159,
    81.909530512228));
#1001 = CARTESIAN_POINT('',(-3.67969337227,-5.439578267548,
    81.918706520744));
#1002 = CARTESIAN_POINT('',(-3.667463427112,-5.465830836976,
    81.927450849273));
#1003 = CARTESIAN_POINT('',(-3.65398697796,-5.491827910008,
    81.935729013578));
#1004 = CARTESIAN_POINT('',(-3.639251280911,-5.51748775129,
    81.943504924321));
#1005 = CARTESIAN_POINT('',(-3.62325379356,-5.542721366976,
    81.950741944917));
#1006 = CARTESIAN_POINT('',(-3.596842641453,-5.580560352256,
    81.96094276522));
#1007 = CARTESIAN_POINT('',(-3.587327310333,-5.593540068812,
    81.964319349713));
#1008 = CARTESIAN_POINT('',(-3.577460631483,-5.606358058474,
    81.967528177566));
#1009 = CARTESIAN_POINT('',(-3.567245442828,-5.618999519948,
    81.970563914688));
#1010 = CARTESIAN_POINT('',(-3.556685857149,-5.631449388987,
    81.973421418199));
#1011 = CARTESIAN_POINT('',(-3.54578726208,-5.643692338392,
    81.976095736427));
#1012 = CARTESIAN_POINT('',(-3.511783302798,-5.680086662253,
    81.983623734427));
#1013 = CARTESIAN_POINT('',(-3.487640995635,-5.703549216698,
    81.987893430151));
#1014 = CARTESIAN_POINT('',(-3.46219001968,-5.725966667849,
    81.991351066192));
#1015 = CARTESIAN_POINT('',(-3.435512407458,-5.747210482353,
    81.993963718051));
#1016 = CARTESIAN_POINT('',(-3.407712048795,-5.767162006565,
    81.995707613814));
#1017 = CARTESIAN_POINT('',(-3.378915136663,-5.785717106122,
    81.996570081333));
#1018 = CARTESIAN_POINT('',(-3.319620718954,-5.819867597988,
    81.996532906141));
#1019 = CARTESIAN_POINT('',(-3.289116398532,-5.835466200467,
    81.995632939742));
#1020 = CARTESIAN_POINT('',(-3.257906145295,-5.849500740362,
    81.993851577613));
#1021 = CARTESIAN_POINT('',(-3.226143479369,-5.861914712111,
    81.991201837637));
#1022 = CARTESIAN_POINT('',(-3.19398315543,-5.872678212617,
    81.987707804333));
#1023 = CARTESIAN_POINT('',(-3.161577370659,-5.881785176687,
    81.983402659007));
#1024 = CARTESIAN_POINT('',(-3.113037732149,-5.892933157554,
    81.975822849174));
#1025 = CARTESIAN_POINT('',(-3.096978169472,-5.896216439018,
    81.973131232102));
#1026 = CARTESIAN_POINT('',(-3.08091009333,-5.899102556589,
    81.970256643668));
#1027 = CARTESIAN_POINT('',(-3.064849442251,-5.901594576513,
    81.967204056451));
#1028 = CARTESIAN_POINT('',(-3.048811284639,-5.903696531561,
    81.963978630619));
#1029 = CARTESIAN_POINT('',(-3.032809818771,-5.905413421024,
    81.96058571393));
#1030 = CARTESIAN_POINT('',(-2.986825573406,-5.909269952254,
    81.950337858304));
#1031 = CARTESIAN_POINT('',(-2.956970446748,-5.910444454491,
    81.943070709961));
#1032 = CARTESIAN_POINT('',(-2.927380541764,-5.910313584552,
    81.935265599802));
#1033 = CARTESIAN_POINT('',(-2.898131382125,-5.90892430406,
    81.926959206247));
#1034 = CARTESIAN_POINT('',(-2.86928710371,-5.906328708355,
    81.918187631535));
#1035 = CARTESIAN_POINT('',(-2.840901092082,-5.902581065712,
    81.908985350226));
#1036 = CARTESIAN_POINT('',(-2.778274441686,-5.891696805631,
    81.887421717065));
#1037 = CARTESIAN_POINT('',(-2.744313047932,-5.883953801177,
    81.874840802444));
#1038 = CARTESIAN_POINT('',(-2.711213844257,-5.87460993674,
    81.861702510216));
#1039 = CARTESIAN_POINT('',(-2.679040493285,-5.863768205342,
    81.84806355879));
#1040 = CARTESIAN_POINT('',(-2.647841320692,-5.851527829139,
    81.833975702822));
#1041 = CARTESIAN_POINT('',(-2.617651721172,-5.837981589069,
    81.819485147433));
#1042 = CARTESIAN_POINT('',(-2.511726238379,-5.784325435756,
    81.76552108177));
#1043 = CARTESIAN_POINT('',(-2.442215334607,-5.737008310661,
    81.723940444887));
#1044 = CARTESIAN_POINT('',(-2.380280633201,-5.682770792498,
    81.680576734574));
#1045 = CARTESIAN_POINT('',(-2.326122758023,-5.622795299621,
    81.635971412318));
#1046 = CARTESIAN_POINT('',(-2.279855125129,-5.558065391646,
    81.590587529433));
#1047 = CARTESIAN_POINT('',(-2.241569385668,-5.489340521705,
    81.544806255775));
#1048 = CARTESIAN_POINT('',(-2.194347029014,-5.375968970887,
    81.472814170488));
#1049 = CARTESIAN_POINT('',(-2.17987708884,-5.333679808408,
    81.446656873039));
#1050 = CARTESIAN_POINT('',(-2.168135380593,-5.290399546418,
    81.420565767863));
#1051 = CARTESIAN_POINT('',(-2.159184938559,-5.246236950077,
    81.394618795116));
#1052 = CARTESIAN_POINT('',(-2.153106006782,-5.201300439331,
    81.368903205417));
#1053 = CARTESIAN_POINT('',(-2.15,-5.155700321357,81.343518785244));
#1054 = CARTESIAN_POINT('',(-2.15,-5.109549882328,81.318582708636));
#1055 = PCURVE('',#93,#1056);
#1056 = DEFINITIONAL_REPRESENTATION('',(#1057),#1186);
#1057 = B_SPLINE_CURVE_WITH_KNOTS('',7,(#1058,#1059,#1060,#1061,#1062,
    #1063,#1064,#1065,#1066,#1067,#1068,#1069,#1070,#1071,#1072,#1073,
    #1074,#1075,#1076,#1077,#1078,#1079,#1080,#1081,#1082,#1083,#1084,
    #1085,#1086,#1087,#1088,#1089,#1090,#1091,#1092,#1093,#1094,#1095,
    #1096,#1097,#1098,#1099,#1100,#1101,#1102,#1103,#1104,#1105,#1106,
    #1107,#1108,#1109,#1110,#1111,#1112,#1113,#1114,#1115,#1116,#1117,
    #1118,#1119,#1120,#1121,#1122,#1123,#1124,#1125,#1126,#1127,#1128,
    #1129,#1130,#1131,#1132,#1133,#1134,#1135,#1136,#1137,#1138,#1139,
    #1140,#1141,#1142,#1143,#1144,#1145,#1146,#1147,#1148,#1149,#1150,
    #1151,#1152,#1153,#1154,#1155,#1156,#1157,#1158,#1159,#1160,#1161,
    #1162,#1163,#1164,#1165,#1166,#1167,#1168,#1169,#1170,#1171,#1172,
    #1173,#1174,#1175,#1176,#1177,#1178,#1179,#1180,#1181,#1182,#1183,
    #1184,#1185),.UNSPECIFIED.,.T.,.F.,(8,6,6,6,6,6,6,6,6,6,6,6,6,6,6,6,
    6,6,6,6,6,8),(0.,9.083802261501E-02,0.117136514203,0.131344602272,
    0.160342088772,0.1906647734,0.205814310649,0.234646333548,
    0.272511065368,0.302137605012,0.390766064719,0.514517312251,
    0.562001373394,0.599697034303,0.619720737699,0.660322865738,
    0.700932349305,0.720964167692,0.75867934311,0.805669917027,
    0.929403831761,1.),.UNSPECIFIED.);
#1058 = CARTESIAN_POINT('',(4.314097535101,0.318582708636));
#1059 = CARTESIAN_POINT('',(4.309943290463,0.286500190018));
#1060 = CARTESIAN_POINT('',(4.304780174528,0.255201436647));
#1061 = CARTESIAN_POINT('',(4.298537658571,0.224883380716));
#1062 = CARTESIAN_POINT('',(4.291134059072,0.195875489214));
#1063 = CARTESIAN_POINT('',(4.282491117485,0.168649951398));
#1064 = CARTESIAN_POINT('',(4.272557907518,0.14382571454));
#1065 = CARTESIAN_POINT('',(4.258097554795,0.115895776318));
#1066 = CARTESIAN_POINT('',(4.254745207525,0.109893360877));
#1067 = CARTESIAN_POINT('',(4.251288196884,0.104178588828));
#1068 = CARTESIAN_POINT('',(4.24772864738,9.877234286427E-02));
#1069 = CARTESIAN_POINT('',(4.244069826665,9.369628898125E-02));
#1070 = CARTESIAN_POINT('',(4.240316332954,8.89722442783E-02));
#1071 = CARTESIAN_POINT('',(4.23439856674,8.227102509327E-02));
#1072 = CARTESIAN_POINT('',(4.232297015241,8.002946205039E-02));
#1073 = CARTESIAN_POINT('',(4.230170603086,7.790028165232E-02));
#1074 = CARTESIAN_POINT('',(4.228020440496,7.588678023497E-02));
#1075 = CARTESIAN_POINT('',(4.225847772778,7.399212445498E-02));
#1076 = CARTESIAN_POINT('',(4.223653980322,7.22193512897E-02));
#1077 = CARTESIAN_POINT('',(4.216923215951,6.720797587022E-02));
#1078 = CARTESIAN_POINT('',(4.212323766134,6.436395610558E-02));
#1079 = CARTESIAN_POINT('',(4.207655701917,6.206415715945E-02));
#1080 = CARTESIAN_POINT('',(4.202934331384,6.032890071282E-02));
#1081 = CARTESIAN_POINT('',(4.198176517967,5.91728049484E-02));
#1082 = CARTESIAN_POINT('',(4.19340040047,5.860360778751E-02));
#1083 = CARTESIAN_POINT('',(4.18363159294,5.863916684711E-02));
#1084 = CARTESIAN_POINT('',(4.178638116033,5.929876675162E-02));
#1085 = CARTESIAN_POINT('',(4.173666624386,6.059982122681E-02));
#1086 = CARTESIAN_POINT('',(4.168737778723,6.253270751027E-02));
#1087 = CARTESIAN_POINT('',(4.16387062953,6.50796841248E-02));
#1088 = CARTESIAN_POINT('',(4.159082288116,6.821642631232E-02));
#1089 = CARTESIAN_POINT('',(4.152042080152,7.376068969677E-02));
#1090 = CARTESIAN_POINT('',(4.14971981665,7.574783187123E-02));
#1091 = CARTESIAN_POINT('',(4.147422567455,7.787134618513E-02));
#1092 = CARTESIAN_POINT('',(4.145151919263,8.012745195126E-02));
#1093 = CARTESIAN_POINT('',(4.142909285179,8.251222960127E-02));
#1094 = CARTESIAN_POINT('',(4.140695904711,8.502162068568E-02));
#1095 = CARTESIAN_POINT('',(4.134358125253,9.265637685818E-02));
#1096 = CARTESIAN_POINT('',(4.130313312063,9.809752762016E-02));
#1097 = CARTESIAN_POINT('',(4.12638563431,0.10394653526));
#1098 = CARTESIAN_POINT('',(4.122580244457,0.110174751091));
#1099 = CARTESIAN_POINT('',(4.118900511234,0.116754088162));
#1100 = CARTESIAN_POINT('',(4.115348313549,0.123657886775));
#1101 = CARTESIAN_POINT('',(4.107427665791,0.140322562082));
#1102 = CARTESIAN_POINT('',(4.103152494001,0.150300177425));
#1103 = CARTESIAN_POINT('',(4.099099962125,0.160739613695));
#1104 = CARTESIAN_POINT('',(4.095268771701,0.171590546557));
#1105 = CARTESIAN_POINT('',(4.091655772009,0.182807786669));
#1106 = CARTESIAN_POINT('',(4.088256549382,0.194351726671));
#1107 = CARTESIAN_POINT('',(4.082569644714,0.215450471919));
#1108 = CARTESIAN_POINT('',(4.080201180786,0.224891078437));
#1109 = CARTESIAN_POINT('',(4.077958173453,0.234494219429));
#1110 = CARTESIAN_POINT('',(4.075838133018,0.244244862824));
#1111 = CARTESIAN_POINT('',(4.073838531362,0.254129332768));
#1112 = CARTESIAN_POINT('',(4.071956801943,0.264135309625));
#1113 = CARTESIAN_POINT('',(4.064905928567,0.304515628142));
#1114 = CARTESIAN_POINT('',(4.06065511235,0.335757645685));
#1115 = CARTESIAN_POINT('',(4.057366086242,0.367696007937));
#1116 = CARTESIAN_POINT('',(4.054979714607,0.40010730719));
#1117 = CARTESIAN_POINT('',(4.053445811755,0.43280742616));
#1118 = CARTESIAN_POINT('',(4.052722765791,0.465640193966));
#1119 = CARTESIAN_POINT('',(4.052861127355,0.544319294529));
#1120 = CARTESIAN_POINT('',(4.054463819111,0.59011028452));
#1121 = CARTESIAN_POINT('',(4.057500060126,0.635506622964));
#1122 = CARTESIAN_POINT('',(4.061927387119,0.680127162662));
#1123 = CARTESIAN_POINT('',(4.067721434734,0.723509173397));
#1124 = CARTESIAN_POINT('',(4.07487057163,0.765111780943));
#1125 = CARTESIAN_POINT('',(4.086658916524,0.819266396388));
#1126 = CARTESIAN_POINT('',(4.090128184749,0.833914103014));
#1127 = CARTESIAN_POINT('',(4.093797656218,0.848151030618));
#1128 = CARTESIAN_POINT('',(4.097666764777,0.861929520126));
#1129 = CARTESIAN_POINT('',(4.101734166874,0.875196122851));
#1130 = CARTESIAN_POINT('',(4.10599740848,0.88789222047));
#1131 = CARTESIAN_POINT('',(4.113989380646,0.909530512228));
#1132 = CARTESIAN_POINT('',(4.117646951809,0.918706520744));
#1133 = CARTESIAN_POINT('',(4.121423159733,0.927450849273));
#1134 = CARTESIAN_POINT('',(4.125314953509,0.935729013578));
#1135 = CARTESIAN_POINT('',(4.129318153192,0.943504924321));
#1136 = CARTESIAN_POINT('',(4.133427225914,0.950741944917));
#1137 = CARTESIAN_POINT('',(4.139870238654,0.96094276522));
#1138 = CARTESIAN_POINT('',(4.142133260492,0.964319349713));
#1139 = CARTESIAN_POINT('',(4.14442304295,0.967528177566));
#1140 = CARTESIAN_POINT('',(4.146738363344,0.970563914688));
#1141 = CARTESIAN_POINT('',(4.149077860865,0.973421418199));
#1142 = CARTESIAN_POINT('',(4.151440036574,0.976095736427));
#1143 = CARTESIAN_POINT('',(4.158655709883,0.983623734428));
#1144 = CARTESIAN_POINT('',(4.163575324833,0.987893430151));
#1145 = CARTESIAN_POINT('',(4.168567442636,0.991351066192));
#1146 = CARTESIAN_POINT('',(4.17361591259,0.993963718052));
#1147 = CARTESIAN_POINT('',(4.178703106513,0.995707613814));
#1148 = CARTESIAN_POINT('',(4.183809936321,0.996570081333));
#1149 = CARTESIAN_POINT('',(4.194022731913,0.996532906141));
#1150 = CARTESIAN_POINT('',(4.199129799682,0.995632939742));
#1151 = CARTESIAN_POINT('',(4.204216538768,0.993851577614));
#1152 = CARTESIAN_POINT('',(4.209263877613,0.991201837637));
#1153 = CARTESIAN_POINT('',(4.214254224008,0.987707804334));
#1154 = CARTESIAN_POINT('',(4.219171479834,0.983402659007));
#1155 = CARTESIAN_POINT('',(4.226383385753,0.975822849174));
#1156 = CARTESIAN_POINT('',(4.228744537531,0.973131232102));
#1157 = CARTESIAN_POINT('',(4.231082880521,0.970256643668));
#1158 = CARTESIAN_POINT('',(4.233396922343,0.967204056451));
#1159 = CARTESIAN_POINT('',(4.23568530886,0.963978630619));
#1160 = CARTESIAN_POINT('',(4.237946824178,0.96058571393));
#1161 = CARTESIAN_POINT('',(4.24438566795,0.950337858304));
#1162 = CARTESIAN_POINT('',(4.248491790865,0.943070709961));
#1163 = CARTESIAN_POINT('',(4.252491693669,0.935265599802));
#1164 = CARTESIAN_POINT('',(4.256379882891,0.926959206247));
#1165 = CARTESIAN_POINT('',(4.260152213417,0.918187631535));
#1166 = CARTESIAN_POINT('',(4.263805664592,0.908985350226));
#1167 = CARTESIAN_POINT('',(4.271739313773,0.887421717065));
#1168 = CARTESIAN_POINT('',(4.275952403384,0.874840802444));
#1169 = CARTESIAN_POINT('',(4.279973649751,0.861702510216));
#1170 = CARTESIAN_POINT('',(4.283800693601,0.84806355879));
#1171 = CARTESIAN_POINT('',(4.287432236098,0.833975702823));
#1172 = CARTESIAN_POINT('',(4.290867723166,0.819485147433));
#1173 = CARTESIAN_POINT('',(4.302636657284,0.76552108177));
#1174 = CARTESIAN_POINT('',(4.309796418751,0.723940444887));
#1175 = CARTESIAN_POINT('',(4.315601485966,0.680576734574));
#1176 = CARTESIAN_POINT('',(4.320040310347,0.635971412318));
#1177 = CARTESIAN_POINT('',(4.323088673349,0.590587529433));
#1178 = CARTESIAN_POINT('',(4.324704308715,0.544806255775));
#1179 = CARTESIAN_POINT('',(4.324852963732,0.472814170488));
#1180 = CARTESIAN_POINT('',(4.324411801766,0.446656873039));
#1181 = CARTESIAN_POINT('',(4.323460037873,0.420565767863));
#1182 = CARTESIAN_POINT('',(4.321978031647,0.394618795116));
#1183 = CARTESIAN_POINT('',(4.319942533108,0.368903205416));
#1184 = CARTESIAN_POINT('',(4.317326413848,0.343518785244));
#1185 = CARTESIAN_POINT('',(4.314097535101,0.318582708636));
#1186 = ( GEOMETRIC_REPRESENTATION_CONTEXT(2) 
PARAMETRIC_REPRESENTATION_CONTEXT() REPRESENTATION_CONTEXT('2D SPACE',''
  ) );
#1187 = PCURVE('',#1188,#1193);
#1188 = CYLINDRICAL_SURFACE('',#1189,0.8);
#1189 = AXIS2_PLACEMENT_3D('',#1190,#1191,#1192);
#1190 = CARTESIAN_POINT('',(-2.95,-5.109549882328,76.));
#1191 = DIRECTION('',(-0.,-0.,-1.));
#1192 = DIRECTION('',(1.,0.,0.));
#1193 = DEFINITIONAL_REPRESENTATION('',(#1194),#1323);
#1194 = B_SPLINE_CURVE_WITH_KNOTS('',7,(#1195,#1196,#1197,#1198,#1199,
    #1200,#1201,#1202,#1203,#1204,#1205,#1206,#1207,#1208,#1209,#1210,
    #1211,#1212,#1213,#1214,#1215,#1216,#1217,#1218,#1219,#1220,#1221,
    #1222,#1223,#1224,#1225,#1226,#1227,#1228,#1229,#1230,#1231,#1232,
    #1233,#1234,#1235,#1236,#1237,#1238,#1239,#1240,#1241,#1242,#1243,
    #1244,#1245,#1246,#1247,#1248,#1249,#1250,#1251,#1252,#1253,#1254,
    #1255,#1256,#1257,#1258,#1259,#1260,#1261,#1262,#1263,#1264,#1265,
    #1266,#1267,#1268,#1269,#1270,#1271,#1272,#1273,#1274,#1275,#1276,
    #1277,#1278,#1279,#1280,#1281,#1282,#1283,#1284,#1285,#1286,#1287,
    #1288,#1289,#1290,#1291,#1292,#1293,#1294,#1295,#1296,#1297,#1298,
    #1299,#1300,#1301,#1302,#1303,#1304,#1305,#1306,#1307,#1308,#1309,
    #1310,#1311,#1312,#1313,#1314,#1315,#1316,#1317,#1318,#1319,#1320,
    #1321,#1322),.UNSPECIFIED.,.F.,.F.,(8,6,6,6,6,6,6,6,6,6,6,6,6,6,6,6,
    6,6,6,6,6,8),(0.,9.083802261501E-02,0.117136514203,0.131344602272,
    0.160342088772,0.1906647734,0.205814310649,0.234646333548,
    0.272511065368,0.302137605012,0.390766064719,0.514517312251,
    0.562001373394,0.599697034303,0.619720737699,0.660322865738,
    0.700932349305,0.720964167692,0.75867934311,0.805669917027,
    0.929403831761,1.),.UNSPECIFIED.);
#1195 = CARTESIAN_POINT('',(0.,-5.318582708636));
#1196 = CARTESIAN_POINT('',(-7.42208940182E-02,-5.286500190018));
#1197 = CARTESIAN_POINT('',(-0.149484250608,-5.255201436647));
#1198 = CARTESIAN_POINT('',(-0.226265069512,-5.224883380716));
#1199 = CARTESIAN_POINT('',(-0.304941727551,-5.195875489214));
#1200 = CARTESIAN_POINT('',(-0.38584616976,-5.168649951397));
#1201 = CARTESIAN_POINT('',(-0.469308904285,-5.14382571454));
#1202 = CARTESIAN_POINT('',(-0.580709516898,-5.115895776317));
#1203 = CARTESIAN_POINT('',(-0.605954044011,-5.109893360877));
#1204 = CARTESIAN_POINT('',(-0.63143507403,-5.104178588828));
#1205 = CARTESIAN_POINT('',(-0.657152476122,-5.098772342864));
#1206 = CARTESIAN_POINT('',(-0.683102828692,-5.093696288981));
#1207 = CARTESIAN_POINT('',(-0.709278951116,-5.088972244278));
#1208 = CARTESIAN_POINT('',(-0.749927223768,-5.082271025093));
#1209 = CARTESIAN_POINT('',(-0.764247487812,-5.08002946205));
#1210 = CARTESIAN_POINT('',(-0.77862833811,-5.077900281652));
#1211 = CARTESIAN_POINT('',(-0.793067478575,-5.075886780235));
#1212 = CARTESIAN_POINT('',(-0.807562206522,-5.073992124455));
#1213 = CARTESIAN_POINT('',(-0.822109412662,-5.07221935129));
#1214 = CARTESIAN_POINT('',(-0.866495106298,-5.06720797587));
#1215 = CARTESIAN_POINT('',(-0.89649134362,-5.064363956105));
#1216 = CARTESIAN_POINT('',(-0.926659974829,-5.062064157159));
#1217 = CARTESIAN_POINT('',(-0.956963752497,-5.060328900713));
#1218 = CARTESIAN_POINT('',(-0.987361569481,-5.059172804948));
#1219 = CARTESIAN_POINT('',(-1.017807528388,-5.058603607787));
#1220 = CARTESIAN_POINT('',(-1.080083728805,-5.058639166847));
#1221 = CARTESIAN_POINT('',(-1.111918944363,-5.059298766751));
#1222 = CARTESIAN_POINT('',(-1.143696308061,-5.060599821227));
#1223 = CARTESIAN_POINT('',(-1.175363642661,-5.06253270751));
#1224 = CARTESIAN_POINT('',(-1.206874766863,-5.065079684125));
#1225 = CARTESIAN_POINT('',(-1.238188318818,-5.068216426312));
#1226 = CARTESIAN_POINT('',(-1.284793610832,-5.073760689697));
#1227 = CARTESIAN_POINT('',(-1.300262750654,-5.075747831871));
#1228 = CARTESIAN_POINT('',(-1.315669976734,-5.077871346185));
#1229 = CARTESIAN_POINT('',(-1.331011786361,-5.080127451951));
#1230 = CARTESIAN_POINT('',(-1.34628519649,-5.082512229601));
#1231 = CARTESIAN_POINT('',(-1.361487743738,-5.085021620686));
#1232 = CARTESIAN_POINT('',(-1.40541183115,-5.092656376858));
#1233 = CARTESIAN_POINT('',(-1.433941848988,-5.09809752762));
#1234 = CARTESIAN_POINT('',(-1.462195169717,-5.10394653526));
#1235 = CARTESIAN_POINT('',(-1.490164978039,-5.110174751091));
#1236 = CARTESIAN_POINT('',(-1.517849370962,-5.116754088161));
#1237 = CARTESIAN_POINT('',(-1.545250717196,-5.123657886775));
#1238 = CARTESIAN_POINT('',(-1.607997016635,-5.140322562082));
#1239 = CARTESIAN_POINT('',(-1.643138452849,-5.150300177425));
#1240 = CARTESIAN_POINT('',(-1.677815895405,-5.160739613695));
#1241 = CARTESIAN_POINT('',(-1.71204926747,-5.171590546557));
#1242 = CARTESIAN_POINT('',(-1.745861910682,-5.182807786669));
#1243 = CARTESIAN_POINT('',(-1.779280650654,-5.19435172667));
#1244 = CARTESIAN_POINT('',(-1.838199284618,-5.215450471919));
#1245 = CARTESIAN_POINT('',(-1.863838947623,-5.224891078437));
#1246 = CARTESIAN_POINT('',(-1.88926837702,-5.234494219429));
#1247 = CARTESIAN_POINT('',(-1.914500951145,-5.244244862824));
#1248 = CARTESIAN_POINT('',(-1.93954990114,-5.254129332768));
#1249 = CARTESIAN_POINT('',(-1.964428310956,-5.264135309625));
#1250 = CARTESIAN_POINT('',(-2.063101965689,-5.304515628142));
#1251 = CARTESIAN_POINT('',(-2.135619642844,-5.335757645685));
#1252 = CARTESIAN_POINT('',(-2.207089162684,-5.367696007937));
#1253 = CARTESIAN_POINT('',(-2.277804384076,-5.40010730719));
#1254 = CARTESIAN_POINT('',(-2.348022440123,-5.43280742616));
#1255 = CARTESIAN_POINT('',(-2.418000817587,-5.465640193966));
#1256 = CARTESIAN_POINT('',(-2.585775480209,-5.544319294529));
#1257 = CARTESIAN_POINT('',(-2.683486877243,-5.59011028452));
#1258 = CARTESIAN_POINT('',(-2.781946672335,-5.635506622964));
#1259 = CARTESIAN_POINT('',(-2.881750634764,-5.680127162662));
#1260 = CARTESIAN_POINT('',(-2.983477653313,-5.723509173397));
#1261 = CARTESIAN_POINT('',(-3.087707893654,-5.765111780942));
#1262 = CARTESIAN_POINT('',(-3.236539574329,-5.819266396388));
#1263 = CARTESIAN_POINT('',(-3.278283388911,-5.833914103014));
#1264 = CARTESIAN_POINT('',(-3.320536821563,-5.848151030618));
#1265 = CARTESIAN_POINT('',(-3.363332113148,-5.861929520126));
#1266 = CARTESIAN_POINT('',(-3.406696620112,-5.875196122851));
#1267 = CARTESIAN_POINT('',(-3.450652961063,-5.887892220469));
#1268 = CARTESIAN_POINT('',(-3.530598455015,-5.909530512228));
#1269 = CARTESIAN_POINT('',(-3.566360276417,-5.918706520744));
#1270 = CARTESIAN_POINT('',(-3.602511680352,-5.927450849273));
#1271 = CARTESIAN_POINT('',(-3.639054906466,-5.935729013578));
#1272 = CARTESIAN_POINT('',(-3.675986485534,-5.943504924321));
#1273 = CARTESIAN_POINT('',(-3.713296343748,-5.950741944917));
#1274 = CARTESIAN_POINT('',(-3.770977278675,-5.96094276522));
#1275 = CARTESIAN_POINT('',(-3.791089223341,-5.964319349713));
#1276 = CARTESIAN_POINT('',(-3.811299911213,-5.967528177566));
#1277 = CARTESIAN_POINT('',(-3.831605812156,-5.970563914688));
#1278 = CARTESIAN_POINT('',(-3.852002695685,-5.973421418199));
#1279 = CARTESIAN_POINT('',(-3.872485630965,-5.976095736427));
#1280 = CARTESIAN_POINT('',(-3.934745369863,-5.983623734427));
#1281 = CARTESIAN_POINT('',(-3.976778062381,-5.987893430151));
#1282 = CARTESIAN_POINT('',(-4.01909092277,-5.991351066192));
#1283 = CARTESIAN_POINT('',(-4.061624281178,-5.993963718051));
#1284 = CARTESIAN_POINT('',(-4.104312317712,-5.995707613814));
#1285 = CARTESIAN_POINT('',(-4.147080440646,-5.996570081333));
#1286 = CARTESIAN_POINT('',(-4.232612635481,-5.996532906141));
#1287 = CARTESIAN_POINT('',(-4.275385761034,-5.995632939742));
#1288 = CARTESIAN_POINT('',(-4.318076058962,-5.993851577613));
#1289 = CARTESIAN_POINT('',(-4.36060903677,-5.991201837637));
#1290 = CARTESIAN_POINT('',(-4.402919066581,-5.987707804333));
#1291 = CARTESIAN_POINT('',(-4.444946759914,-5.983402659007));
#1292 = CARTESIAN_POINT('',(-4.50720095134,-5.975822849174));
#1293 = CARTESIAN_POINT('',(-4.527684660027,-5.973131232102));
#1294 = CARTESIAN_POINT('',(-4.548081874041,-5.970256643668));
#1295 = CARTESIAN_POINT('',(-4.568387699715,-5.967204056451));
#1296 = CARTESIAN_POINT('',(-4.588597944199,-5.963978630619));
#1297 = CARTESIAN_POINT('',(-4.608709115458,-5.96058571393));
#1298 = CARTESIAN_POINT('',(-4.666391213728,-5.950337858304));
#1299 = CARTESIAN_POINT('',(-4.703702175155,-5.943070709961));
#1300 = CARTESIAN_POINT('',(-4.740633991639,-5.935265599802));
#1301 = CARTESIAN_POINT('',(-4.777176814669,-5.926959206247));
#1302 = CARTESIAN_POINT('',(-4.81332737318,-5.918187631535));
#1303 = CARTESIAN_POINT('',(-4.849088084608,-5.908985350226));
#1304 = CARTESIAN_POINT('',(-4.928544877676,-5.887421717065));
#1305 = CARTESIAN_POINT('',(-4.97202687316,-5.874840802444));
#1306 = CARTESIAN_POINT('',(-5.014929783493,-5.861702510216));
#1307 = CARTESIAN_POINT('',(-5.057275630394,-5.84806355879));
#1308 = CARTESIAN_POINT('',(-5.099090967953,-5.833975702822));
#1309 = CARTESIAN_POINT('',(-5.140407024379,-5.819485147433));
#1310 = CARTESIAN_POINT('',(-5.288832040661,-5.76552108177));
#1311 = CARTESIAN_POINT('',(-5.393070736175,-5.723940444887));
#1312 = CARTESIAN_POINT('',(-5.4948023638,-5.680576734574));
#1313 = CARTESIAN_POINT('',(-5.594606844438,-5.635971412318));
#1314 = CARTESIAN_POINT('',(-5.693062827221,-5.590587529433));
#1315 = CARTESIAN_POINT('',(-5.790765859785,-5.544806255775));
#1316 = CARTESIAN_POINT('',(-5.944282244818,-5.472814170488));
#1317 = CARTESIAN_POINT('',(-6.000034653077,-5.446656873039));
#1318 = CARTESIAN_POINT('',(-6.055902341313,-5.420565767863));
#1319 = CARTESIAN_POINT('',(-6.112013120247,-5.394618795116));
#1320 = CARTESIAN_POINT('',(-6.168497029925,-5.368903205416));
#1321 = CARTESIAN_POINT('',(-6.225497258394,-5.343518785244));
#1322 = CARTESIAN_POINT('',(-6.28318530718,-5.318582708636));
#1323 = ( GEOMETRIC_REPRESENTATION_CONTEXT(2) 
PARAMETRIC_REPRESENTATION_CONTEXT() REPRESENTATION_CONTEXT('2D SPACE',''
  ) );
#1324 = ADVANCED_FACE('',(#1325),#66,.F.);
#1325 = FACE_BOUND('',#1326,.T.);
#1326 = EDGE_LOOP('',(#1327,#1351,#1372,#1373));
#1327 = ORIENTED_EDGE('',*,*,#1328,.T.);
#1328 = EDGE_CURVE('',#1329,#1329,#1331,.T.);
#1329 = VERTEX_POINT('',#1330);
#1330 = CARTESIAN_POINT('',(7.9,0.,84.143333333333));
#1331 = SURFACE_CURVE('',#1332,(#1337,#1344),.PCURVE_S1.);
#1332 = CIRCLE('',#1333,7.9);
#1333 = AXIS2_PLACEMENT_3D('',#1334,#1335,#1336);
#1334 = CARTESIAN_POINT('',(0.,0.,84.143333333333));
#1335 = DIRECTION('',(0.,0.,1.));
#1336 = DIRECTION('',(0.,-1.,0.));
#1337 = PCURVE('',#66,#1338);
#1338 = DEFINITIONAL_REPRESENTATION('',(#1339),#1343);
#1339 = LINE('',#1340,#1341);
#1340 = CARTESIAN_POINT('',(-1.570796326795,-5.666666666667E-02));
#1341 = VECTOR('',#1342,1.);
#1342 = DIRECTION('',(1.,-0.));
#1343 = ( GEOMETRIC_REPRESENTATION_CONTEXT(2) 
PARAMETRIC_REPRESENTATION_CONTEXT() REPRESENTATION_CONTEXT('2D SPACE',''
  ) );
#1344 = PCURVE('',#340,#1345);
#1345 = DEFINITIONAL_REPRESENTATION('',(#1346),#1350);
#1346 = LINE('',#1347,#1348);
#1347 = CARTESIAN_POINT('',(-1.570796326795,1.443333333333));
#1348 = VECTOR('',#1349,1.);
#1349 = DIRECTION('',(1.,0.));
#1350 = ( GEOMETRIC_REPRESENTATION_CONTEXT(2) 
PARAMETRIC_REPRESENTATION_CONTEXT() REPRESENTATION_CONTEXT('2D SPACE',''
  ) );
#1351 = ORIENTED_EDGE('',*,*,#1352,.T.);
#1352 = EDGE_CURVE('',#1329,#22,#1353,.T.);
#1353 = SEAM_CURVE('',#1354,(#1358,#1365),.PCURVE_S1.);
#1354 = LINE('',#1355,#1356);
#1355 = CARTESIAN_POINT('',(8.,0.,84.2));
#1356 = VECTOR('',#1357,1.);
#1357 = DIRECTION('',(-0.870022185849,0.,-0.493012571981));
#1358 = PCURVE('',#66,#1359);
#1359 = DEFINITIONAL_REPRESENTATION('',(#1360),#1364);
#1360 = LINE('',#1361,#1362);
#1361 = CARTESIAN_POINT('',(0.,-0.));
#1362 = VECTOR('',#1363,1.);
#1363 = DIRECTION('',(0.,-1.));
#1364 = ( GEOMETRIC_REPRESENTATION_CONTEXT(2) 
PARAMETRIC_REPRESENTATION_CONTEXT() REPRESENTATION_CONTEXT('2D SPACE',''
  ) );
#1365 = PCURVE('',#66,#1366);
#1366 = DEFINITIONAL_REPRESENTATION('',(#1367),#1371);
#1367 = LINE('',#1368,#1369);
#1368 = CARTESIAN_POINT('',(6.28318530718,-0.));
#1369 = VECTOR('',#1370,1.);
#1370 = DIRECTION('',(0.,-1.));
#1371 = ( GEOMETRIC_REPRESENTATION_CONTEXT(2) 
PARAMETRIC_REPRESENTATION_CONTEXT() REPRESENTATION_CONTEXT('2D SPACE',''
  ) );
#1372 = ORIENTED_EDGE('',*,*,#51,.F.);
#1373 = ORIENTED_EDGE('',*,*,#1352,.F.);
#1374 = ADVANCED_FACE('',(#1375),#243,.T.);
#1375 = FACE_BOUND('',#1376,.F.);
#1376 = EDGE_LOOP('',(#1377,#1406,#1427,#1428,#1429));
#1377 = ORIENTED_EDGE('',*,*,#1378,.F.);
#1378 = EDGE_CURVE('',#1379,#1379,#1381,.T.);
#1379 = VERTEX_POINT('',#1380);
#1380 = CARTESIAN_POINT('',(6.7,0.,76.));
#1381 = SURFACE_CURVE('',#1382,(#1387,#1394),.PCURVE_S1.);
#1382 = CIRCLE('',#1383,0.8);
#1383 = AXIS2_PLACEMENT_3D('',#1384,#1385,#1386);
#1384 = CARTESIAN_POINT('',(5.9,0.,76.));
#1385 = DIRECTION('',(0.,0.,1.));
#1386 = DIRECTION('',(1.,0.,0.));
#1387 = PCURVE('',#243,#1388);
#1388 = DEFINITIONAL_REPRESENTATION('',(#1389),#1393);
#1389 = LINE('',#1390,#1391);
#1390 = CARTESIAN_POINT('',(-0.,0.));
#1391 = VECTOR('',#1392,1.);
#1392 = DIRECTION('',(-1.,0.));
#1393 = ( GEOMETRIC_REPRESENTATION_CONTEXT(2) 
PARAMETRIC_REPRESENTATION_CONTEXT() REPRESENTATION_CONTEXT('2D SPACE',''
  ) );
#1394 = PCURVE('',#1395,#1400);
#1395 = PLANE('',#1396);
#1396 = AXIS2_PLACEMENT_3D('',#1397,#1398,#1399);
#1397 = CARTESIAN_POINT('',(5.9,2.075838220006E-17,76.));
#1398 = DIRECTION('',(0.,0.,1.));
#1399 = DIRECTION('',(1.,0.,-0.));
#1400 = DEFINITIONAL_REPRESENTATION('',(#1401),#1405);
#1401 = CIRCLE('',#1402,0.8);
#1402 = AXIS2_PLACEMENT_2D('',#1403,#1404);
#1403 = CARTESIAN_POINT('',(0.,-2.075838220006E-17));
#1404 = DIRECTION('',(1.,0.));
#1405 = ( GEOMETRIC_REPRESENTATION_CONTEXT(2) 
PARAMETRIC_REPRESENTATION_CONTEXT() REPRESENTATION_CONTEXT('2D SPACE',''
  ) );
#1406 = ORIENTED_EDGE('',*,*,#1407,.T.);
#1407 = EDGE_CURVE('',#1379,#134,#1408,.T.);
#1408 = SEAM_CURVE('',#1409,(#1413,#1420),.PCURVE_S1.);
#1409 = LINE('',#1410,#1411);
#1410 = CARTESIAN_POINT('',(6.7,0.,76.));
#1411 = VECTOR('',#1412,1.);
#1412 = DIRECTION('',(0.,0.,1.));
#1413 = PCURVE('',#243,#1414);
#1414 = DEFINITIONAL_REPRESENTATION('',(#1415),#1419);
#1415 = LINE('',#1416,#1417);
#1416 = CARTESIAN_POINT('',(-6.28318530718,0.));
#1417 = VECTOR('',#1418,1.);
#1418 = DIRECTION('',(-0.,-1.));
#1419 = ( GEOMETRIC_REPRESENTATION_CONTEXT(2) 
PARAMETRIC_REPRESENTATION_CONTEXT() REPRESENTATION_CONTEXT('2D SPACE',''
  ) );
#1420 = PCURVE('',#243,#1421);
#1421 = DEFINITIONAL_REPRESENTATION('',(#1422),#1426);
#1422 = LINE('',#1423,#1424);
#1423 = CARTESIAN_POINT('',(-0.,0.));
#1424 = VECTOR('',#1425,1.);
#1425 = DIRECTION('',(-0.,-1.));
#1426 = ( GEOMETRIC_REPRESENTATION_CONTEXT(2) 
PARAMETRIC_REPRESENTATION_CONTEXT() REPRESENTATION_CONTEXT('2D SPACE',''
  ) );
#1427 = ORIENTED_EDGE('',*,*,#353,.T.);
#1428 = ORIENTED_EDGE('',*,*,#133,.T.);
#1429 = ORIENTED_EDGE('',*,*,#1407,.F.);
#1430 = ADVANCED_FACE('',(#1431),#340,.T.);
#1431 = FACE_BOUND('',#1432,.T.);
#1432 = EDGE_LOOP('',(#1433,#1454,#1455,#1456));
#1433 = ORIENTED_EDGE('',*,*,#1434,.F.);
#1434 = EDGE_CURVE('',#303,#1329,#1435,.T.);
#1435 = SEAM_CURVE('',#1436,(#1440,#1447),.PCURVE_S1.);
#1436 = LINE('',#1437,#1438);
#1437 = CARTESIAN_POINT('',(7.9,0.,82.7));
#1438 = VECTOR('',#1439,1.);
#1439 = DIRECTION('',(0.,0.,1.));
#1440 = PCURVE('',#340,#1441);
#1441 = DEFINITIONAL_REPRESENTATION('',(#1442),#1446);
#1442 = LINE('',#1443,#1444);
#1443 = CARTESIAN_POINT('',(0.,0.));
#1444 = VECTOR('',#1445,1.);
#1445 = DIRECTION('',(0.,1.));
#1446 = ( GEOMETRIC_REPRESENTATION_CONTEXT(2) 
PARAMETRIC_REPRESENTATION_CONTEXT() REPRESENTATION_CONTEXT('2D SPACE',''
  ) );
#1447 = PCURVE('',#340,#1448);
#1448 = DEFINITIONAL_REPRESENTATION('',(#1449),#1453);
#1449 = LINE('',#1450,#1451);
#1450 = CARTESIAN_POINT('',(6.28318530718,0.));
#1451 = VECTOR('',#1452,1.);
#1452 = DIRECTION('',(0.,1.));
#1453 = ( GEOMETRIC_REPRESENTATION_CONTEXT(2) 
PARAMETRIC_REPRESENTATION_CONTEXT() REPRESENTATION_CONTEXT('2D SPACE',''
  ) );
#1454 = ORIENTED_EDGE('',*,*,#325,.T.);
#1455 = ORIENTED_EDGE('',*,*,#1434,.T.);
#1456 = ORIENTED_EDGE('',*,*,#1328,.F.);
#1457 = ADVANCED_FACE('',(#1458),#783,.T.);
#1458 = FACE_BOUND('',#1459,.F.);
#1459 = EDGE_LOOP('',(#1460,#1489,#1510,#1511));
#1460 = ORIENTED_EDGE('',*,*,#1461,.F.);
#1461 = EDGE_CURVE('',#1462,#1462,#1464,.T.);
#1462 = VERTEX_POINT('',#1463);
#1463 = CARTESIAN_POINT('',(-2.15,5.109549882328,76.));
#1464 = SURFACE_CURVE('',#1465,(#1470,#1477),.PCURVE_S1.);
#1465 = CIRCLE('',#1466,0.8);
#1466 = AXIS2_PLACEMENT_3D('',#1467,#1468,#1469);
#1467 = CARTESIAN_POINT('',(-2.95,5.109549882328,76.));
#1468 = DIRECTION('',(0.,0.,1.));
#1469 = DIRECTION('',(1.,0.,0.));
#1470 = PCURVE('',#783,#1471);
#1471 = DEFINITIONAL_REPRESENTATION('',(#1472),#1476);
#1472 = LINE('',#1473,#1474);
#1473 = CARTESIAN_POINT('',(-0.,0.));
#1474 = VECTOR('',#1475,1.);
#1475 = DIRECTION('',(-1.,0.));
#1476 = ( GEOMETRIC_REPRESENTATION_CONTEXT(2) 
PARAMETRIC_REPRESENTATION_CONTEXT() REPRESENTATION_CONTEXT('2D SPACE',''
  ) );
#1477 = PCURVE('',#1478,#1483);
#1478 = PLANE('',#1479);
#1479 = AXIS2_PLACEMENT_3D('',#1480,#1481,#1482);
#1480 = CARTESIAN_POINT('',(-2.95,5.109549882328,76.));
#1481 = DIRECTION('',(0.,0.,1.));
#1482 = DIRECTION('',(1.,0.,-0.));
#1483 = DEFINITIONAL_REPRESENTATION('',(#1484),#1488);
#1484 = CIRCLE('',#1485,0.8);
#1485 = AXIS2_PLACEMENT_2D('',#1486,#1487);
#1486 = CARTESIAN_POINT('',(0.,0.));
#1487 = DIRECTION('',(1.,0.));
#1488 = ( GEOMETRIC_REPRESENTATION_CONTEXT(2) 
PARAMETRIC_REPRESENTATION_CONTEXT() REPRESENTATION_CONTEXT('2D SPACE',''
  ) );
#1489 = ORIENTED_EDGE('',*,*,#1490,.T.);
#1490 = EDGE_CURVE('',#1462,#518,#1491,.T.);
#1491 = SEAM_CURVE('',#1492,(#1496,#1503),.PCURVE_S1.);
#1492 = LINE('',#1493,#1494);
#1493 = CARTESIAN_POINT('',(-2.15,5.109549882328,76.));
#1494 = VECTOR('',#1495,1.);
#1495 = DIRECTION('',(0.,0.,1.));
#1496 = PCURVE('',#783,#1497);
#1497 = DEFINITIONAL_REPRESENTATION('',(#1498),#1502);
#1498 = LINE('',#1499,#1500);
#1499 = CARTESIAN_POINT('',(-6.28318530718,0.));
#1500 = VECTOR('',#1501,1.);
#1501 = DIRECTION('',(-0.,-1.));
#1502 = ( GEOMETRIC_REPRESENTATION_CONTEXT(2) 
PARAMETRIC_REPRESENTATION_CONTEXT() REPRESENTATION_CONTEXT('2D SPACE',''
  ) );
#1503 = PCURVE('',#783,#1504);
#1504 = DEFINITIONAL_REPRESENTATION('',(#1505),#1509);
#1505 = LINE('',#1506,#1507);
#1506 = CARTESIAN_POINT('',(-0.,0.));
#1507 = VECTOR('',#1508,1.);
#1508 = DIRECTION('',(-0.,-1.));
#1509 = ( GEOMETRIC_REPRESENTATION_CONTEXT(2) 
PARAMETRIC_REPRESENTATION_CONTEXT() REPRESENTATION_CONTEXT('2D SPACE',''
  ) );
#1510 = ORIENTED_EDGE('',*,*,#517,.T.);
#1511 = ORIENTED_EDGE('',*,*,#1490,.F.);
#1512 = ADVANCED_FACE('',(#1513),#1188,.T.);
#1513 = FACE_BOUND('',#1514,.F.);
#1514 = EDGE_LOOP('',(#1515,#1544,#1565,#1566));
#1515 = ORIENTED_EDGE('',*,*,#1516,.F.);
#1516 = EDGE_CURVE('',#1517,#1517,#1519,.T.);
#1517 = VERTEX_POINT('',#1518);
#1518 = CARTESIAN_POINT('',(-2.15,-5.109549882328,76.));
#1519 = SURFACE_CURVE('',#1520,(#1525,#1532),.PCURVE_S1.);
#1520 = CIRCLE('',#1521,0.8);
#1521 = AXIS2_PLACEMENT_3D('',#1522,#1523,#1524);
#1522 = CARTESIAN_POINT('',(-2.95,-5.109549882328,76.));
#1523 = DIRECTION('',(0.,0.,1.));
#1524 = DIRECTION('',(1.,0.,0.));
#1525 = PCURVE('',#1188,#1526);
#1526 = DEFINITIONAL_REPRESENTATION('',(#1527),#1531);
#1527 = LINE('',#1528,#1529);
#1528 = CARTESIAN_POINT('',(-0.,0.));
#1529 = VECTOR('',#1530,1.);
#1530 = DIRECTION('',(-1.,0.));
#1531 = ( GEOMETRIC_REPRESENTATION_CONTEXT(2) 
PARAMETRIC_REPRESENTATION_CONTEXT() REPRESENTATION_CONTEXT('2D SPACE',''
  ) );
#1532 = PCURVE('',#1533,#1538);
#1533 = PLANE('',#1534);
#1534 = AXIS2_PLACEMENT_3D('',#1535,#1536,#1537);
#1535 = CARTESIAN_POINT('',(-2.95,-5.109549882328,76.));
#1536 = DIRECTION('',(0.,0.,1.));
#1537 = DIRECTION('',(1.,0.,-0.));
#1538 = DEFINITIONAL_REPRESENTATION('',(#1539),#1543);
#1539 = CIRCLE('',#1540,0.8);
#1540 = AXIS2_PLACEMENT_2D('',#1541,#1542);
#1541 = CARTESIAN_POINT('',(4.440892098501E-16,8.881784197001E-16));
#1542 = DIRECTION('',(1.,0.));
#1543 = ( GEOMETRIC_REPRESENTATION_CONTEXT(2) 
PARAMETRIC_REPRESENTATION_CONTEXT() REPRESENTATION_CONTEXT('2D SPACE',''
  ) );
#1544 = ORIENTED_EDGE('',*,*,#1545,.T.);
#1545 = EDGE_CURVE('',#1517,#923,#1546,.T.);
#1546 = SEAM_CURVE('',#1547,(#1551,#1558),.PCURVE_S1.);
#1547 = LINE('',#1548,#1549);
#1548 = CARTESIAN_POINT('',(-2.15,-5.109549882328,76.));
#1549 = VECTOR('',#1550,1.);
#1550 = DIRECTION('',(0.,0.,1.));
#1551 = PCURVE('',#1188,#1552);
#1552 = DEFINITIONAL_REPRESENTATION('',(#1553),#1557);
#1553 = LINE('',#1554,#1555);
#1554 = CARTESIAN_POINT('',(-6.28318530718,0.));
#1555 = VECTOR('',#1556,1.);
#1556 = DIRECTION('',(-0.,-1.));
#1557 = ( GEOMETRIC_REPRESENTATION_CONTEXT(2) 
PARAMETRIC_REPRESENTATION_CONTEXT() REPRESENTATION_CONTEXT('2D SPACE',''
  ) );
#1558 = PCURVE('',#1188,#1559);
#1559 = DEFINITIONAL_REPRESENTATION('',(#1560),#1564);
#1560 = LINE('',#1561,#1562);
#1561 = CARTESIAN_POINT('',(-0.,0.));
#1562 = VECTOR('',#1563,1.);
#1563 = DIRECTION('',(-0.,-1.));
#1564 = ( GEOMETRIC_REPRESENTATION_CONTEXT(2) 
PARAMETRIC_REPRESENTATION_CONTEXT() REPRESENTATION_CONTEXT('2D SPACE',''
  ) );
#1565 = ORIENTED_EDGE('',*,*,#922,.T.);
#1566 = ORIENTED_EDGE('',*,*,#1545,.F.);
#1567 = ADVANCED_FACE('',(#1568),#1395,.F.);
#1568 = FACE_BOUND('',#1569,.F.);
#1569 = EDGE_LOOP('',(#1570));
#1570 = ORIENTED_EDGE('',*,*,#1378,.T.);
#1571 = ADVANCED_FACE('',(#1572),#1478,.F.);
#1572 = FACE_BOUND('',#1573,.F.);
#1573 = EDGE_LOOP('',(#1574));
#1574 = ORIENTED_EDGE('',*,*,#1461,.T.);
#1575 = ADVANCED_FACE('',(#1576),#1533,.F.);
#1576 = FACE_BOUND('',#1577,.F.);
#1577 = EDGE_LOOP('',(#1578));
#1578 = ORIENTED_EDGE('',*,*,#1516,.T.);
#1579 = ( GEOMETRIC_REPRESENTATION_CONTEXT(3) 
GLOBAL_UNCERTAINTY_ASSIGNED_CONTEXT((#1583)) 
GLOBAL_UNIT_ASSIGNED_CONTEXT((#1580,#1581,#1582)) REPRESENTATION_CONTEXT
('Context #1','3D Context with UNIT and UNCERTAINTY') );
#1580 = ( LENGTH_UNIT() NAMED_UNIT(*) SI_UNIT(.MILLI.,.METRE.) );
#1581 = ( NAMED_UNIT(*) PLANE_ANGLE_UNIT() SI_UNIT($,.RADIAN.) );
#1582 = ( NAMED_UNIT(*) SI_UNIT($,.STERADIAN.) SOLID_ANGLE_UNIT() );
#1583 = UNCERTAINTY_MEASURE_WITH_UNIT(LENGTH_MEASURE(1.E-07),#1580,
  'distance_accuracy_value','confusion accuracy');
#1584 = PRODUCT_RELATED_PRODUCT_CATEGORY('part',$,(#7));
ENDSEC;
END-ISO-10303-21;
